ons_code,authority_name,year,net_additions
E92000001,England,2001-02,146704.0
,Unitary Authorities,2001-02,25553.0
E06000022,Bath and North East Somerset UA,2001-02,270.0
E06000055,Bedford UA,2001-02,
E06000008,Blackburn with Darwen UA,2001-02,-74.0
E06000009,Blackpool UA,2001-02,160.0
E06000028,Bournemouth UA,2001-02,764.0
E06000058,"Bournemouth, Christchurch and Poole UA",2001-02,
E06000036,Bracknell Forest UA,2001-02,307.0
E06000043,Brighton and Hove UA,2001-02,688.0
E06000023,"Bristol, City of UA",2001-02,1393.0
E06000060,Buckinghamshire UA,2001-02,
E06000056,Central Bedfordshire UA,2001-02,
E06000049,Cheshire East UA,2001-02,
E06000050,Cheshire West and Chester UA,2001-02,
E06000052,Cornwall UA,2001-02,
E06000047,County Durham UA,2001-02,
E06000063,Cumberland UA,2001-02,
E06000005,Darlington UA,2001-02,380.0
E06000015,Derby UA,2001-02,712.0
E06000059,Dorset UA,2001-02,
E06000011,East Riding of Yorkshire UA,2001-02,1594.0
E06000006,Halton UA,2001-02,346.0
E06000001,Hartlepool UA,2001-02,330.0
E06000019,"Herefordshire, County of UA",2001-02,348.0
E06000046,Isle of Wight UA,2001-02,488.0
E06000053,Isles of Scilly UA,2001-02,
E06000010,"Kingston upon Hull, City of UA",2001-02,-2.0
E06000016,Leicester UA,2001-02,432.0
E06000032,Luton UA,2001-02,210.0
E06000035,Medway UA,2001-02,789.0
E06000002,Middlesbrough UA,2001-02,91.0
E06000042,Milton Keynes UA,2001-02,1229.0
E06000012,North East Lincolnshire UA,2001-02,347.0
E06000013,North Lincolnshire UA,2001-02,847.0
E06000061,North Northamptonshire UA,2001-02,
E06000024,North Somerset UA,2001-02,815.0
E06000065,North Yorkshire UA,2001-02,
E06000057,Northumberland UA,2001-02,
E06000018,Nottingham UA,2001-02,1306.0
E06000031,Peterborough UA,2001-02,595.0
E06000026,Plymouth UA,2001-02,419.0
E06000029,Poole UA,2001-02,367.0
E06000044,Portsmouth UA,2001-02,516.0
E06000038,Reading UA,2001-02,529.0
E06000003,Redcar and Cleveland UA,2001-02,159.0
E06000017,Rutland UA,2001-02,195.0
E06000051,Shropshire UA,2001-02,
E06000039,Slough UA,2001-02,667.0
E06000066,Somerset UA,2001-02,
E06000025,South Gloucestershire UA,2001-02,930.0
E06000045,Southampton UA,2001-02,358.0
E06000033,Southend-on-Sea UA,2001-02,489.0
E06000004,Stockton-on-Tees UA,2001-02,927.0
E06000021,Stoke-on-Trent UA,2001-02,686.0
E06000030,Swindon UA,2001-02,880.0
E06000020,Telford and Wrekin UA,2001-02,636.0
E06000034,Thurrock UA,2001-02,819.0
E06000027,Torbay UA,2001-02,516.0
E06000007,Warrington UA,2001-02,300.0
E06000037,West Berkshire UA,2001-02,349.0
E06000062,West Northamptonshire UA,2001-02,
E06000064,Westmorland and Furness UA,2001-02,
E06000054,Wiltshire UA,2001-02,
E06000040,Windsor and Maidenhead UA,2001-02,424.0
E06000041,Wokingham UA,2001-02,203.0
E06000014,York UA,2001-02,821.0
,London Boroughs,2001-02,19688.0
E09000002,Barking and Dagenham,2001-02,228.0
E09000003,Barnet,2001-02,286.0
E09000004,Bexley,2001-02,302.0
E09000005,Brent,2001-02,1401.0
E09000006,Bromley,2001-02,257.0
E09000007,Camden,2001-02,772.0
E09000001,City of London,2001-02,108.0
E09000008,Croydon,2001-02,124.0
E09000009,Ealing,2001-02,259.0
E09000010,Enfield,2001-02,1183.0
E09000011,Greenwich,2001-02,566.0
E09000012,Hackney,2001-02,1349.0
E09000013,Hammersmith and Fulham,2001-02,192.0
E09000014,Haringey,2001-02,683.0
E09000015,Harrow,2001-02,229.0
E09000016,Havering,2001-02,402.0
E09000017,Hillingdon,2001-02,268.0
E09000018,Hounslow,2001-02,711.0
E09000019,Islington,2001-02,1011.0
E09000020,Kensington and Chelsea,2001-02,68.0
E09000021,Kingston upon Thames,2001-02,147.0
E09000022,Lambeth,2001-02,1065.0
E09000023,Lewisham,2001-02,470.0
E09000024,Merton,2001-02,-187.0
E09000025,Newham,2001-02,1219.0
E09000026,Redbridge,2001-02,693.0
E09000027,Richmond upon Thames,2001-02,265.0
E09000028,Southwark,2001-02,421.0
E09000029,Sutton,2001-02,33.0
E09000030,Tower Hamlets,2001-02,1960.0
E09000031,Waltham Forest,2001-02,417.0
E09000032,Wandsworth,2001-02,876.0
E09000033,Westminster,2001-02,1911.0
,Metropolitan Districts,2001-02,18731.0
E11000001,Greater Manchester (Met County),2001-02,5581.0
E08000001,Bolton,2001-02,1062.0
E08000002,Bury,2001-02,293.0
E08000003,Manchester,2001-02,1930.0
E08000004,Oldham,2001-02,181.0
E08000005,Rochdale,2001-02,253.0
E08000006,Salford,2001-02,32.0
E08000007,Stockport,2001-02,115.0
E08000008,Tameside,2001-02,233.0
E08000009,Trafford,2001-02,553.0
E08000010,Wigan,2001-02,928.0
E11000002,Merseyside (Met County),2001-02,2414.0
E08000011,Knowsley,2001-02,314.0
E08000012,Liverpool,2001-02,635.0
E08000014,Sefton,2001-02,459.0
E08000013,St. Helens,2001-02,433.0
E08000015,Wirral,2001-02,573.0
E11000003,South Yorkshire (Met County),2001-02,1398.0
E08000016,Barnsley,2001-02,577.0
E08000017,Doncaster,2001-02,-335.0
E08000018,Rotherham,2001-02,1187.0
E08000019,Sheffield,2001-02,-30.0
E11000007,Tyne and Wear (Met County),2001-02,840.0
E08000037,Gateshead,2001-02,230.0
E08000021,Newcastle upon Tyne,2001-02,208.0
E08000022,North Tyneside,2001-02,33.0
E08000023,South Tyneside,2001-02,-17.0
E08000024,Sunderland,2001-02,386.0
E11000005,West Midlands (Met County),2001-02,2618.0
E08000025,Birmingham,2001-02,1434.0
E08000026,Coventry,2001-02,566.0
E08000027,Dudley,2001-02,-317.0
E08000028,Sandwell,2001-02,-80.0
E08000029,Solihull,2001-02,586.0
E08000030,Walsall,2001-02,86.0
E08000031,Wolverhampton,2001-02,344.0
E11000006,West Yorkshire (Met County),2001-02,5880.0
E08000032,Bradford,2001-02,1752.0
E08000033,Calderdale,2001-02,358.0
E08000034,Kirklees,2001-02,1349.0
E08000035,Leeds,2001-02,1270.0
E08000036,Wakefield,2001-02,1151.0
,Shire Districts,2001-02,82732.0
E10000001,Bedfordshire,2001-02,2072.0
E07000002,Bedford,2001-02,772.0
E07000001,Mid Bedfordshire,2001-02,624.0
E07000003,South Bedfordshire,2001-02,676.0
E10000002,Buckinghamshire,2001-02,1595.0
E07000004,Aylesbury Vale,2001-02,670.0
E07000005,Chiltern,2001-02,153.0
E07000006,South Bucks,2001-02,220.0
E07000007,Wycombe,2001-02,552.0
E10000003,Cambridgeshire,2001-02,2207.0
E07000008,Cambridge,2001-02,104.0
E07000009,East Cambridgeshire,2001-02,746.0
E07000010,Fenland,2001-02,488.0
E07000011,Huntingdonshire,2001-02,294.0
E07000012,South Cambridgeshire,2001-02,574.0
E10000004,Cheshire,2001-02,1015.0
E07000013,Chester,2001-02,485.0
E07000014,Congleton,2001-02,222.0
E07000015,Crewe and Nantwich,2001-02,-367.0
E07000016,Ellesmere Port & Neston,2001-02,7.0
E07000017,Macclesfield,2001-02,73.0
E07000018,Vale Royal,2001-02,595.0
E10000005,Cornwall and Isles of Scilly,2001-02,3370.0
E07000019,Caradon,2001-02,461.0
E07000020,Carrick,2001-02,496.0
E07000025,Isles of Scilly,2001-02,12.0
E07000021,Kerrier,2001-02,495.0
E07000022,North Cornwall,2001-02,751.0
E07000023,Penwith,2001-02,367.0
E07000024,Restormel,2001-02,789.0
E10000006,Cumbria,2001-02,820.0
E07000026,Allerdale,2001-02,310.0
E07000027,Barrow-in-Furness,2001-02,-85.0
E07000028,Carlisle,2001-02,-584.0
E07000029,Copeland,2001-02,126.0
E07000030,Eden,2001-02,660.0
E07000031,South Lakeland,2001-02,394.0
E10000007,Derbyshire,2001-02,2707.0
E07000032,Amber Valley,2001-02,383.0
E07000033,Bolsover,2001-02,366.0
E07000034,Chesterfield,2001-02,395.0
E07000035,Derbyshire Dales,2001-02,161.0
E07000036,Erewash,2001-02,111.0
E07000037,High Peak,2001-02,228.0
E07000038,North East Derbyshire,2001-02,222.0
E07000039,South Derbyshire,2001-02,841.0
E10000008,Devon,2001-02,2882.0
E07000040,East Devon,2001-02,419.0
E07000041,Exeter,2001-02,184.0
E07000042,Mid Devon,2001-02,481.0
E07000043,North Devon,2001-02,418.0
E07000044,South Hams,2001-02,256.0
E07000045,Teignbridge,2001-02,403.0
E07000046,Torridge,2001-02,483.0
E07000047,West Devon,2001-02,238.0
E10000009,Dorset,2001-02,2335.0
E07000048,Christchurch,2001-02,152.0
E07000049,East Dorset,2001-02,680.0
E07000050,North Dorset,2001-02,543.0
E07000051,Purbeck,2001-02,112.0
E07000052,West Dorset,2001-02,610.0
E07000053,Weymouth and Portland,2001-02,237.0
E10000010,Durham,2001-02,1142.0
E07000054,Chester-le-Street,2001-02,164.0
E07000055,Derwentside,2001-02,386.0
E07000056,Durham,2001-02,181.0
E07000057,Easington,2001-02,83.0
E07000058,Sedgefield,2001-02,166.0
E07000059,Teesdale,2001-02,73.0
E07000060,Wear Valley,2001-02,89.0
E10000011,East Sussex,2001-02,1599.0
E07000061,Eastbourne,2001-02,202.0
E07000062,Hastings,2001-02,308.0
E07000063,Lewes,2001-02,272.0
E07000064,Rother,2001-02,428.0
E07000065,Wealden,2001-02,389.0
E10000012,Essex,2001-02,3586.0
E07000066,Basildon,2001-02,168.0
E07000067,Braintree,2001-02,789.0
E07000068,Brentwood,2001-02,195.0
E07000069,Castle Point,2001-02,181.0
E07000070,Chelmsford,2001-02,489.0
E07000071,Colchester,2001-02,532.0
E07000072,Epping Forest,2001-02,256.0
E07000073,Harlow,2001-02,139.0
E07000074,Maldon,2001-02,226.0
E07000075,Rochford,2001-02,139.0
E07000076,Tendring,2001-02,271.0
E07000077,Uttlesford,2001-02,201.0
E10000013,Gloucestershire,2001-02,2029.0
E07000078,Cheltenham,2001-02,323.0
E07000079,Cotswold,2001-02,296.0
E07000080,Forest of Dean,2001-02,163.0
E07000081,Gloucester,2001-02,310.0
E07000082,Stroud,2001-02,567.0
E07000083,Tewkesbury,2001-02,370.0
E10000014,Hampshire,2001-02,3844.0
E07000084,Basingstoke and Deane,2001-02,591.0
E07000085,East Hampshire,2001-02,310.0
E07000086,Eastleigh,2001-02,246.0
E07000087,Fareham,2001-02,327.0
E07000088,Gosport,2001-02,518.0
E07000089,Hart,2001-02,281.0
E07000090,Havant,2001-02,173.0
E07000091,New Forest,2001-02,845.0
E07000092,Rushmoor,2001-02,-143.0
E07000093,Test Valley,2001-02,342.0
E07000094,Winchester,2001-02,354.0
E10000015,Hertfordshire,2001-02,3205.0
E07000095,Broxbourne,2001-02,173.0
E07000096,Dacorum,2001-02,420.0
E07000242,East Hertfordshire,2001-02,639.0
E07000098,Hertsmere,2001-02,282.0
E07000099,North Hertfordshire,2001-02,687.0
E07000240,St Albans,2001-02,415.0
E07000243,Stevenage,2001-02,188.0
E07000102,Three Rivers,2001-02,209.0
E07000103,Watford,2001-02,141.0
E07000241,Welwyn Hatfield,2001-02,50.0
E10000016,Kent,2001-02,6476.0
E07000105,Ashford,2001-02,826.0
E07000106,Canterbury,2001-02,549.0
E07000107,Dartford,2001-02,412.0
E07000108,Dover,2001-02,510.0
E07000109,Gravesham,2001-02,104.0
E07000110,Maidstone,2001-02,640.0
E07000111,Sevenoaks,2001-02,241.0
E07000112,Folkestone and Hythe,2001-02,1339.0
E07000113,Swale,2001-02,783.0
E07000114,Thanet,2001-02,315.0
E07000115,Tonbridge and Malling,2001-02,335.0
E07000116,Tunbridge Wells,2001-02,424.0
E10000017,Lancashire,2001-02,2983.0
E07000117,Burnley,2001-02,-51.0
E07000118,Chorley,2001-02,515.0
E07000119,Fylde,2001-02,282.0
E07000120,Hyndburn,2001-02,47.0
E07000121,Lancaster,2001-02,108.0
E07000122,Pendle,2001-02,227.0
E07000123,Preston,2001-02,283.0
E07000124,Ribble Valley,2001-02,158.0
E07000125,Rossendale,2001-02,245.0
E07000126,South Ribble,2001-02,378.0
E07000127,West Lancashire,2001-02,341.0
E07000128,Wyre,2001-02,450.0
E10000018,Leicestershire,2001-02,2231.0
E07000129,Blaby,2001-02,396.0
E07000130,Charnwood,2001-02,461.0
E07000131,Harborough,2001-02,214.0
E07000132,Hinckley and Bosworth,2001-02,512.0
E07000133,Melton,2001-02,133.0
E07000134,North West Leicestershire,2001-02,527.0
E07000135,Oadby and Wigston,2001-02,-11.0
E10000019,Lincolnshire,2001-02,4016.0
E07000136,Boston,2001-02,366.0
E07000137,East Lindsey,2001-02,750.0
E07000138,Lincoln,2001-02,218.0
E07000139,North Kesteven,2001-02,809.0
E07000140,South Holland,2001-02,614.0
E07000141,South Kesteven,2001-02,740.0
E07000142,West Lindsey,2001-02,520.0
E10000020,Norfolk,2001-02,3284.0
E07000143,Breckland,2001-02,368.0
E07000144,Broadland,2001-02,324.0
E07000145,Great Yarmouth,2001-02,232.0
E07000146,King's Lynn and West Norfolk,2001-02,969.0
E07000147,North Norfolk,2001-02,510.0
E07000148,Norwich,2001-02,347.0
E07000149,South Norfolk,2001-02,534.0
E10000021,Northamptonshire,2001-02,2988.0
E07000150,Corby,2001-02,28.0
E07000151,Daventry,2001-02,407.0
E07000152,East Northamptonshire,2001-02,489.0
E07000153,Kettering,2001-02,633.0
E07000154,Northampton,2001-02,875.0
E07000155,South Northamptonshire,2001-02,320.0
E07000156,Wellingborough,2001-02,236.0
E10000022,Northumberland,2001-02,620.0
E07000157,Alnwick,2001-02,117.0
E07000158,Berwick-upon-Tweed,2001-02,62.0
E07000159,Blyth Valley,2001-02,243.0
E07000160,Castle Morpeth,2001-02,163.0
E07000161,Tynedale,2001-02,229.0
E07000162,Wansbeck,2001-02,-194.0
E10000023,North Yorkshire,2001-02,1867.0
E07000163,Craven,2001-02,189.0
E07000164,Hambleton,2001-02,353.0
E07000165,Harrogate,2001-02,526.0
E07000166,Richmondshire,2001-02,375.0
E07000167,Ryedale,2001-02,3.0
E07000168,Scarborough,2001-02,329.0
E07000169,Selby,2001-02,92.0
E10000024,Nottinghamshire,2001-02,1601.0
E07000170,Ashfield,2001-02,514.0
E07000171,Bassetlaw,2001-02,235.0
E07000172,Broxtowe,2001-02,76.0
E07000173,Gedling,2001-02,91.0
E07000174,Mansfield,2001-02,264.0
E07000175,Newark and Sherwood,2001-02,314.0
E07000176,Rushcliffe,2001-02,107.0
E10000025,Oxfordshire,2001-02,1719.0
E07000177,Cherwell,2001-02,343.0
E07000178,Oxford,2001-02,349.0
E07000179,South Oxfordshire,2001-02,349.0
E07000180,Vale of White Horse,2001-02,140.0
E07000181,West Oxfordshire,2001-02,538.0
E10000026,Shropshire,2001-02,1238.0
E07000182,Bridgnorth,2001-02,180.0
E07000183,North Shropshire,2001-02,220.0
E07000184,Oswestry,2001-02,222.0
E07000185,Shrewsbury and Atcham,2001-02,349.0
E07000186,South Shropshire,2001-02,267.0
E10000027,Somerset,2001-02,2331.0
E07000187,Mendip,2001-02,630.0
E07000188,Sedgemoor,2001-02,323.0
E07000189,South Somerset,2001-02,746.0
E07000190,Taunton Deane,2001-02,491.0
E07000191,West Somerset,2001-02,139.0
E07000246,Somerset West and Taunton,2001-02,
E10000028,Staffordshire,2001-02,2912.0
E07000192,Cannock Chase,2001-02,565.0
E07000193,East Staffordshire,2001-02,575.0
E07000194,Lichfield,2001-02,531.0
E07000195,Newcastle-under-Lyme,2001-02,136.0
E07000196,South Staffordshire,2001-02,314.0
E07000197,Stafford,2001-02,824.0
E07000198,Staffordshire Moorlands,2001-02,341.0
E07000199,Tamworth,2001-02,-374.0
E10000029,Suffolk,2001-02,2688.0
E07000200,Babergh,2001-02,282.0
E07000201,Forest Heath,2001-02,206.0
E07000202,Ipswich,2001-02,401.0
E07000203,Mid Suffolk,2001-02,390.0
E07000204,St Edmundsbury,2001-02,435.0
E07000205,Suffolk Coastal,2001-02,435.0
E07000206,Waveney,2001-02,539.0
E07000244,East Suffolk,2001-02,
E07000245,West Suffolk,2001-02,
E10000030,Surrey,2001-02,2401.0
E07000207,Elmbridge,2001-02,360.0
E07000208,Epsom and Ewell,2001-02,273.0
E07000209,Guildford,2001-02,132.0
E07000210,Mole Valley,2001-02,205.0
E07000211,Reigate and Banstead,2001-02,270.0
E07000212,Runnymede,2001-02,33.0
E07000213,Spelthorne,2001-02,248.0
E07000214,Surrey Heath,2001-02,116.0
E07000215,Tandridge,2001-02,178.0
E07000216,Waverley,2001-02,216.0
E07000217,Woking,2001-02,370.0
E10000031,Warwickshire,2001-02,2768.0
E07000218,North Warwickshire,2001-02,161.0
E07000219,Nuneaton and Bedworth,2001-02,548.0
E07000220,Rugby,2001-02,525.0
E07000221,Stratford-on-Avon,2001-02,573.0
E07000222,Warwick,2001-02,961.0
E10000032,West Sussex,2001-02,2039.0
E07000223,Adur,2001-02,60.0
E07000224,Arun,2001-02,528.0
E07000225,Chichester,2001-02,431.0
E07000226,Crawley,2001-02,9.0
E07000227,Horsham,2001-02,494.0
E07000228,Mid Sussex,2001-02,391.0
E07000229,Worthing,2001-02,126.0
E10000033,Wiltshire,2001-02,2320.0
E07000230,Kennet,2001-02,470.0
E07000231,North Wiltshire,2001-02,459.0
E07000232,Salisbury,2001-02,696.0
E07000233,West Wiltshire,2001-02,694.0
E10000034,Worcestershire,2001-02,1846.0
E07000234,Bromsgrove,2001-02,516.0
E07000235,Malvern Hills,2001-02,122.0
E07000236,Redditch,2001-02,248.0
E07000237,Worcester,2001-02,3.0
E07000238,Wychavon,2001-02,555.0
E07000239,Wyre Forest,2001-02,402.0
E92000001,England,2002-03,159875.0
,Unitary Authorities,2002-03,27553.0
E06000022,Bath and North East Somerset UA,2002-03,264.0
E06000055,Bedford UA,2002-03,
E06000008,Blackburn with Darwen UA,2002-03,263.0
E06000009,Blackpool UA,2002-03,55.0
E06000028,Bournemouth UA,2002-03,920.0
E06000058,"Bournemouth, Christchurch and Poole UA",2002-03,
E06000036,Bracknell Forest UA,2002-03,241.0
E06000043,Brighton and Hove UA,2002-03,1060.0
E06000023,"Bristol, City of UA",2002-03,1494.0
E06000060,Buckinghamshire UA,2002-03,
E06000056,Central Bedfordshire UA,2002-03,
E06000049,Cheshire East UA,2002-03,
E06000050,Cheshire West and Chester UA,2002-03,
E06000052,Cornwall UA,2002-03,
E06000047,County Durham UA,2002-03,
E06000063,Cumberland UA,2002-03,
E06000005,Darlington UA,2002-03,299.0
E06000015,Derby UA,2002-03,598.0
E06000059,Dorset UA,2002-03,
E06000011,East Riding of Yorkshire UA,2002-03,1236.0
E06000006,Halton UA,2002-03,507.0
E06000001,Hartlepool UA,2002-03,396.0
E06000019,"Herefordshire, County of UA",2002-03,580.0
E06000046,Isle of Wight UA,2002-03,414.0
E06000053,Isles of Scilly UA,2002-03,
E06000010,"Kingston upon Hull, City of UA",2002-03,-42.0
E06000016,Leicester UA,2002-03,972.0
E06000032,Luton UA,2002-03,212.0
E06000035,Medway UA,2002-03,759.0
E06000002,Middlesbrough UA,2002-03,-194.0
E06000042,Milton Keynes UA,2002-03,1214.0
E06000012,North East Lincolnshire UA,2002-03,282.0
E06000013,North Lincolnshire UA,2002-03,671.0
E06000061,North Northamptonshire UA,2002-03,
E06000024,North Somerset UA,2002-03,1717.0
E06000065,North Yorkshire UA,2002-03,
E06000057,Northumberland UA,2002-03,
E06000018,Nottingham UA,2002-03,1188.0
E06000031,Peterborough UA,2002-03,659.0
E06000026,Plymouth UA,2002-03,428.0
E06000029,Poole UA,2002-03,299.0
E06000044,Portsmouth UA,2002-03,624.0
E06000038,Reading UA,2002-03,478.0
E06000003,Redcar and Cleveland UA,2002-03,374.0
E06000017,Rutland UA,2002-03,97.0
E06000051,Shropshire UA,2002-03,
E06000039,Slough UA,2002-03,347.0
E06000066,Somerset UA,2002-03,
E06000025,South Gloucestershire UA,2002-03,1355.0
E06000045,Southampton UA,2002-03,849.0
E06000033,Southend-on-Sea UA,2002-03,513.0
E06000004,Stockton-on-Tees UA,2002-03,801.0
E06000021,Stoke-on-Trent UA,2002-03,262.0
E06000030,Swindon UA,2002-03,1104.0
E06000020,Telford and Wrekin UA,2002-03,422.0
E06000034,Thurrock UA,2002-03,870.0
E06000027,Torbay UA,2002-03,483.0
E06000007,Warrington UA,2002-03,352.0
E06000037,West Berkshire UA,2002-03,382.0
E06000062,West Northamptonshire UA,2002-03,
E06000064,Westmorland and Furness UA,2002-03,
E06000054,Wiltshire UA,2002-03,
E06000040,Windsor and Maidenhead UA,2002-03,412.0
E06000041,Wokingham UA,2002-03,398.0
E06000014,York UA,2002-03,939.0
,London Boroughs,2002-03,21648.0
E09000002,Barking and Dagenham,2002-03,312.0
E09000003,Barnet,2002-03,1083.0
E09000004,Bexley,2002-03,316.0
E09000005,Brent,2002-03,1018.0
E09000006,Bromley,2002-03,340.0
E09000007,Camden,2002-03,576.0
E09000001,City of London,2002-03,9.0
E09000008,Croydon,2002-03,396.0
E09000009,Ealing,2002-03,333.0
E09000010,Enfield,2002-03,1143.0
E09000011,Greenwich,2002-03,774.0
E09000012,Hackney,2002-03,1660.0
E09000013,Hammersmith and Fulham,2002-03,321.0
E09000014,Haringey,2002-03,822.0
E09000015,Harrow,2002-03,561.0
E09000016,Havering,2002-03,358.0
E09000017,Hillingdon,2002-03,438.0
E09000018,Hounslow,2002-03,912.0
E09000019,Islington,2002-03,1728.0
E09000020,Kensington and Chelsea,2002-03,147.0
E09000021,Kingston upon Thames,2002-03,248.0
E09000022,Lambeth,2002-03,558.0
E09000023,Lewisham,2002-03,312.0
E09000024,Merton,2002-03,-127.0
E09000025,Newham,2002-03,881.0
E09000026,Redbridge,2002-03,818.0
E09000027,Richmond upon Thames,2002-03,281.0
E09000028,Southwark,2002-03,927.0
E09000029,Sutton,2002-03,121.0
E09000030,Tower Hamlets,2002-03,1474.0
E09000031,Waltham Forest,2002-03,290.0
E09000032,Wandsworth,2002-03,1202.0
E09000033,Westminster,2002-03,1417.0
,Metropolitan Districts,2002-03,21646.0
E11000001,Greater Manchester (Met County),2002-03,6618.0
E08000001,Bolton,2002-03,487.0
E08000002,Bury,2002-03,658.0
E08000003,Manchester,2002-03,2593.0
E08000004,Oldham,2002-03,253.0
E08000005,Rochdale,2002-03,442.0
E08000006,Salford,2002-03,382.0
E08000007,Stockport,2002-03,-20.0
E08000008,Tameside,2002-03,183.0
E08000009,Trafford,2002-03,448.0
E08000010,Wigan,2002-03,1192.0
E11000002,Merseyside (Met County),2002-03,2114.0
E08000011,Knowsley,2002-03,57.0
E08000012,Liverpool,2002-03,715.0
E08000014,Sefton,2002-03,497.0
E08000013,St. Helens,2002-03,206.0
E08000015,Wirral,2002-03,639.0
E11000003,South Yorkshire (Met County),2002-03,3402.0
E08000016,Barnsley,2002-03,537.0
E08000017,Doncaster,2002-03,1745.0
E08000018,Rotherham,2002-03,792.0
E08000019,Sheffield,2002-03,328.0
E11000007,Tyne and Wear (Met County),2002-03,1424.0
E08000037,Gateshead,2002-03,694.0
E08000021,Newcastle upon Tyne,2002-03,177.0
E08000022,North Tyneside,2002-03,254.0
E08000023,South Tyneside,2002-03,-118.0
E08000024,Sunderland,2002-03,417.0
E11000005,West Midlands (Met County),2002-03,3963.0
E08000025,Birmingham,2002-03,1216.0
E08000026,Coventry,2002-03,624.0
E08000027,Dudley,2002-03,624.0
E08000028,Sandwell,2002-03,449.0
E08000029,Solihull,2002-03,324.0
E08000030,Walsall,2002-03,532.0
E08000031,Wolverhampton,2002-03,194.0
E11000006,West Yorkshire (Met County),2002-03,4125.0
E08000032,Bradford,2002-03,1048.0
E08000033,Calderdale,2002-03,400.0
E08000034,Kirklees,2002-03,748.0
E08000035,Leeds,2002-03,1031.0
E08000036,Wakefield,2002-03,898.0
,Shire Districts,2002-03,89028.0
E10000001,Bedfordshire,2002-03,1346.0
E07000002,Bedford,2002-03,467.0
E07000001,Mid Bedfordshire,2002-03,675.0
E07000003,South Bedfordshire,2002-03,205.0
E10000002,Buckinghamshire,2002-03,1095.0
E07000004,Aylesbury Vale,2002-03,406.0
E07000005,Chiltern,2002-03,144.0
E07000006,South Bucks,2002-03,103.0
E07000007,Wycombe,2002-03,442.0
E10000003,Cambridgeshire,2002-03,2778.0
E07000008,Cambridge,2002-03,342.0
E07000009,East Cambridgeshire,2002-03,538.0
E07000010,Fenland,2002-03,667.0
E07000011,Huntingdonshire,2002-03,541.0
E07000012,South Cambridgeshire,2002-03,689.0
E10000004,Cheshire,2002-03,2852.0
E07000013,Chester,2002-03,344.0
E07000014,Congleton,2002-03,627.0
E07000015,Crewe and Nantwich,2002-03,514.0
E07000016,Ellesmere Port & Neston,2002-03,115.0
E07000017,Macclesfield,2002-03,509.0
E07000018,Vale Royal,2002-03,743.0
E10000005,Cornwall and Isles of Scilly,2002-03,2969.0
E07000019,Caradon,2002-03,323.0
E07000020,Carrick,2002-03,383.0
E07000025,Isles of Scilly,2002-03,28.0
E07000021,Kerrier,2002-03,403.0
E07000022,North Cornwall,2002-03,654.0
E07000023,Penwith,2002-03,325.0
E07000024,Restormel,2002-03,854.0
E10000006,Cumbria,2002-03,1792.0
E07000026,Allerdale,2002-03,317.0
E07000027,Barrow-in-Furness,2002-03,111.0
E07000028,Carlisle,2002-03,469.0
E07000029,Copeland,2002-03,142.0
E07000030,Eden,2002-03,198.0
E07000031,South Lakeland,2002-03,556.0
E10000007,Derbyshire,2002-03,2311.0
E07000032,Amber Valley,2002-03,315.0
E07000033,Bolsover,2002-03,154.0
E07000034,Chesterfield,2002-03,528.0
E07000035,Derbyshire Dales,2002-03,172.0
E07000036,Erewash,2002-03,91.0
E07000037,High Peak,2002-03,309.0
E07000038,North East Derbyshire,2002-03,46.0
E07000039,South Derbyshire,2002-03,696.0
E10000008,Devon,2002-03,3344.0
E07000040,East Devon,2002-03,637.0
E07000041,Exeter,2002-03,311.0
E07000042,Mid Devon,2002-03,365.0
E07000043,North Devon,2002-03,580.0
E07000044,South Hams,2002-03,282.0
E07000045,Teignbridge,2002-03,392.0
E07000046,Torridge,2002-03,445.0
E07000047,West Devon,2002-03,331.0
E10000009,Dorset,2002-03,2098.0
E07000048,Christchurch,2002-03,91.0
E07000049,East Dorset,2002-03,291.0
E07000050,North Dorset,2002-03,445.0
E07000051,Purbeck,2002-03,93.0
E07000052,West Dorset,2002-03,945.0
E07000053,Weymouth and Portland,2002-03,233.0
E10000010,Durham,2002-03,1171.0
E07000054,Chester-le-Street,2002-03,72.0
E07000055,Derwentside,2002-03,348.0
E07000056,Durham,2002-03,181.0
E07000057,Easington,2002-03,74.0
E07000058,Sedgefield,2002-03,350.0
E07000059,Teesdale,2002-03,57.0
E07000060,Wear Valley,2002-03,89.0
E10000011,East Sussex,2002-03,1957.0
E07000061,Eastbourne,2002-03,671.0
E07000062,Hastings,2002-03,374.0
E07000063,Lewes,2002-03,199.0
E07000064,Rother,2002-03,285.0
E07000065,Wealden,2002-03,428.0
E10000012,Essex,2002-03,4955.0
E07000066,Basildon,2002-03,316.0
E07000067,Braintree,2002-03,784.0
E07000068,Brentwood,2002-03,269.0
E07000069,Castle Point,2002-03,183.0
E07000070,Chelmsford,2002-03,990.0
E07000071,Colchester,2002-03,920.0
E07000072,Epping Forest,2002-03,290.0
E07000073,Harlow,2002-03,185.0
E07000074,Maldon,2002-03,198.0
E07000075,Rochford,2002-03,171.0
E07000076,Tendring,2002-03,219.0
E07000077,Uttlesford,2002-03,430.0
E10000013,Gloucestershire,2002-03,1931.0
E07000078,Cheltenham,2002-03,275.0
E07000079,Cotswold,2002-03,404.0
E07000080,Forest of Dean,2002-03,146.0
E07000081,Gloucester,2002-03,473.0
E07000082,Stroud,2002-03,369.0
E07000083,Tewkesbury,2002-03,264.0
E10000014,Hampshire,2002-03,4006.0
E07000084,Basingstoke and Deane,2002-03,478.0
E07000085,East Hampshire,2002-03,247.0
E07000086,Eastleigh,2002-03,232.0
E07000087,Fareham,2002-03,246.0
E07000088,Gosport,2002-03,540.0
E07000089,Hart,2002-03,445.0
E07000090,Havant,2002-03,141.0
E07000091,New Forest,2002-03,520.0
E07000092,Rushmoor,2002-03,34.0
E07000093,Test Valley,2002-03,622.0
E07000094,Winchester,2002-03,500.0
E10000015,Hertfordshire,2002-03,3371.0
E07000095,Broxbourne,2002-03,144.0
E07000096,Dacorum,2002-03,744.0
E07000242,East Hertfordshire,2002-03,400.0
E07000098,Hertsmere,2002-03,92.0
E07000099,North Hertfordshire,2002-03,613.0
E07000240,St Albans,2002-03,352.0
E07000243,Stevenage,2002-03,117.0
E07000102,Three Rivers,2002-03,236.0
E07000103,Watford,2002-03,240.0
E07000241,Welwyn Hatfield,2002-03,434.0
E10000016,Kent,2002-03,5810.0
E07000105,Ashford,2002-03,773.0
E07000106,Canterbury,2002-03,560.0
E07000107,Dartford,2002-03,540.0
E07000108,Dover,2002-03,475.0
E07000109,Gravesham,2002-03,189.0
E07000110,Maidstone,2002-03,806.0
E07000111,Sevenoaks,2002-03,231.0
E07000112,Folkestone and Hythe,2002-03,297.0
E07000113,Swale,2002-03,642.0
E07000114,Thanet,2002-03,249.0
E07000115,Tonbridge and Malling,2002-03,495.0
E07000116,Tunbridge Wells,2002-03,554.0
E10000017,Lancashire,2002-03,3569.0
E07000117,Burnley,2002-03,-70.0
E07000118,Chorley,2002-03,466.0
E07000119,Fylde,2002-03,365.0
E07000120,Hyndburn,2002-03,104.0
E07000121,Lancaster,2002-03,468.0
E07000122,Pendle,2002-03,78.0
E07000123,Preston,2002-03,326.0
E07000124,Ribble Valley,2002-03,118.0
E07000125,Rossendale,2002-03,133.0
E07000126,South Ribble,2002-03,506.0
E07000127,West Lancashire,2002-03,543.0
E07000128,Wyre,2002-03,532.0
E10000018,Leicestershire,2002-03,2468.0
E07000129,Blaby,2002-03,280.0
E07000130,Charnwood,2002-03,455.0
E07000131,Harborough,2002-03,369.0
E07000132,Hinckley and Bosworth,2002-03,768.0
E07000133,Melton,2002-03,193.0
E07000134,North West Leicestershire,2002-03,418.0
E07000135,Oadby and Wigston,2002-03,-15.0
E10000019,Lincolnshire,2002-03,3495.0
E07000136,Boston,2002-03,326.0
E07000137,East Lindsey,2002-03,672.0
E07000138,Lincoln,2002-03,355.0
E07000139,North Kesteven,2002-03,725.0
E07000140,South Holland,2002-03,733.0
E07000141,South Kesteven,2002-03,509.0
E07000142,West Lindsey,2002-03,175.0
E10000020,Norfolk,2002-03,3812.0
E07000143,Breckland,2002-03,429.0
E07000144,Broadland,2002-03,484.0
E07000145,Great Yarmouth,2002-03,178.0
E07000146,King's Lynn and West Norfolk,2002-03,1062.0
E07000147,North Norfolk,2002-03,560.0
E07000148,Norwich,2002-03,621.0
E07000149,South Norfolk,2002-03,478.0
E10000021,Northamptonshire,2002-03,3334.0
E07000150,Corby,2002-03,131.0
E07000151,Daventry,2002-03,440.0
E07000152,East Northamptonshire,2002-03,641.0
E07000153,Kettering,2002-03,569.0
E07000154,Northampton,2002-03,521.0
E07000155,South Northamptonshire,2002-03,961.0
E07000156,Wellingborough,2002-03,71.0
E10000022,Northumberland,2002-03,1072.0
E07000157,Alnwick,2002-03,198.0
E07000158,Berwick-upon-Tweed,2002-03,120.0
E07000159,Blyth Valley,2002-03,269.0
E07000160,Castle Morpeth,2002-03,177.0
E07000161,Tynedale,2002-03,148.0
E07000162,Wansbeck,2002-03,160.0
E10000023,North Yorkshire,2002-03,2839.0
E07000163,Craven,2002-03,193.0
E07000164,Hambleton,2002-03,368.0
E07000165,Harrogate,2002-03,597.0
E07000166,Richmondshire,2002-03,226.0
E07000167,Ryedale,2002-03,314.0
E07000168,Scarborough,2002-03,825.0
E07000169,Selby,2002-03,316.0
E10000024,Nottinghamshire,2002-03,2475.0
E07000170,Ashfield,2002-03,573.0
E07000171,Bassetlaw,2002-03,430.0
E07000172,Broxtowe,2002-03,125.0
E07000173,Gedling,2002-03,160.0
E07000174,Mansfield,2002-03,279.0
E07000175,Newark and Sherwood,2002-03,626.0
E07000176,Rushcliffe,2002-03,282.0
E10000025,Oxfordshire,2002-03,1492.0
E07000177,Cherwell,2002-03,295.0
E07000178,Oxford,2002-03,303.0
E07000179,South Oxfordshire,2002-03,317.0
E07000180,Vale of White Horse,2002-03,168.0
E07000181,West Oxfordshire,2002-03,409.0
E10000026,Shropshire,2002-03,1235.0
E07000182,Bridgnorth,2002-03,220.0
E07000183,North Shropshire,2002-03,244.0
E07000184,Oswestry,2002-03,209.0
E07000185,Shrewsbury and Atcham,2002-03,252.0
E07000186,South Shropshire,2002-03,310.0
E10000027,Somerset,2002-03,1859.0
E07000187,Mendip,2002-03,264.0
E07000188,Sedgemoor,2002-03,409.0
E07000189,South Somerset,2002-03,542.0
E07000190,Taunton Deane,2002-03,511.0
E07000191,West Somerset,2002-03,132.0
E07000246,Somerset West and Taunton,2002-03,
E10000028,Staffordshire,2002-03,3120.0
E07000192,Cannock Chase,2002-03,554.0
E07000193,East Staffordshire,2002-03,311.0
E07000194,Lichfield,2002-03,479.0
E07000195,Newcastle-under-Lyme,2002-03,143.0
E07000196,South Staffordshire,2002-03,288.0
E07000197,Stafford,2002-03,839.0
E07000198,Staffordshire Moorlands,2002-03,226.0
E07000199,Tamworth,2002-03,280.0
E10000029,Suffolk,2002-03,3037.0
E07000200,Babergh,2002-03,537.0
E07000201,Forest Heath,2002-03,119.0
E07000202,Ipswich,2002-03,510.0
E07000203,Mid Suffolk,2002-03,360.0
E07000204,St Edmundsbury,2002-03,553.0
E07000205,Suffolk Coastal,2002-03,568.0
E07000206,Waveney,2002-03,390.0
E07000244,East Suffolk,2002-03,
E07000245,West Suffolk,2002-03,
E10000030,Surrey,2002-03,2561.0
E07000207,Elmbridge,2002-03,270.0
E07000208,Epsom and Ewell,2002-03,258.0
E07000209,Guildford,2002-03,212.0
E07000210,Mole Valley,2002-03,258.0
E07000211,Reigate and Banstead,2002-03,378.0
E07000212,Runnymede,2002-03,77.0
E07000213,Spelthorne,2002-03,78.0
E07000214,Surrey Heath,2002-03,337.0
E07000215,Tandridge,2002-03,212.0
E07000216,Waverley,2002-03,272.0
E07000217,Woking,2002-03,208.0
E10000031,Warwickshire,2002-03,1953.0
E07000218,North Warwickshire,2002-03,114.0
E07000219,Nuneaton and Bedworth,2002-03,662.0
E07000220,Rugby,2002-03,174.0
E07000221,Stratford-on-Avon,2002-03,607.0
E07000222,Warwick,2002-03,396.0
E10000032,West Sussex,2002-03,3172.0
E07000223,Adur,2002-03,46.0
E07000224,Arun,2002-03,754.0
E07000225,Chichester,2002-03,571.0
E07000226,Crawley,2002-03,47.0
E07000227,Horsham,2002-03,1038.0
E07000228,Mid Sussex,2002-03,429.0
E07000229,Worthing,2002-03,286.0
E10000033,Wiltshire,2002-03,1543.0
E07000230,Kennet,2002-03,264.0
E07000231,North Wiltshire,2002-03,440.0
E07000232,Salisbury,2002-03,184.0
E07000233,West Wiltshire,2002-03,654.0
E10000034,Worcestershire,2002-03,2207.0
E07000234,Bromsgrove,2002-03,511.0
E07000235,Malvern Hills,2002-03,370.0
E07000236,Redditch,2002-03,290.0
E07000237,Worcester,2002-03,250.0
E07000238,Wychavon,2002-03,427.0
E07000239,Wyre Forest,2002-03,358.0
E92000001,England,2003-04,170969.0
,Unitary Authorities,2003-04,28081.0
E06000022,Bath and North East Somerset UA,2003-04,301.0
E06000055,Bedford UA,2003-04,
E06000008,Blackburn with Darwen UA,2003-04,639.0
E06000009,Blackpool UA,2003-04,242.0
E06000028,Bournemouth UA,2003-04,1103.0
E06000058,"Bournemouth, Christchurch and Poole UA",2003-04,
E06000036,Bracknell Forest UA,2003-04,256.0
E06000043,Brighton and Hove UA,2003-04,723.0
E06000023,"Bristol, City of UA",2003-04,2588.0
E06000060,Buckinghamshire UA,2003-04,
E06000056,Central Bedfordshire UA,2003-04,
E06000049,Cheshire East UA,2003-04,
E06000050,Cheshire West and Chester UA,2003-04,
E06000052,Cornwall UA,2003-04,
E06000047,County Durham UA,2003-04,
E06000063,Cumberland UA,2003-04,
E06000005,Darlington UA,2003-04,459.0
E06000015,Derby UA,2003-04,606.0
E06000059,Dorset UA,2003-04,
E06000011,East Riding of Yorkshire UA,2003-04,1843.0
E06000006,Halton UA,2003-04,295.0
E06000001,Hartlepool UA,2003-04,371.0
E06000019,"Herefordshire, County of UA",2003-04,673.0
E06000046,Isle of Wight UA,2003-04,481.0
E06000053,Isles of Scilly UA,2003-04,
E06000010,"Kingston upon Hull, City of UA",2003-04,620.0
E06000016,Leicester UA,2003-04,1233.0
E06000032,Luton UA,2003-04,524.0
E06000035,Medway UA,2003-04,816.0
E06000002,Middlesbrough UA,2003-04,19.0
E06000042,Milton Keynes UA,2003-04,1170.0
E06000012,North East Lincolnshire UA,2003-04,402.0
E06000013,North Lincolnshire UA,2003-04,668.0
E06000061,North Northamptonshire UA,2003-04,
E06000024,North Somerset UA,2003-04,1014.0
E06000065,North Yorkshire UA,2003-04,
E06000057,Northumberland UA,2003-04,
E06000018,Nottingham UA,2003-04,1032.0
E06000031,Peterborough UA,2003-04,547.0
E06000026,Plymouth UA,2003-04,324.0
E06000029,Poole UA,2003-04,468.0
E06000044,Portsmouth UA,2003-04,596.0
E06000038,Reading UA,2003-04,533.0
E06000003,Redcar and Cleveland UA,2003-04,-92.0
E06000017,Rutland UA,2003-04,185.0
E06000051,Shropshire UA,2003-04,
E06000039,Slough UA,2003-04,488.0
E06000066,Somerset UA,2003-04,
E06000025,South Gloucestershire UA,2003-04,852.0
E06000045,Southampton UA,2003-04,844.0
E06000033,Southend-on-Sea UA,2003-04,446.0
E06000004,Stockton-on-Tees UA,2003-04,-134.0
E06000021,Stoke-on-Trent UA,2003-04,42.0
E06000030,Swindon UA,2003-04,1318.0
E06000020,Telford and Wrekin UA,2003-04,-21.0
E06000034,Thurrock UA,2003-04,398.0
E06000027,Torbay UA,2003-04,337.0
E06000007,Warrington UA,2003-04,420.0
E06000037,West Berkshire UA,2003-04,618.0
E06000062,West Northamptonshire UA,2003-04,
E06000064,Westmorland and Furness UA,2003-04,
E06000054,Wiltshire UA,2003-04,
E06000040,Windsor and Maidenhead UA,2003-04,374.0
E06000041,Wokingham UA,2003-04,406.0
E06000014,York UA,2003-04,1053.0
,London Boroughs,2003-04,25775.0
E09000002,Barking and Dagenham,2003-04,62.0
E09000003,Barnet,2003-04,973.0
E09000004,Bexley,2003-04,727.0
E09000005,Brent,2003-04,608.0
E09000006,Bromley,2003-04,494.0
E09000007,Camden,2003-04,381.0
E09000001,City of London,2003-04,137.0
E09000008,Croydon,2003-04,358.0
E09000009,Ealing,2003-04,506.0
E09000010,Enfield,2003-04,1064.0
E09000011,Greenwich,2003-04,1436.0
E09000012,Hackney,2003-04,1372.0
E09000013,Hammersmith and Fulham,2003-04,589.0
E09000014,Haringey,2003-04,572.0
E09000015,Harrow,2003-04,529.0
E09000016,Havering,2003-04,629.0
E09000017,Hillingdon,2003-04,540.0
E09000018,Hounslow,2003-04,1174.0
E09000019,Islington,2003-04,1279.0
E09000020,Kensington and Chelsea,2003-04,398.0
E09000021,Kingston upon Thames,2003-04,537.0
E09000022,Lambeth,2003-04,806.0
E09000023,Lewisham,2003-04,1062.0
E09000024,Merton,2003-04,-143.0
E09000025,Newham,2003-04,1314.0
E09000026,Redbridge,2003-04,695.0
E09000027,Richmond upon Thames,2003-04,292.0
E09000028,Southwark,2003-04,1678.0
E09000029,Sutton,2003-04,198.0
E09000030,Tower Hamlets,2003-04,1682.0
E09000031,Waltham Forest,2003-04,291.0
E09000032,Wandsworth,2003-04,1317.0
E09000033,Westminster,2003-04,2220.0
,Metropolitan Districts,2003-04,26504.0
E11000001,Greater Manchester (Met County),2003-04,7539.0
E08000001,Bolton,2003-04,519.0
E08000002,Bury,2003-04,402.0
E08000003,Manchester,2003-04,2408.0
E08000004,Oldham,2003-04,320.0
E08000005,Rochdale,2003-04,199.0
E08000006,Salford,2003-04,1006.0
E08000007,Stockport,2003-04,183.0
E08000008,Tameside,2003-04,595.0
E08000009,Trafford,2003-04,836.0
E08000010,Wigan,2003-04,1070.0
E11000002,Merseyside (Met County),2003-04,3040.0
E08000011,Knowsley,2003-04,-4.0
E08000012,Liverpool,2003-04,1141.0
E08000014,Sefton,2003-04,463.0
E08000013,St. Helens,2003-04,728.0
E08000015,Wirral,2003-04,712.0
E11000003,South Yorkshire (Met County),2003-04,2978.0
E08000016,Barnsley,2003-04,1258.0
E08000017,Doncaster,2003-04,-2285.0
E08000018,Rotherham,2003-04,577.0
E08000019,Sheffield,2003-04,3428.0
E11000007,Tyne and Wear (Met County),2003-04,2718.0
E08000037,Gateshead,2003-04,943.0
E08000021,Newcastle upon Tyne,2003-04,139.0
E08000022,North Tyneside,2003-04,916.0
E08000023,South Tyneside,2003-04,302.0
E08000024,Sunderland,2003-04,418.0
E11000005,West Midlands (Met County),2003-04,3934.0
E08000025,Birmingham,2003-04,1760.0
E08000026,Coventry,2003-04,-8.0
E08000027,Dudley,2003-04,587.0
E08000028,Sandwell,2003-04,518.0
E08000029,Solihull,2003-04,376.0
E08000030,Walsall,2003-04,248.0
E08000031,Wolverhampton,2003-04,453.0
E11000006,West Yorkshire (Met County),2003-04,6295.0
E08000032,Bradford,2003-04,1293.0
E08000033,Calderdale,2003-04,609.0
E08000034,Kirklees,2003-04,1092.0
E08000035,Leeds,2003-04,2554.0
E08000036,Wakefield,2003-04,747.0
,Shire Districts,2003-04,90609.0
E10000001,Bedfordshire,2003-04,2046.0
E07000002,Bedford,2003-04,837.0
E07000001,Mid Bedfordshire,2003-04,777.0
E07000003,South Bedfordshire,2003-04,432.0
E10000002,Buckinghamshire,2003-04,1415.0
E07000004,Aylesbury Vale,2003-04,785.0
E07000005,Chiltern,2003-04,286.0
E07000006,South Bucks,2003-04,-74.0
E07000007,Wycombe,2003-04,418.0
E10000003,Cambridgeshire,2003-04,3323.0
E07000008,Cambridge,2003-04,496.0
E07000009,East Cambridgeshire,2003-04,580.0
E07000010,Fenland,2003-04,701.0
E07000011,Huntingdonshire,2003-04,535.0
E07000012,South Cambridgeshire,2003-04,1010.0
E10000004,Cheshire,2003-04,3069.0
E07000013,Chester,2003-04,372.0
E07000014,Congleton,2003-04,674.0
E07000015,Crewe and Nantwich,2003-04,718.0
E07000016,Ellesmere Port & Neston,2003-04,286.0
E07000017,Macclesfield,2003-04,540.0
E07000018,Vale Royal,2003-04,479.0
E10000005,Cornwall and Isles of Scilly,2003-04,2128.0
E07000019,Caradon,2003-04,275.0
E07000020,Carrick,2003-04,362.0
E07000025,Isles of Scilly,2003-04,12.0
E07000021,Kerrier,2003-04,385.0
E07000022,North Cornwall,2003-04,392.0
E07000023,Penwith,2003-04,279.0
E07000024,Restormel,2003-04,423.0
E10000006,Cumbria,2003-04,1630.0
E07000026,Allerdale,2003-04,242.0
E07000027,Barrow-in-Furness,2003-04,103.0
E07000028,Carlisle,2003-04,621.0
E07000029,Copeland,2003-04,98.0
E07000030,Eden,2003-04,188.0
E07000031,South Lakeland,2003-04,379.0
E10000007,Derbyshire,2003-04,2524.0
E07000032,Amber Valley,2003-04,365.0
E07000033,Bolsover,2003-04,264.0
E07000034,Chesterfield,2003-04,484.0
E07000035,Derbyshire Dales,2003-04,228.0
E07000036,Erewash,2003-04,162.0
E07000037,High Peak,2003-04,158.0
E07000038,North East Derbyshire,2003-04,196.0
E07000039,South Derbyshire,2003-04,667.0
E10000008,Devon,2003-04,2936.0
E07000040,East Devon,2003-04,554.0
E07000041,Exeter,2003-04,164.0
E07000042,Mid Devon,2003-04,471.0
E07000043,North Devon,2003-04,264.0
E07000044,South Hams,2003-04,366.0
E07000045,Teignbridge,2003-04,495.0
E07000046,Torridge,2003-04,317.0
E07000047,West Devon,2003-04,305.0
E10000009,Dorset,2003-04,2150.0
E07000048,Christchurch,2003-04,225.0
E07000049,East Dorset,2003-04,333.0
E07000050,North Dorset,2003-04,594.0
E07000051,Purbeck,2003-04,110.0
E07000052,West Dorset,2003-04,545.0
E07000053,Weymouth and Portland,2003-04,342.0
E10000010,Durham,2003-04,1124.0
E07000054,Chester-le-Street,2003-04,4.0
E07000055,Derwentside,2003-04,330.0
E07000056,Durham,2003-04,330.0
E07000057,Easington,2003-04,192.0
E07000058,Sedgefield,2003-04,-9.0
E07000059,Teesdale,2003-04,74.0
E07000060,Wear Valley,2003-04,203.0
E10000011,East Sussex,2003-04,1815.0
E07000061,Eastbourne,2003-04,675.0
E07000062,Hastings,2003-04,354.0
E07000063,Lewes,2003-04,195.0
E07000064,Rother,2003-04,247.0
E07000065,Wealden,2003-04,344.0
E10000012,Essex,2003-04,4149.0
E07000066,Basildon,2003-04,204.0
E07000067,Braintree,2003-04,681.0
E07000068,Brentwood,2003-04,226.0
E07000069,Castle Point,2003-04,83.0
E07000070,Chelmsford,2003-04,675.0
E07000071,Colchester,2003-04,1106.0
E07000072,Epping Forest,2003-04,228.0
E07000073,Harlow,2003-04,132.0
E07000074,Maldon,2003-04,195.0
E07000075,Rochford,2003-04,192.0
E07000076,Tendring,2003-04,65.0
E07000077,Uttlesford,2003-04,363.0
E10000013,Gloucestershire,2003-04,2353.0
E07000078,Cheltenham,2003-04,440.0
E07000079,Cotswold,2003-04,327.0
E07000080,Forest of Dean,2003-04,274.0
E07000081,Gloucester,2003-04,535.0
E07000082,Stroud,2003-04,493.0
E07000083,Tewkesbury,2003-04,284.0
E10000014,Hampshire,2003-04,5197.0
E07000084,Basingstoke and Deane,2003-04,669.0
E07000085,East Hampshire,2003-04,560.0
E07000086,Eastleigh,2003-04,631.0
E07000087,Fareham,2003-04,286.0
E07000088,Gosport,2003-04,464.0
E07000089,Hart,2003-04,569.0
E07000090,Havant,2003-04,290.0
E07000091,New Forest,2003-04,691.0
E07000092,Rushmoor,2003-04,-74.0
E07000093,Test Valley,2003-04,513.0
E07000094,Winchester,2003-04,597.0
E10000015,Hertfordshire,2003-04,3759.0
E07000095,Broxbourne,2003-04,234.0
E07000096,Dacorum,2003-04,536.0
E07000242,East Hertfordshire,2003-04,289.0
E07000098,Hertsmere,2003-04,162.0
E07000099,North Hertfordshire,2003-04,453.0
E07000240,St Albans,2003-04,312.0
E07000243,Stevenage,2003-04,44.0
E07000102,Three Rivers,2003-04,196.0
E07000103,Watford,2003-04,317.0
E07000241,Welwyn Hatfield,2003-04,1218.0
E10000016,Kent,2003-04,6213.0
E07000105,Ashford,2003-04,764.0
E07000106,Canterbury,2003-04,434.0
E07000107,Dartford,2003-04,841.0
E07000108,Dover,2003-04,377.0
E07000109,Gravesham,2003-04,208.0
E07000110,Maidstone,2003-04,568.0
E07000111,Sevenoaks,2003-04,201.0
E07000112,Folkestone and Hythe,2003-04,928.0
E07000113,Swale,2003-04,656.0
E07000114,Thanet,2003-04,370.0
E07000115,Tonbridge and Malling,2003-04,450.0
E07000116,Tunbridge Wells,2003-04,418.0
E10000017,Lancashire,2003-04,4980.0
E07000117,Burnley,2003-04,105.0
E07000118,Chorley,2003-04,605.0
E07000119,Fylde,2003-04,428.0
E07000120,Hyndburn,2003-04,133.0
E07000121,Lancaster,2003-04,480.0
E07000122,Pendle,2003-04,96.0
E07000123,Preston,2003-04,443.0
E07000124,Ribble Valley,2003-04,1197.0
E07000125,Rossendale,2003-04,305.0
E07000126,South Ribble,2003-04,531.0
E07000127,West Lancashire,2003-04,308.0
E07000128,Wyre,2003-04,349.0
E10000018,Leicestershire,2003-04,2152.0
E07000129,Blaby,2003-04,218.0
E07000130,Charnwood,2003-04,715.0
E07000131,Harborough,2003-04,253.0
E07000132,Hinckley and Bosworth,2003-04,448.0
E07000133,Melton,2003-04,176.0
E07000134,North West Leicestershire,2003-04,353.0
E07000135,Oadby and Wigston,2003-04,-10.0
E10000019,Lincolnshire,2003-04,3434.0
E07000136,Boston,2003-04,482.0
E07000137,East Lindsey,2003-04,314.0
E07000138,Lincoln,2003-04,371.0
E07000139,North Kesteven,2003-04,786.0
E07000140,South Holland,2003-04,500.0
E07000141,South Kesteven,2003-04,573.0
E07000142,West Lindsey,2003-04,409.0
E10000020,Norfolk,2003-04,4104.0
E07000143,Breckland,2003-04,1155.0
E07000144,Broadland,2003-04,476.0
E07000145,Great Yarmouth,2003-04,261.0
E07000146,King's Lynn and West Norfolk,2003-04,925.0
E07000147,North Norfolk,2003-04,368.0
E07000148,Norwich,2003-04,484.0
E07000149,South Norfolk,2003-04,434.0
E10000021,Northamptonshire,2003-04,2645.0
E07000150,Corby,2003-04,280.0
E07000151,Daventry,2003-04,256.0
E07000152,East Northamptonshire,2003-04,522.0
E07000153,Kettering,2003-04,507.0
E07000154,Northampton,2003-04,793.0
E07000155,South Northamptonshire,2003-04,252.0
E07000156,Wellingborough,2003-04,35.0
E10000022,Northumberland,2003-04,766.0
E07000157,Alnwick,2003-04,137.0
E07000158,Berwick-upon-Tweed,2003-04,72.0
E07000159,Blyth Valley,2003-04,140.0
E07000160,Castle Morpeth,2003-04,6.0
E07000161,Tynedale,2003-04,228.0
E07000162,Wansbeck,2003-04,183.0
E10000023,North Yorkshire,2003-04,2393.0
E07000163,Craven,2003-04,461.0
E07000164,Hambleton,2003-04,298.0
E07000165,Harrogate,2003-04,536.0
E07000166,Richmondshire,2003-04,245.0
E07000167,Ryedale,2003-04,221.0
E07000168,Scarborough,2003-04,373.0
E07000169,Selby,2003-04,259.0
E10000024,Nottinghamshire,2003-04,1947.0
E07000170,Ashfield,2003-04,410.0
E07000171,Bassetlaw,2003-04,147.0
E07000172,Broxtowe,2003-04,87.0
E07000173,Gedling,2003-04,316.0
E07000174,Mansfield,2003-04,298.0
E07000175,Newark and Sherwood,2003-04,470.0
E07000176,Rushcliffe,2003-04,219.0
E10000025,Oxfordshire,2003-04,1645.0
E07000177,Cherwell,2003-04,269.0
E07000178,Oxford,2003-04,458.0
E07000179,South Oxfordshire,2003-04,196.0
E07000180,Vale of White Horse,2003-04,320.0
E07000181,West Oxfordshire,2003-04,402.0
E10000026,Shropshire,2003-04,1183.0
E07000182,Bridgnorth,2003-04,126.0
E07000183,North Shropshire,2003-04,183.0
E07000184,Oswestry,2003-04,277.0
E07000185,Shrewsbury and Atcham,2003-04,234.0
E07000186,South Shropshire,2003-04,363.0
E10000027,Somerset,2003-04,2223.0
E07000187,Mendip,2003-04,450.0
E07000188,Sedgemoor,2003-04,488.0
E07000189,South Somerset,2003-04,792.0
E07000190,Taunton Deane,2003-04,374.0
E07000191,West Somerset,2003-04,118.0
E07000246,Somerset West and Taunton,2003-04,
E10000028,Staffordshire,2003-04,2651.0
E07000192,Cannock Chase,2003-04,395.0
E07000193,East Staffordshire,2003-04,270.0
E07000194,Lichfield,2003-04,628.0
E07000195,Newcastle-under-Lyme,2003-04,283.0
E07000196,South Staffordshire,2003-04,171.0
E07000197,Stafford,2003-04,434.0
E07000198,Staffordshire Moorlands,2003-04,237.0
E07000199,Tamworth,2003-04,232.0
E10000029,Suffolk,2003-04,3010.0
E07000200,Babergh,2003-04,252.0
E07000201,Forest Heath,2003-04,114.0
E07000202,Ipswich,2003-04,606.0
E07000203,Mid Suffolk,2003-04,476.0
E07000204,St Edmundsbury,2003-04,724.0
E07000205,Suffolk Coastal,2003-04,467.0
E07000206,Waveney,2003-04,371.0
E07000244,East Suffolk,2003-04,
E07000245,West Suffolk,2003-04,
E10000030,Surrey,2003-04,2783.0
E07000207,Elmbridge,2003-04,396.0
E07000208,Epsom and Ewell,2003-04,199.0
E07000209,Guildford,2003-04,210.0
E07000210,Mole Valley,2003-04,212.0
E07000211,Reigate and Banstead,2003-04,288.0
E07000212,Runnymede,2003-04,159.0
E07000213,Spelthorne,2003-04,417.0
E07000214,Surrey Heath,2003-04,186.0
E07000215,Tandridge,2003-04,212.0
E07000216,Waverley,2003-04,293.0
E07000217,Woking,2003-04,210.0
E10000031,Warwickshire,2003-04,2212.0
E07000218,North Warwickshire,2003-04,123.0
E07000219,Nuneaton and Bedworth,2003-04,699.0
E07000220,Rugby,2003-04,518.0
E07000221,Stratford-on-Avon,2003-04,673.0
E07000222,Warwick,2003-04,199.0
E10000032,West Sussex,2003-04,2732.0
E07000223,Adur,2003-04,79.0
E07000224,Arun,2003-04,649.0
E07000225,Chichester,2003-04,483.0
E07000226,Crawley,2003-04,51.0
E07000227,Horsham,2003-04,586.0
E07000228,Mid Sussex,2003-04,686.0
E07000229,Worthing,2003-04,198.0
E10000033,Wiltshire,2003-04,2064.0
E07000230,Kennet,2003-04,444.0
E07000231,North Wiltshire,2003-04,457.0
E07000232,Salisbury,2003-04,254.0
E07000233,West Wiltshire,2003-04,908.0
E10000034,Worcestershire,2003-04,1858.0
E07000234,Bromsgrove,2003-04,299.0
E07000235,Malvern Hills,2003-04,202.0
E07000236,Redditch,2003-04,422.0
E07000237,Worcester,2003-04,219.0
E07000238,Wychavon,2003-04,426.0
E07000239,Wyre Forest,2003-04,290.0
E92000001,England,2004-05,185553.0
,Unitary Authorities,2004-05,31389.0
E06000022,Bath and North East Somerset UA,2004-05,151.0
E06000055,Bedford UA,2004-05,
E06000008,Blackburn with Darwen UA,2004-05,-94.0
E06000009,Blackpool UA,2004-05,241.0
E06000028,Bournemouth UA,2004-05,1036.0
E06000058,"Bournemouth, Christchurch and Poole UA",2004-05,
E06000036,Bracknell Forest UA,2004-05,161.0
E06000043,Brighton and Hove UA,2004-05,641.0
E06000023,"Bristol, City of UA",2004-05,2342.0
E06000060,Buckinghamshire UA,2004-05,
E06000056,Central Bedfordshire UA,2004-05,
E06000049,Cheshire East UA,2004-05,
E06000050,Cheshire West and Chester UA,2004-05,
E06000052,Cornwall UA,2004-05,
E06000047,County Durham UA,2004-05,
E06000063,Cumberland UA,2004-05,
E06000005,Darlington UA,2004-05,625.0
E06000015,Derby UA,2004-05,907.0
E06000059,Dorset UA,2004-05,
E06000011,East Riding of Yorkshire UA,2004-05,1526.0
E06000006,Halton UA,2004-05,523.0
E06000001,Hartlepool UA,2004-05,218.0
E06000019,"Herefordshire, County of UA",2004-05,548.0
E06000046,Isle of Wight UA,2004-05,310.0
E06000053,Isles of Scilly UA,2004-05,
E06000010,"Kingston upon Hull, City of UA",2004-05,202.0
E06000016,Leicester UA,2004-05,1103.0
E06000032,Luton UA,2004-05,546.0
E06000035,Medway UA,2004-05,729.0
E06000002,Middlesbrough UA,2004-05,153.0
E06000042,Milton Keynes UA,2004-05,1396.0
E06000012,North East Lincolnshire UA,2004-05,296.0
E06000013,North Lincolnshire UA,2004-05,588.0
E06000061,North Northamptonshire UA,2004-05,
E06000024,North Somerset UA,2004-05,807.0
E06000065,North Yorkshire UA,2004-05,
E06000057,Northumberland UA,2004-05,
E06000018,Nottingham UA,2004-05,1223.0
E06000031,Peterborough UA,2004-05,844.0
E06000026,Plymouth UA,2004-05,964.0
E06000029,Poole UA,2004-05,384.0
E06000044,Portsmouth UA,2004-05,756.0
E06000038,Reading UA,2004-05,1086.0
E06000003,Redcar and Cleveland UA,2004-05,320.0
E06000017,Rutland UA,2004-05,317.0
E06000051,Shropshire UA,2004-05,
E06000039,Slough UA,2004-05,989.0
E06000066,Somerset UA,2004-05,
E06000025,South Gloucestershire UA,2004-05,650.0
E06000045,Southampton UA,2004-05,857.0
E06000033,Southend-on-Sea UA,2004-05,620.0
E06000004,Stockton-on-Tees UA,2004-05,439.0
E06000021,Stoke-on-Trent UA,2004-05,622.0
E06000030,Swindon UA,2004-05,1772.0
E06000020,Telford and Wrekin UA,2004-05,52.0
E06000034,Thurrock UA,2004-05,1080.0
E06000027,Torbay UA,2004-05,298.0
E06000007,Warrington UA,2004-05,1060.0
E06000037,West Berkshire UA,2004-05,948.0
E06000062,West Northamptonshire UA,2004-05,
E06000064,Westmorland and Furness UA,2004-05,
E06000054,Wiltshire UA,2004-05,
E06000040,Windsor and Maidenhead UA,2004-05,452.0
E06000041,Wokingham UA,2004-05,343.0
E06000014,York UA,2004-05,360.0
,London Boroughs,2004-05,26873.0
E09000002,Barking and Dagenham,2004-05,362.0
E09000003,Barnet,2004-05,1047.0
E09000004,Bexley,2004-05,271.0
E09000005,Brent,2004-05,639.0
E09000006,Bromley,2004-05,831.0
E09000007,Camden,2004-05,722.0
E09000001,City of London,2004-05,111.0
E09000008,Croydon,2004-05,390.0
E09000009,Ealing,2004-05,482.0
E09000010,Enfield,2004-05,718.0
E09000011,Greenwich,2004-05,1625.0
E09000012,Hackney,2004-05,1151.0
E09000013,Hammersmith and Fulham,2004-05,468.0
E09000014,Haringey,2004-05,1455.0
E09000015,Harrow,2004-05,651.0
E09000016,Havering,2004-05,544.0
E09000017,Hillingdon,2004-05,340.0
E09000018,Hounslow,2004-05,901.0
E09000019,Islington,2004-05,679.0
E09000020,Kensington and Chelsea,2004-05,155.0
E09000021,Kingston upon Thames,2004-05,514.0
E09000022,Lambeth,2004-05,1020.0
E09000023,Lewisham,2004-05,786.0
E09000024,Merton,2004-05,-62.0
E09000025,Newham,2004-05,572.0
E09000026,Redbridge,2004-05,707.0
E09000027,Richmond upon Thames,2004-05,629.0
E09000028,Southwark,2004-05,2017.0
E09000029,Sutton,2004-05,299.0
E09000030,Tower Hamlets,2004-05,3039.0
E09000031,Waltham Forest,2004-05,627.0
E09000032,Wandsworth,2004-05,1743.0
E09000033,Westminster,2004-05,1440.0
,Metropolitan Districts,2004-05,30320.0
E11000001,Greater Manchester (Met County),2004-05,8083.0
E08000001,Bolton,2004-05,557.0
E08000002,Bury,2004-05,754.0
E08000003,Manchester,2004-05,3304.0
E08000004,Oldham,2004-05,28.0
E08000005,Rochdale,2004-05,133.0
E08000006,Salford,2004-05,597.0
E08000007,Stockport,2004-05,260.0
E08000008,Tameside,2004-05,465.0
E08000009,Trafford,2004-05,623.0
E08000010,Wigan,2004-05,1362.0
E11000002,Merseyside (Met County),2004-05,3075.0
E08000011,Knowsley,2004-05,-251.0
E08000012,Liverpool,2004-05,1822.0
E08000014,Sefton,2004-05,318.0
E08000013,St. Helens,2004-05,607.0
E08000015,Wirral,2004-05,579.0
E11000003,South Yorkshire (Met County),2004-05,3214.0
E08000016,Barnsley,2004-05,1328.0
E08000017,Doncaster,2004-05,1426.0
E08000018,Rotherham,2004-05,561.0
E08000019,Sheffield,2004-05,-100.0
E11000007,Tyne and Wear (Met County),2004-05,2932.0
E08000037,Gateshead,2004-05,854.0
E08000021,Newcastle upon Tyne,2004-05,620.0
E08000022,North Tyneside,2004-05,945.0
E08000023,South Tyneside,2004-05,110.0
E08000024,Sunderland,2004-05,403.0
E11000005,West Midlands (Met County),2004-05,6730.0
E08000025,Birmingham,2004-05,2625.0
E08000026,Coventry,2004-05,308.0
E08000027,Dudley,2004-05,751.0
E08000028,Sandwell,2004-05,915.0
E08000029,Solihull,2004-05,554.0
E08000030,Walsall,2004-05,832.0
E08000031,Wolverhampton,2004-05,745.0
E11000006,West Yorkshire (Met County),2004-05,6286.0
E08000032,Bradford,2004-05,1186.0
E08000033,Calderdale,2004-05,859.0
E08000034,Kirklees,2004-05,1213.0
E08000035,Leeds,2004-05,2127.0
E08000036,Wakefield,2004-05,901.0
,Shire Districts,2004-05,96970.0
E10000001,Bedfordshire,2004-05,1740.0
E07000002,Bedford,2004-05,677.0
E07000001,Mid Bedfordshire,2004-05,480.0
E07000003,South Bedfordshire,2004-05,584.0
E10000002,Buckinghamshire,2004-05,1243.0
E07000004,Aylesbury Vale,2004-05,513.0
E07000005,Chiltern,2004-05,247.0
E07000006,South Bucks,2004-05,208.0
E07000007,Wycombe,2004-05,275.0
E10000003,Cambridgeshire,2004-05,2860.0
E07000008,Cambridge,2004-05,616.0
E07000009,East Cambridgeshire,2004-05,348.0
E07000010,Fenland,2004-05,625.0
E07000011,Huntingdonshire,2004-05,658.0
E07000012,South Cambridgeshire,2004-05,612.0
E10000004,Cheshire,2004-05,2833.0
E07000013,Chester,2004-05,518.0
E07000014,Congleton,2004-05,369.0
E07000015,Crewe and Nantwich,2004-05,844.0
E07000016,Ellesmere Port & Neston,2004-05,332.0
E07000017,Macclesfield,2004-05,364.0
E07000018,Vale Royal,2004-05,406.0
E10000005,Cornwall and Isles of Scilly,2004-05,2834.0
E07000019,Caradon,2004-05,424.0
E07000020,Carrick,2004-05,497.0
E07000025,Isles of Scilly,2004-05,32.0
E07000021,Kerrier,2004-05,332.0
E07000022,North Cornwall,2004-05,481.0
E07000023,Penwith,2004-05,346.0
E07000024,Restormel,2004-05,722.0
E10000006,Cumbria,2004-05,1612.0
E07000026,Allerdale,2004-05,152.0
E07000027,Barrow-in-Furness,2004-05,86.0
E07000028,Carlisle,2004-05,678.0
E07000029,Copeland,2004-05,242.0
E07000030,Eden,2004-05,180.0
E07000031,South Lakeland,2004-05,275.0
E10000007,Derbyshire,2004-05,2957.0
E07000032,Amber Valley,2004-05,302.0
E07000033,Bolsover,2004-05,249.0
E07000034,Chesterfield,2004-05,368.0
E07000035,Derbyshire Dales,2004-05,346.0
E07000036,Erewash,2004-05,263.0
E07000037,High Peak,2004-05,322.0
E07000038,North East Derbyshire,2004-05,231.0
E07000039,South Derbyshire,2004-05,876.0
E10000008,Devon,2004-05,3537.0
E07000040,East Devon,2004-05,754.0
E07000041,Exeter,2004-05,275.0
E07000042,Mid Devon,2004-05,441.0
E07000043,North Devon,2004-05,480.0
E07000044,South Hams,2004-05,345.0
E07000045,Teignbridge,2004-05,520.0
E07000046,Torridge,2004-05,468.0
E07000047,West Devon,2004-05,253.0
E10000009,Dorset,2004-05,1815.0
E07000048,Christchurch,2004-05,99.0
E07000049,East Dorset,2004-05,232.0
E07000050,North Dorset,2004-05,523.0
E07000051,Purbeck,2004-05,107.0
E07000052,West Dorset,2004-05,587.0
E07000053,Weymouth and Portland,2004-05,267.0
E10000010,Durham,2004-05,1425.0
E07000054,Chester-le-Street,2004-05,54.0
E07000055,Derwentside,2004-05,236.0
E07000056,Durham,2004-05,278.0
E07000057,Easington,2004-05,305.0
E07000058,Sedgefield,2004-05,162.0
E07000059,Teesdale,2004-05,108.0
E07000060,Wear Valley,2004-05,282.0
E10000011,East Sussex,2004-05,1968.0
E07000061,Eastbourne,2004-05,833.0
E07000062,Hastings,2004-05,304.0
E07000063,Lewes,2004-05,238.0
E07000064,Rother,2004-05,311.0
E07000065,Wealden,2004-05,283.0
E10000012,Essex,2004-05,4681.0
E07000066,Basildon,2004-05,178.0
E07000067,Braintree,2004-05,835.0
E07000068,Brentwood,2004-05,164.0
E07000069,Castle Point,2004-05,219.0
E07000070,Chelmsford,2004-05,717.0
E07000071,Colchester,2004-05,1244.0
E07000072,Epping Forest,2004-05,259.0
E07000073,Harlow,2004-05,138.0
E07000074,Maldon,2004-05,246.0
E07000075,Rochford,2004-05,68.0
E07000076,Tendring,2004-05,232.0
E07000077,Uttlesford,2004-05,382.0
E10000013,Gloucestershire,2004-05,2123.0
E07000078,Cheltenham,2004-05,443.0
E07000079,Cotswold,2004-05,394.0
E07000080,Forest of Dean,2004-05,267.0
E07000081,Gloucester,2004-05,470.0
E07000082,Stroud,2004-05,314.0
E07000083,Tewkesbury,2004-05,235.0
E10000014,Hampshire,2004-05,5886.0
E07000084,Basingstoke and Deane,2004-05,766.0
E07000085,East Hampshire,2004-05,515.0
E07000086,Eastleigh,2004-05,986.0
E07000087,Fareham,2004-05,308.0
E07000088,Gosport,2004-05,492.0
E07000089,Hart,2004-05,644.0
E07000090,Havant,2004-05,240.0
E07000091,New Forest,2004-05,614.0
E07000092,Rushmoor,2004-05,288.0
E07000093,Test Valley,2004-05,345.0
E07000094,Winchester,2004-05,688.0
E10000015,Hertfordshire,2004-05,4256.0
E07000095,Broxbourne,2004-05,911.0
E07000096,Dacorum,2004-05,404.0
E07000242,East Hertfordshire,2004-05,392.0
E07000098,Hertsmere,2004-05,180.0
E07000099,North Hertfordshire,2004-05,413.0
E07000240,St Albans,2004-05,660.0
E07000243,Stevenage,2004-05,176.0
E07000102,Three Rivers,2004-05,76.0
E07000103,Watford,2004-05,435.0
E07000241,Welwyn Hatfield,2004-05,610.0
E10000016,Kent,2004-05,7442.0
E07000105,Ashford,2004-05,1018.0
E07000106,Canterbury,2004-05,708.0
E07000107,Dartford,2004-05,657.0
E07000108,Dover,2004-05,570.0
E07000109,Gravesham,2004-05,464.0
E07000110,Maidstone,2004-05,875.0
E07000111,Sevenoaks,2004-05,258.0
E07000112,Folkestone and Hythe,2004-05,401.0
E07000113,Swale,2004-05,427.0
E07000114,Thanet,2004-05,559.0
E07000115,Tonbridge and Malling,2004-05,952.0
E07000116,Tunbridge Wells,2004-05,554.0
E10000017,Lancashire,2004-05,4079.0
E07000117,Burnley,2004-05,-1.0
E07000118,Chorley,2004-05,499.0
E07000119,Fylde,2004-05,352.0
E07000120,Hyndburn,2004-05,178.0
E07000121,Lancaster,2004-05,264.0
E07000122,Pendle,2004-05,171.0
E07000123,Preston,2004-05,905.0
E07000124,Ribble Valley,2004-05,84.0
E07000125,Rossendale,2004-05,334.0
E07000126,South Ribble,2004-05,665.0
E07000127,West Lancashire,2004-05,398.0
E07000128,Wyre,2004-05,231.0
E10000018,Leicestershire,2004-05,2610.0
E07000129,Blaby,2004-05,243.0
E07000130,Charnwood,2004-05,925.0
E07000131,Harborough,2004-05,284.0
E07000132,Hinckley and Bosworth,2004-05,610.0
E07000133,Melton,2004-05,142.0
E07000134,North West Leicestershire,2004-05,349.0
E07000135,Oadby and Wigston,2004-05,58.0
E10000019,Lincolnshire,2004-05,3906.0
E07000136,Boston,2004-05,368.0
E07000137,East Lindsey,2004-05,576.0
E07000138,Lincoln,2004-05,442.0
E07000139,North Kesteven,2004-05,576.0
E07000140,South Holland,2004-05,565.0
E07000141,South Kesteven,2004-05,648.0
E07000142,West Lindsey,2004-05,732.0
E10000020,Norfolk,2004-05,4200.0
E07000143,Breckland,2004-05,666.0
E07000144,Broadland,2004-05,357.0
E07000145,Great Yarmouth,2004-05,392.0
E07000146,King's Lynn and West Norfolk,2004-05,1257.0
E07000147,North Norfolk,2004-05,392.0
E07000148,Norwich,2004-05,699.0
E07000149,South Norfolk,2004-05,436.0
E10000021,Northamptonshire,2004-05,2874.0
E07000150,Corby,2004-05,237.0
E07000151,Daventry,2004-05,241.0
E07000152,East Northamptonshire,2004-05,609.0
E07000153,Kettering,2004-05,515.0
E07000154,Northampton,2004-05,467.0
E07000155,South Northamptonshire,2004-05,567.0
E07000156,Wellingborough,2004-05,238.0
E10000022,Northumberland,2004-05,860.0
E07000157,Alnwick,2004-05,127.0
E07000158,Berwick-upon-Tweed,2004-05,33.0
E07000159,Blyth Valley,2004-05,70.0
E07000160,Castle Morpeth,2004-05,129.0
E07000161,Tynedale,2004-05,301.0
E07000162,Wansbeck,2004-05,200.0
E10000023,North Yorkshire,2004-05,2552.0
E07000163,Craven,2004-05,301.0
E07000164,Hambleton,2004-05,318.0
E07000165,Harrogate,2004-05,454.0
E07000166,Richmondshire,2004-05,240.0
E07000167,Ryedale,2004-05,190.0
E07000168,Scarborough,2004-05,559.0
E07000169,Selby,2004-05,490.0
E10000024,Nottinghamshire,2004-05,2483.0
E07000170,Ashfield,2004-05,360.0
E07000171,Bassetlaw,2004-05,294.0
E07000172,Broxtowe,2004-05,270.0
E07000173,Gedling,2004-05,193.0
E07000174,Mansfield,2004-05,180.0
E07000175,Newark and Sherwood,2004-05,762.0
E07000176,Rushcliffe,2004-05,424.0
E10000025,Oxfordshire,2004-05,2635.0
E07000177,Cherwell,2004-05,585.0
E07000178,Oxford,2004-05,524.0
E07000179,South Oxfordshire,2004-05,189.0
E07000180,Vale of White Horse,2004-05,749.0
E07000181,West Oxfordshire,2004-05,588.0
E10000026,Shropshire,2004-05,1314.0
E07000182,Bridgnorth,2004-05,109.0
E07000183,North Shropshire,2004-05,329.0
E07000184,Oswestry,2004-05,287.0
E07000185,Shrewsbury and Atcham,2004-05,416.0
E07000186,South Shropshire,2004-05,173.0
E10000027,Somerset,2004-05,2045.0
E07000187,Mendip,2004-05,326.0
E07000188,Sedgemoor,2004-05,505.0
E07000189,South Somerset,2004-05,764.0
E07000190,Taunton Deane,2004-05,403.0
E07000191,West Somerset,2004-05,45.0
E07000246,Somerset West and Taunton,2004-05,
E10000028,Staffordshire,2004-05,3320.0
E07000192,Cannock Chase,2004-05,378.0
E07000193,East Staffordshire,2004-05,372.0
E07000194,Lichfield,2004-05,592.0
E07000195,Newcastle-under-Lyme,2004-05,226.0
E07000196,South Staffordshire,2004-05,227.0
E07000197,Stafford,2004-05,699.0
E07000198,Staffordshire Moorlands,2004-05,406.0
E07000199,Tamworth,2004-05,420.0
E10000029,Suffolk,2004-05,2672.0
E07000200,Babergh,2004-05,227.0
E07000201,Forest Heath,2004-05,260.0
E07000202,Ipswich,2004-05,771.0
E07000203,Mid Suffolk,2004-05,456.0
E07000204,St Edmundsbury,2004-05,267.0
E07000205,Suffolk Coastal,2004-05,359.0
E07000206,Waveney,2004-05,332.0
E07000244,East Suffolk,2004-05,
E07000245,West Suffolk,2004-05,
E10000030,Surrey,2004-05,2841.0
E07000207,Elmbridge,2004-05,444.0
E07000208,Epsom and Ewell,2004-05,230.0
E07000209,Guildford,2004-05,308.0
E07000210,Mole Valley,2004-05,228.0
E07000211,Reigate and Banstead,2004-05,380.0
E07000212,Runnymede,2004-05,142.0
E07000213,Spelthorne,2004-05,216.0
E07000214,Surrey Heath,2004-05,128.0
E07000215,Tandridge,2004-05,226.0
E07000216,Waverley,2004-05,306.0
E07000217,Woking,2004-05,232.0
E10000031,Warwickshire,2004-05,2720.0
E07000218,North Warwickshire,2004-05,136.0
E07000219,Nuneaton and Bedworth,2004-05,516.0
E07000220,Rugby,2004-05,386.0
E07000221,Stratford-on-Avon,2004-05,896.0
E07000222,Warwick,2004-05,786.0
E10000032,West Sussex,2004-05,2498.0
E07000223,Adur,2004-05,140.0
E07000224,Arun,2004-05,332.0
E07000225,Chichester,2004-05,530.0
E07000226,Crawley,2004-05,151.0
E07000227,Horsham,2004-05,461.0
E07000228,Mid Sussex,2004-05,605.0
E07000229,Worthing,2004-05,278.0
E10000033,Wiltshire,2004-05,1731.0
E07000230,Kennet,2004-05,279.0
E07000231,North Wiltshire,2004-05,680.0
E07000232,Salisbury,2004-05,155.0
E07000233,West Wiltshire,2004-05,616.0
E10000034,Worcestershire,2004-05,2419.0
E07000234,Bromsgrove,2004-05,525.0
E07000235,Malvern Hills,2004-05,210.0
E07000236,Redditch,2004-05,325.0
E07000237,Worcester,2004-05,284.0
E07000238,Wychavon,2004-05,481.0
E07000239,Wyre Forest,2004-05,594.0
E92000001,England,2005-06,202653.0
,Unitary Authorities,2005-06,34403.0
E06000022,Bath and North East Somerset UA,2005-06,172.0
E06000055,Bedford UA,2005-06,
E06000008,Blackburn with Darwen UA,2005-06,594.0
E06000009,Blackpool UA,2005-06,240.0
E06000028,Bournemouth UA,2005-06,900.0
E06000058,"Bournemouth, Christchurch and Poole UA",2005-06,
E06000036,Bracknell Forest UA,2005-06,186.0
E06000043,Brighton and Hove UA,2005-06,578.0
E06000023,"Bristol, City of UA",2005-06,2017.0
E06000060,Buckinghamshire UA,2005-06,
E06000056,Central Bedfordshire UA,2005-06,
E06000049,Cheshire East UA,2005-06,
E06000050,Cheshire West and Chester UA,2005-06,
E06000052,Cornwall UA,2005-06,
E06000047,County Durham UA,2005-06,
E06000063,Cumberland UA,2005-06,
E06000005,Darlington UA,2005-06,563.0
E06000015,Derby UA,2005-06,1010.0
E06000059,Dorset UA,2005-06,
E06000011,East Riding of Yorkshire UA,2005-06,1302.0
E06000006,Halton UA,2005-06,859.0
E06000001,Hartlepool UA,2005-06,243.0
E06000019,"Herefordshire, County of UA",2005-06,737.0
E06000046,Isle of Wight UA,2005-06,769.0
E06000053,Isles of Scilly UA,2005-06,
E06000010,"Kingston upon Hull, City of UA",2005-06,621.0
E06000016,Leicester UA,2005-06,1272.0
E06000032,Luton UA,2005-06,556.0
E06000035,Medway UA,2005-06,613.0
E06000002,Middlesbrough UA,2005-06,95.0
E06000042,Milton Keynes UA,2005-06,1831.0
E06000012,North East Lincolnshire UA,2005-06,253.0
E06000013,North Lincolnshire UA,2005-06,1267.0
E06000061,North Northamptonshire UA,2005-06,
E06000024,North Somerset UA,2005-06,1002.0
E06000065,North Yorkshire UA,2005-06,
E06000057,Northumberland UA,2005-06,
E06000018,Nottingham UA,2005-06,1147.0
E06000031,Peterborough UA,2005-06,824.0
E06000026,Plymouth UA,2005-06,721.0
E06000029,Poole UA,2005-06,799.0
E06000044,Portsmouth UA,2005-06,653.0
E06000038,Reading UA,2005-06,565.0
E06000003,Redcar and Cleveland UA,2005-06,143.0
E06000017,Rutland UA,2005-06,316.0
E06000051,Shropshire UA,2005-06,
E06000039,Slough UA,2005-06,541.0
E06000066,Somerset UA,2005-06,
E06000025,South Gloucestershire UA,2005-06,740.0
E06000045,Southampton UA,2005-06,879.0
E06000033,Southend-on-Sea UA,2005-06,749.0
E06000004,Stockton-on-Tees UA,2005-06,481.0
E06000021,Stoke-on-Trent UA,2005-06,571.0
E06000030,Swindon UA,2005-06,1614.0
E06000020,Telford and Wrekin UA,2005-06,446.0
E06000034,Thurrock UA,2005-06,652.0
E06000027,Torbay UA,2005-06,314.0
E06000007,Warrington UA,2005-06,1224.0
E06000037,West Berkshire UA,2005-06,1052.0
E06000062,West Northamptonshire UA,2005-06,
E06000064,Westmorland and Furness UA,2005-06,
E06000054,Wiltshire UA,2005-06,
E06000040,Windsor and Maidenhead UA,2005-06,498.0
E06000041,Wokingham UA,2005-06,622.0
E06000014,York UA,2005-06,1173.0
,London Boroughs,2005-06,28852.0
E09000002,Barking and Dagenham,2005-06,268.0
E09000003,Barnet,2005-06,1039.0
E09000004,Bexley,2005-06,213.0
E09000005,Brent,2005-06,1674.0
E09000006,Bromley,2005-06,747.0
E09000007,Camden,2005-06,787.0
E09000001,City of London,2005-06,-1.0
E09000008,Croydon,2005-06,395.0
E09000009,Ealing,2005-06,834.0
E09000010,Enfield,2005-06,558.0
E09000011,Greenwich,2005-06,1387.0
E09000012,Hackney,2005-06,1203.0
E09000013,Hammersmith and Fulham,2005-06,648.0
E09000014,Haringey,2005-06,1171.0
E09000015,Harrow,2005-06,658.0
E09000016,Havering,2005-06,464.0
E09000017,Hillingdon,2005-06,594.0
E09000018,Hounslow,2005-06,858.0
E09000019,Islington,2005-06,877.0
E09000020,Kensington and Chelsea,2005-06,78.0
E09000021,Kingston upon Thames,2005-06,331.0
E09000022,Lambeth,2005-06,1368.0
E09000023,Lewisham,2005-06,1038.0
E09000024,Merton,2005-06,270.0
E09000025,Newham,2005-06,896.0
E09000026,Redbridge,2005-06,762.0
E09000027,Richmond upon Thames,2005-06,942.0
E09000028,Southwark,2005-06,1568.0
E09000029,Sutton,2005-06,144.0
E09000030,Tower Hamlets,2005-06,2976.0
E09000031,Waltham Forest,2005-06,762.0
E09000032,Wandsworth,2005-06,1363.0
E09000033,Westminster,2005-06,1981.0
,Metropolitan Districts,2005-06,33929.0
E11000001,Greater Manchester (Met County),2005-06,8883.0
E08000001,Bolton,2005-06,892.0
E08000002,Bury,2005-06,940.0
E08000003,Manchester,2005-06,3007.0
E08000004,Oldham,2005-06,154.0
E08000005,Rochdale,2005-06,484.0
E08000006,Salford,2005-06,524.0
E08000007,Stockport,2005-06,342.0
E08000008,Tameside,2005-06,761.0
E08000009,Trafford,2005-06,560.0
E08000010,Wigan,2005-06,1218.0
E11000002,Merseyside (Met County),2005-06,3406.0
E08000011,Knowsley,2005-06,-36.0
E08000012,Liverpool,2005-06,2183.0
E08000014,Sefton,2005-06,291.0
E08000013,St. Helens,2005-06,442.0
E08000015,Wirral,2005-06,526.0
E11000003,South Yorkshire (Met County),2005-06,3949.0
E08000016,Barnsley,2005-06,952.0
E08000017,Doncaster,2005-06,1380.0
E08000018,Rotherham,2005-06,400.0
E08000019,Sheffield,2005-06,1218.0
E11000007,Tyne and Wear (Met County),2005-06,2416.0
E08000037,Gateshead,2005-06,281.0
E08000021,Newcastle upon Tyne,2005-06,744.0
E08000022,North Tyneside,2005-06,965.0
E08000023,South Tyneside,2005-06,148.0
E08000024,Sunderland,2005-06,278.0
E11000005,West Midlands (Met County),2005-06,7911.0
E08000025,Birmingham,2005-06,3319.0
E08000026,Coventry,2005-06,631.0
E08000027,Dudley,2005-06,688.0
E08000028,Sandwell,2005-06,1222.0
E08000029,Solihull,2005-06,836.0
E08000030,Walsall,2005-06,490.0
E08000031,Wolverhampton,2005-06,726.0
E11000006,West Yorkshire (Met County),2005-06,7364.0
E08000032,Bradford,2005-06,1046.0
E08000033,Calderdale,2005-06,1060.0
E08000034,Kirklees,2005-06,1378.0
E08000035,Leeds,2005-06,2932.0
E08000036,Wakefield,2005-06,948.0
,Shire Districts,2005-06,105469.0
E10000001,Bedfordshire,2005-06,2184.0
E07000002,Bedford,2005-06,507.0
E07000001,Mid Bedfordshire,2005-06,912.0
E07000003,South Bedfordshire,2005-06,765.0
E10000002,Buckinghamshire,2005-06,1283.0
E07000004,Aylesbury Vale,2005-06,489.0
E07000005,Chiltern,2005-06,264.0
E07000006,South Bucks,2005-06,169.0
E07000007,Wycombe,2005-06,361.0
E10000003,Cambridgeshire,2005-06,3889.0
E07000008,Cambridge,2005-06,746.0
E07000009,East Cambridgeshire,2005-06,743.0
E07000010,Fenland,2005-06,770.0
E07000011,Huntingdonshire,2005-06,702.0
E07000012,South Cambridgeshire,2005-06,928.0
E10000004,Cheshire,2005-06,3237.0
E07000013,Chester,2005-06,617.0
E07000014,Congleton,2005-06,418.0
E07000015,Crewe and Nantwich,2005-06,891.0
E07000016,Ellesmere Port & Neston,2005-06,303.0
E07000017,Macclesfield,2005-06,542.0
E07000018,Vale Royal,2005-06,466.0
E10000005,Cornwall and Isles of Scilly,2005-06,2413.0
E07000019,Caradon,2005-06,392.0
E07000020,Carrick,2005-06,312.0
E07000025,Isles of Scilly,2005-06,24.0
E07000021,Kerrier,2005-06,305.0
E07000022,North Cornwall,2005-06,449.0
E07000023,Penwith,2005-06,357.0
E07000024,Restormel,2005-06,574.0
E10000006,Cumbria,2005-06,1740.0
E07000026,Allerdale,2005-06,403.0
E07000027,Barrow-in-Furness,2005-06,34.0
E07000028,Carlisle,2005-06,652.0
E07000029,Copeland,2005-06,96.0
E07000030,Eden,2005-06,124.0
E07000031,South Lakeland,2005-06,430.0
E10000007,Derbyshire,2005-06,3542.0
E07000032,Amber Valley,2005-06,435.0
E07000033,Bolsover,2005-06,318.0
E07000034,Chesterfield,2005-06,422.0
E07000035,Derbyshire Dales,2005-06,306.0
E07000036,Erewash,2005-06,701.0
E07000037,High Peak,2005-06,425.0
E07000038,North East Derbyshire,2005-06,330.0
E07000039,South Derbyshire,2005-06,605.0
E10000008,Devon,2005-06,3394.0
E07000040,East Devon,2005-06,607.0
E07000041,Exeter,2005-06,527.0
E07000042,Mid Devon,2005-06,550.0
E07000043,North Devon,2005-06,476.0
E07000044,South Hams,2005-06,257.0
E07000045,Teignbridge,2005-06,389.0
E07000046,Torridge,2005-06,357.0
E07000047,West Devon,2005-06,231.0
E10000009,Dorset,2005-06,2032.0
E07000048,Christchurch,2005-06,139.0
E07000049,East Dorset,2005-06,177.0
E07000050,North Dorset,2005-06,584.0
E07000051,Purbeck,2005-06,180.0
E07000052,West Dorset,2005-06,614.0
E07000053,Weymouth and Portland,2005-06,337.0
E10000010,Durham,2005-06,2020.0
E07000054,Chester-le-Street,2005-06,60.0
E07000055,Derwentside,2005-06,394.0
E07000056,Durham,2005-06,478.0
E07000057,Easington,2005-06,450.0
E07000058,Sedgefield,2005-06,179.0
E07000059,Teesdale,2005-06,72.0
E07000060,Wear Valley,2005-06,387.0
E10000011,East Sussex,2005-06,1928.0
E07000061,Eastbourne,2005-06,622.0
E07000062,Hastings,2005-06,432.0
E07000063,Lewes,2005-06,271.0
E07000064,Rother,2005-06,276.0
E07000065,Wealden,2005-06,328.0
E10000012,Essex,2005-06,5064.0
E07000066,Basildon,2005-06,516.0
E07000067,Braintree,2005-06,649.0
E07000068,Brentwood,2005-06,129.0
E07000069,Castle Point,2005-06,307.0
E07000070,Chelmsford,2005-06,427.0
E07000071,Colchester,2005-06,862.0
E07000072,Epping Forest,2005-06,305.0
E07000073,Harlow,2005-06,394.0
E07000074,Maldon,2005-06,233.0
E07000075,Rochford,2005-06,272.0
E07000076,Tendring,2005-06,369.0
E07000077,Uttlesford,2005-06,601.0
E10000013,Gloucestershire,2005-06,2123.0
E07000078,Cheltenham,2005-06,310.0
E07000079,Cotswold,2005-06,193.0
E07000080,Forest of Dean,2005-06,262.0
E07000081,Gloucester,2005-06,705.0
E07000082,Stroud,2005-06,294.0
E07000083,Tewkesbury,2005-06,359.0
E10000014,Hampshire,2005-06,5355.0
E07000084,Basingstoke and Deane,2005-06,802.0
E07000085,East Hampshire,2005-06,399.0
E07000086,Eastleigh,2005-06,621.0
E07000087,Fareham,2005-06,322.0
E07000088,Gosport,2005-06,562.0
E07000089,Hart,2005-06,529.0
E07000090,Havant,2005-06,311.0
E07000091,New Forest,2005-06,521.0
E07000092,Rushmoor,2005-06,400.0
E07000093,Test Valley,2005-06,404.0
E07000094,Winchester,2005-06,484.0
E10000015,Hertfordshire,2005-06,4267.0
E07000095,Broxbourne,2005-06,492.0
E07000096,Dacorum,2005-06,270.0
E07000242,East Hertfordshire,2005-06,580.0
E07000098,Hertsmere,2005-06,308.0
E07000099,North Hertfordshire,2005-06,554.0
E07000240,St Albans,2005-06,388.0
E07000243,Stevenage,2005-06,136.0
E07000102,Three Rivers,2005-06,199.0
E07000103,Watford,2005-06,664.0
E07000241,Welwyn Hatfield,2005-06,678.0
E10000016,Kent,2005-06,6906.0
E07000105,Ashford,2005-06,646.0
E07000106,Canterbury,2005-06,465.0
E07000107,Dartford,2005-06,216.0
E07000108,Dover,2005-06,675.0
E07000109,Gravesham,2005-06,274.0
E07000110,Maidstone,2005-06,817.0
E07000111,Sevenoaks,2005-06,502.0
E07000112,Folkestone and Hythe,2005-06,778.0
E07000113,Swale,2005-06,906.0
E07000114,Thanet,2005-06,483.0
E07000115,Tonbridge and Malling,2005-06,709.0
E07000116,Tunbridge Wells,2005-06,436.0
E10000017,Lancashire,2005-06,3650.0
E07000117,Burnley,2005-06,62.0
E07000118,Chorley,2005-06,509.0
E07000119,Fylde,2005-06,236.0
E07000120,Hyndburn,2005-06,122.0
E07000121,Lancaster,2005-06,174.0
E07000122,Pendle,2005-06,262.0
E07000123,Preston,2005-06,891.0
E07000124,Ribble Valley,2005-06,116.0
E07000125,Rossendale,2005-06,280.0
E07000126,South Ribble,2005-06,497.0
E07000127,West Lancashire,2005-06,221.0
E07000128,Wyre,2005-06,279.0
E10000018,Leicestershire,2005-06,2529.0
E07000129,Blaby,2005-06,334.0
E07000130,Charnwood,2005-06,718.0
E07000131,Harborough,2005-06,341.0
E07000132,Hinckley and Bosworth,2005-06,480.0
E07000133,Melton,2005-06,170.0
E07000134,North West Leicestershire,2005-06,453.0
E07000135,Oadby and Wigston,2005-06,33.0
E10000019,Lincolnshire,2005-06,4414.0
E07000136,Boston,2005-06,348.0
E07000137,East Lindsey,2005-06,611.0
E07000138,Lincoln,2005-06,482.0
E07000139,North Kesteven,2005-06,982.0
E07000140,South Holland,2005-06,551.0
E07000141,South Kesteven,2005-06,629.0
E07000142,West Lindsey,2005-06,811.0
E10000020,Norfolk,2005-06,3946.0
E07000143,Breckland,2005-06,417.0
E07000144,Broadland,2005-06,219.0
E07000145,Great Yarmouth,2005-06,371.0
E07000146,King's Lynn and West Norfolk,2005-06,1120.0
E07000147,North Norfolk,2005-06,588.0
E07000148,Norwich,2005-06,888.0
E07000149,South Norfolk,2005-06,342.0
E10000021,Northamptonshire,2005-06,4228.0
E07000150,Corby,2005-06,438.0
E07000151,Daventry,2005-06,332.0
E07000152,East Northamptonshire,2005-06,692.0
E07000153,Kettering,2005-06,696.0
E07000154,Northampton,2005-06,1493.0
E07000155,South Northamptonshire,2005-06,258.0
E07000156,Wellingborough,2005-06,319.0
E10000022,Northumberland,2005-06,966.0
E07000157,Alnwick,2005-06,130.0
E07000158,Berwick-upon-Tweed,2005-06,75.0
E07000159,Blyth Valley,2005-06,149.0
E07000160,Castle Morpeth,2005-06,164.0
E07000161,Tynedale,2005-06,217.0
E07000162,Wansbeck,2005-06,231.0
E10000023,North Yorkshire,2005-06,2755.0
E07000163,Craven,2005-06,273.0
E07000164,Hambleton,2005-06,462.0
E07000165,Harrogate,2005-06,426.0
E07000166,Richmondshire,2005-06,231.0
E07000167,Ryedale,2005-06,178.0
E07000168,Scarborough,2005-06,531.0
E07000169,Selby,2005-06,654.0
E10000024,Nottinghamshire,2005-06,2651.0
E07000170,Ashfield,2005-06,547.0
E07000171,Bassetlaw,2005-06,389.0
E07000172,Broxtowe,2005-06,336.0
E07000173,Gedling,2005-06,202.0
E07000174,Mansfield,2005-06,337.0
E07000175,Newark and Sherwood,2005-06,630.0
E07000176,Rushcliffe,2005-06,210.0
E10000025,Oxfordshire,2005-06,3278.0
E07000177,Cherwell,2005-06,925.0
E07000178,Oxford,2005-06,804.0
E07000179,South Oxfordshire,2005-06,217.0
E07000180,Vale of White Horse,2005-06,636.0
E07000181,West Oxfordshire,2005-06,696.0
E10000026,Shropshire,2005-06,1561.0
E07000182,Bridgnorth,2005-06,169.0
E07000183,North Shropshire,2005-06,451.0
E07000184,Oswestry,2005-06,268.0
E07000185,Shrewsbury and Atcham,2005-06,432.0
E07000186,South Shropshire,2005-06,241.0
E10000027,Somerset,2005-06,2358.0
E07000187,Mendip,2005-06,542.0
E07000188,Sedgemoor,2005-06,569.0
E07000189,South Somerset,2005-06,782.0
E07000190,Taunton Deane,2005-06,348.0
E07000191,West Somerset,2005-06,116.0
E07000246,Somerset West and Taunton,2005-06,
E10000028,Staffordshire,2005-06,3840.0
E07000192,Cannock Chase,2005-06,332.0
E07000193,East Staffordshire,2005-06,792.0
E07000194,Lichfield,2005-06,647.0
E07000195,Newcastle-under-Lyme,2005-06,244.0
E07000196,South Staffordshire,2005-06,315.0
E07000197,Stafford,2005-06,735.0
E07000198,Staffordshire Moorlands,2005-06,444.0
E07000199,Tamworth,2005-06,330.0
E10000029,Suffolk,2005-06,3701.0
E07000200,Babergh,2005-06,229.0
E07000201,Forest Heath,2005-06,393.0
E07000202,Ipswich,2005-06,836.0
E07000203,Mid Suffolk,2005-06,629.0
E07000204,St Edmundsbury,2005-06,464.0
E07000205,Suffolk Coastal,2005-06,914.0
E07000206,Waveney,2005-06,236.0
E07000244,East Suffolk,2005-06,
E07000245,West Suffolk,2005-06,
E10000030,Surrey,2005-06,3823.0
E07000207,Elmbridge,2005-06,343.0
E07000208,Epsom and Ewell,2005-06,250.0
E07000209,Guildford,2005-06,464.0
E07000210,Mole Valley,2005-06,212.0
E07000211,Reigate and Banstead,2005-06,533.0
E07000212,Runnymede,2005-06,442.0
E07000213,Spelthorne,2005-06,78.0
E07000214,Surrey Heath,2005-06,391.0
E07000215,Tandridge,2005-06,276.0
E07000216,Waverley,2005-06,326.0
E07000217,Woking,2005-06,508.0
E10000031,Warwickshire,2005-06,2979.0
E07000218,North Warwickshire,2005-06,81.0
E07000219,Nuneaton and Bedworth,2005-06,726.0
E07000220,Rugby,2005-06,562.0
E07000221,Stratford-on-Avon,2005-06,766.0
E07000222,Warwick,2005-06,844.0
E10000032,West Sussex,2005-06,3046.0
E07000223,Adur,2005-06,220.0
E07000224,Arun,2005-06,220.0
E07000225,Chichester,2005-06,561.0
E07000226,Crawley,2005-06,164.0
E07000227,Horsham,2005-06,781.0
E07000228,Mid Sussex,2005-06,758.0
E07000229,Worthing,2005-06,342.0
E10000033,Wiltshire,2005-06,1906.0
E07000230,Kennet,2005-06,237.0
E07000231,North Wiltshire,2005-06,792.0
E07000232,Salisbury,2005-06,359.0
E07000233,West Wiltshire,2005-06,517.0
E10000034,Worcestershire,2005-06,2464.0
E07000234,Bromsgrove,2005-06,695.0
E07000235,Malvern Hills,2005-06,180.0
E07000236,Redditch,2005-06,292.0
E07000237,Worcester,2005-06,476.0
E07000238,Wychavon,2005-06,358.0
E07000239,Wyre Forest,2005-06,462.0
E92000001,England,2006-07,214936.0
,Unitary Authorities,2006-07,37389.0
E06000022,Bath and North East Somerset UA,2006-07,258.0
E06000055,Bedford UA,2006-07,
E06000008,Blackburn with Darwen UA,2006-07,230.0
E06000009,Blackpool UA,2006-07,174.0
E06000028,Bournemouth UA,2006-07,1029.0
E06000058,"Bournemouth, Christchurch and Poole UA",2006-07,
E06000036,Bracknell Forest UA,2006-07,50.0
E06000043,Brighton and Hove UA,2006-07,836.0
E06000023,"Bristol, City of UA",2006-07,2357.0
E06000060,Buckinghamshire UA,2006-07,
E06000056,Central Bedfordshire UA,2006-07,
E06000049,Cheshire East UA,2006-07,
E06000050,Cheshire West and Chester UA,2006-07,
E06000052,Cornwall UA,2006-07,
E06000047,County Durham UA,2006-07,
E06000063,Cumberland UA,2006-07,
E06000005,Darlington UA,2006-07,518.0
E06000015,Derby UA,2006-07,1178.0
E06000059,Dorset UA,2006-07,
E06000011,East Riding of Yorkshire UA,2006-07,1462.0
E06000006,Halton UA,2006-07,537.0
E06000001,Hartlepool UA,2006-07,244.0
E06000019,"Herefordshire, County of UA",2006-07,788.0
E06000046,Isle of Wight UA,2006-07,1622.0
E06000053,Isles of Scilly UA,2006-07,
E06000010,"Kingston upon Hull, City of UA",2006-07,1039.0
E06000016,Leicester UA,2006-07,1356.0
E06000032,Luton UA,2006-07,398.0
E06000035,Medway UA,2006-07,674.0
E06000002,Middlesbrough UA,2006-07,419.0
E06000042,Milton Keynes UA,2006-07,1699.0
E06000012,North East Lincolnshire UA,2006-07,424.0
E06000013,North Lincolnshire UA,2006-07,817.0
E06000061,North Northamptonshire UA,2006-07,
E06000024,North Somerset UA,2006-07,881.0
E06000065,North Yorkshire UA,2006-07,
E06000057,Northumberland UA,2006-07,
E06000018,Nottingham UA,2006-07,1441.0
E06000031,Peterborough UA,2006-07,1218.0
E06000026,Plymouth UA,2006-07,1343.0
E06000029,Poole UA,2006-07,637.0
E06000044,Portsmouth UA,2006-07,545.0
E06000038,Reading UA,2006-07,546.0
E06000003,Redcar and Cleveland UA,2006-07,378.0
E06000017,Rutland UA,2006-07,217.0
E06000051,Shropshire UA,2006-07,
E06000039,Slough UA,2006-07,480.0
E06000066,Somerset UA,2006-07,
E06000025,South Gloucestershire UA,2006-07,793.0
E06000045,Southampton UA,2006-07,1117.0
E06000033,Southend-on-Sea UA,2006-07,582.0
E06000004,Stockton-on-Tees UA,2006-07,648.0
E06000021,Stoke-on-Trent UA,2006-07,483.0
E06000030,Swindon UA,2006-07,2326.0
E06000020,Telford and Wrekin UA,2006-07,347.0
E06000034,Thurrock UA,2006-07,326.0
E06000027,Torbay UA,2006-07,338.0
E06000007,Warrington UA,2006-07,1352.0
E06000037,West Berkshire UA,2006-07,1045.0
E06000062,West Northamptonshire UA,2006-07,
E06000064,Westmorland and Furness UA,2006-07,
E06000054,Wiltshire UA,2006-07,
E06000040,Windsor and Maidenhead UA,2006-07,456.0
E06000041,Wokingham UA,2006-07,985.0
E06000014,York UA,2006-07,795.0
,London Boroughs,2006-07,30927.0
E09000002,Barking and Dagenham,2006-07,307.0
E09000003,Barnet,2006-07,488.0
E09000004,Bexley,2006-07,313.0
E09000005,Brent,2006-07,1202.0
E09000006,Bromley,2006-07,952.0
E09000007,Camden,2006-07,647.0
E09000001,City of London,2006-07,1.0
E09000008,Croydon,2006-07,753.0
E09000009,Ealing,2006-07,1368.0
E09000010,Enfield,2006-07,1054.0
E09000011,Greenwich,2006-07,738.0
E09000012,Hackney,2006-07,1451.0
E09000013,Hammersmith and Fulham,2006-07,654.0
E09000014,Haringey,2006-07,1488.0
E09000015,Harrow,2006-07,709.0
E09000016,Havering,2006-07,940.0
E09000017,Hillingdon,2006-07,284.0
E09000018,Hounslow,2006-07,1741.0
E09000019,Islington,2006-07,1830.0
E09000020,Kensington and Chelsea,2006-07,35.0
E09000021,Kingston upon Thames,2006-07,298.0
E09000022,Lambeth,2006-07,1348.0
E09000023,Lewisham,2006-07,654.0
E09000024,Merton,2006-07,-7.0
E09000025,Newham,2006-07,720.0
E09000026,Redbridge,2006-07,1022.0
E09000027,Richmond upon Thames,2006-07,286.0
E09000028,Southwark,2006-07,2311.0
E09000029,Sutton,2006-07,135.0
E09000030,Tower Hamlets,2006-07,3017.0
E09000031,Waltham Forest,2006-07,922.0
E09000032,Wandsworth,2006-07,1703.0
E09000033,Westminster,2006-07,1563.0
,Metropolitan Districts,2006-07,40173.0
E11000001,Greater Manchester (Met County),2006-07,12225.0
E08000001,Bolton,2006-07,1058.0
E08000002,Bury,2006-07,376.0
E08000003,Manchester,2006-07,4901.0
E08000004,Oldham,2006-07,213.0
E08000005,Rochdale,2006-07,221.0
E08000006,Salford,2006-07,1836.0
E08000007,Stockport,2006-07,647.0
E08000008,Tameside,2006-07,641.0
E08000009,Trafford,2006-07,591.0
E08000010,Wigan,2006-07,1740.0
E11000002,Merseyside (Met County),2006-07,4802.0
E08000011,Knowsley,2006-07,409.0
E08000012,Liverpool,2006-07,2770.0
E08000014,Sefton,2006-07,152.0
E08000013,St. Helens,2006-07,512.0
E08000015,Wirral,2006-07,959.0
E11000003,South Yorkshire (Met County),2006-07,4080.0
E08000016,Barnsley,2006-07,960.0
E08000017,Doncaster,2006-07,1285.0
E08000018,Rotherham,2006-07,624.0
E08000019,Sheffield,2006-07,1212.0
E11000007,Tyne and Wear (Met County),2006-07,2620.0
E08000037,Gateshead,2006-07,620.0
E08000021,Newcastle upon Tyne,2006-07,668.0
E08000022,North Tyneside,2006-07,773.0
E08000023,South Tyneside,2006-07,403.0
E08000024,Sunderland,2006-07,156.0
E11000005,West Midlands (Met County),2006-07,6505.0
E08000025,Birmingham,2006-07,2007.0
E08000026,Coventry,2006-07,918.0
E08000027,Dudley,2006-07,901.0
E08000028,Sandwell,2006-07,1306.0
E08000029,Solihull,2006-07,680.0
E08000030,Walsall,2006-07,172.0
E08000031,Wolverhampton,2006-07,522.0
E11000006,West Yorkshire (Met County),2006-07,9941.0
E08000032,Bradford,2006-07,2337.0
E08000033,Calderdale,2006-07,1276.0
E08000034,Kirklees,2006-07,2662.0
E08000035,Leeds,2006-07,2824.0
E08000036,Wakefield,2006-07,842.0
,Shire Districts,2006-07,106447.0
E10000001,Bedfordshire,2006-07,1722.0
E07000002,Bedford,2006-07,497.0
E07000001,Mid Bedfordshire,2006-07,875.0
E07000003,South Bedfordshire,2006-07,350.0
E10000002,Buckinghamshire,2006-07,1619.0
E07000004,Aylesbury Vale,2006-07,462.0
E07000005,Chiltern,2006-07,263.0
E07000006,South Bucks,2006-07,232.0
E07000007,Wycombe,2006-07,662.0
E10000003,Cambridgeshire,2006-07,3651.0
E07000008,Cambridge,2006-07,684.0
E07000009,East Cambridgeshire,2006-07,635.0
E07000010,Fenland,2006-07,748.0
E07000011,Huntingdonshire,2006-07,609.0
E07000012,South Cambridgeshire,2006-07,974.0
E10000004,Cheshire,2006-07,2564.0
E07000013,Chester,2006-07,275.0
E07000014,Congleton,2006-07,257.0
E07000015,Crewe and Nantwich,2006-07,964.0
E07000016,Ellesmere Port & Neston,2006-07,162.0
E07000017,Macclesfield,2006-07,410.0
E07000018,Vale Royal,2006-07,496.0
E10000005,Cornwall and Isles of Scilly,2006-07,2852.0
E07000019,Caradon,2006-07,301.0
E07000020,Carrick,2006-07,573.0
E07000025,Isles of Scilly,2006-07,16.0
E07000021,Kerrier,2006-07,430.0
E07000022,North Cornwall,2006-07,560.0
E07000023,Penwith,2006-07,338.0
E07000024,Restormel,2006-07,634.0
E10000006,Cumbria,2006-07,1459.0
E07000026,Allerdale,2006-07,191.0
E07000027,Barrow-in-Furness,2006-07,93.0
E07000028,Carlisle,2006-07,522.0
E07000029,Copeland,2006-07,112.0
E07000030,Eden,2006-07,162.0
E07000031,South Lakeland,2006-07,379.0
E10000007,Derbyshire,2006-07,3549.0
E07000032,Amber Valley,2006-07,577.0
E07000033,Bolsover,2006-07,259.0
E07000034,Chesterfield,2006-07,399.0
E07000035,Derbyshire Dales,2006-07,310.0
E07000036,Erewash,2006-07,377.0
E07000037,High Peak,2006-07,550.0
E07000038,North East Derbyshire,2006-07,507.0
E07000039,South Derbyshire,2006-07,570.0
E10000008,Devon,2006-07,3402.0
E07000040,East Devon,2006-07,427.0
E07000041,Exeter,2006-07,684.0
E07000042,Mid Devon,2006-07,466.0
E07000043,North Devon,2006-07,520.0
E07000044,South Hams,2006-07,197.0
E07000045,Teignbridge,2006-07,437.0
E07000046,Torridge,2006-07,406.0
E07000047,West Devon,2006-07,264.0
E10000009,Dorset,2006-07,1500.0
E07000048,Christchurch,2006-07,136.0
E07000049,East Dorset,2006-07,130.0
E07000050,North Dorset,2006-07,298.0
E07000051,Purbeck,2006-07,206.0
E07000052,West Dorset,2006-07,568.0
E07000053,Weymouth and Portland,2006-07,161.0
E10000010,Durham,2006-07,2314.0
E07000054,Chester-le-Street,2006-07,121.0
E07000055,Derwentside,2006-07,116.0
E07000056,Durham,2006-07,507.0
E07000057,Easington,2006-07,702.0
E07000058,Sedgefield,2006-07,246.0
E07000059,Teesdale,2006-07,70.0
E07000060,Wear Valley,2006-07,552.0
E10000011,East Sussex,2006-07,1955.0
E07000061,Eastbourne,2006-07,466.0
E07000062,Hastings,2006-07,296.0
E07000063,Lewes,2006-07,365.0
E07000064,Rother,2006-07,443.0
E07000065,Wealden,2006-07,385.0
E10000012,Essex,2006-07,4953.0
E07000066,Basildon,2006-07,226.0
E07000067,Braintree,2006-07,800.0
E07000068,Brentwood,2006-07,231.0
E07000069,Castle Point,2006-07,118.0
E07000070,Chelmsford,2006-07,464.0
E07000071,Colchester,2006-07,1216.0
E07000072,Epping Forest,2006-07,296.0
E07000073,Harlow,2006-07,195.0
E07000074,Maldon,2006-07,208.0
E07000075,Rochford,2006-07,459.0
E07000076,Tendring,2006-07,368.0
E07000077,Uttlesford,2006-07,372.0
E10000013,Gloucestershire,2006-07,3000.0
E07000078,Cheltenham,2006-07,791.0
E07000079,Cotswold,2006-07,326.0
E07000080,Forest of Dean,2006-07,239.0
E07000081,Gloucester,2006-07,877.0
E07000082,Stroud,2006-07,296.0
E07000083,Tewkesbury,2006-07,471.0
E10000014,Hampshire,2006-07,5572.0
E07000084,Basingstoke and Deane,2006-07,606.0
E07000085,East Hampshire,2006-07,317.0
E07000086,Eastleigh,2006-07,822.0
E07000087,Fareham,2006-07,598.0
E07000088,Gosport,2006-07,748.0
E07000089,Hart,2006-07,398.0
E07000090,Havant,2006-07,270.0
E07000091,New Forest,2006-07,417.0
E07000092,Rushmoor,2006-07,586.0
E07000093,Test Valley,2006-07,320.0
E07000094,Winchester,2006-07,490.0
E10000015,Hertfordshire,2006-07,4556.0
E07000095,Broxbourne,2006-07,265.0
E07000096,Dacorum,2006-07,516.0
E07000242,East Hertfordshire,2006-07,811.0
E07000098,Hertsmere,2006-07,266.0
E07000099,North Hertfordshire,2006-07,586.0
E07000240,St Albans,2006-07,436.0
E07000243,Stevenage,2006-07,361.0
E07000102,Three Rivers,2006-07,338.0
E07000103,Watford,2006-07,325.0
E07000241,Welwyn Hatfield,2006-07,654.0
E10000016,Kent,2006-07,6845.0
E07000105,Ashford,2006-07,415.0
E07000106,Canterbury,2006-07,571.0
E07000107,Dartford,2006-07,691.0
E07000108,Dover,2006-07,568.0
E07000109,Gravesham,2006-07,305.0
E07000110,Maidstone,2006-07,773.0
E07000111,Sevenoaks,2006-07,179.0
E07000112,Folkestone and Hythe,2006-07,171.0
E07000113,Swale,2006-07,887.0
E07000114,Thanet,2006-07,769.0
E07000115,Tonbridge and Malling,2006-07,825.0
E07000116,Tunbridge Wells,2006-07,692.0
E10000017,Lancashire,2006-07,2667.0
E07000117,Burnley,2006-07,77.0
E07000118,Chorley,2006-07,141.0
E07000119,Fylde,2006-07,263.0
E07000120,Hyndburn,2006-07,42.0
E07000121,Lancaster,2006-07,102.0
E07000122,Pendle,2006-07,197.0
E07000123,Preston,2006-07,739.0
E07000124,Ribble Valley,2006-07,36.0
E07000125,Rossendale,2006-07,189.0
E07000126,South Ribble,2006-07,286.0
E07000127,West Lancashire,2006-07,305.0
E07000128,Wyre,2006-07,290.0
E10000018,Leicestershire,2006-07,2902.0
E07000129,Blaby,2006-07,304.0
E07000130,Charnwood,2006-07,980.0
E07000131,Harborough,2006-07,508.0
E07000132,Hinckley and Bosworth,2006-07,464.0
E07000133,Melton,2006-07,209.0
E07000134,North West Leicestershire,2006-07,366.0
E07000135,Oadby and Wigston,2006-07,71.0
E10000019,Lincolnshire,2006-07,4762.0
E07000136,Boston,2006-07,342.0
E07000137,East Lindsey,2006-07,803.0
E07000138,Lincoln,2006-07,603.0
E07000139,North Kesteven,2006-07,921.0
E07000140,South Holland,2006-07,381.0
E07000141,South Kesteven,2006-07,914.0
E07000142,West Lindsey,2006-07,798.0
E10000020,Norfolk,2006-07,4204.0
E07000143,Breckland,2006-07,345.0
E07000144,Broadland,2006-07,360.0
E07000145,Great Yarmouth,2006-07,371.0
E07000146,King's Lynn and West Norfolk,2006-07,1075.0
E07000147,North Norfolk,2006-07,484.0
E07000148,Norwich,2006-07,963.0
E07000149,South Norfolk,2006-07,606.0
E10000021,Northamptonshire,2006-07,4614.0
E07000150,Corby,2006-07,691.0
E07000151,Daventry,2006-07,255.0
E07000152,East Northamptonshire,2006-07,498.0
E07000153,Kettering,2006-07,801.0
E07000154,Northampton,2006-07,1775.0
E07000155,South Northamptonshire,2006-07,229.0
E07000156,Wellingborough,2006-07,365.0
E10000022,Northumberland,2006-07,1420.0
E07000157,Alnwick,2006-07,195.0
E07000158,Berwick-upon-Tweed,2006-07,76.0
E07000159,Blyth Valley,2006-07,246.0
E07000160,Castle Morpeth,2006-07,238.0
E07000161,Tynedale,2006-07,306.0
E07000162,Wansbeck,2006-07,359.0
E10000023,North Yorkshire,2006-07,3154.0
E07000163,Craven,2006-07,261.0
E07000164,Hambleton,2006-07,430.0
E07000165,Harrogate,2006-07,410.0
E07000166,Richmondshire,2006-07,260.0
E07000167,Ryedale,2006-07,201.0
E07000168,Scarborough,2006-07,723.0
E07000169,Selby,2006-07,869.0
E10000024,Nottinghamshire,2006-07,3070.0
E07000170,Ashfield,2006-07,647.0
E07000171,Bassetlaw,2006-07,387.0
E07000172,Broxtowe,2006-07,324.0
E07000173,Gedling,2006-07,254.0
E07000174,Mansfield,2006-07,509.0
E07000175,Newark and Sherwood,2006-07,544.0
E07000176,Rushcliffe,2006-07,405.0
E10000025,Oxfordshire,2006-07,2960.0
E07000177,Cherwell,2006-07,713.0
E07000178,Oxford,2006-07,715.0
E07000179,South Oxfordshire,2006-07,217.0
E07000180,Vale of White Horse,2006-07,542.0
E07000181,West Oxfordshire,2006-07,773.0
E10000026,Shropshire,2006-07,1484.0
E07000182,Bridgnorth,2006-07,215.0
E07000183,North Shropshire,2006-07,335.0
E07000184,Oswestry,2006-07,291.0
E07000185,Shrewsbury and Atcham,2006-07,334.0
E07000186,South Shropshire,2006-07,309.0
E10000027,Somerset,2006-07,2192.0
E07000187,Mendip,2006-07,504.0
E07000188,Sedgemoor,2006-07,516.0
E07000189,South Somerset,2006-07,702.0
E07000190,Taunton Deane,2006-07,321.0
E07000191,West Somerset,2006-07,148.0
E07000246,Somerset West and Taunton,2006-07,
E10000028,Staffordshire,2006-07,3055.0
E07000192,Cannock Chase,2006-07,607.0
E07000193,East Staffordshire,2006-07,385.0
E07000194,Lichfield,2006-07,337.0
E07000195,Newcastle-under-Lyme,2006-07,219.0
E07000196,South Staffordshire,2006-07,175.0
E07000197,Stafford,2006-07,454.0
E07000198,Staffordshire Moorlands,2006-07,320.0
E07000199,Tamworth,2006-07,558.0
E10000029,Suffolk,2006-07,4511.0
E07000200,Babergh,2006-07,315.0
E07000201,Forest Heath,2006-07,324.0
E07000202,Ipswich,2006-07,1039.0
E07000203,Mid Suffolk,2006-07,882.0
E07000204,St Edmundsbury,2006-07,633.0
E07000205,Suffolk Coastal,2006-07,1162.0
E07000206,Waveney,2006-07,156.0
E07000244,East Suffolk,2006-07,
E07000245,West Suffolk,2006-07,
E10000030,Surrey,2006-07,3950.0
E07000207,Elmbridge,2006-07,364.0
E07000208,Epsom and Ewell,2006-07,345.0
E07000209,Guildford,2006-07,306.0
E07000210,Mole Valley,2006-07,608.0
E07000211,Reigate and Banstead,2006-07,524.0
E07000212,Runnymede,2006-07,125.0
E07000213,Spelthorne,2006-07,124.0
E07000214,Surrey Heath,2006-07,340.0
E07000215,Tandridge,2006-07,416.0
E07000216,Waverley,2006-07,455.0
E07000217,Woking,2006-07,341.0
E10000031,Warwickshire,2006-07,3145.0
E07000218,North Warwickshire,2006-07,173.0
E07000219,Nuneaton and Bedworth,2006-07,359.0
E07000220,Rugby,2006-07,1475.0
E07000221,Stratford-on-Avon,2006-07,565.0
E07000222,Warwick,2006-07,573.0
E10000032,West Sussex,2006-07,2737.0
E07000223,Adur,2006-07,236.0
E07000224,Arun,2006-07,296.0
E07000225,Chichester,2006-07,430.0
E07000226,Crawley,2006-07,444.0
E07000227,Horsham,2006-07,523.0
E07000228,Mid Sussex,2006-07,484.0
E07000229,Worthing,2006-07,324.0
E10000033,Wiltshire,2006-07,1781.0
E07000230,Kennet,2006-07,283.0
E07000231,North Wiltshire,2006-07,769.0
E07000232,Salisbury,2006-07,295.0
E07000233,West Wiltshire,2006-07,433.0
E10000034,Worcestershire,2006-07,2330.0
E07000234,Bromsgrove,2006-07,293.0
E07000235,Malvern Hills,2006-07,299.0
E07000236,Redditch,2006-07,482.0
E07000237,Worcester,2006-07,522.0
E07000238,Wychavon,2006-07,349.0
E07000239,Wyre Forest,2006-07,384.0
E92000001,England,2007-08,223534.0
,Unitary Authorities,2007-08,37529.0
E06000022,Bath and North East Somerset UA,2007-08,497.0
E06000055,Bedford UA,2007-08,
E06000008,Blackburn with Darwen UA,2007-08,619.0
E06000009,Blackpool UA,2007-08,357.0
E06000028,Bournemouth UA,2007-08,1474.0
E06000058,"Bournemouth, Christchurch and Poole UA",2007-08,
E06000036,Bracknell Forest UA,2007-08,420.0
E06000043,Brighton and Hove UA,2007-08,606.0
E06000023,"Bristol, City of UA",2007-08,2716.0
E06000060,Buckinghamshire UA,2007-08,
E06000056,Central Bedfordshire UA,2007-08,
E06000049,Cheshire East UA,2007-08,
E06000050,Cheshire West and Chester UA,2007-08,
E06000052,Cornwall UA,2007-08,
E06000047,County Durham UA,2007-08,
E06000063,Cumberland UA,2007-08,
E06000005,Darlington UA,2007-08,617.0
E06000015,Derby UA,2007-08,1231.0
E06000059,Dorset UA,2007-08,
E06000011,East Riding of Yorkshire UA,2007-08,1622.0
E06000006,Halton UA,2007-08,432.0
E06000001,Hartlepool UA,2007-08,-151.0
E06000019,"Herefordshire, County of UA",2007-08,730.0
E06000046,Isle of Wight UA,2007-08,576.0
E06000053,Isles of Scilly UA,2007-08,
E06000010,"Kingston upon Hull, City of UA",2007-08,871.0
E06000016,Leicester UA,2007-08,1083.0
E06000032,Luton UA,2007-08,468.0
E06000035,Medway UA,2007-08,844.0
E06000002,Middlesbrough UA,2007-08,275.0
E06000042,Milton Keynes UA,2007-08,2337.0
E06000012,North East Lincolnshire UA,2007-08,625.0
E06000013,North Lincolnshire UA,2007-08,602.0
E06000061,North Northamptonshire UA,2007-08,
E06000024,North Somerset UA,2007-08,1223.0
E06000065,North Yorkshire UA,2007-08,
E06000057,Northumberland UA,2007-08,
E06000018,Nottingham UA,2007-08,1346.0
E06000031,Peterborough UA,2007-08,959.0
E06000026,Plymouth UA,2007-08,773.0
E06000029,Poole UA,2007-08,590.0
E06000044,Portsmouth UA,2007-08,731.0
E06000038,Reading UA,2007-08,746.0
E06000003,Redcar and Cleveland UA,2007-08,192.0
E06000017,Rutland UA,2007-08,116.0
E06000051,Shropshire UA,2007-08,
E06000039,Slough UA,2007-08,1034.0
E06000066,Somerset UA,2007-08,
E06000025,South Gloucestershire UA,2007-08,1107.0
E06000045,Southampton UA,2007-08,749.0
E06000033,Southend-on-Sea UA,2007-08,373.0
E06000004,Stockton-on-Tees UA,2007-08,1236.0
E06000021,Stoke-on-Trent UA,2007-08,511.0
E06000030,Swindon UA,2007-08,2006.0
E06000020,Telford and Wrekin UA,2007-08,232.0
E06000034,Thurrock UA,2007-08,75.0
E06000027,Torbay UA,2007-08,623.0
E06000007,Warrington UA,2007-08,1790.0
E06000037,West Berkshire UA,2007-08,664.0
E06000062,West Northamptonshire UA,2007-08,
E06000064,Westmorland and Furness UA,2007-08,
E06000054,Wiltshire UA,2007-08,
E06000040,Windsor and Maidenhead UA,2007-08,546.0
E06000041,Wokingham UA,2007-08,455.0
E06000014,York UA,2007-08,602.0
,London Boroughs,2007-08,31557.0
E09000002,Barking and Dagenham,2007-08,716.0
E09000003,Barnet,2007-08,1252.0
E09000004,Bexley,2007-08,333.0
E09000005,Brent,2007-08,1067.0
E09000006,Bromley,2007-08,773.0
E09000007,Camden,2007-08,519.0
E09000001,City of London,2007-08,46.0
E09000008,Croydon,2007-08,1183.0
E09000009,Ealing,2007-08,1420.0
E09000010,Enfield,2007-08,1279.0
E09000011,Greenwich,2007-08,326.0
E09000012,Hackney,2007-08,1911.0
E09000013,Hammersmith and Fulham,2007-08,541.0
E09000014,Haringey,2007-08,1133.0
E09000015,Harrow,2007-08,463.0
E09000016,Havering,2007-08,419.0
E09000017,Hillingdon,2007-08,494.0
E09000018,Hounslow,2007-08,1992.0
E09000019,Islington,2007-08,1728.0
E09000020,Kensington and Chelsea,2007-08,-53.0
E09000021,Kingston upon Thames,2007-08,266.0
E09000022,Lambeth,2007-08,1423.0
E09000023,Lewisham,2007-08,1084.0
E09000024,Merton,2007-08,149.0
E09000025,Newham,2007-08,920.0
E09000026,Redbridge,2007-08,626.0
E09000027,Richmond upon Thames,2007-08,353.0
E09000028,Southwark,2007-08,2147.0
E09000029,Sutton,2007-08,482.0
E09000030,Tower Hamlets,2007-08,2637.0
E09000031,Waltham Forest,2007-08,978.0
E09000032,Wandsworth,2007-08,1281.0
E09000033,Westminster,2007-08,1670.0
,Metropolitan Districts,2007-08,44744.0
E11000001,Greater Manchester (Met County),2007-08,14846.0
E08000001,Bolton,2007-08,1305.0
E08000002,Bury,2007-08,414.0
E08000003,Manchester,2007-08,5472.0
E08000004,Oldham,2007-08,325.0
E08000005,Rochdale,2007-08,511.0
E08000006,Salford,2007-08,2724.0
E08000007,Stockport,2007-08,482.0
E08000008,Tameside,2007-08,869.0
E08000009,Trafford,2007-08,813.0
E08000010,Wigan,2007-08,1930.0
E11000002,Merseyside (Met County),2007-08,4159.0
E08000011,Knowsley,2007-08,38.0
E08000012,Liverpool,2007-08,2152.0
E08000014,Sefton,2007-08,569.0
E08000013,St. Helens,2007-08,348.0
E08000015,Wirral,2007-08,1052.0
E11000003,South Yorkshire (Met County),2007-08,5655.0
E08000016,Barnsley,2007-08,1171.0
E08000017,Doncaster,2007-08,1414.0
E08000018,Rotherham,2007-08,596.0
E08000019,Sheffield,2007-08,2474.0
E11000007,Tyne and Wear (Met County),2007-08,2545.0
E08000037,Gateshead,2007-08,593.0
E08000021,Newcastle upon Tyne,2007-08,621.0
E08000022,North Tyneside,2007-08,823.0
E08000023,South Tyneside,2007-08,287.0
E08000024,Sunderland,2007-08,221.0
E11000005,West Midlands (Met County),2007-08,7395.0
E08000025,Birmingham,2007-08,3166.0
E08000026,Coventry,2007-08,1133.0
E08000027,Dudley,2007-08,678.0
E08000028,Sandwell,2007-08,1332.0
E08000029,Solihull,2007-08,514.0
E08000030,Walsall,2007-08,-11.0
E08000031,Wolverhampton,2007-08,584.0
E11000006,West Yorkshire (Met County),2007-08,10144.0
E08000032,Bradford,2007-08,1397.0
E08000033,Calderdale,2007-08,1311.0
E08000034,Kirklees,2007-08,2681.0
E08000035,Leeds,2007-08,3070.0
E08000036,Wakefield,2007-08,1685.0
,Shire Districts,2007-08,109704.0
E10000001,Bedfordshire,2007-08,2095.0
E07000002,Bedford,2007-08,672.0
E07000001,Mid Bedfordshire,2007-08,749.0
E07000003,South Bedfordshire,2007-08,674.0
E10000002,Buckinghamshire,2007-08,1981.0
E07000004,Aylesbury Vale,2007-08,668.0
E07000005,Chiltern,2007-08,226.0
E07000006,South Bucks,2007-08,415.0
E07000007,Wycombe,2007-08,672.0
E10000003,Cambridgeshire,2007-08,4218.0
E07000008,Cambridge,2007-08,538.0
E07000009,East Cambridgeshire,2007-08,700.0
E07000010,Fenland,2007-08,923.0
E07000011,Huntingdonshire,2007-08,715.0
E07000012,South Cambridgeshire,2007-08,1341.0
E10000004,Cheshire,2007-08,2509.0
E07000013,Chester,2007-08,235.0
E07000014,Congleton,2007-08,283.0
E07000015,Crewe and Nantwich,2007-08,916.0
E07000016,Ellesmere Port & Neston,2007-08,247.0
E07000017,Macclesfield,2007-08,519.0
E07000018,Vale Royal,2007-08,309.0
E10000005,Cornwall and Isles of Scilly,2007-08,3482.0
E07000019,Caradon,2007-08,508.0
E07000020,Carrick,2007-08,594.0
E07000025,Isles of Scilly,2007-08,30.0
E07000021,Kerrier,2007-08,515.0
E07000022,North Cornwall,2007-08,588.0
E07000023,Penwith,2007-08,491.0
E07000024,Restormel,2007-08,757.0
E10000006,Cumbria,2007-08,1317.0
E07000026,Allerdale,2007-08,279.0
E07000027,Barrow-in-Furness,2007-08,65.0
E07000028,Carlisle,2007-08,450.0
E07000029,Copeland,2007-08,78.0
E07000030,Eden,2007-08,148.0
E07000031,South Lakeland,2007-08,297.0
E10000007,Derbyshire,2007-08,3714.0
E07000032,Amber Valley,2007-08,592.0
E07000033,Bolsover,2007-08,271.0
E07000034,Chesterfield,2007-08,448.0
E07000035,Derbyshire Dales,2007-08,365.0
E07000036,Erewash,2007-08,497.0
E07000037,High Peak,2007-08,308.0
E07000038,North East Derbyshire,2007-08,305.0
E07000039,South Derbyshire,2007-08,928.0
E10000008,Devon,2007-08,3081.0
E07000040,East Devon,2007-08,307.0
E07000041,Exeter,2007-08,305.0
E07000042,Mid Devon,2007-08,464.0
E07000043,North Devon,2007-08,456.0
E07000044,South Hams,2007-08,166.0
E07000045,Teignbridge,2007-08,342.0
E07000046,Torridge,2007-08,450.0
E07000047,West Devon,2007-08,591.0
E10000009,Dorset,2007-08,1463.0
E07000048,Christchurch,2007-08,197.0
E07000049,East Dorset,2007-08,168.0
E07000050,North Dorset,2007-08,223.0
E07000051,Purbeck,2007-08,227.0
E07000052,West Dorset,2007-08,396.0
E07000053,Weymouth and Portland,2007-08,252.0
E10000010,Durham,2007-08,2868.0
E07000054,Chester-le-Street,2007-08,168.0
E07000055,Derwentside,2007-08,642.0
E07000056,Durham,2007-08,495.0
E07000057,Easington,2007-08,526.0
E07000058,Sedgefield,2007-08,249.0
E07000059,Teesdale,2007-08,48.0
E07000060,Wear Valley,2007-08,740.0
E10000011,East Sussex,2007-08,2242.0
E07000061,Eastbourne,2007-08,357.0
E07000062,Hastings,2007-08,376.0
E07000063,Lewes,2007-08,484.0
E07000064,Rother,2007-08,455.0
E07000065,Wealden,2007-08,570.0
E10000012,Essex,2007-08,5033.0
E07000066,Basildon,2007-08,358.0
E07000067,Braintree,2007-08,770.0
E07000068,Brentwood,2007-08,257.0
E07000069,Castle Point,2007-08,115.0
E07000070,Chelmsford,2007-08,701.0
E07000071,Colchester,2007-08,1210.0
E07000072,Epping Forest,2007-08,145.0
E07000073,Harlow,2007-08,181.0
E07000074,Maldon,2007-08,225.0
E07000075,Rochford,2007-08,180.0
E07000076,Tendring,2007-08,307.0
E07000077,Uttlesford,2007-08,585.0
E10000013,Gloucestershire,2007-08,3310.0
E07000078,Cheltenham,2007-08,414.0
E07000079,Cotswold,2007-08,219.0
E07000080,Forest of Dean,2007-08,439.0
E07000081,Gloucester,2007-08,968.0
E07000082,Stroud,2007-08,534.0
E07000083,Tewkesbury,2007-08,736.0
E10000014,Hampshire,2007-08,5469.0
E07000084,Basingstoke and Deane,2007-08,1296.0
E07000085,East Hampshire,2007-08,583.0
E07000086,Eastleigh,2007-08,497.0
E07000087,Fareham,2007-08,565.0
E07000088,Gosport,2007-08,338.0
E07000089,Hart,2007-08,231.0
E07000090,Havant,2007-08,424.0
E07000091,New Forest,2007-08,553.0
E07000092,Rushmoor,2007-08,56.0
E07000093,Test Valley,2007-08,369.0
E07000094,Winchester,2007-08,556.0
E10000015,Hertfordshire,2007-08,4490.0
E07000095,Broxbourne,2007-08,286.0
E07000096,Dacorum,2007-08,494.0
E07000242,East Hertfordshire,2007-08,591.0
E07000098,Hertsmere,2007-08,346.0
E07000099,North Hertfordshire,2007-08,685.0
E07000240,St Albans,2007-08,352.0
E07000243,Stevenage,2007-08,394.0
E07000102,Three Rivers,2007-08,257.0
E07000103,Watford,2007-08,370.0
E07000241,Welwyn Hatfield,2007-08,716.0
E10000016,Kent,2007-08,8113.0
E07000105,Ashford,2007-08,622.0
E07000106,Canterbury,2007-08,1215.0
E07000107,Dartford,2007-08,635.0
E07000108,Dover,2007-08,583.0
E07000109,Gravesham,2007-08,235.0
E07000110,Maidstone,2007-08,1051.0
E07000111,Sevenoaks,2007-08,295.0
E07000112,Folkestone and Hythe,2007-08,427.0
E07000113,Swale,2007-08,819.0
E07000114,Thanet,2007-08,724.0
E07000115,Tonbridge and Malling,2007-08,814.0
E07000116,Tunbridge Wells,2007-08,694.0
E10000017,Lancashire,2007-08,3286.0
E07000117,Burnley,2007-08,148.0
E07000118,Chorley,2007-08,346.0
E07000119,Fylde,2007-08,482.0
E07000120,Hyndburn,2007-08,78.0
E07000121,Lancaster,2007-08,254.0
E07000122,Pendle,2007-08,134.0
E07000123,Preston,2007-08,645.0
E07000124,Ribble Valley,2007-08,13.0
E07000125,Rossendale,2007-08,263.0
E07000126,South Ribble,2007-08,332.0
E07000127,West Lancashire,2007-08,221.0
E07000128,Wyre,2007-08,369.0
E10000018,Leicestershire,2007-08,3026.0
E07000129,Blaby,2007-08,415.0
E07000130,Charnwood,2007-08,937.0
E07000131,Harborough,2007-08,644.0
E07000132,Hinckley and Bosworth,2007-08,424.0
E07000133,Melton,2007-08,255.0
E07000134,North West Leicestershire,2007-08,397.0
E07000135,Oadby and Wigston,2007-08,-46.0
E10000019,Lincolnshire,2007-08,4525.0
E07000136,Boston,2007-08,580.0
E07000137,East Lindsey,2007-08,609.0
E07000138,Lincoln,2007-08,572.0
E07000139,North Kesteven,2007-08,713.0
E07000140,South Holland,2007-08,590.0
E07000141,South Kesteven,2007-08,841.0
E07000142,West Lindsey,2007-08,621.0
E10000020,Norfolk,2007-08,5646.0
E07000143,Breckland,2007-08,450.0
E07000144,Broadland,2007-08,335.0
E07000145,Great Yarmouth,2007-08,376.0
E07000146,King's Lynn and West Norfolk,2007-08,1538.0
E07000147,North Norfolk,2007-08,694.0
E07000148,Norwich,2007-08,1049.0
E07000149,South Norfolk,2007-08,1204.0
E10000021,Northamptonshire,2007-08,3703.0
E07000150,Corby,2007-08,446.0
E07000151,Daventry,2007-08,309.0
E07000152,East Northamptonshire,2007-08,576.0
E07000153,Kettering,2007-08,744.0
E07000154,Northampton,2007-08,960.0
E07000155,South Northamptonshire,2007-08,220.0
E07000156,Wellingborough,2007-08,448.0
E10000022,Northumberland,2007-08,1316.0
E07000157,Alnwick,2007-08,191.0
E07000158,Berwick-upon-Tweed,2007-08,147.0
E07000159,Blyth Valley,2007-08,236.0
E07000160,Castle Morpeth,2007-08,232.0
E07000161,Tynedale,2007-08,193.0
E07000162,Wansbeck,2007-08,317.0
E10000023,North Yorkshire,2007-08,2705.0
E07000163,Craven,2007-08,219.0
E07000164,Hambleton,2007-08,455.0
E07000165,Harrogate,2007-08,445.0
E07000166,Richmondshire,2007-08,293.0
E07000167,Ryedale,2007-08,284.0
E07000168,Scarborough,2007-08,407.0
E07000169,Selby,2007-08,602.0
E10000024,Nottinghamshire,2007-08,2870.0
E07000170,Ashfield,2007-08,570.0
E07000171,Bassetlaw,2007-08,452.0
E07000172,Broxtowe,2007-08,331.0
E07000173,Gedling,2007-08,405.0
E07000174,Mansfield,2007-08,272.0
E07000175,Newark and Sherwood,2007-08,398.0
E07000176,Rushcliffe,2007-08,442.0
E10000025,Oxfordshire,2007-08,2571.0
E07000177,Cherwell,2007-08,305.0
E07000178,Oxford,2007-08,423.0
E07000179,South Oxfordshire,2007-08,540.0
E07000180,Vale of White Horse,2007-08,464.0
E07000181,West Oxfordshire,2007-08,839.0
E10000026,Shropshire,2007-08,1325.0
E07000182,Bridgnorth,2007-08,246.0
E07000183,North Shropshire,2007-08,337.0
E07000184,Oswestry,2007-08,219.0
E07000185,Shrewsbury and Atcham,2007-08,336.0
E07000186,South Shropshire,2007-08,187.0
E10000027,Somerset,2007-08,2474.0
E07000187,Mendip,2007-08,560.0
E07000188,Sedgemoor,2007-08,626.0
E07000189,South Somerset,2007-08,712.0
E07000190,Taunton Deane,2007-08,502.0
E07000191,West Somerset,2007-08,72.0
E07000246,Somerset West and Taunton,2007-08,
E10000028,Staffordshire,2007-08,3366.0
E07000192,Cannock Chase,2007-08,297.0
E07000193,East Staffordshire,2007-08,648.0
E07000194,Lichfield,2007-08,578.0
E07000195,Newcastle-under-Lyme,2007-08,153.0
E07000196,South Staffordshire,2007-08,371.0
E07000197,Stafford,2007-08,702.0
E07000198,Staffordshire Moorlands,2007-08,321.0
E07000199,Tamworth,2007-08,296.0
E10000029,Suffolk,2007-08,4594.0
E07000200,Babergh,2007-08,296.0
E07000201,Forest Heath,2007-08,607.0
E07000202,Ipswich,2007-08,1467.0
E07000203,Mid Suffolk,2007-08,587.0
E07000204,St Edmundsbury,2007-08,643.0
E07000205,Suffolk Coastal,2007-08,706.0
E07000206,Waveney,2007-08,288.0
E07000244,East Suffolk,2007-08,
E07000245,West Suffolk,2007-08,
E10000030,Surrey,2007-08,3241.0
E07000207,Elmbridge,2007-08,260.0
E07000208,Epsom and Ewell,2007-08,318.0
E07000209,Guildford,2007-08,604.0
E07000210,Mole Valley,2007-08,296.0
E07000211,Reigate and Banstead,2007-08,519.0
E07000212,Runnymede,2007-08,173.0
E07000213,Spelthorne,2007-08,128.0
E07000214,Surrey Heath,2007-08,107.0
E07000215,Tandridge,2007-08,268.0
E07000216,Waverley,2007-08,331.0
E07000217,Woking,2007-08,235.0
E10000031,Warwickshire,2007-08,2335.0
E07000218,North Warwickshire,2007-08,145.0
E07000219,Nuneaton and Bedworth,2007-08,334.0
E07000220,Rugby,2007-08,682.0
E07000221,Stratford-on-Avon,2007-08,501.0
E07000222,Warwick,2007-08,673.0
E10000032,West Sussex,2007-08,3213.0
E07000223,Adur,2007-08,166.0
E07000224,Arun,2007-08,569.0
E07000225,Chichester,2007-08,505.0
E07000226,Crawley,2007-08,655.0
E07000227,Horsham,2007-08,351.0
E07000228,Mid Sussex,2007-08,649.0
E07000229,Worthing,2007-08,318.0
E10000033,Wiltshire,2007-08,2386.0
E07000230,Kennet,2007-08,549.0
E07000231,North Wiltshire,2007-08,760.0
E07000232,Salisbury,2007-08,384.0
E07000233,West Wiltshire,2007-08,692.0
E10000034,Worcestershire,2007-08,1739.0
E07000234,Bromsgrove,2007-08,152.0
E07000235,Malvern Hills,2007-08,321.0
E07000236,Redditch,2007-08,245.0
E07000237,Worcester,2007-08,432.0
E07000238,Wychavon,2007-08,309.0
E07000239,Wyre Forest,2007-08,280.0
E92000001,England,2008-09,182767.0
,Unitary Authorities,2008-09,30152.0
E06000022,Bath and North East Somerset UA,2008-09,378.0
E06000055,Bedford UA,2008-09,
E06000008,Blackburn with Darwen UA,2008-09,82.0
E06000009,Blackpool UA,2008-09,311.0
E06000028,Bournemouth UA,2008-09,1173.0
E06000058,"Bournemouth, Christchurch and Poole UA",2008-09,
E06000036,Bracknell Forest UA,2008-09,386.0
E06000043,Brighton and Hove UA,2008-09,760.0
E06000023,"Bristol, City of UA",2008-09,2879.0
E06000060,Buckinghamshire UA,2008-09,
E06000056,Central Bedfordshire UA,2008-09,
E06000049,Cheshire East UA,2008-09,
E06000050,Cheshire West and Chester UA,2008-09,
E06000052,Cornwall UA,2008-09,
E06000047,County Durham UA,2008-09,
E06000063,Cumberland UA,2008-09,
E06000005,Darlington UA,2008-09,319.0
E06000015,Derby UA,2008-09,603.0
E06000059,Dorset UA,2008-09,
E06000011,East Riding of Yorkshire UA,2008-09,544.0
E06000006,Halton UA,2008-09,511.0
E06000001,Hartlepool UA,2008-09,487.0
E06000019,"Herefordshire, County of UA",2008-09,571.0
E06000046,Isle of Wight UA,2008-09,605.0
E06000053,Isles of Scilly UA,2008-09,
E06000010,"Kingston upon Hull, City of UA",2008-09,586.0
E06000016,Leicester UA,2008-09,1349.0
E06000032,Luton UA,2008-09,412.0
E06000035,Medway UA,2008-09,997.0
E06000002,Middlesbrough UA,2008-09,-46.0
E06000042,Milton Keynes UA,2008-09,1877.0
E06000012,North East Lincolnshire UA,2008-09,138.0
E06000013,North Lincolnshire UA,2008-09,530.0
E06000061,North Northamptonshire UA,2008-09,
E06000024,North Somerset UA,2008-09,684.0
E06000065,North Yorkshire UA,2008-09,
E06000057,Northumberland UA,2008-09,
E06000018,Nottingham UA,2008-09,892.0
E06000031,Peterborough UA,2008-09,1015.0
E06000026,Plymouth UA,2008-09,893.0
E06000029,Poole UA,2008-09,824.0
E06000044,Portsmouth UA,2008-09,1328.0
E06000038,Reading UA,2008-09,691.0
E06000003,Redcar and Cleveland UA,2008-09,288.0
E06000017,Rutland UA,2008-09,147.0
E06000051,Shropshire UA,2008-09,
E06000039,Slough UA,2008-09,743.0
E06000066,Somerset UA,2008-09,
E06000025,South Gloucestershire UA,2008-09,1020.0
E06000045,Southampton UA,2008-09,883.0
E06000033,Southend-on-Sea UA,2008-09,454.0
E06000004,Stockton-on-Tees UA,2008-09,591.0
E06000021,Stoke-on-Trent UA,2008-09,101.0
E06000030,Swindon UA,2008-09,1032.0
E06000020,Telford and Wrekin UA,2008-09,324.0
E06000034,Thurrock UA,2008-09,43.0
E06000027,Torbay UA,2008-09,345.0
E06000007,Warrington UA,2008-09,606.0
E06000037,West Berkshire UA,2008-09,509.0
E06000062,West Northamptonshire UA,2008-09,
E06000064,Westmorland and Furness UA,2008-09,
E06000054,Wiltshire UA,2008-09,
E06000040,Windsor and Maidenhead UA,2008-09,568.0
E06000041,Wokingham UA,2008-09,335.0
E06000014,York UA,2008-09,385.0
,London Boroughs,2008-09,32290.0
E09000002,Barking and Dagenham,2008-09,288.0
E09000003,Barnet,2008-09,1089.0
E09000004,Bexley,2008-09,293.0
E09000005,Brent,2008-09,1207.0
E09000006,Bromley,2008-09,560.0
E09000007,Camden,2008-09,1040.0
E09000001,City of London,2008-09,46.0
E09000008,Croydon,2008-09,1256.0
E09000009,Ealing,2008-09,850.0
E09000010,Enfield,2008-09,677.0
E09000011,Greenwich,2008-09,303.0
E09000012,Hackney,2008-09,2388.0
E09000013,Hammersmith and Fulham,2008-09,484.0
E09000014,Haringey,2008-09,1335.0
E09000015,Harrow,2008-09,860.0
E09000016,Havering,2008-09,737.0
E09000017,Hillingdon,2008-09,882.0
E09000018,Hounslow,2008-09,868.0
E09000019,Islington,2008-09,2329.0
E09000020,Kensington and Chelsea,2008-09,-24.0
E09000021,Kingston upon Thames,2008-09,160.0
E09000022,Lambeth,2008-09,1311.0
E09000023,Lewisham,2008-09,1206.0
E09000024,Merton,2008-09,366.0
E09000025,Newham,2008-09,1069.0
E09000026,Redbridge,2008-09,624.0
E09000027,Richmond upon Thames,2008-09,396.0
E09000028,Southwark,2008-09,1468.0
E09000029,Sutton,2008-09,328.0
E09000030,Tower Hamlets,2008-09,3461.0
E09000031,Waltham Forest,2008-09,966.0
E09000032,Wandsworth,2008-09,1834.0
E09000033,Westminster,2008-09,1634.0
,Metropolitan Districts,2008-09,32929.0
E11000001,Greater Manchester (Met County),2008-09,8138.0
E08000001,Bolton,2008-09,661.0
E08000002,Bury,2008-09,303.0
E08000003,Manchester,2008-09,2216.0
E08000004,Oldham,2008-09,323.0
E08000005,Rochdale,2008-09,471.0
E08000006,Salford,2008-09,1671.0
E08000007,Stockport,2008-09,180.0
E08000008,Tameside,2008-09,730.0
E08000009,Trafford,2008-09,345.0
E08000010,Wigan,2008-09,1238.0
E11000002,Merseyside (Met County),2008-09,4129.0
E08000011,Knowsley,2008-09,218.0
E08000012,Liverpool,2008-09,2944.0
E08000014,Sefton,2008-09,113.0
E08000013,St. Helens,2008-09,152.0
E08000015,Wirral,2008-09,702.0
E11000003,South Yorkshire (Met County),2008-09,4520.0
E08000016,Barnsley,2008-09,879.0
E08000017,Doncaster,2008-09,1709.0
E08000018,Rotherham,2008-09,685.0
E08000019,Sheffield,2008-09,1248.0
E11000007,Tyne and Wear (Met County),2008-09,1575.0
E08000037,Gateshead,2008-09,315.0
E08000021,Newcastle upon Tyne,2008-09,212.0
E08000022,North Tyneside,2008-09,530.0
E08000023,South Tyneside,2008-09,186.0
E08000024,Sunderland,2008-09,332.0
E11000005,West Midlands (Met County),2008-09,5945.0
E08000025,Birmingham,2008-09,2634.0
E08000026,Coventry,2008-09,710.0
E08000027,Dudley,2008-09,823.0
E08000028,Sandwell,2008-09,630.0
E08000029,Solihull,2008-09,448.0
E08000030,Walsall,2008-09,49.0
E08000031,Wolverhampton,2008-09,651.0
E11000006,West Yorkshire (Met County),2008-09,8622.0
E08000032,Bradford,2008-09,2199.0
E08000033,Calderdale,2008-09,491.0
E08000034,Kirklees,2008-09,1494.0
E08000035,Leeds,2008-09,3322.0
E08000036,Wakefield,2008-09,1116.0
,Shire Districts,2008-09,87395.0
E10000001,Bedfordshire,2008-09,1441.0
E07000002,Bedford,2008-09,448.0
E07000001,Mid Bedfordshire,2008-09,749.0
E07000003,South Bedfordshire,2008-09,245.0
E10000002,Buckinghamshire,2008-09,1648.0
E07000004,Aylesbury Vale,2008-09,590.0
E07000005,Chiltern,2008-09,141.0
E07000006,South Bucks,2008-09,231.0
E07000007,Wycombe,2008-09,686.0
E10000003,Cambridgeshire,2008-09,2776.0
E07000008,Cambridge,2008-09,604.0
E07000009,East Cambridgeshire,2008-09,422.0
E07000010,Fenland,2008-09,301.0
E07000011,Huntingdonshire,2008-09,782.0
E07000012,South Cambridgeshire,2008-09,666.0
E10000004,Cheshire,2008-09,1850.0
E07000013,Chester,2008-09,307.0
E07000014,Congleton,2008-09,200.0
E07000015,Crewe and Nantwich,2008-09,581.0
E07000016,Ellesmere Port & Neston,2008-09,251.0
E07000017,Macclesfield,2008-09,313.0
E07000018,Vale Royal,2008-09,198.0
E10000005,Cornwall and Isles of Scilly,2008-09,3050.0
E07000019,Caradon,2008-09,495.0
E07000020,Carrick,2008-09,243.0
E07000025,Isles of Scilly,2008-09,14.0
E07000021,Kerrier,2008-09,571.0
E07000022,North Cornwall,2008-09,275.0
E07000023,Penwith,2008-09,613.0
E07000024,Restormel,2008-09,839.0
E10000006,Cumbria,2008-09,1345.0
E07000026,Allerdale,2008-09,232.0
E07000027,Barrow-in-Furness,2008-09,67.0
E07000028,Carlisle,2008-09,591.0
E07000029,Copeland,2008-09,22.0
E07000030,Eden,2008-09,100.0
E07000031,South Lakeland,2008-09,334.0
E10000007,Derbyshire,2008-09,2308.0
E07000032,Amber Valley,2008-09,382.0
E07000033,Bolsover,2008-09,291.0
E07000034,Chesterfield,2008-09,84.0
E07000035,Derbyshire Dales,2008-09,293.0
E07000036,Erewash,2008-09,429.0
E07000037,High Peak,2008-09,122.0
E07000038,North East Derbyshire,2008-09,230.0
E07000039,South Derbyshire,2008-09,477.0
E10000008,Devon,2008-09,2799.0
E07000040,East Devon,2008-09,370.0
E07000041,Exeter,2008-09,203.0
E07000042,Mid Devon,2008-09,67.0
E07000043,North Devon,2008-09,374.0
E07000044,South Hams,2008-09,338.0
E07000045,Teignbridge,2008-09,362.0
E07000046,Torridge,2008-09,668.0
E07000047,West Devon,2008-09,416.0
E10000009,Dorset,2008-09,1468.0
E07000048,Christchurch,2008-09,108.0
E07000049,East Dorset,2008-09,101.0
E07000050,North Dorset,2008-09,232.0
E07000051,Purbeck,2008-09,211.0
E07000052,West Dorset,2008-09,434.0
E07000053,Weymouth and Portland,2008-09,381.0
E10000010,Durham,2008-09,1486.0
E07000054,Chester-le-Street,2008-09,127.0
E07000055,Derwentside,2008-09,464.0
E07000056,Durham,2008-09,137.0
E07000057,Easington,2008-09,281.0
E07000058,Sedgefield,2008-09,163.0
E07000059,Teesdale,2008-09,56.0
E07000060,Wear Valley,2008-09,258.0
E10000011,East Sussex,2008-09,1876.0
E07000061,Eastbourne,2008-09,464.0
E07000062,Hastings,2008-09,334.0
E07000063,Lewes,2008-09,325.0
E07000064,Rother,2008-09,248.0
E07000065,Wealden,2008-09,505.0
E10000012,Essex,2008-09,4458.0
E07000066,Basildon,2008-09,521.0
E07000067,Braintree,2008-09,484.0
E07000068,Brentwood,2008-09,276.0
E07000069,Castle Point,2008-09,124.0
E07000070,Chelmsford,2008-09,582.0
E07000071,Colchester,2008-09,1004.0
E07000072,Epping Forest,2008-09,159.0
E07000073,Harlow,2008-09,295.0
E07000074,Maldon,2008-09,226.0
E07000075,Rochford,2008-09,112.0
E07000076,Tendring,2008-09,191.0
E07000077,Uttlesford,2008-09,485.0
E10000013,Gloucestershire,2008-09,2365.0
E07000078,Cheltenham,2008-09,209.0
E07000079,Cotswold,2008-09,556.0
E07000080,Forest of Dean,2008-09,341.0
E07000081,Gloucester,2008-09,533.0
E07000082,Stroud,2008-09,539.0
E07000083,Tewkesbury,2008-09,187.0
E10000014,Hampshire,2008-09,4571.0
E07000084,Basingstoke and Deane,2008-09,1180.0
E07000085,East Hampshire,2008-09,617.0
E07000086,Eastleigh,2008-09,596.0
E07000087,Fareham,2008-09,337.0
E07000088,Gosport,2008-09,262.0
E07000089,Hart,2008-09,54.0
E07000090,Havant,2008-09,286.0
E07000091,New Forest,2008-09,647.0
E07000092,Rushmoor,2008-09,60.0
E07000093,Test Valley,2008-09,178.0
E07000094,Winchester,2008-09,353.0
E10000015,Hertfordshire,2008-09,3805.0
E07000095,Broxbourne,2008-09,184.0
E07000096,Dacorum,2008-09,516.0
E07000242,East Hertfordshire,2008-09,587.0
E07000098,Hertsmere,2008-09,224.0
E07000099,North Hertfordshire,2008-09,425.0
E07000240,St Albans,2008-09,457.0
E07000243,Stevenage,2008-09,376.0
E07000102,Three Rivers,2008-09,334.0
E07000103,Watford,2008-09,406.0
E07000241,Welwyn Hatfield,2008-09,296.0
E10000016,Kent,2008-09,7329.0
E07000105,Ashford,2008-09,591.0
E07000106,Canterbury,2008-09,898.0
E07000107,Dartford,2008-09,642.0
E07000108,Dover,2008-09,510.0
E07000109,Gravesham,2008-09,436.0
E07000110,Maidstone,2008-09,500.0
E07000111,Sevenoaks,2008-09,324.0
E07000112,Folkestone and Hythe,2008-09,587.0
E07000113,Swale,2008-09,546.0
E07000114,Thanet,2008-09,844.0
E07000115,Tonbridge and Malling,2008-09,864.0
E07000116,Tunbridge Wells,2008-09,588.0
E10000017,Lancashire,2008-09,2598.0
E07000117,Burnley,2008-09,124.0
E07000118,Chorley,2008-09,375.0
E07000119,Fylde,2008-09,402.0
E07000120,Hyndburn,2008-09,104.0
E07000121,Lancaster,2008-09,250.0
E07000122,Pendle,2008-09,-103.0
E07000123,Preston,2008-09,562.0
E07000124,Ribble Valley,2008-09,29.0
E07000125,Rossendale,2008-09,133.0
E07000126,South Ribble,2008-09,319.0
E07000127,West Lancashire,2008-09,160.0
E07000128,Wyre,2008-09,242.0
E10000018,Leicestershire,2008-09,2417.0
E07000129,Blaby,2008-09,283.0
E07000130,Charnwood,2008-09,726.0
E07000131,Harborough,2008-09,321.0
E07000132,Hinckley and Bosworth,2008-09,500.0
E07000133,Melton,2008-09,302.0
E07000134,North West Leicestershire,2008-09,278.0
E07000135,Oadby and Wigston,2008-09,7.0
E10000019,Lincolnshire,2008-09,3408.0
E07000136,Boston,2008-09,358.0
E07000137,East Lindsey,2008-09,664.0
E07000138,Lincoln,2008-09,332.0
E07000139,North Kesteven,2008-09,540.0
E07000140,South Holland,2008-09,447.0
E07000141,South Kesteven,2008-09,608.0
E07000142,West Lindsey,2008-09,459.0
E10000020,Norfolk,2008-09,4045.0
E07000143,Breckland,2008-09,432.0
E07000144,Broadland,2008-09,386.0
E07000145,Great Yarmouth,2008-09,356.0
E07000146,King's Lynn and West Norfolk,2008-09,1025.0
E07000147,North Norfolk,2008-09,400.0
E07000148,Norwich,2008-09,536.0
E07000149,South Norfolk,2008-09,909.0
E10000021,Northamptonshire,2008-09,2396.0
E07000150,Corby,2008-09,425.0
E07000151,Daventry,2008-09,173.0
E07000152,East Northamptonshire,2008-09,210.0
E07000153,Kettering,2008-09,481.0
E07000154,Northampton,2008-09,647.0
E07000155,South Northamptonshire,2008-09,192.0
E07000156,Wellingborough,2008-09,268.0
E10000022,Northumberland,2008-09,999.0
E07000157,Alnwick,2008-09,178.0
E07000158,Berwick-upon-Tweed,2008-09,93.0
E07000159,Blyth Valley,2008-09,124.0
E07000160,Castle Morpeth,2008-09,167.0
E07000161,Tynedale,2008-09,174.0
E07000162,Wansbeck,2008-09,263.0
E10000023,North Yorkshire,2008-09,2011.0
E07000163,Craven,2008-09,399.0
E07000164,Hambleton,2008-09,338.0
E07000165,Harrogate,2008-09,354.0
E07000166,Richmondshire,2008-09,184.0
E07000167,Ryedale,2008-09,169.0
E07000168,Scarborough,2008-09,316.0
E07000169,Selby,2008-09,251.0
E10000024,Nottinghamshire,2008-09,1710.0
E07000170,Ashfield,2008-09,279.0
E07000171,Bassetlaw,2008-09,297.0
E07000172,Broxtowe,2008-09,196.0
E07000173,Gedling,2008-09,162.0
E07000174,Mansfield,2008-09,221.0
E07000175,Newark and Sherwood,2008-09,415.0
E07000176,Rushcliffe,2008-09,140.0
E10000025,Oxfordshire,2008-09,1986.0
E07000177,Cherwell,2008-09,286.0
E07000178,Oxford,2008-09,554.0
E07000179,South Oxfordshire,2008-09,281.0
E07000180,Vale of White Horse,2008-09,328.0
E07000181,West Oxfordshire,2008-09,537.0
E10000026,Shropshire,2008-09,1496.0
E07000182,Bridgnorth,2008-09,172.0
E07000183,North Shropshire,2008-09,421.0
E07000184,Oswestry,2008-09,226.0
E07000185,Shrewsbury and Atcham,2008-09,410.0
E07000186,South Shropshire,2008-09,267.0
E10000027,Somerset,2008-09,2164.0
E07000187,Mendip,2008-09,532.0
E07000188,Sedgemoor,2008-09,565.0
E07000189,South Somerset,2008-09,650.0
E07000190,Taunton Deane,2008-09,370.0
E07000191,West Somerset,2008-09,46.0
E07000246,Somerset West and Taunton,2008-09,
E10000028,Staffordshire,2008-09,2950.0
E07000192,Cannock Chase,2008-09,296.0
E07000193,East Staffordshire,2008-09,566.0
E07000194,Lichfield,2008-09,270.0
E07000195,Newcastle-under-Lyme,2008-09,288.0
E07000196,South Staffordshire,2008-09,329.0
E07000197,Stafford,2008-09,601.0
E07000198,Staffordshire Moorlands,2008-09,296.0
E07000199,Tamworth,2008-09,304.0
E10000029,Suffolk,2008-09,3471.0
E07000200,Babergh,2008-09,329.0
E07000201,Forest Heath,2008-09,369.0
E07000202,Ipswich,2008-09,998.0
E07000203,Mid Suffolk,2008-09,503.0
E07000204,St Edmundsbury,2008-09,482.0
E07000205,Suffolk Coastal,2008-09,562.0
E07000206,Waveney,2008-09,228.0
E07000244,East Suffolk,2008-09,
E07000245,West Suffolk,2008-09,
E10000030,Surrey,2008-09,3168.0
E07000207,Elmbridge,2008-09,240.0
E07000208,Epsom and Ewell,2008-09,258.0
E07000209,Guildford,2008-09,114.0
E07000210,Mole Valley,2008-09,194.0
E07000211,Reigate and Banstead,2008-09,753.0
E07000212,Runnymede,2008-09,153.0
E07000213,Spelthorne,2008-09,131.0
E07000214,Surrey Heath,2008-09,329.0
E07000215,Tandridge,2008-09,280.0
E07000216,Waverley,2008-09,389.0
E07000217,Woking,2008-09,326.0
E10000031,Warwickshire,2008-09,1602.0
E07000218,North Warwickshire,2008-09,109.0
E07000219,Nuneaton and Bedworth,2008-09,332.0
E07000220,Rugby,2008-09,357.0
E07000221,Stratford-on-Avon,2008-09,301.0
E07000222,Warwick,2008-09,503.0
E10000032,West Sussex,2008-09,3186.0
E07000223,Adur,2008-09,143.0
E07000224,Arun,2008-09,526.0
E07000225,Chichester,2008-09,672.0
E07000226,Crawley,2008-09,344.0
E07000227,Horsham,2008-09,436.0
E07000228,Mid Sussex,2008-09,627.0
E07000229,Worthing,2008-09,438.0
E10000033,Wiltshire,2008-09,1585.0
E07000230,Kennet,2008-09,354.0
E07000231,North Wiltshire,2008-09,464.0
E07000232,Salisbury,2008-09,409.0
E07000233,West Wiltshire,2008-09,357.0
E10000034,Worcestershire,2008-09,1631.0
E07000234,Bromsgrove,2008-09,176.0
E07000235,Malvern Hills,2008-09,271.0
E07000236,Redditch,2008-09,109.0
E07000237,Worcester,2008-09,476.0
E07000238,Wychavon,2008-09,271.0
E07000239,Wyre Forest,2008-09,328.0
E92000001,England,2009-10,144870.0
,Unitary Authorities,2009-10,33758.0
E06000022,Bath and North East Somerset UA,2009-10,346.0
E06000055,Bedford UA,2009-10,507.0
E06000008,Blackburn with Darwen UA,2009-10,336.0
E06000009,Blackpool UA,2009-10,-1.0
E06000028,Bournemouth UA,2009-10,562.0
E06000058,"Bournemouth, Christchurch and Poole UA",2009-10,
E06000036,Bracknell Forest UA,2009-10,244.0
E06000043,Brighton and Hove UA,2009-10,419.0
E06000023,"Bristol, City of UA",2009-10,2470.0
E06000060,Buckinghamshire UA,2009-10,
E06000056,Central Bedfordshire UA,2009-10,755.0
E06000049,Cheshire East UA,2009-10,991.0
E06000050,Cheshire West and Chester UA,2009-10,818.0
E06000052,Cornwall UA,2009-10,2939.0
E06000047,County Durham UA,2009-10,1285.0
E06000063,Cumberland UA,2009-10,
E06000005,Darlington UA,2009-10,281.0
E06000015,Derby UA,2009-10,497.0
E06000059,Dorset UA,2009-10,
E06000011,East Riding of Yorkshire UA,2009-10,1004.0
E06000006,Halton UA,2009-10,232.0
E06000001,Hartlepool UA,2009-10,320.0
E06000019,"Herefordshire, County of UA",2009-10,312.0
E06000046,Isle of Wight UA,2009-10,391.0
E06000053,Isles of Scilly UA,2009-10,12.0
E06000010,"Kingston upon Hull, City of UA",2009-10,236.0
E06000016,Leicester UA,2009-10,1071.0
E06000032,Luton UA,2009-10,376.0
E06000035,Medway UA,2009-10,571.0
E06000002,Middlesbrough UA,2009-10,113.0
E06000042,Milton Keynes UA,2009-10,1449.0
E06000012,North East Lincolnshire UA,2009-10,314.0
E06000013,North Lincolnshire UA,2009-10,512.0
E06000061,North Northamptonshire UA,2009-10,
E06000024,North Somerset UA,2009-10,521.0
E06000065,North Yorkshire UA,2009-10,
E06000057,Northumberland UA,2009-10,711.0
E06000018,Nottingham UA,2009-10,1083.0
E06000031,Peterborough UA,2009-10,1084.0
E06000026,Plymouth UA,2009-10,397.0
E06000029,Poole UA,2009-10,392.0
E06000044,Portsmouth UA,2009-10,752.0
E06000038,Reading UA,2009-10,602.0
E06000003,Redcar and Cleveland UA,2009-10,139.0
E06000017,Rutland UA,2009-10,131.0
E06000051,Shropshire UA,2009-10,1344.0
E06000039,Slough UA,2009-10,423.0
E06000066,Somerset UA,2009-10,
E06000025,South Gloucestershire UA,2009-10,846.0
E06000045,Southampton UA,2009-10,374.0
E06000033,Southend-on-Sea UA,2009-10,278.0
E06000004,Stockton-on-Tees UA,2009-10,636.0
E06000021,Stoke-on-Trent UA,2009-10,-76.0
E06000030,Swindon UA,2009-10,944.0
E06000020,Telford and Wrekin UA,2009-10,342.0
E06000034,Thurrock UA,2009-10,1.0
E06000027,Torbay UA,2009-10,218.0
E06000007,Warrington UA,2009-10,376.0
E06000037,West Berkshire UA,2009-10,227.0
E06000062,West Northamptonshire UA,2009-10,
E06000064,Westmorland and Furness UA,2009-10,
E06000054,Wiltshire UA,2009-10,1370.0
E06000040,Windsor and Maidenhead UA,2009-10,448.0
E06000041,Wokingham UA,2009-10,193.0
E06000014,York UA,2009-10,642.0
,London Boroughs,2009-10,28330.0
E09000002,Barking and Dagenham,2009-10,108.0
E09000003,Barnet,2009-10,848.0
E09000004,Bexley,2009-10,428.0
E09000005,Brent,2009-10,1170.0
E09000006,Bromley,2009-10,625.0
E09000007,Camden,2009-10,582.0
E09000001,City of London,2009-10,-8.0
E09000008,Croydon,2009-10,1098.0
E09000009,Ealing,2009-10,521.0
E09000010,Enfield,2009-10,620.0
E09000011,Greenwich,2009-10,91.0
E09000012,Hackney,2009-10,1968.0
E09000013,Hammersmith and Fulham,2009-10,907.0
E09000014,Haringey,2009-10,1136.0
E09000015,Harrow,2009-10,599.0
E09000016,Havering,2009-10,516.0
E09000017,Hillingdon,2009-10,606.0
E09000018,Hounslow,2009-10,924.0
E09000019,Islington,2009-10,1593.0
E09000020,Kensington and Chelsea,2009-10,204.0
E09000021,Kingston upon Thames,2009-10,115.0
E09000022,Lambeth,2009-10,1366.0
E09000023,Lewisham,2009-10,1064.0
E09000024,Merton,2009-10,-79.0
E09000025,Newham,2009-10,1459.0
E09000026,Redbridge,2009-10,951.0
E09000027,Richmond upon Thames,2009-10,263.0
E09000028,Southwark,2009-10,1755.0
E09000029,Sutton,2009-10,63.0
E09000030,Tower Hamlets,2009-10,3038.0
E09000031,Waltham Forest,2009-10,376.0
E09000032,Wandsworth,2009-10,1826.0
E09000033,Westminster,2009-10,1598.0
,Metropolitan Districts,2009-10,23656.0
E11000001,Greater Manchester (Met County),2009-10,4753.0
E08000001,Bolton,2009-10,503.0
E08000002,Bury,2009-10,228.0
E08000003,Manchester,2009-10,1821.0
E08000004,Oldham,2009-10,-158.0
E08000005,Rochdale,2009-10,126.0
E08000006,Salford,2009-10,595.0
E08000007,Stockport,2009-10,57.0
E08000008,Tameside,2009-10,333.0
E08000009,Trafford,2009-10,284.0
E08000010,Wigan,2009-10,964.0
E11000002,Merseyside (Met County),2009-10,2763.0
E08000011,Knowsley,2009-10,-87.0
E08000012,Liverpool,2009-10,1590.0
E08000014,Sefton,2009-10,403.0
E08000013,St. Helens,2009-10,311.0
E08000015,Wirral,2009-10,546.0
E11000003,South Yorkshire (Met County),2009-10,3143.0
E08000016,Barnsley,2009-10,563.0
E08000017,Doncaster,2009-10,506.0
E08000018,Rotherham,2009-10,394.0
E08000019,Sheffield,2009-10,1680.0
E11000007,Tyne and Wear (Met County),2009-10,1646.0
E08000037,Gateshead,2009-10,268.0
E08000021,Newcastle upon Tyne,2009-10,252.0
E08000022,North Tyneside,2009-10,503.0
E08000023,South Tyneside,2009-10,200.0
E08000024,Sunderland,2009-10,423.0
E11000005,West Midlands (Met County),2009-10,5521.0
E08000025,Birmingham,2009-10,1111.0
E08000026,Coventry,2009-10,794.0
E08000027,Dudley,2009-10,288.0
E08000028,Sandwell,2009-10,653.0
E08000029,Solihull,2009-10,310.0
E08000030,Walsall,2009-10,1895.0
E08000031,Wolverhampton,2009-10,471.0
E11000006,West Yorkshire (Met County),2009-10,5830.0
E08000032,Bradford,2009-10,1758.0
E08000033,Calderdale,2009-10,574.0
E08000034,Kirklees,2009-10,1088.0
E08000035,Leeds,2009-10,1732.0
E08000036,Wakefield,2009-10,678.0
,Shire Districts,2009-10,59126.0
E10000001,Bedfordshire,2009-10,
E07000002,Bedford,2009-10,
E07000001,Mid Bedfordshire,2009-10,
E07000003,South Bedfordshire,2009-10,
E10000002,Buckinghamshire,2009-10,1274.0
E07000004,Aylesbury Vale,2009-10,641.0
E07000005,Chiltern,2009-10,122.0
E07000006,South Bucks,2009-10,146.0
E07000007,Wycombe,2009-10,365.0
E10000003,Cambridgeshire,2009-10,2129.0
E07000008,Cambridge,2009-10,304.0
E07000009,East Cambridgeshire,2009-10,153.0
E07000010,Fenland,2009-10,242.0
E07000011,Huntingdonshire,2009-10,769.0
E07000012,South Cambridgeshire,2009-10,661.0
E10000004,Cheshire,2009-10,
E07000013,Chester,2009-10,
E07000014,Congleton,2009-10,
E07000015,Crewe and Nantwich,2009-10,
E07000016,Ellesmere Port & Neston,2009-10,
E07000017,Macclesfield,2009-10,
E07000018,Vale Royal,2009-10,
E10000005,Cornwall and Isles of Scilly,2009-10,
E07000019,Caradon,2009-10,
E07000020,Carrick,2009-10,
E07000025,Isles of Scilly,2009-10,
E07000021,Kerrier,2009-10,
E07000022,North Cornwall,2009-10,
E07000023,Penwith,2009-10,
E07000024,Restormel,2009-10,
E10000006,Cumbria,2009-10,1429.0
E07000026,Allerdale,2009-10,321.0
E07000027,Barrow-in-Furness,2009-10,43.0
E07000028,Carlisle,2009-10,418.0
E07000029,Copeland,2009-10,60.0
E07000030,Eden,2009-10,106.0
E07000031,South Lakeland,2009-10,480.0
E10000007,Derbyshire,2009-10,1743.0
E07000032,Amber Valley,2009-10,262.0
E07000033,Bolsover,2009-10,247.0
E07000034,Chesterfield,2009-10,44.0
E07000035,Derbyshire Dales,2009-10,267.0
E07000036,Erewash,2009-10,208.0
E07000037,High Peak,2009-10,77.0
E07000038,North East Derbyshire,2009-10,208.0
E07000039,South Derbyshire,2009-10,430.0
E10000008,Devon,2009-10,2275.0
E07000040,East Devon,2009-10,278.0
E07000041,Exeter,2009-10,96.0
E07000042,Mid Devon,2009-10,314.0
E07000043,North Devon,2009-10,366.0
E07000044,South Hams,2009-10,267.0
E07000045,Teignbridge,2009-10,376.0
E07000046,Torridge,2009-10,292.0
E07000047,West Devon,2009-10,285.0
E10000009,Dorset,2009-10,991.0
E07000048,Christchurch,2009-10,109.0
E07000049,East Dorset,2009-10,86.0
E07000050,North Dorset,2009-10,221.0
E07000051,Purbeck,2009-10,192.0
E07000052,West Dorset,2009-10,255.0
E07000053,Weymouth and Portland,2009-10,128.0
E10000010,Durham,2009-10,
E07000054,Chester-le-Street,2009-10,
E07000055,Derwentside,2009-10,
E07000056,Durham,2009-10,
E07000057,Easington,2009-10,
E07000058,Sedgefield,2009-10,
E07000059,Teesdale,2009-10,
E07000060,Wear Valley,2009-10,
E10000011,East Sussex,2009-10,1422.0
E07000061,Eastbourne,2009-10,295.0
E07000062,Hastings,2009-10,248.0
E07000063,Lewes,2009-10,244.0
E07000064,Rother,2009-10,143.0
E07000065,Wealden,2009-10,492.0
E10000012,Essex,2009-10,3402.0
E07000066,Basildon,2009-10,511.0
E07000067,Braintree,2009-10,570.0
E07000068,Brentwood,2009-10,182.0
E07000069,Castle Point,2009-10,125.0
E07000070,Chelmsford,2009-10,144.0
E07000071,Colchester,2009-10,478.0
E07000072,Epping Forest,2009-10,266.0
E07000073,Harlow,2009-10,143.0
E07000074,Maldon,2009-10,173.0
E07000075,Rochford,2009-10,97.0
E07000076,Tendring,2009-10,147.0
E07000077,Uttlesford,2009-10,567.0
E10000013,Gloucestershire,2009-10,1670.0
E07000078,Cheltenham,2009-10,128.0
E07000079,Cotswold,2009-10,187.0
E07000080,Forest of Dean,2009-10,136.0
E07000081,Gloucester,2009-10,566.0
E07000082,Stroud,2009-10,300.0
E07000083,Tewkesbury,2009-10,353.0
E10000014,Hampshire,2009-10,3790.0
E07000084,Basingstoke and Deane,2009-10,1104.0
E07000085,East Hampshire,2009-10,303.0
E07000086,Eastleigh,2009-10,518.0
E07000087,Fareham,2009-10,205.0
E07000088,Gosport,2009-10,86.0
E07000089,Hart,2009-10,-15.0
E07000090,Havant,2009-10,179.0
E07000091,New Forest,2009-10,354.0
E07000092,Rushmoor,2009-10,310.0
E07000093,Test Valley,2009-10,466.0
E07000094,Winchester,2009-10,280.0
E10000015,Hertfordshire,2009-10,2981.0
E07000095,Broxbourne,2009-10,322.0
E07000096,Dacorum,2009-10,338.0
E07000242,East Hertfordshire,2009-10,504.0
E07000098,Hertsmere,2009-10,272.0
E07000099,North Hertfordshire,2009-10,297.0
E07000240,St Albans,2009-10,331.0
E07000243,Stevenage,2009-10,241.0
E07000102,Three Rivers,2009-10,51.0
E07000103,Watford,2009-10,595.0
E07000241,Welwyn Hatfield,2009-10,30.0
E10000016,Kent,2009-10,4772.0
E07000105,Ashford,2009-10,557.0
E07000106,Canterbury,2009-10,244.0
E07000107,Dartford,2009-10,196.0
E07000108,Dover,2009-10,503.0
E07000109,Gravesham,2009-10,192.0
E07000110,Maidstone,2009-10,640.0
E07000111,Sevenoaks,2009-10,247.0
E07000112,Folkestone and Hythe,2009-10,165.0
E07000113,Swale,2009-10,762.0
E07000114,Thanet,2009-10,638.0
E07000115,Tonbridge and Malling,2009-10,348.0
E07000116,Tunbridge Wells,2009-10,282.0
E10000017,Lancashire,2009-10,1703.0
E07000117,Burnley,2009-10,-94.0
E07000118,Chorley,2009-10,460.0
E07000119,Fylde,2009-10,243.0
E07000120,Hyndburn,2009-10,0.0
E07000121,Lancaster,2009-10,26.0
E07000122,Pendle,2009-10,-129.0
E07000123,Preston,2009-10,305.0
E07000124,Ribble Valley,2009-10,43.0
E07000125,Rossendale,2009-10,244.0
E07000126,South Ribble,2009-10,177.0
E07000127,West Lancashire,2009-10,131.0
E07000128,Wyre,2009-10,297.0
E10000018,Leicestershire,2009-10,2477.0
E07000129,Blaby,2009-10,267.0
E07000130,Charnwood,2009-10,657.0
E07000131,Harborough,2009-10,637.0
E07000132,Hinckley and Bosworth,2009-10,380.0
E07000133,Melton,2009-10,255.0
E07000134,North West Leicestershire,2009-10,274.0
E07000135,Oadby and Wigston,2009-10,8.0
E10000019,Lincolnshire,2009-10,3353.0
E07000136,Boston,2009-10,170.0
E07000137,East Lindsey,2009-10,999.0
E07000138,Lincoln,2009-10,432.0
E07000139,North Kesteven,2009-10,521.0
E07000140,South Holland,2009-10,319.0
E07000141,South Kesteven,2009-10,474.0
E07000142,West Lindsey,2009-10,438.0
E10000020,Norfolk,2009-10,3386.0
E07000143,Breckland,2009-10,353.0
E07000144,Broadland,2009-10,288.0
E07000145,Great Yarmouth,2009-10,407.0
E07000146,King's Lynn and West Norfolk,2009-10,751.0
E07000147,North Norfolk,2009-10,558.0
E07000148,Norwich,2009-10,381.0
E07000149,South Norfolk,2009-10,647.0
E10000021,Northamptonshire,2009-10,1818.0
E07000150,Corby,2009-10,307.0
E07000151,Daventry,2009-10,164.0
E07000152,East Northamptonshire,2009-10,251.0
E07000153,Kettering,2009-10,454.0
E07000154,Northampton,2009-10,288.0
E07000155,South Northamptonshire,2009-10,230.0
E07000156,Wellingborough,2009-10,124.0
E10000022,Northumberland,2009-10,
E07000157,Alnwick,2009-10,
E07000158,Berwick-upon-Tweed,2009-10,
E07000159,Blyth Valley,2009-10,
E07000160,Castle Morpeth,2009-10,
E07000161,Tynedale,2009-10,
E07000162,Wansbeck,2009-10,
E10000023,North Yorkshire,2009-10,1897.0
E07000163,Craven,2009-10,182.0
E07000164,Hambleton,2009-10,283.0
E07000165,Harrogate,2009-10,447.0
E07000166,Richmondshire,2009-10,140.0
E07000167,Ryedale,2009-10,181.0
E07000168,Scarborough,2009-10,328.0
E07000169,Selby,2009-10,336.0
E10000024,Nottinghamshire,2009-10,1632.0
E07000170,Ashfield,2009-10,389.0
E07000171,Bassetlaw,2009-10,98.0
E07000172,Broxtowe,2009-10,50.0
E07000173,Gedling,2009-10,232.0
E07000174,Mansfield,2009-10,216.0
E07000175,Newark and Sherwood,2009-10,471.0
E07000176,Rushcliffe,2009-10,176.0
E10000025,Oxfordshire,2009-10,1454.0
E07000177,Cherwell,2009-10,298.0
E07000178,Oxford,2009-10,150.0
E07000179,South Oxfordshire,2009-10,221.0
E07000180,Vale of White Horse,2009-10,442.0
E07000181,West Oxfordshire,2009-10,343.0
E10000026,Shropshire,2009-10,
E07000182,Bridgnorth,2009-10,
E07000183,North Shropshire,2009-10,
E07000184,Oswestry,2009-10,
E07000185,Shrewsbury and Atcham,2009-10,
E07000186,South Shropshire,2009-10,
E10000027,Somerset,2009-10,1750.0
E07000187,Mendip,2009-10,358.0
E07000188,Sedgemoor,2009-10,510.0
E07000189,South Somerset,2009-10,511.0
E07000190,Taunton Deane,2009-10,391.0
E07000191,West Somerset,2009-10,-21.0
E07000246,Somerset West and Taunton,2009-10,
E10000028,Staffordshire,2009-10,2181.0
E07000192,Cannock Chase,2009-10,228.0
E07000193,East Staffordshire,2009-10,409.0
E07000194,Lichfield,2009-10,148.0
E07000195,Newcastle-under-Lyme,2009-10,227.0
E07000196,South Staffordshire,2009-10,366.0
E07000197,Stafford,2009-10,305.0
E07000198,Staffordshire Moorlands,2009-10,245.0
E07000199,Tamworth,2009-10,252.0
E10000029,Suffolk,2009-10,2540.0
E07000200,Babergh,2009-10,225.0
E07000201,Forest Heath,2009-10,412.0
E07000202,Ipswich,2009-10,443.0
E07000203,Mid Suffolk,2009-10,497.0
E07000204,St Edmundsbury,2009-10,450.0
E07000205,Suffolk Coastal,2009-10,268.0
E07000206,Waveney,2009-10,245.0
E07000244,East Suffolk,2009-10,
E07000245,West Suffolk,2009-10,
E10000030,Surrey,2009-10,2080.0
E07000207,Elmbridge,2009-10,182.0
E07000208,Epsom and Ewell,2009-10,140.0
E07000209,Guildford,2009-10,192.0
E07000210,Mole Valley,2009-10,143.0
E07000211,Reigate and Banstead,2009-10,347.0
E07000212,Runnymede,2009-10,260.0
E07000213,Spelthorne,2009-10,155.0
E07000214,Surrey Heath,2009-10,22.0
E07000215,Tandridge,2009-10,154.0
E07000216,Waverley,2009-10,258.0
E07000217,Woking,2009-10,226.0
E10000031,Warwickshire,2009-10,1247.0
E07000218,North Warwickshire,2009-10,97.0
E07000219,Nuneaton and Bedworth,2009-10,177.0
E07000220,Rugby,2009-10,393.0
E07000221,Stratford-on-Avon,2009-10,305.0
E07000222,Warwick,2009-10,275.0
E10000032,West Sussex,2009-10,2320.0
E07000223,Adur,2009-10,81.0
E07000224,Arun,2009-10,393.0
E07000225,Chichester,2009-10,399.0
E07000226,Crawley,2009-10,385.0
E07000227,Horsham,2009-10,362.0
E07000228,Mid Sussex,2009-10,390.0
E07000229,Worthing,2009-10,310.0
E10000033,Wiltshire,2009-10,
E07000230,Kennet,2009-10,
E07000231,North Wiltshire,2009-10,
E07000232,Salisbury,2009-10,
E07000233,West Wiltshire,2009-10,
E10000034,Worcestershire,2009-10,1412.0
E07000234,Bromsgrove,2009-10,89.0
E07000235,Malvern Hills,2009-10,237.0
E07000236,Redditch,2009-10,178.0
E07000237,Worcester,2009-10,386.0
E07000238,Wychavon,2009-10,236.0
E07000239,Wyre Forest,2009-10,286.0
E92000001,England,2010-11,137394.0
,Unitary Authorities,2010-11,34154.0
E06000022,Bath and North East Somerset UA,2010-11,241.0
E06000055,Bedford UA,2010-11,675.0
E06000008,Blackburn with Darwen UA,2010-11,372.0
E06000009,Blackpool UA,2010-11,181.0
E06000028,Bournemouth UA,2010-11,432.0
E06000058,"Bournemouth, Christchurch and Poole UA",2010-11,
E06000036,Bracknell Forest UA,2010-11,327.0
E06000043,Brighton and Hove UA,2010-11,322.0
E06000023,"Bristol, City of UA",2010-11,1801.0
E06000060,Buckinghamshire UA,2010-11,
E06000056,Central Bedfordshire UA,2010-11,1282.0
E06000049,Cheshire East UA,2010-11,837.0
E06000050,Cheshire West and Chester UA,2010-11,752.0
E06000052,Cornwall UA,2010-11,2392.0
E06000047,County Durham UA,2010-11,1493.0
E06000063,Cumberland UA,2010-11,
E06000005,Darlington UA,2010-11,269.0
E06000015,Derby UA,2010-11,674.0
E06000059,Dorset UA,2010-11,
E06000011,East Riding of Yorkshire UA,2010-11,1181.0
E06000006,Halton UA,2010-11,291.0
E06000001,Hartlepool UA,2010-11,331.0
E06000019,"Herefordshire, County of UA",2010-11,329.0
E06000046,Isle of Wight UA,2010-11,398.0
E06000053,Isles of Scilly UA,2010-11,12.0
E06000010,"Kingston upon Hull, City of UA",2010-11,691.0
E06000016,Leicester UA,2010-11,1329.0
E06000032,Luton UA,2010-11,214.0
E06000035,Medway UA,2010-11,740.0
E06000002,Middlesbrough UA,2010-11,251.0
E06000042,Milton Keynes UA,2010-11,1331.0
E06000012,North East Lincolnshire UA,2010-11,269.0
E06000013,North Lincolnshire UA,2010-11,593.0
E06000061,North Northamptonshire UA,2010-11,
E06000024,North Somerset UA,2010-11,386.0
E06000065,North Yorkshire UA,2010-11,
E06000057,Northumberland UA,2010-11,1242.0
E06000018,Nottingham UA,2010-11,476.0
E06000031,Peterborough UA,2010-11,678.0
E06000026,Plymouth UA,2010-11,518.0
E06000029,Poole UA,2010-11,228.0
E06000044,Portsmouth UA,2010-11,336.0
E06000038,Reading UA,2010-11,308.0
E06000003,Redcar and Cleveland UA,2010-11,134.0
E06000017,Rutland UA,2010-11,137.0
E06000051,Shropshire UA,2010-11,1229.0
E06000039,Slough UA,2010-11,394.0
E06000066,Somerset UA,2010-11,
E06000025,South Gloucestershire UA,2010-11,818.0
E06000045,Southampton UA,2010-11,640.0
E06000033,Southend-on-Sea UA,2010-11,226.0
E06000004,Stockton-on-Tees UA,2010-11,553.0
E06000021,Stoke-on-Trent UA,2010-11,652.0
E06000030,Swindon UA,2010-11,844.0
E06000020,Telford and Wrekin UA,2010-11,413.0
E06000034,Thurrock UA,2010-11,201.0
E06000027,Torbay UA,2010-11,298.0
E06000007,Warrington UA,2010-11,498.0
E06000037,West Berkshire UA,2010-11,180.0
E06000062,West Northamptonshire UA,2010-11,
E06000064,Westmorland and Furness UA,2010-11,
E06000054,Wiltshire UA,2010-11,1796.0
E06000040,Windsor and Maidenhead UA,2010-11,288.0
E06000041,Wokingham UA,2010-11,187.0
E06000014,York UA,2010-11,486.0
,London Boroughs,2010-11,21820.0
E09000002,Barking and Dagenham,2010-11,133.0
E09000003,Barnet,2010-11,730.0
E09000004,Bexley,2010-11,239.0
E09000005,Brent,2010-11,669.0
E09000006,Bromley,2010-11,738.0
E09000007,Camden,2010-11,689.0
E09000001,City of London,2010-11,54.0
E09000008,Croydon,2010-11,850.0
E09000009,Ealing,2010-11,286.0
E09000010,Enfield,2010-11,799.0
E09000011,Greenwich,2010-11,535.0
E09000012,Hackney,2010-11,751.0
E09000013,Hammersmith and Fulham,2010-11,488.0
E09000014,Haringey,2010-11,743.0
E09000015,Harrow,2010-11,530.0
E09000016,Havering,2010-11,379.0
E09000017,Hillingdon,2010-11,400.0
E09000018,Hounslow,2010-11,999.0
E09000019,Islington,2010-11,571.0
E09000020,Kensington and Chelsea,2010-11,42.0
E09000021,Kingston upon Thames,2010-11,112.0
E09000022,Lambeth,2010-11,1558.0
E09000023,Lewisham,2010-11,1012.0
E09000024,Merton,2010-11,-52.0
E09000025,Newham,2010-11,768.0
E09000026,Redbridge,2010-11,459.0
E09000027,Richmond upon Thames,2010-11,366.0
E09000028,Southwark,2010-11,1853.0
E09000029,Sutton,2010-11,188.0
E09000030,Tower Hamlets,2010-11,1870.0
E09000031,Waltham Forest,2010-11,655.0
E09000032,Wandsworth,2010-11,734.0
E09000033,Westminster,2010-11,1674.0
,Metropolitan Districts,2010-11,20869.0
E11000001,Greater Manchester (Met County),2010-11,4127.0
E08000001,Bolton,2010-11,457.0
E08000002,Bury,2010-11,283.0
E08000003,Manchester,2010-11,879.0
E08000004,Oldham,2010-11,-14.0
E08000005,Rochdale,2010-11,280.0
E08000006,Salford,2010-11,573.0
E08000007,Stockport,2010-11,37.0
E08000008,Tameside,2010-11,461.0
E08000009,Trafford,2010-11,258.0
E08000010,Wigan,2010-11,912.0
E11000002,Merseyside (Met County),2010-11,1795.0
E08000011,Knowsley,2010-11,140.0
E08000012,Liverpool,2010-11,894.0
E08000014,Sefton,2010-11,237.0
E08000013,St. Helens,2010-11,69.0
E08000015,Wirral,2010-11,455.0
E11000003,South Yorkshire (Met County),2010-11,3056.0
E08000016,Barnsley,2010-11,1012.0
E08000017,Doncaster,2010-11,817.0
E08000018,Rotherham,2010-11,543.0
E08000019,Sheffield,2010-11,684.0
E11000007,Tyne and Wear (Met County),2010-11,1832.0
E08000037,Gateshead,2010-11,221.0
E08000021,Newcastle upon Tyne,2010-11,518.0
E08000022,North Tyneside,2010-11,472.0
E08000023,South Tyneside,2010-11,212.0
E08000024,Sunderland,2010-11,409.0
E11000005,West Midlands (Met County),2010-11,4685.0
E08000025,Birmingham,2010-11,1163.0
E08000026,Coventry,2010-11,759.0
E08000027,Dudley,2010-11,653.0
E08000028,Sandwell,2010-11,610.0
E08000029,Solihull,2010-11,194.0
E08000030,Walsall,2010-11,1026.0
E08000031,Wolverhampton,2010-11,281.0
E11000006,West Yorkshire (Met County),2010-11,5375.0
E08000032,Bradford,2010-11,1455.0
E08000033,Calderdale,2010-11,511.0
E08000034,Kirklees,2010-11,1251.0
E08000035,Leeds,2010-11,1184.0
E08000036,Wakefield,2010-11,973.0
,Shire Districts,2010-11,60550.0
E10000001,Bedfordshire,2010-11,
E07000002,Bedford,2010-11,
E07000001,Mid Bedfordshire,2010-11,
E07000003,South Bedfordshire,2010-11,
E10000002,Buckinghamshire,2010-11,1558.0
E07000004,Aylesbury Vale,2010-11,631.0
E07000005,Chiltern,2010-11,128.0
E07000006,South Bucks,2010-11,162.0
E07000007,Wycombe,2010-11,637.0
E10000003,Cambridgeshire,2010-11,2476.0
E07000008,Cambridge,2010-11,406.0
E07000009,East Cambridgeshire,2010-11,315.0
E07000010,Fenland,2010-11,287.0
E07000011,Huntingdonshire,2010-11,758.0
E07000012,South Cambridgeshire,2010-11,710.0
E10000004,Cheshire,2010-11,
E07000013,Chester,2010-11,
E07000014,Congleton,2010-11,
E07000015,Crewe and Nantwich,2010-11,
E07000016,Ellesmere Port & Neston,2010-11,
E07000017,Macclesfield,2010-11,
E07000018,Vale Royal,2010-11,
E10000005,Cornwall and Isles of Scilly,2010-11,
E07000019,Caradon,2010-11,
E07000020,Carrick,2010-11,
E07000025,Isles of Scilly,2010-11,
E07000021,Kerrier,2010-11,
E07000022,North Cornwall,2010-11,
E07000023,Penwith,2010-11,
E07000024,Restormel,2010-11,
E10000006,Cumbria,2010-11,1166.0
E07000026,Allerdale,2010-11,195.0
E07000027,Barrow-in-Furness,2010-11,73.0
E07000028,Carlisle,2010-11,445.0
E07000029,Copeland,2010-11,62.0
E07000030,Eden,2010-11,108.0
E07000031,South Lakeland,2010-11,283.0
E10000007,Derbyshire,2010-11,1990.0
E07000032,Amber Valley,2010-11,304.0
E07000033,Bolsover,2010-11,251.0
E07000034,Chesterfield,2010-11,93.0
E07000035,Derbyshire Dales,2010-11,311.0
E07000036,Erewash,2010-11,227.0
E07000037,High Peak,2010-11,112.0
E07000038,North East Derbyshire,2010-11,142.0
E07000039,South Derbyshire,2010-11,550.0
E10000008,Devon,2010-11,2654.0
E07000040,East Devon,2010-11,366.0
E07000041,Exeter,2010-11,346.0
E07000042,Mid Devon,2010-11,302.0
E07000043,North Devon,2010-11,260.0
E07000044,South Hams,2010-11,219.0
E07000045,Teignbridge,2010-11,446.0
E07000046,Torridge,2010-11,240.0
E07000047,West Devon,2010-11,475.0
E10000009,Dorset,2010-11,1244.0
E07000048,Christchurch,2010-11,110.0
E07000049,East Dorset,2010-11,164.0
E07000050,North Dorset,2010-11,301.0
E07000051,Purbeck,2010-11,97.0
E07000052,West Dorset,2010-11,387.0
E07000053,Weymouth and Portland,2010-11,184.0
E10000010,Durham,2010-11,
E07000054,Chester-le-Street,2010-11,
E07000055,Derwentside,2010-11,
E07000056,Durham,2010-11,
E07000057,Easington,2010-11,
E07000058,Sedgefield,2010-11,
E07000059,Teesdale,2010-11,
E07000060,Wear Valley,2010-11,
E10000011,East Sussex,2010-11,1737.0
E07000061,Eastbourne,2010-11,198.0
E07000062,Hastings,2010-11,178.0
E07000063,Lewes,2010-11,228.0
E07000064,Rother,2010-11,270.0
E07000065,Wealden,2010-11,864.0
E10000012,Essex,2010-11,3516.0
E07000066,Basildon,2010-11,215.0
E07000067,Braintree,2010-11,590.0
E07000068,Brentwood,2010-11,407.0
E07000069,Castle Point,2010-11,451.0
E07000070,Chelmsford,2010-11,144.0
E07000071,Colchester,2010-11,636.0
E07000072,Epping Forest,2010-11,392.0
E07000073,Harlow,2010-11,143.0
E07000074,Maldon,2010-11,102.0
E07000075,Rochford,2010-11,52.0
E07000076,Tendring,2010-11,36.0
E07000077,Uttlesford,2010-11,349.0
E10000013,Gloucestershire,2010-11,1649.0
E07000078,Cheltenham,2010-11,-5.0
E07000079,Cotswold,2010-11,240.0
E07000080,Forest of Dean,2010-11,262.0
E07000081,Gloucester,2010-11,503.0
E07000082,Stroud,2010-11,266.0
E07000083,Tewkesbury,2010-11,383.0
E10000014,Hampshire,2010-11,3559.0
E07000084,Basingstoke and Deane,2010-11,683.0
E07000085,East Hampshire,2010-11,309.0
E07000086,Eastleigh,2010-11,441.0
E07000087,Fareham,2010-11,381.0
E07000088,Gosport,2010-11,104.0
E07000089,Hart,2010-11,72.0
E07000090,Havant,2010-11,265.0
E07000091,New Forest,2010-11,377.0
E07000092,Rushmoor,2010-11,12.0
E07000093,Test Valley,2010-11,417.0
E07000094,Winchester,2010-11,497.0
E10000015,Hertfordshire,2010-11,3480.0
E07000095,Broxbourne,2010-11,276.0
E07000096,Dacorum,2010-11,706.0
E07000242,East Hertfordshire,2010-11,234.0
E07000098,Hertsmere,2010-11,148.0
E07000099,North Hertfordshire,2010-11,377.0
E07000240,St Albans,2010-11,441.0
E07000243,Stevenage,2010-11,308.0
E07000102,Three Rivers,2010-11,110.0
E07000103,Watford,2010-11,712.0
E07000241,Welwyn Hatfield,2010-11,170.0
E10000016,Kent,2010-11,5612.0
E07000105,Ashford,2010-11,611.0
E07000106,Canterbury,2010-11,384.0
E07000107,Dartford,2010-11,394.0
E07000108,Dover,2010-11,418.0
E07000109,Gravesham,2010-11,185.0
E07000110,Maidstone,2010-11,838.0
E07000111,Sevenoaks,2010-11,315.0
E07000112,Folkestone and Hythe,2010-11,157.0
E07000113,Swale,2010-11,485.0
E07000114,Thanet,2010-11,1007.0
E07000115,Tonbridge and Malling,2010-11,326.0
E07000116,Tunbridge Wells,2010-11,492.0
E10000017,Lancashire,2010-11,1775.0
E07000117,Burnley,2010-11,-87.0
E07000118,Chorley,2010-11,547.0
E07000119,Fylde,2010-11,213.0
E07000120,Hyndburn,2010-11,18.0
E07000121,Lancaster,2010-11,0.0
E07000122,Pendle,2010-11,0.0
E07000123,Preston,2010-11,415.0
E07000124,Ribble Valley,2010-11,23.0
E07000125,Rossendale,2010-11,145.0
E07000126,South Ribble,2010-11,276.0
E07000127,West Lancashire,2010-11,93.0
E07000128,Wyre,2010-11,132.0
E10000018,Leicestershire,2010-11,1833.0
E07000129,Blaby,2010-11,292.0
E07000130,Charnwood,2010-11,575.0
E07000131,Harborough,2010-11,314.0
E07000132,Hinckley and Bosworth,2010-11,254.0
E07000133,Melton,2010-11,175.0
E07000134,North West Leicestershire,2010-11,230.0
E07000135,Oadby and Wigston,2010-11,-6.0
E10000019,Lincolnshire,2010-11,2613.0
E07000136,Boston,2010-11,172.0
E07000137,East Lindsey,2010-11,312.0
E07000138,Lincoln,2010-11,468.0
E07000139,North Kesteven,2010-11,618.0
E07000140,South Holland,2010-11,243.0
E07000141,South Kesteven,2010-11,500.0
E07000142,West Lindsey,2010-11,300.0
E10000020,Norfolk,2010-11,3072.0
E07000143,Breckland,2010-11,200.0
E07000144,Broadland,2010-11,230.0
E07000145,Great Yarmouth,2010-11,295.0
E07000146,King's Lynn and West Norfolk,2010-11,997.0
E07000147,North Norfolk,2010-11,320.0
E07000148,Norwich,2010-11,386.0
E07000149,South Norfolk,2010-11,643.0
E10000021,Northamptonshire,2010-11,1852.0
E07000150,Corby,2010-11,534.0
E07000151,Daventry,2010-11,136.0
E07000152,East Northamptonshire,2010-11,256.0
E07000153,Kettering,2010-11,412.0
E07000154,Northampton,2010-11,261.0
E07000155,South Northamptonshire,2010-11,179.0
E07000156,Wellingborough,2010-11,75.0
E10000022,Northumberland,2010-11,
E07000157,Alnwick,2010-11,
E07000158,Berwick-upon-Tweed,2010-11,
E07000159,Blyth Valley,2010-11,
E07000160,Castle Morpeth,2010-11,
E07000161,Tynedale,2010-11,
E07000162,Wansbeck,2010-11,
E10000023,North Yorkshire,2010-11,1944.0
E07000163,Craven,2010-11,210.0
E07000164,Hambleton,2010-11,285.0
E07000165,Harrogate,2010-11,254.0
E07000166,Richmondshire,2010-11,138.0
E07000167,Ryedale,2010-11,243.0
E07000168,Scarborough,2010-11,355.0
E07000169,Selby,2010-11,459.0
E10000024,Nottinghamshire,2010-11,1845.0
E07000170,Ashfield,2010-11,348.0
E07000171,Bassetlaw,2010-11,209.0
E07000172,Broxtowe,2010-11,177.0
E07000173,Gedling,2010-11,299.0
E07000174,Mansfield,2010-11,366.0
E07000175,Newark and Sherwood,2010-11,288.0
E07000176,Rushcliffe,2010-11,158.0
E10000025,Oxfordshire,2010-11,1301.0
E07000177,Cherwell,2010-11,230.0
E07000178,Oxford,2010-11,111.0
E07000179,South Oxfordshire,2010-11,239.0
E07000180,Vale of White Horse,2010-11,338.0
E07000181,West Oxfordshire,2010-11,383.0
E10000026,Shropshire,2010-11,
E07000182,Bridgnorth,2010-11,
E07000183,North Shropshire,2010-11,
E07000184,Oswestry,2010-11,
E07000185,Shrewsbury and Atcham,2010-11,
E07000186,South Shropshire,2010-11,
E10000027,Somerset,2010-11,2398.0
E07000187,Mendip,2010-11,442.0
E07000188,Sedgemoor,2010-11,591.0
E07000189,South Somerset,2010-11,1058.0
E07000190,Taunton Deane,2010-11,351.0
E07000191,West Somerset,2010-11,-44.0
E07000246,Somerset West and Taunton,2010-11,
E10000028,Staffordshire,2010-11,2122.0
E07000192,Cannock Chase,2010-11,317.0
E07000193,East Staffordshire,2010-11,429.0
E07000194,Lichfield,2010-11,243.0
E07000195,Newcastle-under-Lyme,2010-11,191.0
E07000196,South Staffordshire,2010-11,197.0
E07000197,Stafford,2010-11,339.0
E07000198,Staffordshire Moorlands,2010-11,171.0
E07000199,Tamworth,2010-11,234.0
E10000029,Suffolk,2010-11,2458.0
E07000200,Babergh,2010-11,272.0
E07000201,Forest Heath,2010-11,431.0
E07000202,Ipswich,2010-11,542.0
E07000203,Mid Suffolk,2010-11,384.0
E07000204,St Edmundsbury,2010-11,388.0
E07000205,Suffolk Coastal,2010-11,228.0
E07000206,Waveney,2010-11,213.0
E07000244,East Suffolk,2010-11,
E07000245,West Suffolk,2010-11,
E10000030,Surrey,2010-11,1931.0
E07000207,Elmbridge,2010-11,336.0
E07000208,Epsom and Ewell,2010-11,288.0
E07000209,Guildford,2010-11,150.0
E07000210,Mole Valley,2010-11,140.0
E07000211,Reigate and Banstead,2010-11,335.0
E07000212,Runnymede,2010-11,94.0
E07000213,Spelthorne,2010-11,83.0
E07000214,Surrey Heath,2010-11,32.0
E07000215,Tandridge,2010-11,146.0
E07000216,Waverley,2010-11,218.0
E07000217,Woking,2010-11,108.0
E10000031,Warwickshire,2010-11,1264.0
E07000218,North Warwickshire,2010-11,101.0
E07000219,Nuneaton and Bedworth,2010-11,370.0
E07000220,Rugby,2010-11,401.0
E07000221,Stratford-on-Avon,2010-11,223.0
E07000222,Warwick,2010-11,169.0
E10000032,West Sussex,2010-11,2349.0
E07000223,Adur,2010-11,83.0
E07000224,Arun,2010-11,495.0
E07000225,Chichester,2010-11,508.0
E07000226,Crawley,2010-11,357.0
E07000227,Horsham,2010-11,289.0
E07000228,Mid Sussex,2010-11,318.0
E07000229,Worthing,2010-11,298.0
E10000033,Wiltshire,2010-11,
E07000230,Kennet,2010-11,
E07000231,North Wiltshire,2010-11,
E07000232,Salisbury,2010-11,
E07000233,West Wiltshire,2010-11,
E10000034,Worcestershire,2010-11,1153.0
E07000234,Bromsgrove,2010-11,139.0
E07000235,Malvern Hills,2010-11,151.0
E07000236,Redditch,2010-11,130.0
E07000237,Worcester,2010-11,240.0
E07000238,Wychavon,2010-11,256.0
E07000239,Wyre Forest,2010-11,238.0
E92000001,England,2011-12,140785.0
,Unitary Authorities,2011-12,32969.0
E06000022,Bath and North East Somerset UA,2011-12,472.0
E06000055,Bedford UA,2011-12,952.0
E06000008,Blackburn with Darwen UA,2011-12,56.0
E06000009,Blackpool UA,2011-12,476.0
E06000028,Bournemouth UA,2011-12,553.0
E06000058,"Bournemouth, Christchurch and Poole UA",2011-12,
E06000036,Bracknell Forest UA,2011-12,223.0
E06000043,Brighton and Hove UA,2011-12,461.0
E06000023,"Bristol, City of UA",2011-12,1669.0
E06000060,Buckinghamshire UA,2011-12,
E06000056,Central Bedfordshire UA,2011-12,1214.0
E06000049,Cheshire East UA,2011-12,666.0
E06000050,Cheshire West and Chester UA,2011-12,713.0
E06000052,Cornwall UA,2011-12,2311.0
E06000047,County Durham UA,2011-12,1439.0
E06000063,Cumberland UA,2011-12,
E06000005,Darlington UA,2011-12,178.0
E06000015,Derby UA,2011-12,277.0
E06000059,Dorset UA,2011-12,
E06000011,East Riding of Yorkshire UA,2011-12,2826.0
E06000006,Halton UA,2011-12,230.0
E06000001,Hartlepool UA,2011-12,190.0
E06000019,"Herefordshire, County of UA",2011-12,374.0
E06000046,Isle of Wight UA,2011-12,727.0
E06000053,Isles of Scilly UA,2011-12,3.0
E06000010,"Kingston upon Hull, City of UA",2011-12,398.0
E06000016,Leicester UA,2011-12,402.0
E06000032,Luton UA,2011-12,427.0
E06000035,Medway UA,2011-12,817.0
E06000002,Middlesbrough UA,2011-12,93.0
E06000042,Milton Keynes UA,2011-12,1601.0
E06000012,North East Lincolnshire UA,2011-12,132.0
E06000013,North Lincolnshire UA,2011-12,323.0
E06000061,North Northamptonshire UA,2011-12,
E06000024,North Somerset UA,2011-12,606.0
E06000065,North Yorkshire UA,2011-12,
E06000057,Northumberland UA,2011-12,476.0
E06000018,Nottingham UA,2011-12,-326.0
E06000031,Peterborough UA,2011-12,852.0
E06000026,Plymouth UA,2011-12,547.0
E06000029,Poole UA,2011-12,186.0
E06000044,Portsmouth UA,2011-12,270.0
E06000038,Reading UA,2011-12,386.0
E06000003,Redcar and Cleveland UA,2011-12,310.0
E06000017,Rutland UA,2011-12,34.0
E06000051,Shropshire UA,2011-12,581.0
E06000039,Slough UA,2011-12,179.0
E06000066,Somerset UA,2011-12,
E06000025,South Gloucestershire UA,2011-12,863.0
E06000045,Southampton UA,2011-12,552.0
E06000033,Southend-on-Sea UA,2011-12,420.0
E06000004,Stockton-on-Tees UA,2011-12,455.0
E06000021,Stoke-on-Trent UA,2011-12,277.0
E06000030,Swindon UA,2011-12,847.0
E06000020,Telford and Wrekin UA,2011-12,795.0
E06000034,Thurrock UA,2011-12,418.0
E06000027,Torbay UA,2011-12,459.0
E06000007,Warrington UA,2011-12,657.0
E06000037,West Berkshire UA,2011-12,165.0
E06000062,West Northamptonshire UA,2011-12,
E06000064,Westmorland and Furness UA,2011-12,
E06000054,Wiltshire UA,2011-12,2035.0
E06000040,Windsor and Maidenhead UA,2011-12,172.0
E06000041,Wokingham UA,2011-12,314.0
E06000014,York UA,2011-12,232.0
,London Boroughs,2011-12,29672.0
E09000002,Barking and Dagenham,2011-12,286.0
E09000003,Barnet,2011-12,2011.0
E09000004,Bexley,2011-12,211.0
E09000005,Brent,2011-12,818.0
E09000006,Bromley,2011-12,740.0
E09000007,Camden,2011-12,482.0
E09000001,City of London,2011-12,20.0
E09000008,Croydon,2011-12,460.0
E09000009,Ealing,2011-12,1018.0
E09000010,Enfield,2011-12,356.0
E09000011,Greenwich,2011-12,1581.0
E09000012,Hackney,2011-12,1473.0
E09000013,Hammersmith and Fulham,2011-12,585.0
E09000014,Haringey,2011-12,1447.0
E09000015,Harrow,2011-12,561.0
E09000016,Havering,2011-12,352.0
E09000017,Hillingdon,2011-12,1227.0
E09000018,Hounslow,2011-12,899.0
E09000019,Islington,2011-12,1399.0
E09000020,Kensington and Chelsea,2011-12,174.0
E09000021,Kingston upon Thames,2011-12,239.0
E09000022,Lambeth,2011-12,1069.0
E09000023,Lewisham,2011-12,1378.0
E09000024,Merton,2011-12,620.0
E09000025,Newham,2011-12,1194.0
E09000026,Redbridge,2011-12,696.0
E09000027,Richmond upon Thames,2011-12,157.0
E09000028,Southwark,2011-12,1377.0
E09000029,Sutton,2011-12,668.0
E09000030,Tower Hamlets,2011-12,3387.0
E09000031,Waltham Forest,2011-12,724.0
E09000032,Wandsworth,2011-12,948.0
E09000033,Westminster,2011-12,1114.0
,Metropolitan Districts,2011-12,17037.0
E11000001,Greater Manchester (Met County),2011-12,3200.0
E08000001,Bolton,2011-12,590.0
E08000002,Bury,2011-12,232.0
E08000003,Manchester,2011-12,656.0
E08000004,Oldham,2011-12,128.0
E08000005,Rochdale,2011-12,561.0
E08000006,Salford,2011-12,36.0
E08000007,Stockport,2011-12,189.0
E08000008,Tameside,2011-12,427.0
E08000009,Trafford,2011-12,91.0
E08000010,Wigan,2011-12,289.0
E11000002,Merseyside (Met County),2011-12,1777.0
E08000011,Knowsley,2011-12,354.0
E08000012,Liverpool,2011-12,302.0
E08000014,Sefton,2011-12,577.0
E08000013,St. Helens,2011-12,460.0
E08000015,Wirral,2011-12,84.0
E11000003,South Yorkshire (Met County),2011-12,1817.0
E08000016,Barnsley,2011-12,886.0
E08000017,Doncaster,2011-12,522.0
E08000018,Rotherham,2011-12,787.0
E08000019,Sheffield,2011-12,-378.0
E11000007,Tyne and Wear (Met County),2011-12,797.0
E08000037,Gateshead,2011-12,107.0
E08000021,Newcastle upon Tyne,2011-12,-85.0
E08000022,North Tyneside,2011-12,342.0
E08000023,South Tyneside,2011-12,225.0
E08000024,Sunderland,2011-12,208.0
E11000005,West Midlands (Met County),2011-12,4593.0
E08000025,Birmingham,2011-12,935.0
E08000026,Coventry,2011-12,759.0
E08000027,Dudley,2011-12,574.0
E08000028,Sandwell,2011-12,701.0
E08000029,Solihull,2011-12,323.0
E08000030,Walsall,2011-12,552.0
E08000031,Wolverhampton,2011-12,750.0
E11000006,West Yorkshire (Met County),2011-12,4852.0
E08000032,Bradford,2011-12,920.0
E08000033,Calderdale,2011-12,387.0
E08000034,Kirklees,2011-12,617.0
E08000035,Leeds,2011-12,1996.0
E08000036,Wakefield,2011-12,931.0
,Shire Districts,2011-12,61107.0
E10000001,Bedfordshire,2011-12,
E07000002,Bedford,2011-12,
E07000001,Mid Bedfordshire,2011-12,
E07000003,South Bedfordshire,2011-12,
E10000002,Buckinghamshire,2011-12,1971.0
E07000004,Aylesbury Vale,2011-12,1120.0
E07000005,Chiltern,2011-12,186.0
E07000006,South Bucks,2011-12,135.0
E07000007,Wycombe,2011-12,530.0
E10000003,Cambridgeshire,2011-12,2597.0
E07000008,Cambridge,2011-12,365.0
E07000009,East Cambridgeshire,2011-12,385.0
E07000010,Fenland,2011-12,239.0
E07000011,Huntingdonshire,2011-12,966.0
E07000012,South Cambridgeshire,2011-12,643.0
E10000004,Cheshire,2011-12,
E07000013,Chester,2011-12,
E07000014,Congleton,2011-12,
E07000015,Crewe and Nantwich,2011-12,
E07000016,Ellesmere Port & Neston,2011-12,
E07000017,Macclesfield,2011-12,
E07000018,Vale Royal,2011-12,
E10000005,Cornwall and Isles of Scilly,2011-12,
E07000019,Caradon,2011-12,
E07000020,Carrick,2011-12,
E07000025,Isles of Scilly,2011-12,
E07000021,Kerrier,2011-12,
E07000022,North Cornwall,2011-12,
E07000023,Penwith,2011-12,
E07000024,Restormel,2011-12,
E10000006,Cumbria,2011-12,964.0
E07000026,Allerdale,2011-12,192.0
E07000027,Barrow-in-Furness,2011-12,-24.0
E07000028,Carlisle,2011-12,334.0
E07000029,Copeland,2011-12,84.0
E07000030,Eden,2011-12,228.0
E07000031,South Lakeland,2011-12,151.0
E10000007,Derbyshire,2011-12,1214.0
E07000032,Amber Valley,2011-12,174.0
E07000033,Bolsover,2011-12,144.0
E07000034,Chesterfield,2011-12,22.0
E07000035,Derbyshire Dales,2011-12,76.0
E07000036,Erewash,2011-12,177.0
E07000037,High Peak,2011-12,100.0
E07000038,North East Derbyshire,2011-12,154.0
E07000039,South Derbyshire,2011-12,367.0
E10000008,Devon,2011-12,2252.0
E07000040,East Devon,2011-12,370.0
E07000041,Exeter,2011-12,450.0
E07000042,Mid Devon,2011-12,215.0
E07000043,North Devon,2011-12,148.0
E07000044,South Hams,2011-12,265.0
E07000045,Teignbridge,2011-12,383.0
E07000046,Torridge,2011-12,314.0
E07000047,West Devon,2011-12,105.0
E10000009,Dorset,2011-12,1250.0
E07000048,Christchurch,2011-12,62.0
E07000049,East Dorset,2011-12,104.0
E07000050,North Dorset,2011-12,377.0
E07000051,Purbeck,2011-12,108.0
E07000052,West Dorset,2011-12,375.0
E07000053,Weymouth and Portland,2011-12,224.0
E10000010,Durham,2011-12,
E07000054,Chester-le-Street,2011-12,
E07000055,Derwentside,2011-12,
E07000056,Durham,2011-12,
E07000057,Easington,2011-12,
E07000058,Sedgefield,2011-12,
E07000059,Teesdale,2011-12,
E07000060,Wear Valley,2011-12,
E10000011,East Sussex,2011-12,1621.0
E07000061,Eastbourne,2011-12,230.0
E07000062,Hastings,2011-12,314.0
E07000063,Lewes,2011-12,219.0
E07000064,Rother,2011-12,216.0
E07000065,Wealden,2011-12,643.0
E10000012,Essex,2011-12,4102.0
E07000066,Basildon,2011-12,702.0
E07000067,Braintree,2011-12,247.0
E07000068,Brentwood,2011-12,163.0
E07000069,Castle Point,2011-12,26.0
E07000070,Chelmsford,2011-12,192.0
E07000071,Colchester,2011-12,1062.0
E07000072,Epping Forest,2011-12,320.0
E07000073,Harlow,2011-12,377.0
E07000074,Maldon,2011-12,61.0
E07000075,Rochford,2011-12,92.0
E07000076,Tendring,2011-12,342.0
E07000077,Uttlesford,2011-12,518.0
E10000013,Gloucestershire,2011-12,2139.0
E07000078,Cheltenham,2011-12,22.0
E07000079,Cotswold,2011-12,527.0
E07000080,Forest of Dean,2011-12,304.0
E07000081,Gloucester,2011-12,630.0
E07000082,Stroud,2011-12,396.0
E07000083,Tewkesbury,2011-12,260.0
E10000014,Hampshire,2011-12,3752.0
E07000084,Basingstoke and Deane,2011-12,726.0
E07000085,East Hampshire,2011-12,328.0
E07000086,Eastleigh,2011-12,305.0
E07000087,Fareham,2011-12,275.0
E07000088,Gosport,2011-12,294.0
E07000089,Hart,2011-12,330.0
E07000090,Havant,2011-12,134.0
E07000091,New Forest,2011-12,298.0
E07000092,Rushmoor,2011-12,191.0
E07000093,Test Valley,2011-12,526.0
E07000094,Winchester,2011-12,345.0
E10000015,Hertfordshire,2011-12,2986.0
E07000095,Broxbourne,2011-12,176.0
E07000096,Dacorum,2011-12,351.0
E07000242,East Hertfordshire,2011-12,375.0
E07000098,Hertsmere,2011-12,155.0
E07000099,North Hertfordshire,2011-12,421.0
E07000240,St Albans,2011-12,382.0
E07000243,Stevenage,2011-12,185.0
E07000102,Three Rivers,2011-12,204.0
E07000103,Watford,2011-12,472.0
E07000241,Welwyn Hatfield,2011-12,265.0
E10000016,Kent,2011-12,4665.0
E07000105,Ashford,2011-12,678.0
E07000106,Canterbury,2011-12,506.0
E07000107,Dartford,2011-12,270.0
E07000108,Dover,2011-12,170.0
E07000109,Gravesham,2011-12,187.0
E07000110,Maidstone,2011-12,942.0
E07000111,Sevenoaks,2011-12,222.0
E07000112,Folkestone and Hythe,2011-12,196.0
E07000113,Swale,2011-12,679.0
E07000114,Thanet,2011-12,376.0
E07000115,Tonbridge and Malling,2011-12,383.0
E07000116,Tunbridge Wells,2011-12,55.0
E10000017,Lancashire,2011-12,1873.0
E07000117,Burnley,2011-12,1.0
E07000118,Chorley,2011-12,532.0
E07000119,Fylde,2011-12,117.0
E07000120,Hyndburn,2011-12,54.0
E07000121,Lancaster,2011-12,171.0
E07000122,Pendle,2011-12,71.0
E07000123,Preston,2011-12,-44.0
E07000124,Ribble Valley,2011-12,165.0
E07000125,Rossendale,2011-12,118.0
E07000126,South Ribble,2011-12,159.0
E07000127,West Lancashire,2011-12,244.0
E07000128,Wyre,2011-12,283.0
E10000018,Leicestershire,2011-12,1869.0
E07000129,Blaby,2011-12,207.0
E07000130,Charnwood,2011-12,653.0
E07000131,Harborough,2011-12,253.0
E07000132,Hinckley and Bosworth,2011-12,346.0
E07000133,Melton,2011-12,136.0
E07000134,North West Leicestershire,2011-12,202.0
E07000135,Oadby and Wigston,2011-12,72.0
E10000019,Lincolnshire,2011-12,4403.0
E07000136,Boston,2011-12,105.0
E07000137,East Lindsey,2011-12,2200.0
E07000138,Lincoln,2011-12,456.0
E07000139,North Kesteven,2011-12,586.0
E07000140,South Holland,2011-12,179.0
E07000141,South Kesteven,2011-12,553.0
E07000142,West Lindsey,2011-12,324.0
E10000020,Norfolk,2011-12,2579.0
E07000143,Breckland,2011-12,376.0
E07000144,Broadland,2011-12,212.0
E07000145,Great Yarmouth,2011-12,434.0
E07000146,King's Lynn and West Norfolk,2011-12,281.0
E07000147,North Norfolk,2011-12,255.0
E07000148,Norwich,2011-12,332.0
E07000149,South Norfolk,2011-12,689.0
E10000021,Northamptonshire,2011-12,2425.0
E07000150,Corby,2011-12,506.0
E07000151,Daventry,2011-12,218.0
E07000152,East Northamptonshire,2011-12,245.0
E07000153,Kettering,2011-12,313.0
E07000154,Northampton,2011-12,565.0
E07000155,South Northamptonshire,2011-12,402.0
E07000156,Wellingborough,2011-12,176.0
E10000022,Northumberland,2011-12,
E07000157,Alnwick,2011-12,
E07000158,Berwick-upon-Tweed,2011-12,
E07000159,Blyth Valley,2011-12,
E07000160,Castle Morpeth,2011-12,
E07000161,Tynedale,2011-12,
E07000162,Wansbeck,2011-12,
E10000023,North Yorkshire,2011-12,1483.0
E07000163,Craven,2011-12,241.0
E07000164,Hambleton,2011-12,130.0
E07000165,Harrogate,2011-12,249.0
E07000166,Richmondshire,2011-12,118.0
E07000167,Ryedale,2011-12,225.0
E07000168,Scarborough,2011-12,178.0
E07000169,Selby,2011-12,341.0
E10000024,Nottinghamshire,2011-12,2128.0
E07000170,Ashfield,2011-12,406.0
E07000171,Bassetlaw,2011-12,360.0
E07000172,Broxtowe,2011-12,156.0
E07000173,Gedling,2011-12,267.0
E07000174,Mansfield,2011-12,307.0
E07000175,Newark and Sherwood,2011-12,324.0
E07000176,Rushcliffe,2011-12,309.0
E10000025,Oxfordshire,2011-12,1730.0
E07000177,Cherwell,2011-12,394.0
E07000178,Oxford,2011-12,173.0
E07000179,South Oxfordshire,2011-12,473.0
E07000180,Vale of White Horse,2011-12,312.0
E07000181,West Oxfordshire,2011-12,379.0
E10000026,Shropshire,2011-12,
E07000182,Bridgnorth,2011-12,
E07000183,North Shropshire,2011-12,
E07000184,Oswestry,2011-12,
E07000185,Shrewsbury and Atcham,2011-12,
E07000186,South Shropshire,2011-12,
E10000027,Somerset,2011-12,2377.0
E07000187,Mendip,2011-12,442.0
E07000188,Sedgemoor,2011-12,790.0
E07000189,South Somerset,2011-12,479.0
E07000190,Taunton Deane,2011-12,553.0
E07000191,West Somerset,2011-12,112.0
E07000246,Somerset West and Taunton,2011-12,
E10000028,Staffordshire,2011-12,1190.0
E07000192,Cannock Chase,2011-12,24.0
E07000193,East Staffordshire,2011-12,207.0
E07000194,Lichfield,2011-12,197.0
E07000195,Newcastle-under-Lyme,2011-12,171.0
E07000196,South Staffordshire,2011-12,195.0
E07000197,Stafford,2011-12,321.0
E07000198,Staffordshire Moorlands,2011-12,44.0
E07000199,Tamworth,2011-12,31.0
E10000029,Suffolk,2011-12,1911.0
E07000200,Babergh,2011-12,245.0
E07000201,Forest Heath,2011-12,359.0
E07000202,Ipswich,2011-12,219.0
E07000203,Mid Suffolk,2011-12,366.0
E07000204,St Edmundsbury,2011-12,165.0
E07000205,Suffolk Coastal,2011-12,319.0
E07000206,Waveney,2011-12,238.0
E07000244,East Suffolk,2011-12,
E07000245,West Suffolk,2011-12,
E10000030,Surrey,2011-12,2574.0
E07000207,Elmbridge,2011-12,333.0
E07000208,Epsom and Ewell,2011-12,261.0
E07000209,Guildford,2011-12,240.0
E07000210,Mole Valley,2011-12,205.0
E07000211,Reigate and Banstead,2011-12,483.0
E07000212,Runnymede,2011-12,177.0
E07000213,Spelthorne,2011-12,169.0
E07000214,Surrey Heath,2011-12,222.0
E07000215,Tandridge,2011-12,168.0
E07000216,Waverley,2011-12,112.0
E07000217,Woking,2011-12,204.0
E10000031,Warwickshire,2011-12,943.0
E07000218,North Warwickshire,2011-12,99.0
E07000219,Nuneaton and Bedworth,2011-12,258.0
E07000220,Rugby,2011-12,356.0
E07000221,Stratford-on-Avon,2011-12,147.0
E07000222,Warwick,2011-12,83.0
E10000032,West Sussex,2011-12,2654.0
E07000223,Adur,2011-12,189.0
E07000224,Arun,2011-12,754.0
E07000225,Chichester,2011-12,453.0
E07000226,Crawley,2011-12,154.0
E07000227,Horsham,2011-12,227.0
E07000228,Mid Sussex,2011-12,720.0
E07000229,Worthing,2011-12,158.0
E10000033,Wiltshire,2011-12,
E07000230,Kennet,2011-12,
E07000231,North Wiltshire,2011-12,
E07000232,Salisbury,2011-12,
E07000233,West Wiltshire,2011-12,
E10000034,Worcestershire,2011-12,1453.0
E07000234,Bromsgrove,2011-12,323.0
E07000235,Malvern Hills,2011-12,215.0
E07000236,Redditch,2011-12,65.0
E07000237,Worcester,2011-12,319.0
E07000238,Wychavon,2011-12,275.0
E07000239,Wyre Forest,2011-12,257.0
E92000001,England,2012-13,130611.0
,Unitary Authorities,2012-13,31689.0
E06000022,Bath and North East Somerset UA,2012-13,559.0
E06000055,Bedford UA,2012-13,688.0
E06000008,Blackburn with Darwen UA,2012-13,217.0
E06000009,Blackpool UA,2012-13,329.0
E06000028,Bournemouth UA,2012-13,637.0
E06000058,"Bournemouth, Christchurch and Poole UA",2012-13,
E06000036,Bracknell Forest UA,2012-13,353.0
E06000043,Brighton and Hove UA,2012-13,526.0
E06000023,"Bristol, City of UA",2012-13,801.0
E06000060,Buckinghamshire UA,2012-13,
E06000056,Central Bedfordshire UA,2012-13,881.0
E06000049,Cheshire East UA,2012-13,668.0
E06000050,Cheshire West and Chester UA,2012-13,583.0
E06000052,Cornwall UA,2012-13,2214.0
E06000047,County Durham UA,2012-13,1305.0
E06000063,Cumberland UA,2012-13,
E06000005,Darlington UA,2012-13,133.0
E06000015,Derby UA,2012-13,389.0
E06000059,Dorset UA,2012-13,
E06000011,East Riding of Yorkshire UA,2012-13,3006.0
E06000006,Halton UA,2012-13,317.0
E06000001,Hartlepool UA,2012-13,79.0
E06000019,"Herefordshire, County of UA",2012-13,260.0
E06000046,Isle of Wight UA,2012-13,631.0
E06000053,Isles of Scilly UA,2012-13,-10.0
E06000010,"Kingston upon Hull, City of UA",2012-13,252.0
E06000016,Leicester UA,2012-13,652.0
E06000032,Luton UA,2012-13,418.0
E06000035,Medway UA,2012-13,653.0
E06000002,Middlesbrough UA,2012-13,253.0
E06000042,Milton Keynes UA,2012-13,1323.0
E06000012,North East Lincolnshire UA,2012-13,250.0
E06000013,North Lincolnshire UA,2012-13,228.0
E06000061,North Northamptonshire UA,2012-13,
E06000024,North Somerset UA,2012-13,618.0
E06000065,North Yorkshire UA,2012-13,
E06000057,Northumberland UA,2012-13,539.0
E06000018,Nottingham UA,2012-13,52.0
E06000031,Peterborough UA,2012-13,883.0
E06000026,Plymouth UA,2012-13,639.0
E06000029,Poole UA,2012-13,207.0
E06000044,Portsmouth UA,2012-13,345.0
E06000038,Reading UA,2012-13,523.0
E06000003,Redcar and Cleveland UA,2012-13,78.0
E06000017,Rutland UA,2012-13,87.0
E06000051,Shropshire UA,2012-13,702.0
E06000039,Slough UA,2012-13,115.0
E06000066,Somerset UA,2012-13,
E06000025,South Gloucestershire UA,2012-13,763.0
E06000045,Southampton UA,2012-13,345.0
E06000033,Southend-on-Sea UA,2012-13,346.0
E06000004,Stockton-on-Tees UA,2012-13,600.0
E06000021,Stoke-on-Trent UA,2012-13,265.0
E06000030,Swindon UA,2012-13,558.0
E06000020,Telford and Wrekin UA,2012-13,682.0
E06000034,Thurrock UA,2012-13,386.0
E06000027,Torbay UA,2012-13,450.0
E06000007,Warrington UA,2012-13,704.0
E06000037,West Berkshire UA,2012-13,555.0
E06000062,West Northamptonshire UA,2012-13,
E06000064,Westmorland and Furness UA,2012-13,
E06000054,Wiltshire UA,2012-13,1989.0
E06000040,Windsor and Maidenhead UA,2012-13,188.0
E06000041,Wokingham UA,2012-13,442.0
E06000014,York UA,2012-13,32.0
,London Boroughs,2012-13,25845.0
E09000002,Barking and Dagenham,2012-13,440.0
E09000003,Barnet,2012-13,1270.0
E09000004,Bexley,2012-13,426.0
E09000005,Brent,2012-13,920.0
E09000006,Bromley,2012-13,856.0
E09000007,Camden,2012-13,678.0
E09000001,City of London,2012-13,37.0
E09000008,Croydon,2012-13,644.0
E09000009,Ealing,2012-13,1323.0
E09000010,Enfield,2012-13,608.0
E09000011,Greenwich,2012-13,372.0
E09000012,Hackney,2012-13,1117.0
E09000013,Hammersmith and Fulham,2012-13,534.0
E09000014,Haringey,2012-13,741.0
E09000015,Harrow,2012-13,806.0
E09000016,Havering,2012-13,547.0
E09000017,Hillingdon,2012-13,1705.0
E09000018,Hounslow,2012-13,551.0
E09000019,Islington,2012-13,1094.0
E09000020,Kensington and Chelsea,2012-13,130.0
E09000021,Kingston upon Thames,2012-13,218.0
E09000022,Lambeth,2012-13,754.0
E09000023,Lewisham,2012-13,1988.0
E09000024,Merton,2012-13,523.0
E09000025,Newham,2012-13,955.0
E09000026,Redbridge,2012-13,434.0
E09000027,Richmond upon Thames,2012-13,433.0
E09000028,Southwark,2012-13,1570.0
E09000029,Sutton,2012-13,308.0
E09000030,Tower Hamlets,2012-13,1473.0
E09000031,Waltham Forest,2012-13,688.0
E09000032,Wandsworth,2012-13,923.0
E09000033,Westminster,2012-13,779.0
,Metropolitan Districts,2012-13,17805.0
E11000001,Greater Manchester (Met County),2012-13,5154.0
E08000001,Bolton,2012-13,407.0
E08000002,Bury,2012-13,286.0
E08000003,Manchester,2012-13,2020.0
E08000004,Oldham,2012-13,372.0
E08000005,Rochdale,2012-13,555.0
E08000006,Salford,2012-13,437.0
E08000007,Stockport,2012-13,365.0
E08000008,Tameside,2012-13,568.0
E08000009,Trafford,2012-13,-4.0
E08000010,Wigan,2012-13,147.0
E11000002,Merseyside (Met County),2012-13,1743.0
E08000011,Knowsley,2012-13,320.0
E08000012,Liverpool,2012-13,256.0
E08000014,Sefton,2012-13,549.0
E08000013,St. Helens,2012-13,304.0
E08000015,Wirral,2012-13,314.0
E11000003,South Yorkshire (Met County),2012-13,1742.0
E08000016,Barnsley,2012-13,717.0
E08000017,Doncaster,2012-13,381.0
E08000018,Rotherham,2012-13,694.0
E08000019,Sheffield,2012-13,-50.0
E11000007,Tyne and Wear (Met County),2012-13,601.0
E08000037,Gateshead,2012-13,188.0
E08000021,Newcastle upon Tyne,2012-13,-412.0
E08000022,North Tyneside,2012-13,397.0
E08000023,South Tyneside,2012-13,144.0
E08000024,Sunderland,2012-13,284.0
E11000005,West Midlands (Met County),2012-13,4652.0
E08000025,Birmingham,2012-13,1120.0
E08000026,Coventry,2012-13,826.0
E08000027,Dudley,2012-13,698.0
E08000028,Sandwell,2012-13,690.0
E08000029,Solihull,2012-13,391.0
E08000030,Walsall,2012-13,427.0
E08000031,Wolverhampton,2012-13,501.0
E11000006,West Yorkshire (Met County),2012-13,3913.0
E08000032,Bradford,2012-13,908.0
E08000033,Calderdale,2012-13,510.0
E08000034,Kirklees,2012-13,258.0
E08000035,Leeds,2012-13,1623.0
E08000036,Wakefield,2012-13,613.0
,Shire Districts,2012-13,55272.0
E10000001,Bedfordshire,2012-13,
E07000002,Bedford,2012-13,
E07000001,Mid Bedfordshire,2012-13,
E07000003,South Bedfordshire,2012-13,
E10000002,Buckinghamshire,2012-13,1740.0
E07000004,Aylesbury Vale,2012-13,950.0
E07000005,Chiltern,2012-13,319.0
E07000006,South Bucks,2012-13,233.0
E07000007,Wycombe,2012-13,238.0
E10000003,Cambridgeshire,2012-13,2212.0
E07000008,Cambridge,2012-13,518.0
E07000009,East Cambridgeshire,2012-13,303.0
E07000010,Fenland,2012-13,349.0
E07000011,Huntingdonshire,2012-13,509.0
E07000012,South Cambridgeshire,2012-13,534.0
E10000004,Cheshire,2012-13,
E07000013,Chester,2012-13,
E07000014,Congleton,2012-13,
E07000015,Crewe and Nantwich,2012-13,
E07000016,Ellesmere Port & Neston,2012-13,
E07000017,Macclesfield,2012-13,
E07000018,Vale Royal,2012-13,
E10000005,Cornwall and Isles of Scilly,2012-13,
E07000019,Caradon,2012-13,
E07000020,Carrick,2012-13,
E07000025,Isles of Scilly,2012-13,
E07000021,Kerrier,2012-13,
E07000022,North Cornwall,2012-13,
E07000023,Penwith,2012-13,
E07000024,Restormel,2012-13,
E10000006,Cumbria,2012-13,1130.0
E07000026,Allerdale,2012-13,208.0
E07000027,Barrow-in-Furness,2012-13,90.0
E07000028,Carlisle,2012-13,121.0
E07000029,Copeland,2012-13,203.0
E07000030,Eden,2012-13,296.0
E07000031,South Lakeland,2012-13,212.0
E10000007,Derbyshire,2012-13,1405.0
E07000032,Amber Valley,2012-13,176.0
E07000033,Bolsover,2012-13,140.0
E07000034,Chesterfield,2012-13,124.0
E07000035,Derbyshire Dales,2012-13,167.0
E07000036,Erewash,2012-13,133.0
E07000037,High Peak,2012-13,205.0
E07000038,North East Derbyshire,2012-13,196.0
E07000039,South Derbyshire,2012-13,263.0
E10000008,Devon,2012-13,2150.0
E07000040,East Devon,2012-13,507.0
E07000041,Exeter,2012-13,95.0
E07000042,Mid Devon,2012-13,313.0
E07000043,North Devon,2012-13,280.0
E07000044,South Hams,2012-13,151.0
E07000045,Teignbridge,2012-13,527.0
E07000046,Torridge,2012-13,189.0
E07000047,West Devon,2012-13,86.0
E10000009,Dorset,2012-13,878.0
E07000048,Christchurch,2012-13,71.0
E07000049,East Dorset,2012-13,27.0
E07000050,North Dorset,2012-13,146.0
E07000051,Purbeck,2012-13,79.0
E07000052,West Dorset,2012-13,363.0
E07000053,Weymouth and Portland,2012-13,192.0
E10000010,Durham,2012-13,
E07000054,Chester-le-Street,2012-13,
E07000055,Derwentside,2012-13,
E07000056,Durham,2012-13,
E07000057,Easington,2012-13,
E07000058,Sedgefield,2012-13,
E07000059,Teesdale,2012-13,
E07000060,Wear Valley,2012-13,
E10000011,East Sussex,2012-13,1303.0
E07000061,Eastbourne,2012-13,174.0
E07000062,Hastings,2012-13,102.0
E07000063,Lewes,2012-13,191.0
E07000064,Rother,2012-13,136.0
E07000065,Wealden,2012-13,700.0
E10000012,Essex,2012-13,3311.0
E07000066,Basildon,2012-13,698.0
E07000067,Braintree,2012-13,123.0
E07000068,Brentwood,2012-13,245.0
E07000069,Castle Point,2012-13,85.0
E07000070,Chelmsford,2012-13,237.0
E07000071,Colchester,2012-13,607.0
E07000072,Epping Forest,2012-13,152.0
E07000073,Harlow,2012-13,145.0
E07000074,Maldon,2012-13,89.0
E07000075,Rochford,2012-13,32.0
E07000076,Tendring,2012-13,354.0
E07000077,Uttlesford,2012-13,545.0
E10000013,Gloucestershire,2012-13,2323.0
E07000078,Cheltenham,2012-13,260.0
E07000079,Cotswold,2012-13,516.0
E07000080,Forest of Dean,2012-13,269.0
E07000081,Gloucester,2012-13,462.0
E07000082,Stroud,2012-13,402.0
E07000083,Tewkesbury,2012-13,414.0
E10000014,Hampshire,2012-13,2976.0
E07000084,Basingstoke and Deane,2012-13,333.0
E07000085,East Hampshire,2012-13,332.0
E07000086,Eastleigh,2012-13,186.0
E07000087,Fareham,2012-13,238.0
E07000088,Gosport,2012-13,30.0
E07000089,Hart,2012-13,201.0
E07000090,Havant,2012-13,215.0
E07000091,New Forest,2012-13,260.0
E07000092,Rushmoor,2012-13,275.0
E07000093,Test Valley,2012-13,671.0
E07000094,Winchester,2012-13,235.0
E10000015,Hertfordshire,2012-13,2941.0
E07000095,Broxbourne,2012-13,188.0
E07000096,Dacorum,2012-13,150.0
E07000242,East Hertfordshire,2012-13,691.0
E07000098,Hertsmere,2012-13,261.0
E07000099,North Hertfordshire,2012-13,316.0
E07000240,St Albans,2012-13,345.0
E07000243,Stevenage,2012-13,80.0
E07000102,Three Rivers,2012-13,195.0
E07000103,Watford,2012-13,596.0
E07000241,Welwyn Hatfield,2012-13,119.0
E10000016,Kent,2012-13,3734.0
E07000105,Ashford,2012-13,329.0
E07000106,Canterbury,2012-13,406.0
E07000107,Dartford,2012-13,369.0
E07000108,Dover,2012-13,149.0
E07000109,Gravesham,2012-13,411.0
E07000110,Maidstone,2012-13,699.0
E07000111,Sevenoaks,2012-13,186.0
E07000112,Folkestone and Hythe,2012-13,195.0
E07000113,Swale,2012-13,573.0
E07000114,Thanet,2012-13,250.0
E07000115,Tonbridge and Malling,2012-13,329.0
E07000116,Tunbridge Wells,2012-13,-163.0
E10000017,Lancashire,2012-13,1857.0
E07000117,Burnley,2012-13,62.0
E07000118,Chorley,2012-13,618.0
E07000119,Fylde,2012-13,138.0
E07000120,Hyndburn,2012-13,11.0
E07000121,Lancaster,2012-13,242.0
E07000122,Pendle,2012-13,39.0
E07000123,Preston,2012-13,-120.0
E07000124,Ribble Valley,2012-13,190.0
E07000125,Rossendale,2012-13,152.0
E07000126,South Ribble,2012-13,114.0
E07000127,West Lancashire,2012-13,146.0
E07000128,Wyre,2012-13,263.0
E10000018,Leicestershire,2012-13,1564.0
E07000129,Blaby,2012-13,232.0
E07000130,Charnwood,2012-13,459.0
E07000131,Harborough,2012-13,308.0
E07000132,Hinckley and Bosworth,2012-13,200.0
E07000133,Melton,2012-13,42.0
E07000134,North West Leicestershire,2012-13,286.0
E07000135,Oadby and Wigston,2012-13,37.0
E10000019,Lincolnshire,2012-13,3931.0
E07000136,Boston,2012-13,78.0
E07000137,East Lindsey,2012-13,2164.0
E07000138,Lincoln,2012-13,234.0
E07000139,North Kesteven,2012-13,334.0
E07000140,South Holland,2012-13,211.0
E07000141,South Kesteven,2012-13,572.0
E07000142,West Lindsey,2012-13,338.0
E10000020,Norfolk,2012-13,2206.0
E07000143,Breckland,2012-13,359.0
E07000144,Broadland,2012-13,167.0
E07000145,Great Yarmouth,2012-13,428.0
E07000146,King's Lynn and West Norfolk,2012-13,-21.0
E07000147,North Norfolk,2012-13,160.0
E07000148,Norwich,2012-13,429.0
E07000149,South Norfolk,2012-13,684.0
E10000021,Northamptonshire,2012-13,2473.0
E07000150,Corby,2012-13,507.0
E07000151,Daventry,2012-13,193.0
E07000152,East Northamptonshire,2012-13,309.0
E07000153,Kettering,2012-13,351.0
E07000154,Northampton,2012-13,658.0
E07000155,South Northamptonshire,2012-13,305.0
E07000156,Wellingborough,2012-13,150.0
E10000022,Northumberland,2012-13,
E07000157,Alnwick,2012-13,
E07000158,Berwick-upon-Tweed,2012-13,
E07000159,Blyth Valley,2012-13,
E07000160,Castle Morpeth,2012-13,
E07000161,Tynedale,2012-13,
E07000162,Wansbeck,2012-13,
E10000023,North Yorkshire,2012-13,875.0
E07000163,Craven,2012-13,85.0
E07000164,Hambleton,2012-13,104.0
E07000165,Harrogate,2012-13,154.0
E07000166,Richmondshire,2012-13,13.0
E07000167,Ryedale,2012-13,200.0
E07000168,Scarborough,2012-13,68.0
E07000169,Selby,2012-13,250.0
E10000024,Nottinghamshire,2012-13,1897.0
E07000170,Ashfield,2012-13,426.0
E07000171,Bassetlaw,2012-13,298.0
E07000172,Broxtowe,2012-13,85.0
E07000173,Gedling,2012-13,219.0
E07000174,Mansfield,2012-13,248.0
E07000175,Newark and Sherwood,2012-13,397.0
E07000176,Rushcliffe,2012-13,224.0
E10000025,Oxfordshire,2012-13,1535.0
E07000177,Cherwell,2012-13,380.0
E07000178,Oxford,2012-13,127.0
E07000179,South Oxfordshire,2012-13,469.0
E07000180,Vale of White Horse,2012-13,262.0
E07000181,West Oxfordshire,2012-13,298.0
E10000026,Shropshire,2012-13,
E07000182,Bridgnorth,2012-13,
E07000183,North Shropshire,2012-13,
E07000184,Oswestry,2012-13,
E07000185,Shrewsbury and Atcham,2012-13,
E07000186,South Shropshire,2012-13,
E10000027,Somerset,2012-13,2077.0
E07000187,Mendip,2012-13,365.0
E07000188,Sedgemoor,2012-13,678.0
E07000189,South Somerset,2012-13,454.0
E07000190,Taunton Deane,2012-13,507.0
E07000191,West Somerset,2012-13,72.0
E07000246,Somerset West and Taunton,2012-13,
E10000028,Staffordshire,2012-13,1300.0
E07000192,Cannock Chase,2012-13,149.0
E07000193,East Staffordshire,2012-13,223.0
E07000194,Lichfield,2012-13,235.0
E07000195,Newcastle-under-Lyme,2012-13,126.0
E07000196,South Staffordshire,2012-13,193.0
E07000197,Stafford,2012-13,208.0
E07000198,Staffordshire Moorlands,2012-13,70.0
E07000199,Tamworth,2012-13,97.0
E10000029,Suffolk,2012-13,1638.0
E07000200,Babergh,2012-13,209.0
E07000201,Forest Heath,2012-13,329.0
E07000202,Ipswich,2012-13,32.0
E07000203,Mid Suffolk,2012-13,273.0
E07000204,St Edmundsbury,2012-13,216.0
E07000205,Suffolk Coastal,2012-13,373.0
E07000206,Waveney,2012-13,205.0
E07000244,East Suffolk,2012-13,
E07000245,West Suffolk,2012-13,
E10000030,Surrey,2012-13,2977.0
E07000207,Elmbridge,2012-13,292.0
E07000208,Epsom and Ewell,2012-13,489.0
E07000209,Guildford,2012-13,162.0
E07000210,Mole Valley,2012-13,144.0
E07000211,Reigate and Banstead,2012-13,497.0
E07000212,Runnymede,2012-13,161.0
E07000213,Spelthorne,2012-13,180.0
E07000214,Surrey Heath,2012-13,260.0
E07000215,Tandridge,2012-13,266.0
E07000216,Waverley,2012-13,222.0
E07000217,Woking,2012-13,304.0
E10000031,Warwickshire,2012-13,1187.0
E07000218,North Warwickshire,2012-13,55.0
E07000219,Nuneaton and Bedworth,2012-13,298.0
E07000220,Rugby,2012-13,362.0
E07000221,Stratford-on-Avon,2012-13,360.0
E07000222,Warwick,2012-13,112.0
E10000032,West Sussex,2012-13,2213.0
E07000223,Adur,2012-13,147.0
E07000224,Arun,2012-13,512.0
E07000225,Chichester,2012-13,398.0
E07000226,Crawley,2012-13,32.0
E07000227,Horsham,2012-13,450.0
E07000228,Mid Sussex,2012-13,488.0
E07000229,Worthing,2012-13,187.0
E10000033,Wiltshire,2012-13,
E07000230,Kennet,2012-13,
E07000231,North Wiltshire,2012-13,
E07000232,Salisbury,2012-13,
E07000233,West Wiltshire,2012-13,
E10000034,Worcestershire,2012-13,1437.0
E07000234,Bromsgrove,2012-13,197.0
E07000235,Malvern Hills,2012-13,162.0
E07000236,Redditch,2012-13,133.0
E07000237,Worcester,2012-13,147.0
E07000238,Wychavon,2012-13,515.0
E07000239,Wyre Forest,2012-13,284.0
E92000001,England,2013-14,142494.0
,Unitary Authorities,2013-14,32942.0
E06000022,Bath and North East Somerset UA,2013-14,557.0
E06000055,Bedford UA,2013-14,1030.0
E06000008,Blackburn with Darwen UA,2013-14,246.0
E06000009,Blackpool UA,2013-14,144.0
E06000028,Bournemouth UA,2013-14,392.0
E06000058,"Bournemouth, Christchurch and Poole UA",2013-14,
E06000036,Bracknell Forest UA,2013-14,272.0
E06000043,Brighton and Hove UA,2013-14,588.0
E06000023,"Bristol, City of UA",2013-14,1210.0
E06000060,Buckinghamshire UA,2013-14,
E06000056,Central Bedfordshire UA,2013-14,1179.0
E06000049,Cheshire East UA,2013-14,844.0
E06000050,Cheshire West and Chester UA,2013-14,880.0
E06000052,Cornwall UA,2013-14,1965.0
E06000047,County Durham UA,2013-14,951.0
E06000063,Cumberland UA,2013-14,
E06000005,Darlington UA,2013-14,244.0
E06000015,Derby UA,2013-14,463.0
E06000059,Dorset UA,2013-14,
E06000011,East Riding of Yorkshire UA,2013-14,2474.0
E06000006,Halton UA,2013-14,375.0
E06000001,Hartlepool UA,2013-14,49.0
E06000019,"Herefordshire, County of UA",2013-14,417.0
E06000046,Isle of Wight UA,2013-14,510.0
E06000053,Isles of Scilly UA,2013-14,-11.0
E06000010,"Kingston upon Hull, City of UA",2013-14,266.0
E06000016,Leicester UA,2013-14,630.0
E06000032,Luton UA,2013-14,254.0
E06000035,Medway UA,2013-14,584.0
E06000002,Middlesbrough UA,2013-14,139.0
E06000042,Milton Keynes UA,2013-14,1254.0
E06000012,North East Lincolnshire UA,2013-14,159.0
E06000013,North Lincolnshire UA,2013-14,260.0
E06000061,North Northamptonshire UA,2013-14,
E06000024,North Somerset UA,2013-14,853.0
E06000065,North Yorkshire UA,2013-14,
E06000057,Northumberland UA,2013-14,477.0
E06000018,Nottingham UA,2013-14,-284.0
E06000031,Peterborough UA,2013-14,974.0
E06000026,Plymouth UA,2013-14,828.0
E06000029,Poole UA,2013-14,176.0
E06000044,Portsmouth UA,2013-14,230.0
E06000038,Reading UA,2013-14,440.0
E06000003,Redcar and Cleveland UA,2013-14,251.0
E06000017,Rutland UA,2013-14,145.0
E06000051,Shropshire UA,2013-14,665.0
E06000039,Slough UA,2013-14,329.0
E06000066,Somerset UA,2013-14,
E06000025,South Gloucestershire UA,2013-14,1035.0
E06000045,Southampton UA,2013-14,380.0
E06000033,Southend-on-Sea UA,2013-14,204.0
E06000004,Stockton-on-Tees UA,2013-14,342.0
E06000021,Stoke-on-Trent UA,2013-14,476.0
E06000030,Swindon UA,2013-14,554.0
E06000020,Telford and Wrekin UA,2013-14,917.0
E06000034,Thurrock UA,2013-14,398.0
E06000027,Torbay UA,2013-14,603.0
E06000007,Warrington UA,2013-14,750.0
E06000037,West Berkshire UA,2013-14,450.0
E06000062,West Northamptonshire UA,2013-14,
E06000064,Westmorland and Furness UA,2013-14,
E06000054,Wiltshire UA,2013-14,2519.0
E06000040,Windsor and Maidenhead UA,2013-14,355.0
E06000041,Wokingham UA,2013-14,534.0
E06000014,York UA,2013-14,12.0
,London Boroughs,2013-14,28383.0
E09000002,Barking and Dagenham,2013-14,665.0
E09000003,Barnet,2013-14,1009.0
E09000004,Bexley,2013-14,536.0
E09000005,Brent,2013-14,992.0
E09000006,Bromley,2013-14,313.0
E09000007,Camden,2013-14,568.0
E09000001,City of London,2013-14,439.0
E09000008,Croydon,2013-14,1048.0
E09000009,Ealing,2013-14,1102.0
E09000010,Enfield,2013-14,571.0
E09000011,Greenwich,2013-14,1370.0
E09000012,Hackney,2013-14,1442.0
E09000013,Hammersmith and Fulham,2013-14,740.0
E09000014,Haringey,2013-14,638.0
E09000015,Harrow,2013-14,386.0
E09000016,Havering,2013-14,466.0
E09000017,Hillingdon,2013-14,792.0
E09000018,Hounslow,2013-14,1005.0
E09000019,Islington,2013-14,1418.0
E09000020,Kensington and Chelsea,2013-14,668.0
E09000021,Kingston upon Thames,2013-14,276.0
E09000022,Lambeth,2013-14,1473.0
E09000023,Lewisham,2013-14,904.0
E09000024,Merton,2013-14,550.0
E09000025,Newham,2013-14,2254.0
E09000026,Redbridge,2013-14,428.0
E09000027,Richmond upon Thames,2013-14,312.0
E09000028,Southwark,2013-14,1974.0
E09000029,Sutton,2013-14,381.0
E09000030,Tower Hamlets,2013-14,1172.0
E09000031,Waltham Forest,2013-14,609.0
E09000032,Wandsworth,2013-14,1165.0
E09000033,Westminster,2013-14,717.0
,Metropolitan Districts,2013-14,19905.0
E11000001,Greater Manchester (Met County),2013-14,3970.0
E08000001,Bolton,2013-14,392.0
E08000002,Bury,2013-14,278.0
E08000003,Manchester,2013-14,401.0
E08000004,Oldham,2013-14,446.0
E08000005,Rochdale,2013-14,374.0
E08000006,Salford,2013-14,731.0
E08000007,Stockport,2013-14,363.0
E08000008,Tameside,2013-14,422.0
E08000009,Trafford,2013-14,36.0
E08000010,Wigan,2013-14,526.0
E11000002,Merseyside (Met County),2013-14,2288.0
E08000011,Knowsley,2013-14,484.0
E08000012,Liverpool,2013-14,362.0
E08000014,Sefton,2013-14,486.0
E08000013,St. Helens,2013-14,592.0
E08000015,Wirral,2013-14,364.0
E11000003,South Yorkshire (Met County),2013-14,2372.0
E08000016,Barnsley,2013-14,809.0
E08000017,Doncaster,2013-14,719.0
E08000018,Rotherham,2013-14,738.0
E08000019,Sheffield,2013-14,106.0
E11000007,Tyne and Wear (Met County),2013-14,1034.0
E08000037,Gateshead,2013-14,0.0
E08000021,Newcastle upon Tyne,2013-14,20.0
E08000022,North Tyneside,2013-14,325.0
E08000023,South Tyneside,2013-14,134.0
E08000024,Sunderland,2013-14,555.0
E11000005,West Midlands (Met County),2013-14,4945.0
E08000025,Birmingham,2013-14,1346.0
E08000026,Coventry,2013-14,936.0
E08000027,Dudley,2013-14,663.0
E08000028,Sandwell,2013-14,633.0
E08000029,Solihull,2013-14,188.0
E08000030,Walsall,2013-14,731.0
E08000031,Wolverhampton,2013-14,449.0
E11000006,West Yorkshire (Met County),2013-14,5296.0
E08000032,Bradford,2013-14,1061.0
E08000033,Calderdale,2013-14,342.0
E08000034,Kirklees,2013-14,713.0
E08000035,Leeds,2013-14,2294.0
E08000036,Wakefield,2013-14,885.0
,Shire Districts,2013-14,61264.0
E10000001,Bedfordshire,2013-14,
E07000002,Bedford,2013-14,
E07000001,Mid Bedfordshire,2013-14,
E07000003,South Bedfordshire,2013-14,
E10000002,Buckinghamshire,2013-14,1609.0
E07000004,Aylesbury Vale,2013-14,1007.0
E07000005,Chiltern,2013-14,168.0
E07000006,South Bucks,2013-14,149.0
E07000007,Wycombe,2013-14,285.0
E10000003,Cambridgeshire,2013-14,3262.0
E07000008,Cambridge,2013-14,1332.0
E07000009,East Cambridgeshire,2013-14,207.0
E07000010,Fenland,2013-14,368.0
E07000011,Huntingdonshire,2013-14,773.0
E07000012,South Cambridgeshire,2013-14,583.0
E10000004,Cheshire,2013-14,
E07000013,Chester,2013-14,
E07000014,Congleton,2013-14,
E07000015,Crewe and Nantwich,2013-14,
E07000016,Ellesmere Port & Neston,2013-14,
E07000017,Macclesfield,2013-14,
E07000018,Vale Royal,2013-14,
E10000005,Cornwall and Isles of Scilly,2013-14,
E07000019,Caradon,2013-14,
E07000020,Carrick,2013-14,
E07000025,Isles of Scilly,2013-14,
E07000021,Kerrier,2013-14,
E07000022,North Cornwall,2013-14,
E07000023,Penwith,2013-14,
E07000024,Restormel,2013-14,
E10000006,Cumbria,2013-14,1114.0
E07000026,Allerdale,2013-14,211.0
E07000027,Barrow-in-Furness,2013-14,120.0
E07000028,Carlisle,2013-14,95.0
E07000029,Copeland,2013-14,190.0
E07000030,Eden,2013-14,278.0
E07000031,South Lakeland,2013-14,220.0
E10000007,Derbyshire,2013-14,1281.0
E07000032,Amber Valley,2013-14,242.0
E07000033,Bolsover,2013-14,156.0
E07000034,Chesterfield,2013-14,126.0
E07000035,Derbyshire Dales,2013-14,52.0
E07000036,Erewash,2013-14,191.0
E07000037,High Peak,2013-14,34.0
E07000038,North East Derbyshire,2013-14,106.0
E07000039,South Derbyshire,2013-14,374.0
E10000008,Devon,2013-14,3327.0
E07000040,East Devon,2013-14,886.0
E07000041,Exeter,2013-14,408.0
E07000042,Mid Devon,2013-14,314.0
E07000043,North Devon,2013-14,395.0
E07000044,South Hams,2013-14,153.0
E07000045,Teignbridge,2013-14,883.0
E07000046,Torridge,2013-14,170.0
E07000047,West Devon,2013-14,116.0
E10000009,Dorset,2013-14,1025.0
E07000048,Christchurch,2013-14,148.0
E07000049,East Dorset,2013-14,156.0
E07000050,North Dorset,2013-14,228.0
E07000051,Purbeck,2013-14,73.0
E07000052,West Dorset,2013-14,279.0
E07000053,Weymouth and Portland,2013-14,141.0
E10000010,Durham,2013-14,
E07000054,Chester-le-Street,2013-14,
E07000055,Derwentside,2013-14,
E07000056,Durham,2013-14,
E07000057,Easington,2013-14,
E07000058,Sedgefield,2013-14,
E07000059,Teesdale,2013-14,
E07000060,Wear Valley,2013-14,
E10000011,East Sussex,2013-14,1226.0
E07000061,Eastbourne,2013-14,258.0
E07000062,Hastings,2013-14,102.0
E07000063,Lewes,2013-14,85.0
E07000064,Rother,2013-14,196.0
E07000065,Wealden,2013-14,586.0
E10000012,Essex,2013-14,3171.0
E07000066,Basildon,2013-14,172.0
E07000067,Braintree,2013-14,128.0
E07000068,Brentwood,2013-14,136.0
E07000069,Castle Point,2013-14,140.0
E07000070,Chelmsford,2013-14,455.0
E07000071,Colchester,2013-14,706.0
E07000072,Epping Forest,2013-14,336.0
E07000073,Harlow,2013-14,110.0
E07000074,Maldon,2013-14,44.0
E07000075,Rochford,2013-14,242.0
E07000076,Tendring,2013-14,314.0
E07000077,Uttlesford,2013-14,388.0
E10000013,Gloucestershire,2013-14,2693.0
E07000078,Cheltenham,2013-14,399.0
E07000079,Cotswold,2013-14,385.0
E07000080,Forest of Dean,2013-14,382.0
E07000081,Gloucester,2013-14,516.0
E07000082,Stroud,2013-14,471.0
E07000083,Tewkesbury,2013-14,540.0
E10000014,Hampshire,2013-14,3164.0
E07000084,Basingstoke and Deane,2013-14,563.0
E07000085,East Hampshire,2013-14,354.0
E07000086,Eastleigh,2013-14,300.0
E07000087,Fareham,2013-14,152.0
E07000088,Gosport,2013-14,-78.0
E07000089,Hart,2013-14,270.0
E07000090,Havant,2013-14,166.0
E07000091,New Forest,2013-14,181.0
E07000092,Rushmoor,2013-14,214.0
E07000093,Test Valley,2013-14,542.0
E07000094,Winchester,2013-14,500.0
E10000015,Hertfordshire,2013-14,2626.0
E07000095,Broxbourne,2013-14,101.0
E07000096,Dacorum,2013-14,114.0
E07000242,East Hertfordshire,2013-14,358.0
E07000098,Hertsmere,2013-14,420.0
E07000099,North Hertfordshire,2013-14,284.0
E07000240,St Albans,2013-14,377.0
E07000243,Stevenage,2013-14,168.0
E07000102,Three Rivers,2013-14,166.0
E07000103,Watford,2013-14,453.0
E07000241,Welwyn Hatfield,2013-14,185.0
E10000016,Kent,2013-14,3633.0
E07000105,Ashford,2013-14,182.0
E07000106,Canterbury,2013-14,418.0
E07000107,Dartford,2013-14,549.0
E07000108,Dover,2013-14,119.0
E07000109,Gravesham,2013-14,145.0
E07000110,Maidstone,2013-14,494.0
E07000111,Sevenoaks,2013-14,277.0
E07000112,Folkestone and Hythe,2013-14,87.0
E07000113,Swale,2013-14,649.0
E07000114,Thanet,2013-14,377.0
E07000115,Tonbridge and Malling,2013-14,508.0
E07000116,Tunbridge Wells,2013-14,-173.0
E10000017,Lancashire,2013-14,2647.0
E07000117,Burnley,2013-14,205.0
E07000118,Chorley,2013-14,562.0
E07000119,Fylde,2013-14,210.0
E07000120,Hyndburn,2013-14,193.0
E07000121,Lancaster,2013-14,210.0
E07000122,Pendle,2013-14,73.0
E07000123,Preston,2013-14,-59.0
E07000124,Ribble Valley,2013-14,194.0
E07000125,Rossendale,2013-14,240.0
E07000126,South Ribble,2013-14,171.0
E07000127,West Lancashire,2013-14,379.0
E07000128,Wyre,2013-14,267.0
E10000018,Leicestershire,2013-14,2086.0
E07000129,Blaby,2013-14,243.0
E07000130,Charnwood,2013-14,558.0
E07000131,Harborough,2013-14,359.0
E07000132,Hinckley and Bosworth,2013-14,453.0
E07000133,Melton,2013-14,30.0
E07000134,North West Leicestershire,2013-14,403.0
E07000135,Oadby and Wigston,2013-14,40.0
E10000019,Lincolnshire,2013-14,4286.0
E07000136,Boston,2013-14,188.0
E07000137,East Lindsey,2013-14,2276.0
E07000138,Lincoln,2013-14,268.0
E07000139,North Kesteven,2013-14,252.0
E07000140,South Holland,2013-14,266.0
E07000141,South Kesteven,2013-14,611.0
E07000142,West Lindsey,2013-14,426.0
E10000020,Norfolk,2013-14,2480.0
E07000143,Breckland,2013-14,456.0
E07000144,Broadland,2013-14,353.0
E07000145,Great Yarmouth,2013-14,400.0
E07000146,King's Lynn and West Norfolk,2013-14,31.0
E07000147,North Norfolk,2013-14,240.0
E07000148,Norwich,2013-14,312.0
E07000149,South Norfolk,2013-14,689.0
E10000021,Northamptonshire,2013-14,3249.0
E07000150,Corby,2013-14,357.0
E07000151,Daventry,2013-14,301.0
E07000152,East Northamptonshire,2013-14,374.0
E07000153,Kettering,2013-14,540.0
E07000154,Northampton,2013-14,976.0
E07000155,South Northamptonshire,2013-14,412.0
E07000156,Wellingborough,2013-14,289.0
E10000022,Northumberland,2013-14,
E07000157,Alnwick,2013-14,
E07000158,Berwick-upon-Tweed,2013-14,
E07000159,Blyth Valley,2013-14,
E07000160,Castle Morpeth,2013-14,
E07000161,Tynedale,2013-14,
E07000162,Wansbeck,2013-14,
E10000023,North Yorkshire,2013-14,1076.0
E07000163,Craven,2013-14,-1.0
E07000164,Hambleton,2013-14,158.0
E07000165,Harrogate,2013-14,208.0
E07000166,Richmondshire,2013-14,39.0
E07000167,Ryedale,2013-14,216.0
E07000168,Scarborough,2013-14,157.0
E07000169,Selby,2013-14,298.0
E10000024,Nottinghamshire,2013-14,2093.0
E07000170,Ashfield,2013-14,446.0
E07000171,Bassetlaw,2013-14,317.0
E07000172,Broxtowe,2013-14,165.0
E07000173,Gedling,2013-14,313.0
E07000174,Mansfield,2013-14,333.0
E07000175,Newark and Sherwood,2013-14,305.0
E07000176,Rushcliffe,2013-14,214.0
E10000025,Oxfordshire,2013-14,1626.0
E07000177,Cherwell,2013-14,448.0
E07000178,Oxford,2013-14,-16.0
E07000179,South Oxfordshire,2013-14,507.0
E07000180,Vale of White Horse,2013-14,482.0
E07000181,West Oxfordshire,2013-14,206.0
E10000026,Shropshire,2013-14,
E07000182,Bridgnorth,2013-14,
E07000183,North Shropshire,2013-14,
E07000184,Oswestry,2013-14,
E07000185,Shrewsbury and Atcham,2013-14,
E07000186,South Shropshire,2013-14,
E10000027,Somerset,2013-14,2139.0
E07000187,Mendip,2013-14,345.0
E07000188,Sedgemoor,2013-14,517.0
E07000189,South Somerset,2013-14,539.0
E07000190,Taunton Deane,2013-14,630.0
E07000191,West Somerset,2013-14,107.0
E07000246,Somerset West and Taunton,2013-14,
E10000028,Staffordshire,2013-14,1295.0
E07000192,Cannock Chase,2013-14,243.0
E07000193,East Staffordshire,2013-14,187.0
E07000194,Lichfield,2013-14,318.0
E07000195,Newcastle-under-Lyme,2013-14,173.0
E07000196,South Staffordshire,2013-14,165.0
E07000197,Stafford,2013-14,156.0
E07000198,Staffordshire Moorlands,2013-14,52.0
E07000199,Tamworth,2013-14,2.0
E10000029,Suffolk,2013-14,1871.0
E07000200,Babergh,2013-14,281.0
E07000201,Forest Heath,2013-14,257.0
E07000202,Ipswich,2013-14,103.0
E07000203,Mid Suffolk,2013-14,523.0
E07000204,St Edmundsbury,2013-14,229.0
E07000205,Suffolk Coastal,2013-14,264.0
E07000206,Waveney,2013-14,213.0
E07000244,East Suffolk,2013-14,
E07000245,West Suffolk,2013-14,
E10000030,Surrey,2013-14,2385.0
E07000207,Elmbridge,2013-14,287.0
E07000208,Epsom and Ewell,2013-14,203.0
E07000209,Guildford,2013-14,64.0
E07000210,Mole Valley,2013-14,97.0
E07000211,Reigate and Banstead,2013-14,464.0
E07000212,Runnymede,2013-14,68.0
E07000213,Spelthorne,2013-14,201.0
E07000214,Surrey Heath,2013-14,170.0
E07000215,Tandridge,2013-14,302.0
E07000216,Waverley,2013-14,129.0
E07000217,Woking,2013-14,400.0
E10000031,Warwickshire,2013-14,1160.0
E07000218,North Warwickshire,2013-14,72.0
E07000219,Nuneaton and Bedworth,2013-14,172.0
E07000220,Rugby,2013-14,423.0
E07000221,Stratford-on-Avon,2013-14,322.0
E07000222,Warwick,2013-14,171.0
E10000032,West Sussex,2013-14,2566.0
E07000223,Adur,2013-14,88.0
E07000224,Arun,2013-14,397.0
E07000225,Chichester,2013-14,329.0
E07000226,Crawley,2013-14,120.0
E07000227,Horsham,2013-14,792.0
E07000228,Mid Sussex,2013-14,581.0
E07000229,Worthing,2013-14,260.0
E10000033,Wiltshire,2013-14,
E07000230,Kennet,2013-14,
E07000231,North Wiltshire,2013-14,
E07000232,Salisbury,2013-14,
E07000233,West Wiltshire,2013-14,
E10000034,Worcestershire,2013-14,2172.0
E07000234,Bromsgrove,2013-14,248.0
E07000235,Malvern Hills,2013-14,170.0
E07000236,Redditch,2013-14,174.0
E07000237,Worcester,2013-14,288.0
E07000238,Wychavon,2013-14,852.0
E07000239,Wyre Forest,2013-14,441.0
E92000001,England,2014-15,176582.0
,Unitary Authorities,2014-15,42329.0
E06000022,Bath and North East Somerset UA,2014-15,640.0
E06000055,Bedford UA,2014-15,862.0
E06000008,Blackburn with Darwen UA,2014-15,235.0
E06000009,Blackpool UA,2014-15,294.0
E06000028,Bournemouth UA,2014-15,962.0
E06000058,"Bournemouth, Christchurch and Poole UA",2014-15,
E06000036,Bracknell Forest UA,2014-15,334.0
E06000043,Brighton and Hove UA,2014-15,733.0
E06000023,"Bristol, City of UA",2014-15,1377.0
E06000060,Buckinghamshire UA,2014-15,
E06000056,Central Bedfordshire UA,2014-15,1437.0
E06000049,Cheshire East UA,2014-15,1258.0
E06000050,Cheshire West and Chester UA,2014-15,1481.0
E06000052,Cornwall UA,2014-15,2638.0
E06000047,County Durham UA,2014-15,1234.0
E06000063,Cumberland UA,2014-15,
E06000005,Darlington UA,2014-15,470.0
E06000015,Derby UA,2014-15,444.0
E06000059,Dorset UA,2014-15,
E06000011,East Riding of Yorkshire UA,2014-15,1737.0
E06000006,Halton UA,2014-15,428.0
E06000001,Hartlepool UA,2014-15,341.0
E06000019,"Herefordshire, County of UA",2014-15,556.0
E06000046,Isle of Wight UA,2014-15,713.0
E06000053,Isles of Scilly UA,2014-15,-11.0
E06000010,"Kingston upon Hull, City of UA",2014-15,819.0
E06000016,Leicester UA,2014-15,666.0
E06000032,Luton UA,2014-15,257.0
E06000035,Medway UA,2014-15,491.0
E06000002,Middlesbrough UA,2014-15,645.0
E06000042,Milton Keynes UA,2014-15,1442.0
E06000012,North East Lincolnshire UA,2014-15,211.0
E06000013,North Lincolnshire UA,2014-15,241.0
E06000061,North Northamptonshire UA,2014-15,
E06000024,North Somerset UA,2014-15,765.0
E06000065,North Yorkshire UA,2014-15,
E06000057,Northumberland UA,2014-15,1365.0
E06000018,Nottingham UA,2014-15,276.0
E06000031,Peterborough UA,2014-15,1453.0
E06000026,Plymouth UA,2014-15,775.0
E06000029,Poole UA,2014-15,299.0
E06000044,Portsmouth UA,2014-15,413.0
E06000038,Reading UA,2014-15,714.0
E06000003,Redcar and Cleveland UA,2014-15,489.0
E06000017,Rutland UA,2014-15,203.0
E06000051,Shropshire UA,2014-15,1006.0
E06000039,Slough UA,2014-15,404.0
E06000066,Somerset UA,2014-15,
E06000025,South Gloucestershire UA,2014-15,1164.0
E06000045,Southampton UA,2014-15,1298.0
E06000033,Southend-on-Sea UA,2014-15,277.0
E06000004,Stockton-on-Tees UA,2014-15,425.0
E06000021,Stoke-on-Trent UA,2014-15,503.0
E06000030,Swindon UA,2014-15,645.0
E06000020,Telford and Wrekin UA,2014-15,1149.0
E06000034,Thurrock UA,2014-15,384.0
E06000027,Torbay UA,2014-15,500.0
E06000007,Warrington UA,2014-15,744.0
E06000037,West Berkshire UA,2014-15,499.0
E06000062,West Northamptonshire UA,2014-15,
E06000064,Westmorland and Furness UA,2014-15,
E06000054,Wiltshire UA,2014-15,2411.0
E06000040,Windsor and Maidenhead UA,2014-15,509.0
E06000041,Wokingham UA,2014-15,495.0
E06000014,York UA,2014-15,228.0
,London Boroughs,2014-15,31649.0
E09000002,Barking and Dagenham,2014-15,448.0
E09000003,Barnet,2014-15,1220.0
E09000004,Bexley,2014-15,818.0
E09000005,Brent,2014-15,1817.0
E09000006,Bromley,2014-15,575.0
E09000007,Camden,2014-15,553.0
E09000001,City of London,2014-15,228.0
E09000008,Croydon,2014-15,1276.0
E09000009,Ealing,2014-15,1230.0
E09000010,Enfield,2014-15,458.0
E09000011,Greenwich,2014-15,1406.0
E09000012,Hackney,2014-15,1575.0
E09000013,Hammersmith and Fulham,2014-15,1474.0
E09000014,Haringey,2014-15,297.0
E09000015,Harrow,2014-15,501.0
E09000016,Havering,2014-15,952.0
E09000017,Hillingdon,2014-15,783.0
E09000018,Hounslow,2014-15,716.0
E09000019,Islington,2014-15,673.0
E09000020,Kensington and Chelsea,2014-15,1056.0
E09000021,Kingston upon Thames,2014-15,541.0
E09000022,Lambeth,2014-15,1630.0
E09000023,Lewisham,2014-15,1658.0
E09000024,Merton,2014-15,535.0
E09000025,Newham,2014-15,2335.0
E09000026,Redbridge,2014-15,427.0
E09000027,Richmond upon Thames,2014-15,189.0
E09000028,Southwark,2014-15,1464.0
E09000029,Sutton,2014-15,508.0
E09000030,Tower Hamlets,2014-15,1428.0
E09000031,Waltham Forest,2014-15,891.0
E09000032,Wandsworth,2014-15,1050.0
E09000033,Westminster,2014-15,936.0
,Metropolitan Districts,2014-15,25688.0
E11000001,Greater Manchester (Met County),2014-15,5226.0
E08000001,Bolton,2014-15,533.0
E08000002,Bury,2014-15,555.0
E08000003,Manchester,2014-15,674.0
E08000004,Oldham,2014-15,613.0
E08000005,Rochdale,2014-15,420.0
E08000006,Salford,2014-15,863.0
E08000007,Stockport,2014-15,421.0
E08000008,Tameside,2014-15,418.0
E08000009,Trafford,2014-15,270.0
E08000010,Wigan,2014-15,458.0
E11000002,Merseyside (Met County),2014-15,3426.0
E08000011,Knowsley,2014-15,658.0
E08000012,Liverpool,2014-15,869.0
E08000014,Sefton,2014-15,628.0
E08000013,St. Helens,2014-15,672.0
E08000015,Wirral,2014-15,599.0
E11000003,South Yorkshire (Met County),2014-15,3309.0
E08000016,Barnsley,2014-15,680.0
E08000017,Doncaster,2014-15,857.0
E08000018,Rotherham,2014-15,818.0
E08000019,Sheffield,2014-15,954.0
E11000007,Tyne and Wear (Met County),2014-15,1938.0
E08000037,Gateshead,2014-15,-17.0
E08000021,Newcastle upon Tyne,2014-15,261.0
E08000022,North Tyneside,2014-15,360.0
E08000023,South Tyneside,2014-15,393.0
E08000024,Sunderland,2014-15,941.0
E11000005,West Midlands (Met County),2014-15,6435.0
E08000025,Birmingham,2014-15,1557.0
E08000026,Coventry,2014-15,956.0
E08000027,Dudley,2014-15,695.0
E08000028,Sandwell,2014-15,1021.0
E08000029,Solihull,2014-15,730.0
E08000030,Walsall,2014-15,780.0
E08000031,Wolverhampton,2014-15,697.0
E11000006,West Yorkshire (Met County),2014-15,5354.0
E08000032,Bradford,2014-15,1321.0
E08000033,Calderdale,2014-15,579.0
E08000034,Kirklees,2014-15,198.0
E08000035,Leeds,2014-15,2044.0
E08000036,Wakefield,2014-15,1211.0
,Shire Districts,2014-15,76916.0
E10000001,Bedfordshire,2014-15,
E07000002,Bedford,2014-15,
E07000001,Mid Bedfordshire,2014-15,
E07000003,South Bedfordshire,2014-15,
E10000002,Buckinghamshire,2014-15,2150.0
E07000004,Aylesbury Vale,2014-15,1440.0
E07000005,Chiltern,2014-15,124.0
E07000006,South Bucks,2014-15,147.0
E07000007,Wycombe,2014-15,439.0
E10000003,Cambridgeshire,2014-15,2983.0
E07000008,Cambridge,2014-15,749.0
E07000009,East Cambridgeshire,2014-15,178.0
E07000010,Fenland,2014-15,635.0
E07000011,Huntingdonshire,2014-15,606.0
E07000012,South Cambridgeshire,2014-15,816.0
E10000004,Cheshire,2014-15,
E07000013,Chester,2014-15,
E07000014,Congleton,2014-15,
E07000015,Crewe and Nantwich,2014-15,
E07000016,Ellesmere Port & Neston,2014-15,
E07000017,Macclesfield,2014-15,
E07000018,Vale Royal,2014-15,
E10000005,Cornwall and Isles of Scilly,2014-15,
E07000019,Caradon,2014-15,
E07000020,Carrick,2014-15,
E07000025,Isles of Scilly,2014-15,
E07000021,Kerrier,2014-15,
E07000022,North Cornwall,2014-15,
E07000023,Penwith,2014-15,
E07000024,Restormel,2014-15,
E10000006,Cumbria,2014-15,1515.0
E07000026,Allerdale,2014-15,313.0
E07000027,Barrow-in-Furness,2014-15,128.0
E07000028,Carlisle,2014-15,324.0
E07000029,Copeland,2014-15,173.0
E07000030,Eden,2014-15,252.0
E07000031,South Lakeland,2014-15,324.0
E10000007,Derbyshire,2014-15,1766.0
E07000032,Amber Valley,2014-15,244.0
E07000033,Bolsover,2014-15,274.0
E07000034,Chesterfield,2014-15,155.0
E07000035,Derbyshire Dales,2014-15,60.0
E07000036,Erewash,2014-15,190.0
E07000037,High Peak,2014-15,135.0
E07000038,North East Derbyshire,2014-15,300.0
E07000039,South Derbyshire,2014-15,409.0
E10000008,Devon,2014-15,3799.0
E07000040,East Devon,2014-15,1126.0
E07000041,Exeter,2014-15,572.0
E07000042,Mid Devon,2014-15,311.0
E07000043,North Devon,2014-15,314.0
E07000044,South Hams,2014-15,135.0
E07000045,Teignbridge,2014-15,703.0
E07000046,Torridge,2014-15,508.0
E07000047,West Devon,2014-15,128.0
E10000009,Dorset,2014-15,973.0
E07000048,Christchurch,2014-15,153.0
E07000049,East Dorset,2014-15,171.0
E07000050,North Dorset,2014-15,181.0
E07000051,Purbeck,2014-15,68.0
E07000052,West Dorset,2014-15,251.0
E07000053,Weymouth and Portland,2014-15,149.0
E10000010,Durham,2014-15,
E07000054,Chester-le-Street,2014-15,
E07000055,Derwentside,2014-15,
E07000056,Durham,2014-15,
E07000057,Easington,2014-15,
E07000058,Sedgefield,2014-15,
E07000059,Teesdale,2014-15,
E07000060,Wear Valley,2014-15,
E10000011,East Sussex,2014-15,1423.0
E07000061,Eastbourne,2014-15,172.0
E07000062,Hastings,2014-15,121.0
E07000063,Lewes,2014-15,249.0
E07000064,Rother,2014-15,222.0
E07000065,Wealden,2014-15,658.0
E10000012,Essex,2014-15,4651.0
E07000066,Basildon,2014-15,732.0
E07000067,Braintree,2014-15,355.0
E07000068,Brentwood,2014-15,190.0
E07000069,Castle Point,2014-15,177.0
E07000070,Chelmsford,2014-15,810.0
E07000071,Colchester,2014-15,721.0
E07000072,Epping Forest,2014-15,260.0
E07000073,Harlow,2014-15,197.0
E07000074,Maldon,2014-15,38.0
E07000075,Rochford,2014-15,330.0
E07000076,Tendring,2014-15,377.0
E07000077,Uttlesford,2014-15,466.0
E10000013,Gloucestershire,2014-15,2829.0
E07000078,Cheltenham,2014-15,273.0
E07000079,Cotswold,2014-15,452.0
E07000080,Forest of Dean,2014-15,411.0
E07000081,Gloucester,2014-15,602.0
E07000082,Stroud,2014-15,567.0
E07000083,Tewkesbury,2014-15,524.0
E10000014,Hampshire,2014-15,3835.0
E07000084,Basingstoke and Deane,2014-15,454.0
E07000085,East Hampshire,2014-15,537.0
E07000086,Eastleigh,2014-15,68.0
E07000087,Fareham,2014-15,285.0
E07000088,Gosport,2014-15,-13.0
E07000089,Hart,2014-15,342.0
E07000090,Havant,2014-15,458.0
E07000091,New Forest,2014-15,212.0
E07000092,Rushmoor,2014-15,319.0
E07000093,Test Valley,2014-15,883.0
E07000094,Winchester,2014-15,290.0
E10000015,Hertfordshire,2014-15,2910.0
E07000095,Broxbourne,2014-15,182.0
E07000096,Dacorum,2014-15,276.0
E07000242,East Hertfordshire,2014-15,536.0
E07000098,Hertsmere,2014-15,361.0
E07000099,North Hertfordshire,2014-15,205.0
E07000240,St Albans,2014-15,315.0
E07000243,Stevenage,2014-15,141.0
E07000102,Three Rivers,2014-15,304.0
E07000103,Watford,2014-15,301.0
E07000241,Welwyn Hatfield,2014-15,289.0
E10000016,Kent,2014-15,4771.0
E07000105,Ashford,2014-15,450.0
E07000106,Canterbury,2014-15,214.0
E07000107,Dartford,2014-15,512.0
E07000108,Dover,2014-15,286.0
E07000109,Gravesham,2014-15,256.0
E07000110,Maidstone,2014-15,651.0
E07000111,Sevenoaks,2014-15,244.0
E07000112,Folkestone and Hythe,2014-15,313.0
E07000113,Swale,2014-15,821.0
E07000114,Thanet,2014-15,439.0
E07000115,Tonbridge and Malling,2014-15,418.0
E07000116,Tunbridge Wells,2014-15,166.0
E10000017,Lancashire,2014-15,3772.0
E07000117,Burnley,2014-15,70.0
E07000118,Chorley,2014-15,703.0
E07000119,Fylde,2014-15,183.0
E07000120,Hyndburn,2014-15,145.0
E07000121,Lancaster,2014-15,501.0
E07000122,Pendle,2014-15,93.0
E07000123,Preston,2014-15,295.0
E07000124,Ribble Valley,2014-15,362.0
E07000125,Rossendale,2014-15,233.0
E07000126,South Ribble,2014-15,437.0
E07000127,West Lancashire,2014-15,379.0
E07000128,Wyre,2014-15,369.0
E10000018,Leicestershire,2014-15,3095.0
E07000129,Blaby,2014-15,347.0
E07000130,Charnwood,2014-15,679.0
E07000131,Harborough,2014-15,509.0
E07000132,Hinckley and Bosworth,2014-15,725.0
E07000133,Melton,2014-15,56.0
E07000134,North West Leicestershire,2014-15,670.0
E07000135,Oadby and Wigston,2014-15,109.0
E10000019,Lincolnshire,2014-15,4677.0
E07000136,Boston,2014-15,123.0
E07000137,East Lindsey,2014-15,2429.0
E07000138,Lincoln,2014-15,188.0
E07000139,North Kesteven,2014-15,458.0
E07000140,South Holland,2014-15,267.0
E07000141,South Kesteven,2014-15,724.0
E07000142,West Lindsey,2014-15,488.0
E10000020,Norfolk,2014-15,3087.0
E07000143,Breckland,2014-15,522.0
E07000144,Broadland,2014-15,419.0
E07000145,Great Yarmouth,2014-15,436.0
E07000146,King's Lynn and West Norfolk,2014-15,-58.0
E07000147,North Norfolk,2014-15,421.0
E07000148,Norwich,2014-15,301.0
E07000149,South Norfolk,2014-15,1046.0
E10000021,Northamptonshire,2014-15,3491.0
E07000150,Corby,2014-15,414.0
E07000151,Daventry,2014-15,457.0
E07000152,East Northamptonshire,2014-15,520.0
E07000153,Kettering,2014-15,282.0
E07000154,Northampton,2014-15,978.0
E07000155,South Northamptonshire,2014-15,422.0
E07000156,Wellingborough,2014-15,418.0
E10000022,Northumberland,2014-15,
E07000157,Alnwick,2014-15,
E07000158,Berwick-upon-Tweed,2014-15,
E07000159,Blyth Valley,2014-15,
E07000160,Castle Morpeth,2014-15,
E07000161,Tynedale,2014-15,
E07000162,Wansbeck,2014-15,
E10000023,North Yorkshire,2014-15,2046.0
E07000163,Craven,2014-15,143.0
E07000164,Hambleton,2014-15,294.0
E07000165,Harrogate,2014-15,376.0
E07000166,Richmondshire,2014-15,47.0
E07000167,Ryedale,2014-15,253.0
E07000168,Scarborough,2014-15,325.0
E07000169,Selby,2014-15,607.0
E10000024,Nottinghamshire,2014-15,2240.0
E07000170,Ashfield,2014-15,418.0
E07000171,Bassetlaw,2014-15,308.0
E07000172,Broxtowe,2014-15,89.0
E07000173,Gedling,2014-15,303.0
E07000174,Mansfield,2014-15,309.0
E07000175,Newark and Sherwood,2014-15,488.0
E07000176,Rushcliffe,2014-15,326.0
E10000025,Oxfordshire,2014-15,2944.0
E07000177,Cherwell,2014-15,984.0
E07000178,Oxford,2014-15,186.0
E07000179,South Oxfordshire,2014-15,604.0
E07000180,Vale of White Horse,2014-15,755.0
E07000181,West Oxfordshire,2014-15,416.0
E10000026,Shropshire,2014-15,
E07000182,Bridgnorth,2014-15,
E07000183,North Shropshire,2014-15,
E07000184,Oswestry,2014-15,
E07000185,Shrewsbury and Atcham,2014-15,
E07000186,South Shropshire,2014-15,
E10000027,Somerset,2014-15,3104.0
E07000187,Mendip,2014-15,677.0
E07000188,Sedgemoor,2014-15,631.0
E07000189,South Somerset,2014-15,776.0
E07000190,Taunton Deane,2014-15,841.0
E07000191,West Somerset,2014-15,178.0
E07000246,Somerset West and Taunton,2014-15,
E10000028,Staffordshire,2014-15,2052.0
E07000192,Cannock Chase,2014-15,238.0
E07000193,East Staffordshire,2014-15,305.0
E07000194,Lichfield,2014-15,177.0
E07000195,Newcastle-under-Lyme,2014-15,434.0
E07000196,South Staffordshire,2014-15,296.0
E07000197,Stafford,2014-15,328.0
E07000198,Staffordshire Moorlands,2014-15,251.0
E07000199,Tamworth,2014-15,24.0
E10000029,Suffolk,2014-15,2246.0
E07000200,Babergh,2014-15,162.0
E07000201,Forest Heath,2014-15,180.0
E07000202,Ipswich,2014-15,406.0
E07000203,Mid Suffolk,2014-15,390.0
E07000204,St Edmundsbury,2014-15,449.0
E07000205,Suffolk Coastal,2014-15,476.0
E07000206,Waveney,2014-15,182.0
E07000244,East Suffolk,2014-15,
E07000245,West Suffolk,2014-15,
E10000030,Surrey,2014-15,2247.0
E07000207,Elmbridge,2014-15,286.0
E07000208,Epsom and Ewell,2014-15,172.0
E07000209,Guildford,2014-15,132.0
E07000210,Mole Valley,2014-15,160.0
E07000211,Reigate and Banstead,2014-15,448.0
E07000212,Runnymede,2014-15,122.0
E07000213,Spelthorne,2014-15,275.0
E07000214,Surrey Heath,2014-15,147.0
E07000215,Tandridge,2014-15,187.0
E07000216,Waverley,2014-15,222.0
E07000217,Woking,2014-15,96.0
E10000031,Warwickshire,2014-15,2369.0
E07000218,North Warwickshire,2014-15,217.0
E07000219,Nuneaton and Bedworth,2014-15,421.0
E07000220,Rugby,2014-15,460.0
E07000221,Stratford-on-Avon,2014-15,700.0
E07000222,Warwick,2014-15,571.0
E10000032,West Sussex,2014-15,3215.0
E07000223,Adur,2014-15,93.0
E07000224,Arun,2014-15,642.0
E07000225,Chichester,2014-15,561.0
E07000226,Crawley,2014-15,168.0
E07000227,Horsham,2014-15,820.0
E07000228,Mid Sussex,2014-15,566.0
E07000229,Worthing,2014-15,366.0
E10000033,Wiltshire,2014-15,
E07000230,Kennet,2014-15,
E07000231,North Wiltshire,2014-15,
E07000232,Salisbury,2014-15,
E07000233,West Wiltshire,2014-15,
E10000034,Worcestershire,2014-15,2724.0
E07000234,Bromsgrove,2014-15,281.0
E07000235,Malvern Hills,2014-15,244.0
E07000236,Redditch,2014-15,341.0
E07000237,Worcester,2014-15,468.0
E07000238,Wychavon,2014-15,871.0
E07000239,Wyre Forest,2014-15,520.0
E92000001,England,2015-16,195534.0
,Unitary Authorities,2015-16,44509.0
E06000022,Bath and North East Somerset UA,2015-16,818.0
E06000055,Bedford UA,2015-16,998.0
E06000008,Blackburn with Darwen UA,2015-16,115.0
E06000009,Blackpool UA,2015-16,447.0
E06000028,Bournemouth UA,2015-16,721.0
E06000058,"Bournemouth, Christchurch and Poole UA",2015-16,
E06000036,Bracknell Forest UA,2015-16,294.0
E06000043,Brighton and Hove UA,2015-16,839.0
E06000023,"Bristol, City of UA",2015-16,1462.0
E06000060,Buckinghamshire UA,2015-16,
E06000056,Central Bedfordshire UA,2015-16,1541.0
E06000049,Cheshire East UA,2015-16,1592.0
E06000050,Cheshire West and Chester UA,2015-16,1679.0
E06000052,Cornwall UA,2015-16,2533.0
E06000047,County Durham UA,2015-16,1695.0
E06000063,Cumberland UA,2015-16,
E06000005,Darlington UA,2015-16,276.0
E06000015,Derby UA,2015-16,500.0
E06000059,Dorset UA,2015-16,
E06000011,East Riding of Yorkshire UA,2015-16,1866.0
E06000006,Halton UA,2015-16,438.0
E06000001,Hartlepool UA,2015-16,493.0
E06000019,"Herefordshire, County of UA",2015-16,434.0
E06000046,Isle of Wight UA,2015-16,622.0
E06000053,Isles of Scilly UA,2015-16,-9.0
E06000010,"Kingston upon Hull, City of UA",2015-16,569.0
E06000016,Leicester UA,2015-16,636.0
E06000032,Luton UA,2015-16,691.0
E06000035,Medway UA,2015-16,561.0
E06000002,Middlesbrough UA,2015-16,524.0
E06000042,Milton Keynes UA,2015-16,1215.0
E06000012,North East Lincolnshire UA,2015-16,202.0
E06000013,North Lincolnshire UA,2015-16,281.0
E06000061,North Northamptonshire UA,2015-16,
E06000024,North Somerset UA,2015-16,660.0
E06000065,North Yorkshire UA,2015-16,
E06000057,Northumberland UA,2015-16,909.0
E06000018,Nottingham UA,2015-16,200.0
E06000031,Peterborough UA,2015-16,1031.0
E06000026,Plymouth UA,2015-16,1203.0
E06000029,Poole UA,2015-16,334.0
E06000044,Portsmouth UA,2015-16,414.0
E06000038,Reading UA,2015-16,830.0
E06000003,Redcar and Cleveland UA,2015-16,241.0
E06000017,Rutland UA,2015-16,198.0
E06000051,Shropshire UA,2015-16,1253.0
E06000039,Slough UA,2015-16,722.0
E06000066,Somerset UA,2015-16,
E06000025,South Gloucestershire UA,2015-16,1047.0
E06000045,Southampton UA,2015-16,936.0
E06000033,Southend-on-Sea UA,2015-16,314.0
E06000004,Stockton-on-Tees UA,2015-16,348.0
E06000021,Stoke-on-Trent UA,2015-16,433.0
E06000030,Swindon UA,2015-16,1400.0
E06000020,Telford and Wrekin UA,2015-16,1330.0
E06000034,Thurrock UA,2015-16,786.0
E06000027,Torbay UA,2015-16,609.0
E06000007,Warrington UA,2015-16,652.0
E06000037,West Berkshire UA,2015-16,628.0
E06000062,West Northamptonshire UA,2015-16,
E06000064,Westmorland and Furness UA,2015-16,
E06000054,Wiltshire UA,2015-16,2086.0
E06000040,Windsor and Maidenhead UA,2015-16,597.0
E06000041,Wokingham UA,2015-16,679.0
E06000014,York UA,2015-16,634.0
,London Boroughs,2015-16,35196.0
E09000002,Barking and Dagenham,2015-16,666.0
E09000003,Barnet,2015-16,1354.0
E09000004,Bexley,2015-16,-124.0
E09000005,Brent,2015-16,1309.0
E09000006,Bromley,2015-16,864.0
E09000007,Camden,2015-16,1079.0
E09000001,City of London,2015-16,79.0
E09000008,Croydon,2015-16,1797.0
E09000009,Ealing,2015-16,1054.0
E09000010,Enfield,2015-16,731.0
E09000011,Greenwich,2015-16,1978.0
E09000012,Hackney,2015-16,1143.0
E09000013,Hammersmith and Fulham,2015-16,482.0
E09000014,Haringey,2015-16,403.0
E09000015,Harrow,2015-16,1001.0
E09000016,Havering,2015-16,1322.0
E09000017,Hillingdon,2015-16,947.0
E09000018,Hounslow,2015-16,799.0
E09000019,Islington,2015-16,1202.0
E09000020,Kensington and Chelsea,2015-16,456.0
E09000021,Kingston upon Thames,2015-16,254.0
E09000022,Lambeth,2015-16,1566.0
E09000023,Lewisham,2015-16,1730.0
E09000024,Merton,2015-16,618.0
E09000025,Newham,2015-16,1726.0
E09000026,Redbridge,2015-16,224.0
E09000027,Richmond upon Thames,2015-16,461.0
E09000028,Southwark,2015-16,1705.0
E09000029,Sutton,2015-16,472.0
E09000030,Tower Hamlets,2015-16,2906.0
E09000031,Waltham Forest,2015-16,1193.0
E09000032,Wandsworth,2015-16,2704.0
E09000033,Westminster,2015-16,1095.0
,Metropolitan Districts,2015-16,29202.0
E11000001,Greater Manchester (Met County),2015-16,5995.0
E08000001,Bolton,2015-16,576.0
E08000002,Bury,2015-16,347.0
E08000003,Manchester,2015-16,1545.0
E08000004,Oldham,2015-16,380.0
E08000005,Rochdale,2015-16,415.0
E08000006,Salford,2015-16,986.0
E08000007,Stockport,2015-16,313.0
E08000008,Tameside,2015-16,612.0
E08000009,Trafford,2015-16,252.0
E08000010,Wigan,2015-16,568.0
E11000002,Merseyside (Met County),2015-16,2958.0
E08000011,Knowsley,2015-16,418.0
E08000012,Liverpool,2015-16,1380.0
E08000014,Sefton,2015-16,-15.0
E08000013,St. Helens,2015-16,616.0
E08000015,Wirral,2015-16,560.0
E11000003,South Yorkshire (Met County),2015-16,3541.0
E08000016,Barnsley,2015-16,766.0
E08000017,Doncaster,2015-16,1227.0
E08000018,Rotherham,2015-16,770.0
E08000019,Sheffield,2015-16,778.0
E11000007,Tyne and Wear (Met County),2015-16,2684.0
E08000037,Gateshead,2015-16,161.0
E08000021,Newcastle upon Tyne,2015-16,760.0
E08000022,North Tyneside,2015-16,482.0
E08000023,South Tyneside,2015-16,352.0
E08000024,Sunderland,2015-16,929.0
E11000005,West Midlands (Met County),2015-16,7235.0
E08000025,Birmingham,2015-16,2587.0
E08000026,Coventry,2015-16,1253.0
E08000027,Dudley,2015-16,479.0
E08000028,Sandwell,2015-16,660.0
E08000029,Solihull,2015-16,742.0
E08000030,Walsall,2015-16,932.0
E08000031,Wolverhampton,2015-16,583.0
E11000006,West Yorkshire (Met County),2015-16,6789.0
E08000032,Bradford,2015-16,1094.0
E08000033,Calderdale,2015-16,344.0
E08000034,Kirklees,2015-16,811.0
E08000035,Leeds,2015-16,2539.0
E08000036,Wakefield,2015-16,2000.0
,Shire Districts,2015-16,86627.0
E10000001,Bedfordshire,2015-16,
E07000002,Bedford,2015-16,
E07000001,Mid Bedfordshire,2015-16,
E07000003,South Bedfordshire,2015-16,
E10000002,Buckinghamshire,2015-16,1873.0
E07000004,Aylesbury Vale,2015-16,1208.0
E07000005,Chiltern,2015-16,183.0
E07000006,South Bucks,2015-16,90.0
E07000007,Wycombe,2015-16,392.0
E10000003,Cambridgeshire,2015-16,2656.0
E07000008,Cambridge,2015-16,918.0
E07000009,East Cambridgeshire,2015-16,196.0
E07000010,Fenland,2015-16,299.0
E07000011,Huntingdonshire,2015-16,626.0
E07000012,South Cambridgeshire,2015-16,618.0
E10000004,Cheshire,2015-16,
E07000013,Chester,2015-16,
E07000014,Congleton,2015-16,
E07000015,Crewe and Nantwich,2015-16,
E07000016,Ellesmere Port & Neston,2015-16,
E07000017,Macclesfield,2015-16,
E07000018,Vale Royal,2015-16,
E10000005,Cornwall and Isles of Scilly,2015-16,
E07000019,Caradon,2015-16,
E07000020,Carrick,2015-16,
E07000025,Isles of Scilly,2015-16,
E07000021,Kerrier,2015-16,
E07000022,North Cornwall,2015-16,
E07000023,Penwith,2015-16,
E07000024,Restormel,2015-16,
E10000006,Cumbria,2015-16,1774.0
E07000026,Allerdale,2015-16,394.0
E07000027,Barrow-in-Furness,2015-16,134.0
E07000028,Carlisle,2015-16,407.0
E07000029,Copeland,2015-16,172.0
E07000030,Eden,2015-16,384.0
E07000031,South Lakeland,2015-16,284.0
E10000007,Derbyshire,2015-16,2571.0
E07000032,Amber Valley,2015-16,404.0
E07000033,Bolsover,2015-16,346.0
E07000034,Chesterfield,2015-16,177.0
E07000035,Derbyshire Dales,2015-16,87.0
E07000036,Erewash,2015-16,337.0
E07000037,High Peak,2015-16,158.0
E07000038,North East Derbyshire,2015-16,504.0
E07000039,South Derbyshire,2015-16,558.0
E10000008,Devon,2015-16,3835.0
E07000040,East Devon,2015-16,1064.0
E07000041,Exeter,2015-16,504.0
E07000042,Mid Devon,2015-16,332.0
E07000043,North Devon,2015-16,235.0
E07000044,South Hams,2015-16,387.0
E07000045,Teignbridge,2015-16,703.0
E07000046,Torridge,2015-16,442.0
E07000047,West Devon,2015-16,166.0
E10000009,Dorset,2015-16,1450.0
E07000048,Christchurch,2015-16,109.0
E07000049,East Dorset,2015-16,210.0
E07000050,North Dorset,2015-16,222.0
E07000051,Purbeck,2015-16,233.0
E07000052,West Dorset,2015-16,468.0
E07000053,Weymouth and Portland,2015-16,208.0
E10000010,Durham,2015-16,
E07000054,Chester-le-Street,2015-16,
E07000055,Derwentside,2015-16,
E07000056,Durham,2015-16,
E07000057,Easington,2015-16,
E07000058,Sedgefield,2015-16,
E07000059,Teesdale,2015-16,
E07000060,Wear Valley,2015-16,
E10000011,East Sussex,2015-16,1512.0
E07000061,Eastbourne,2015-16,226.0
E07000062,Hastings,2015-16,198.0
E07000063,Lewes,2015-16,258.0
E07000064,Rother,2015-16,284.0
E07000065,Wealden,2015-16,546.0
E10000012,Essex,2015-16,5066.0
E07000066,Basildon,2015-16,870.0
E07000067,Braintree,2015-16,469.0
E07000068,Brentwood,2015-16,142.0
E07000069,Castle Point,2015-16,88.0
E07000070,Chelmsford,2015-16,776.0
E07000071,Colchester,2015-16,923.0
E07000072,Epping Forest,2015-16,296.0
E07000073,Harlow,2015-16,218.0
E07000074,Maldon,2015-16,218.0
E07000075,Rochford,2015-16,158.0
E07000076,Tendring,2015-16,355.0
E07000077,Uttlesford,2015-16,554.0
E10000013,Gloucestershire,2015-16,2819.0
E07000078,Cheltenham,2015-16,383.0
E07000079,Cotswold,2015-16,588.0
E07000080,Forest of Dean,2015-16,342.0
E07000081,Gloucester,2015-16,506.0
E07000082,Stroud,2015-16,424.0
E07000083,Tewkesbury,2015-16,576.0
E10000014,Hampshire,2015-16,4905.0
E07000084,Basingstoke and Deane,2015-16,501.0
E07000085,East Hampshire,2015-16,397.0
E07000086,Eastleigh,2015-16,359.0
E07000087,Fareham,2015-16,369.0
E07000088,Gosport,2015-16,135.0
E07000089,Hart,2015-16,709.0
E07000090,Havant,2015-16,550.0
E07000091,New Forest,2015-16,247.0
E07000092,Rushmoor,2015-16,193.0
E07000093,Test Valley,2015-16,1005.0
E07000094,Winchester,2015-16,440.0
E10000015,Hertfordshire,2015-16,3493.0
E07000095,Broxbourne,2015-16,180.0
E07000096,Dacorum,2015-16,558.0
E07000242,East Hertfordshire,2015-16,666.0
E07000098,Hertsmere,2015-16,353.0
E07000099,North Hertfordshire,2015-16,366.0
E07000240,St Albans,2015-16,398.0
E07000243,Stevenage,2015-16,148.0
E07000102,Three Rivers,2015-16,235.0
E07000103,Watford,2015-16,300.0
E07000241,Welwyn Hatfield,2015-16,289.0
E10000016,Kent,2015-16,6799.0
E07000105,Ashford,2015-16,1067.0
E07000106,Canterbury,2015-16,177.0
E07000107,Dartford,2015-16,918.0
E07000108,Dover,2015-16,673.0
E07000109,Gravesham,2015-16,190.0
E07000110,Maidstone,2015-16,590.0
E07000111,Sevenoaks,2015-16,462.0
E07000112,Folkestone and Hythe,2015-16,303.0
E07000113,Swale,2015-16,871.0
E07000114,Thanet,2015-16,406.0
E07000115,Tonbridge and Malling,2015-16,851.0
E07000116,Tunbridge Wells,2015-16,290.0
E10000017,Lancashire,2015-16,3707.0
E07000117,Burnley,2015-16,256.0
E07000118,Chorley,2015-16,586.0
E07000119,Fylde,2015-16,280.0
E07000120,Hyndburn,2015-16,94.0
E07000121,Lancaster,2015-16,551.0
E07000122,Pendle,2015-16,137.0
E07000123,Preston,2015-16,264.0
E07000124,Ribble Valley,2015-16,318.0
E07000125,Rossendale,2015-16,121.0
E07000126,South Ribble,2015-16,390.0
E07000127,West Lancashire,2015-16,306.0
E07000128,Wyre,2015-16,402.0
E10000018,Leicestershire,2015-16,3716.0
E07000129,Blaby,2015-16,671.0
E07000130,Charnwood,2015-16,787.0
E07000131,Harborough,2015-16,649.0
E07000132,Hinckley and Bosworth,2015-16,566.0
E07000133,Melton,2015-16,119.0
E07000134,North West Leicestershire,2015-16,814.0
E07000135,Oadby and Wigston,2015-16,110.0
E10000019,Lincolnshire,2015-16,4405.0
E07000136,Boston,2015-16,194.0
E07000137,East Lindsey,2015-16,2261.0
E07000138,Lincoln,2015-16,154.0
E07000139,North Kesteven,2015-16,487.0
E07000140,South Holland,2015-16,305.0
E07000141,South Kesteven,2015-16,574.0
E07000142,West Lindsey,2015-16,430.0
E10000020,Norfolk,2015-16,3621.0
E07000143,Breckland,2015-16,648.0
E07000144,Broadland,2015-16,757.0
E07000145,Great Yarmouth,2015-16,462.0
E07000146,King's Lynn and West Norfolk,2015-16,162.0
E07000147,North Norfolk,2015-16,397.0
E07000148,Norwich,2015-16,417.0
E07000149,South Norfolk,2015-16,779.0
E10000021,Northamptonshire,2015-16,4054.0
E07000150,Corby,2015-16,393.0
E07000151,Daventry,2015-16,649.0
E07000152,East Northamptonshire,2015-16,626.0
E07000153,Kettering,2015-16,547.0
E07000154,Northampton,2015-16,881.0
E07000155,South Northamptonshire,2015-16,544.0
E07000156,Wellingborough,2015-16,414.0
E10000022,Northumberland,2015-16,
E07000157,Alnwick,2015-16,
E07000158,Berwick-upon-Tweed,2015-16,
E07000159,Blyth Valley,2015-16,
E07000160,Castle Morpeth,2015-16,
E07000161,Tynedale,2015-16,
E07000162,Wansbeck,2015-16,
E10000023,North Yorkshire,2015-16,1844.0
E07000163,Craven,2015-16,154.0
E07000164,Hambleton,2015-16,350.0
E07000165,Harrogate,2015-16,302.0
E07000166,Richmondshire,2015-16,69.0
E07000167,Ryedale,2015-16,238.0
E07000168,Scarborough,2015-16,261.0
E07000169,Selby,2015-16,469.0
E10000024,Nottinghamshire,2015-16,2617.0
E07000170,Ashfield,2015-16,552.0
E07000171,Bassetlaw,2015-16,410.0
E07000172,Broxtowe,2015-16,117.0
E07000173,Gedling,2015-16,166.0
E07000174,Mansfield,2015-16,444.0
E07000175,Newark and Sherwood,2015-16,427.0
E07000176,Rushcliffe,2015-16,502.0
E10000025,Oxfordshire,2015-16,3661.0
E07000177,Cherwell,2015-16,1462.0
E07000178,Oxford,2015-16,286.0
E07000179,South Oxfordshire,2015-16,578.0
E07000180,Vale of White Horse,2015-16,1069.0
E07000181,West Oxfordshire,2015-16,266.0
E10000026,Shropshire,2015-16,
E07000182,Bridgnorth,2015-16,
E07000183,North Shropshire,2015-16,
E07000184,Oswestry,2015-16,
E07000185,Shrewsbury and Atcham,2015-16,
E07000186,South Shropshire,2015-16,
E10000027,Somerset,2015-16,2728.0
E07000187,Mendip,2015-16,507.0
E07000188,Sedgemoor,2015-16,540.0
E07000189,South Somerset,2015-16,612.0
E07000190,Taunton Deane,2015-16,946.0
E07000191,West Somerset,2015-16,122.0
E07000246,Somerset West and Taunton,2015-16,
E10000028,Staffordshire,2015-16,1498.0
E07000192,Cannock Chase,2015-16,-23.0
E07000193,East Staffordshire,2015-16,412.0
E07000194,Lichfield,2015-16,196.0
E07000195,Newcastle-under-Lyme,2015-16,-7.0
E07000196,South Staffordshire,2015-16,222.0
E07000197,Stafford,2015-16,598.0
E07000198,Staffordshire Moorlands,2015-16,72.0
E07000199,Tamworth,2015-16,29.0
E10000029,Suffolk,2015-16,2297.0
E07000200,Babergh,2015-16,147.0
E07000201,Forest Heath,2015-16,203.0
E07000202,Ipswich,2015-16,432.0
E07000203,Mid Suffolk,2015-16,278.0
E07000204,St Edmundsbury,2015-16,442.0
E07000205,Suffolk Coastal,2015-16,613.0
E07000206,Waveney,2015-16,181.0
E07000244,East Suffolk,2015-16,
E07000245,West Suffolk,2015-16,
E10000030,Surrey,2015-16,3387.0
E07000207,Elmbridge,2015-16,276.0
E07000208,Epsom and Ewell,2015-16,131.0
E07000209,Guildford,2015-16,320.0
E07000210,Mole Valley,2015-16,128.0
E07000211,Reigate and Banstead,2015-16,563.0
E07000212,Runnymede,2015-16,403.0
E07000213,Spelthorne,2015-16,318.0
E07000214,Surrey Heath,2015-16,305.0
E07000215,Tandridge,2015-16,363.0
E07000216,Waverley,2015-16,224.0
E07000217,Woking,2015-16,356.0
E10000031,Warwickshire,2015-16,2840.0
E07000218,North Warwickshire,2015-16,225.0
E07000219,Nuneaton and Bedworth,2015-16,431.0
E07000220,Rugby,2015-16,562.0
E07000221,Stratford-on-Avon,2015-16,1050.0
E07000222,Warwick,2015-16,572.0
E10000032,West Sussex,2015-16,4650.0
E07000223,Adur,2015-16,27.0
E07000224,Arun,2015-16,935.0
E07000225,Chichester,2015-16,680.0
E07000226,Crawley,2015-16,509.0
E07000227,Horsham,2015-16,1178.0
E07000228,Mid Sussex,2015-16,829.0
E07000229,Worthing,2015-16,493.0
E10000033,Wiltshire,2015-16,
E07000230,Kennet,2015-16,
E07000231,North Wiltshire,2015-16,
E07000232,Salisbury,2015-16,
E07000233,West Wiltshire,2015-16,
E10000034,Worcestershire,2015-16,2847.0
E07000234,Bromsgrove,2015-16,544.0
E07000235,Malvern Hills,2015-16,309.0
E07000236,Redditch,2015-16,187.0
E07000237,Worcester,2015-16,617.0
E07000238,Wychavon,2015-16,903.0
E07000239,Wyre Forest,2015-16,288.0
E92000001,England,2016-17,223234.0
,Unitary Authorities,2016-17,49878.0
E06000022,Bath and North East Somerset UA,2016-17,880.0
E06000055,Bedford UA,2016-17,1288.0
E06000008,Blackburn with Darwen UA,2016-17,159.0
E06000009,Blackpool UA,2016-17,51.0
E06000028,Bournemouth UA,2016-17,579.0
E06000058,"Bournemouth, Christchurch and Poole UA",2016-17,
E06000036,Bracknell Forest UA,2016-17,395.0
E06000043,Brighton and Hove UA,2016-17,505.0
E06000023,"Bristol, City of UA",2016-17,1917.0
E06000060,Buckinghamshire UA,2016-17,
E06000056,Central Bedfordshire UA,2016-17,1688.0
E06000049,Cheshire East UA,2016-17,1782.0
E06000050,Cheshire West and Chester UA,2016-17,1930.0
E06000052,Cornwall UA,2016-17,3010.0
E06000047,County Durham UA,2016-17,1565.0
E06000063,Cumberland UA,2016-17,
E06000005,Darlington UA,2016-17,137.0
E06000015,Derby UA,2016-17,805.0
E06000059,Dorset UA,2016-17,
E06000011,East Riding of Yorkshire UA,2016-17,2183.0
E06000006,Halton UA,2016-17,601.0
E06000001,Hartlepool UA,2016-17,150.0
E06000019,"Herefordshire, County of UA",2016-17,320.0
E06000046,Isle of Wight UA,2016-17,526.0
E06000053,Isles of Scilly UA,2016-17,-10.0
E06000010,"Kingston upon Hull, City of UA",2016-17,644.0
E06000016,Leicester UA,2016-17,1064.0
E06000032,Luton UA,2016-17,865.0
E06000035,Medway UA,2016-17,654.0
E06000002,Middlesbrough UA,2016-17,503.0
E06000042,Milton Keynes UA,2016-17,1250.0
E06000012,North East Lincolnshire UA,2016-17,121.0
E06000013,North Lincolnshire UA,2016-17,174.0
E06000061,North Northamptonshire UA,2016-17,
E06000024,North Somerset UA,2016-17,943.0
E06000065,North Yorkshire UA,2016-17,
E06000057,Northumberland UA,2016-17,1449.0
E06000018,Nottingham UA,2016-17,226.0
E06000031,Peterborough UA,2016-17,1312.0
E06000026,Plymouth UA,2016-17,603.0
E06000029,Poole UA,2016-17,628.0
E06000044,Portsmouth UA,2016-17,387.0
E06000038,Reading UA,2016-17,796.0
E06000003,Redcar and Cleveland UA,2016-17,540.0
E06000017,Rutland UA,2016-17,235.0
E06000051,Shropshire UA,2016-17,1761.0
E06000039,Slough UA,2016-17,457.0
E06000066,Somerset UA,2016-17,
E06000025,South Gloucestershire UA,2016-17,1570.0
E06000045,Southampton UA,2016-17,887.0
E06000033,Southend-on-Sea UA,2016-17,572.0
E06000004,Stockton-on-Tees UA,2016-17,908.0
E06000021,Stoke-on-Trent UA,2016-17,736.0
E06000030,Swindon UA,2016-17,1657.0
E06000020,Telford and Wrekin UA,2016-17,1223.0
E06000034,Thurrock UA,2016-17,678.0
E06000027,Torbay UA,2016-17,527.0
E06000007,Warrington UA,2016-17,549.0
E06000037,West Berkshire UA,2016-17,488.0
E06000062,West Northamptonshire UA,2016-17,
E06000064,Westmorland and Furness UA,2016-17,
E06000054,Wiltshire UA,2016-17,3131.0
E06000040,Windsor and Maidenhead UA,2016-17,579.0
E06000041,Wokingham UA,2016-17,974.0
E06000014,York UA,2016-17,322.0
,London Boroughs,2016-17,44366.0
E09000002,Barking and Dagenham,2016-17,530.0
E09000003,Barnet,2016-17,1695.0
E09000004,Bexley,2016-17,772.0
E09000005,Brent,2016-17,1622.0
E09000006,Bromley,2016-17,1022.0
E09000007,Camden,2016-17,1322.0
E09000001,City of London,2016-17,9.0
E09000008,Croydon,2016-17,2588.0
E09000009,Ealing,2016-17,1178.0
E09000010,Enfield,2016-17,957.0
E09000011,Greenwich,2016-17,2638.0
E09000012,Hackney,2016-17,1513.0
E09000013,Hammersmith and Fulham,2016-17,1088.0
E09000014,Haringey,2016-17,905.0
E09000015,Harrow,2016-17,747.0
E09000016,Havering,2016-17,753.0
E09000017,Hillingdon,2016-17,1002.0
E09000018,Hounslow,2016-17,876.0
E09000019,Islington,2016-17,849.0
E09000020,Kensington and Chelsea,2016-17,428.0
E09000021,Kingston upon Thames,2016-17,288.0
E09000022,Lambeth,2016-17,1354.0
E09000023,Lewisham,2016-17,1794.0
E09000024,Merton,2016-17,544.0
E09000025,Newham,2016-17,2662.0
E09000026,Redbridge,2016-17,925.0
E09000027,Richmond upon Thames,2016-17,413.0
E09000028,Southwark,2016-17,2735.0
E09000029,Sutton,2016-17,734.0
E09000030,Tower Hamlets,2016-17,5339.0
E09000031,Waltham Forest,2016-17,1253.0
E09000032,Wandsworth,2016-17,2302.0
E09000033,Westminster,2016-17,1529.0
,Metropolitan Districts,2016-17,34947.0
E11000001,Greater Manchester (Met County),2016-17,7701.0
E08000001,Bolton,2016-17,501.0
E08000002,Bury,2016-17,380.0
E08000003,Manchester,2016-17,1580.0
E08000004,Oldham,2016-17,446.0
E08000005,Rochdale,2016-17,422.0
E08000006,Salford,2016-17,2370.0
E08000007,Stockport,2016-17,650.0
E08000008,Tameside,2016-17,384.0
E08000009,Trafford,2016-17,221.0
E08000010,Wigan,2016-17,746.0
E11000002,Merseyside (Met County),2016-17,5142.0
E08000011,Knowsley,2016-17,600.0
E08000012,Liverpool,2016-17,2845.0
E08000014,Sefton,2016-17,780.0
E08000013,St. Helens,2016-17,528.0
E08000015,Wirral,2016-17,390.0
E11000003,South Yorkshire (Met County),2016-17,4251.0
E08000016,Barnsley,2016-17,910.0
E08000017,Doncaster,2016-17,1114.0
E08000018,Rotherham,2016-17,790.0
E08000019,Sheffield,2016-17,1437.0
E11000007,Tyne and Wear (Met County),2016-17,4585.0
E08000037,Gateshead,2016-17,179.0
E08000021,Newcastle upon Tyne,2016-17,2290.0
E08000022,North Tyneside,2016-17,838.0
E08000023,South Tyneside,2016-17,415.0
E08000024,Sunderland,2016-17,863.0
E11000005,West Midlands (Met County),2016-17,5757.0
E08000025,Birmingham,2016-17,1499.0
E08000026,Coventry,2016-17,976.0
E08000027,Dudley,2016-17,588.0
E08000028,Sandwell,2016-17,983.0
E08000029,Solihull,2016-17,634.0
E08000030,Walsall,2016-17,481.0
E08000031,Wolverhampton,2016-17,597.0
E11000006,West Yorkshire (Met County),2016-17,7511.0
E08000032,Bradford,2016-17,1675.0
E08000033,Calderdale,2016-17,391.0
E08000034,Kirklees,2016-17,660.0
E08000035,Leeds,2016-17,2889.0
E08000036,Wakefield,2016-17,1895.0
,Shire Districts,2016-17,94043.0
E10000001,Bedfordshire,2016-17,
E07000002,Bedford,2016-17,
E07000001,Mid Bedfordshire,2016-17,
E07000003,South Bedfordshire,2016-17,
E10000002,Buckinghamshire,2016-17,2963.0
E07000004,Aylesbury Vale,2016-17,1340.0
E07000005,Chiltern,2016-17,243.0
E07000006,South Bucks,2016-17,576.0
E07000007,Wycombe,2016-17,804.0
E10000003,Cambridgeshire,2016-17,3166.0
E07000008,Cambridge,2016-17,1212.0
E07000009,East Cambridgeshire,2016-17,247.0
E07000010,Fenland,2016-17,443.0
E07000011,Huntingdonshire,2016-17,773.0
E07000012,South Cambridgeshire,2016-17,492.0
E10000004,Cheshire,2016-17,
E07000013,Chester,2016-17,
E07000014,Congleton,2016-17,
E07000015,Crewe and Nantwich,2016-17,
E07000016,Ellesmere Port & Neston,2016-17,
E07000017,Macclesfield,2016-17,
E07000018,Vale Royal,2016-17,
E10000005,Cornwall and Isles of Scilly,2016-17,
E07000019,Caradon,2016-17,
E07000020,Carrick,2016-17,
E07000025,Isles of Scilly,2016-17,
E07000021,Kerrier,2016-17,
E07000022,North Cornwall,2016-17,
E07000023,Penwith,2016-17,
E07000024,Restormel,2016-17,
E10000006,Cumbria,2016-17,1596.0
E07000026,Allerdale,2016-17,262.0
E07000027,Barrow-in-Furness,2016-17,112.0
E07000028,Carlisle,2016-17,446.0
E07000029,Copeland,2016-17,198.0
E07000030,Eden,2016-17,316.0
E07000031,South Lakeland,2016-17,263.0
E10000007,Derbyshire,2016-17,2722.0
E07000032,Amber Valley,2016-17,536.0
E07000033,Bolsover,2016-17,314.0
E07000034,Chesterfield,2016-17,101.0
E07000035,Derbyshire Dales,2016-17,168.0
E07000036,Erewash,2016-17,147.0
E07000037,High Peak,2016-17,328.0
E07000038,North East Derbyshire,2016-17,320.0
E07000039,South Derbyshire,2016-17,809.0
E10000008,Devon,2016-17,3440.0
E07000040,East Devon,2016-17,761.0
E07000041,Exeter,2016-17,303.0
E07000042,Mid Devon,2016-17,306.0
E07000043,North Devon,2016-17,442.0
E07000044,South Hams,2016-17,285.0
E07000045,Teignbridge,2016-17,759.0
E07000046,Torridge,2016-17,374.0
E07000047,West Devon,2016-17,208.0
E10000009,Dorset,2016-17,1333.0
E07000048,Christchurch,2016-17,195.0
E07000049,East Dorset,2016-17,127.0
E07000050,North Dorset,2016-17,144.0
E07000051,Purbeck,2016-17,90.0
E07000052,West Dorset,2016-17,606.0
E07000053,Weymouth and Portland,2016-17,171.0
E10000010,Durham,2016-17,
E07000054,Chester-le-Street,2016-17,
E07000055,Derwentside,2016-17,
E07000056,Durham,2016-17,
E07000057,Easington,2016-17,
E07000058,Sedgefield,2016-17,
E07000059,Teesdale,2016-17,
E07000060,Wear Valley,2016-17,
E10000011,East Sussex,2016-17,1448.0
E07000061,Eastbourne,2016-17,216.0
E07000062,Hastings,2016-17,145.0
E07000063,Lewes,2016-17,176.0
E07000064,Rother,2016-17,322.0
E07000065,Wealden,2016-17,590.0
E10000012,Essex,2016-17,5199.0
E07000066,Basildon,2016-17,466.0
E07000067,Braintree,2016-17,237.0
E07000068,Brentwood,2016-17,181.0
E07000069,Castle Point,2016-17,84.0
E07000070,Chelmsford,2016-17,986.0
E07000071,Colchester,2016-17,902.0
E07000072,Epping Forest,2016-17,178.0
E07000073,Harlow,2016-17,333.0
E07000074,Maldon,2016-17,227.0
E07000075,Rochford,2016-17,115.0
E07000076,Tendring,2016-17,768.0
E07000077,Uttlesford,2016-17,723.0
E10000013,Gloucestershire,2016-17,2818.0
E07000078,Cheltenham,2016-17,283.0
E07000079,Cotswold,2016-17,743.0
E07000080,Forest of Dean,2016-17,286.0
E07000081,Gloucester,2016-17,477.0
E07000082,Stroud,2016-17,350.0
E07000083,Tewkesbury,2016-17,679.0
E10000014,Hampshire,2016-17,5488.0
E07000084,Basingstoke and Deane,2016-17,585.0
E07000085,East Hampshire,2016-17,475.0
E07000086,Eastleigh,2016-17,420.0
E07000087,Fareham,2016-17,347.0
E07000088,Gosport,2016-17,116.0
E07000089,Hart,2016-17,632.0
E07000090,Havant,2016-17,615.0
E07000091,New Forest,2016-17,421.0
E07000092,Rushmoor,2016-17,384.0
E07000093,Test Valley,2016-17,892.0
E07000094,Winchester,2016-17,601.0
E10000015,Hertfordshire,2016-17,4357.0
E07000095,Broxbourne,2016-17,257.0
E07000096,Dacorum,2016-17,641.0
E07000242,East Hertfordshire,2016-17,611.0
E07000098,Hertsmere,2016-17,374.0
E07000099,North Hertfordshire,2016-17,564.0
E07000240,St Albans,2016-17,342.0
E07000243,Stevenage,2016-17,685.0
E07000102,Three Rivers,2016-17,163.0
E07000103,Watford,2016-17,401.0
E07000241,Welwyn Hatfield,2016-17,319.0
E10000016,Kent,2016-17,7247.0
E07000105,Ashford,2016-17,741.0
E07000106,Canterbury,2016-17,298.0
E07000107,Dartford,2016-17,1109.0
E07000108,Dover,2016-17,340.0
E07000109,Gravesham,2016-17,175.0
E07000110,Maidstone,2016-17,1214.0
E07000111,Sevenoaks,2016-17,368.0
E07000112,Folkestone and Hythe,2016-17,647.0
E07000113,Swale,2016-17,837.0
E07000114,Thanet,2016-17,445.0
E07000115,Tonbridge and Malling,2016-17,769.0
E07000116,Tunbridge Wells,2016-17,303.0
E10000017,Lancashire,2016-17,4465.0
E07000117,Burnley,2016-17,249.0
E07000118,Chorley,2016-17,497.0
E07000119,Fylde,2016-17,431.0
E07000120,Hyndburn,2016-17,147.0
E07000121,Lancaster,2016-17,704.0
E07000122,Pendle,2016-17,179.0
E07000123,Preston,2016-17,584.0
E07000124,Ribble Valley,2016-17,408.0
E07000125,Rossendale,2016-17,190.0
E07000126,South Ribble,2016-17,197.0
E07000127,West Lancashire,2016-17,336.0
E07000128,Wyre,2016-17,541.0
E10000018,Leicestershire,2016-17,3679.0
E07000129,Blaby,2016-17,681.0
E07000130,Charnwood,2016-17,859.0
E07000131,Harborough,2016-17,481.0
E07000132,Hinckley and Bosworth,2016-17,542.0
E07000133,Melton,2016-17,125.0
E07000134,North West Leicestershire,2016-17,823.0
E07000135,Oadby and Wigston,2016-17,168.0
E10000019,Lincolnshire,2016-17,4548.0
E07000136,Boston,2016-17,365.0
E07000137,East Lindsey,2016-17,2286.0
E07000138,Lincoln,2016-17,152.0
E07000139,North Kesteven,2016-17,504.0
E07000140,South Holland,2016-17,278.0
E07000141,South Kesteven,2016-17,557.0
E07000142,West Lindsey,2016-17,406.0
E10000020,Norfolk,2016-17,4050.0
E07000143,Breckland,2016-17,824.0
E07000144,Broadland,2016-17,685.0
E07000145,Great Yarmouth,2016-17,456.0
E07000146,King's Lynn and West Norfolk,2016-17,52.0
E07000147,North Norfolk,2016-17,360.0
E07000148,Norwich,2016-17,497.0
E07000149,South Norfolk,2016-17,1176.0
E10000021,Northamptonshire,2016-17,4437.0
E07000150,Corby,2016-17,399.0
E07000151,Daventry,2016-17,636.0
E07000152,East Northamptonshire,2016-17,522.0
E07000153,Kettering,2016-17,706.0
E07000154,Northampton,2016-17,1133.0
E07000155,South Northamptonshire,2016-17,760.0
E07000156,Wellingborough,2016-17,281.0
E10000022,Northumberland,2016-17,
E07000157,Alnwick,2016-17,
E07000158,Berwick-upon-Tweed,2016-17,
E07000159,Blyth Valley,2016-17,
E07000160,Castle Morpeth,2016-17,
E07000161,Tynedale,2016-17,
E07000162,Wansbeck,2016-17,
E10000023,North Yorkshire,2016-17,2552.0
E07000163,Craven,2016-17,197.0
E07000164,Hambleton,2016-17,536.0
E07000165,Harrogate,2016-17,370.0
E07000166,Richmondshire,2016-17,178.0
E07000167,Ryedale,2016-17,313.0
E07000168,Scarborough,2016-17,366.0
E07000169,Selby,2016-17,592.0
E10000024,Nottinghamshire,2016-17,3000.0
E07000170,Ashfield,2016-17,536.0
E07000171,Bassetlaw,2016-17,534.0
E07000172,Broxtowe,2016-17,301.0
E07000173,Gedling,2016-17,190.0
E07000174,Mansfield,2016-17,294.0
E07000175,Newark and Sherwood,2016-17,602.0
E07000176,Rushcliffe,2016-17,543.0
E10000025,Oxfordshire,2016-17,4177.0
E07000177,Cherwell,2016-17,1140.0
E07000178,Oxford,2016-17,234.0
E07000179,South Oxfordshire,2016-17,715.0
E07000180,Vale of White Horse,2016-17,1551.0
E07000181,West Oxfordshire,2016-17,538.0
E10000026,Shropshire,2016-17,
E07000182,Bridgnorth,2016-17,
E07000183,North Shropshire,2016-17,
E07000184,Oswestry,2016-17,
E07000185,Shrewsbury and Atcham,2016-17,
E07000186,South Shropshire,2016-17,
E10000027,Somerset,2016-17,2795.0
E07000187,Mendip,2016-17,431.0
E07000188,Sedgemoor,2016-17,575.0
E07000189,South Somerset,2016-17,620.0
E07000190,Taunton Deane,2016-17,1013.0
E07000191,West Somerset,2016-17,155.0
E07000246,Somerset West and Taunton,2016-17,
E10000028,Staffordshire,2016-17,2812.0
E07000192,Cannock Chase,2016-17,355.0
E07000193,East Staffordshire,2016-17,488.0
E07000194,Lichfield,2016-17,318.0
E07000195,Newcastle-under-Lyme,2016-17,273.0
E07000196,South Staffordshire,2016-17,235.0
E07000197,Stafford,2016-17,920.0
E07000198,Staffordshire Moorlands,2016-17,101.0
E07000199,Tamworth,2016-17,123.0
E10000029,Suffolk,2016-17,2364.0
E07000200,Babergh,2016-17,216.0
E07000201,Forest Heath,2016-17,348.0
E07000202,Ipswich,2016-17,192.0
E07000203,Mid Suffolk,2016-17,279.0
E07000204,St Edmundsbury,2016-17,419.0
E07000205,Suffolk Coastal,2016-17,599.0
E07000206,Waveney,2016-17,310.0
E07000244,East Suffolk,2016-17,
E07000245,West Suffolk,2016-17,
E10000030,Surrey,2016-17,3599.0
E07000207,Elmbridge,2016-17,303.0
E07000208,Epsom and Ewell,2016-17,279.0
E07000209,Guildford,2016-17,433.0
E07000210,Mole Valley,2016-17,177.0
E07000211,Reigate and Banstead,2016-17,545.0
E07000212,Runnymede,2016-17,158.0
E07000213,Spelthorne,2016-17,357.0
E07000214,Surrey Heath,2016-17,264.0
E07000215,Tandridge,2016-17,259.0
E07000216,Waverley,2016-17,395.0
E07000217,Woking,2016-17,429.0
E10000031,Warwickshire,2016-17,3389.0
E07000218,North Warwickshire,2016-17,343.0
E07000219,Nuneaton and Bedworth,2016-17,419.0
E07000220,Rugby,2016-17,409.0
E07000221,Stratford-on-Avon,2016-17,1211.0
E07000222,Warwick,2016-17,1007.0
E10000032,West Sussex,2016-17,3988.0
E07000223,Adur,2016-17,60.0
E07000224,Arun,2016-17,648.0
E07000225,Chichester,2016-17,664.0
E07000226,Crawley,2016-17,549.0
E07000227,Horsham,2016-17,762.0
E07000228,Mid Sussex,2016-17,944.0
E07000229,Worthing,2016-17,362.0
E10000033,Wiltshire,2016-17,
E07000230,Kennet,2016-17,
E07000231,North Wiltshire,2016-17,
E07000232,Salisbury,2016-17,
E07000233,West Wiltshire,2016-17,
E10000034,Worcestershire,2016-17,2409.0
E07000234,Bromsgrove,2016-17,364.0
E07000235,Malvern Hills,2016-17,349.0
E07000236,Redditch,2016-17,189.0
E07000237,Worcester,2016-17,478.0
E07000238,Wychavon,2016-17,713.0
E07000239,Wyre Forest,2016-17,317.0
E92000001,England,2017-18,228170.0
,Unitary Authorities,2017-18,54853.0
E06000022,Bath and North East Somerset UA,2017-18,1254.0
E06000055,Bedford UA,2017-18,1384.0
E06000008,Blackburn with Darwen UA,2017-18,299.0
E06000009,Blackpool UA,2017-18,473.0
E06000028,Bournemouth UA,2017-18,633.0
E06000058,"Bournemouth, Christchurch and Poole UA",2017-18,
E06000036,Bracknell Forest UA,2017-18,374.0
E06000043,Brighton and Hove UA,2017-18,596.0
E06000023,"Bristol, City of UA",2017-18,1563.0
E06000060,Buckinghamshire UA,2017-18,
E06000056,Central Bedfordshire UA,2017-18,2018.0
E06000049,Cheshire East UA,2017-18,2318.0
E06000050,Cheshire West and Chester UA,2017-18,2456.0
E06000052,Cornwall UA,2017-18,3363.0
E06000047,County Durham UA,2017-18,1506.0
E06000063,Cumberland UA,2017-18,
E06000005,Darlington UA,2017-18,513.0
E06000015,Derby UA,2017-18,803.0
E06000059,Dorset UA,2017-18,
E06000011,East Riding of Yorkshire UA,2017-18,2167.0
E06000006,Halton UA,2017-18,271.0
E06000001,Hartlepool UA,2017-18,230.0
E06000019,"Herefordshire, County of UA",2017-18,837.0
E06000046,Isle of Wight UA,2017-18,578.0
E06000053,Isles of Scilly UA,2017-18,-11.0
E06000010,"Kingston upon Hull, City of UA",2017-18,1361.0
E06000016,Leicester UA,2017-18,1458.0
E06000032,Luton UA,2017-18,940.0
E06000035,Medway UA,2017-18,693.0
E06000002,Middlesbrough UA,2017-18,374.0
E06000042,Milton Keynes UA,2017-18,1506.0
E06000012,North East Lincolnshire UA,2017-18,31.0
E06000013,North Lincolnshire UA,2017-18,258.0
E06000061,North Northamptonshire UA,2017-18,
E06000024,North Somerset UA,2017-18,954.0
E06000065,North Yorkshire UA,2017-18,
E06000057,Northumberland UA,2017-18,1294.0
E06000018,Nottingham UA,2017-18,646.0
E06000031,Peterborough UA,2017-18,817.0
E06000026,Plymouth UA,2017-18,1540.0
E06000029,Poole UA,2017-18,306.0
E06000044,Portsmouth UA,2017-18,402.0
E06000038,Reading UA,2017-18,779.0
E06000003,Redcar and Cleveland UA,2017-18,445.0
E06000017,Rutland UA,2017-18,229.0
E06000051,Shropshire UA,2017-18,1727.0
E06000039,Slough UA,2017-18,779.0
E06000066,Somerset UA,2017-18,
E06000025,South Gloucestershire UA,2017-18,1539.0
E06000045,Southampton UA,2017-18,716.0
E06000033,Southend-on-Sea UA,2017-18,613.0
E06000004,Stockton-on-Tees UA,2017-18,754.0
E06000021,Stoke-on-Trent UA,2017-18,663.0
E06000030,Swindon UA,2017-18,772.0
E06000020,Telford and Wrekin UA,2017-18,1122.0
E06000034,Thurrock UA,2017-18,932.0
E06000027,Torbay UA,2017-18,615.0
E06000007,Warrington UA,2017-18,416.0
E06000037,West Berkshire UA,2017-18,529.0
E06000062,West Northamptonshire UA,2017-18,
E06000064,Westmorland and Furness UA,2017-18,
E06000054,Wiltshire UA,2017-18,2717.0
E06000040,Windsor and Maidenhead UA,2017-18,510.0
E06000041,Wokingham UA,2017-18,1550.0
E06000014,York UA,2017-18,1240.0
,London Boroughs,2017-18,36529.0
E09000002,Barking and Dagenham,2017-18,347.0
E09000003,Barnet,2017-18,2104.0
E09000004,Bexley,2017-18,285.0
E09000005,Brent,2017-18,952.0
E09000006,Bromley,2017-18,718.0
E09000007,Camden,2017-18,1059.0
E09000001,City of London,2017-18,140.0
E09000008,Croydon,2017-18,1829.0
E09000009,Ealing,2017-18,1790.0
E09000010,Enfield,2017-18,445.0
E09000011,Greenwich,2017-18,2159.0
E09000012,Hackney,2017-18,1584.0
E09000013,Hammersmith and Fulham,2017-18,1645.0
E09000014,Haringey,2017-18,1364.0
E09000015,Harrow,2017-18,791.0
E09000016,Havering,2017-18,587.0
E09000017,Hillingdon,2017-18,1080.0
E09000018,Hounslow,2017-18,1230.0
E09000019,Islington,2017-18,542.0
E09000020,Kensington and Chelsea,2017-18,408.0
E09000021,Kingston upon Thames,2017-18,232.0
E09000022,Lambeth,2017-18,1762.0
E09000023,Lewisham,2017-18,716.0
E09000024,Merton,2017-18,758.0
E09000025,Newham,2017-18,2131.0
E09000026,Redbridge,2017-18,632.0
E09000027,Richmond upon Thames,2017-18,330.0
E09000028,Southwark,2017-18,1141.0
E09000029,Sutton,2017-18,778.0
E09000030,Tower Hamlets,2017-18,2515.0
E09000031,Waltham Forest,2017-18,932.0
E09000032,Wandsworth,2017-18,2213.0
E09000033,Westminster,2017-18,1330.0
,Metropolitan Districts,2017-18,36977.0
E11000001,Greater Manchester (Met County),2017-18,8802.0
E08000001,Bolton,2017-18,547.0
E08000002,Bury,2017-18,287.0
E08000003,Manchester,2017-18,2762.0
E08000004,Oldham,2017-18,465.0
E08000005,Rochdale,2017-18,906.0
E08000006,Salford,2017-18,1367.0
E08000007,Stockport,2017-18,728.0
E08000008,Tameside,2017-18,503.0
E08000009,Trafford,2017-18,359.0
E08000010,Wigan,2017-18,877.0
E11000002,Merseyside (Met County),2017-18,4666.0
E08000011,Knowsley,2017-18,750.0
E08000012,Liverpool,2017-18,2108.0
E08000014,Sefton,2017-18,593.0
E08000013,St. Helens,2017-18,448.0
E08000015,Wirral,2017-18,766.0
E11000003,South Yorkshire (Met County),2017-18,4492.0
E08000016,Barnsley,2017-18,1069.0
E08000017,Doncaster,2017-18,1273.0
E08000018,Rotherham,2017-18,657.0
E08000019,Sheffield,2017-18,1493.0
E11000007,Tyne and Wear (Met County),2017-18,4025.0
E08000037,Gateshead,2017-18,71.0
E08000021,Newcastle upon Tyne,2017-18,1849.0
E08000022,North Tyneside,2017-18,911.0
E08000023,South Tyneside,2017-18,269.0
E08000024,Sunderland,2017-18,925.0
E11000005,West Midlands (Met County),2017-18,7681.0
E08000025,Birmingham,2017-18,2908.0
E08000026,Coventry,2017-18,942.0
E08000027,Dudley,2017-18,689.0
E08000028,Sandwell,2017-18,778.0
E08000029,Solihull,2017-18,770.0
E08000030,Walsall,2017-18,779.0
E08000031,Wolverhampton,2017-18,816.0
E11000006,West Yorkshire (Met County),2017-18,7311.0
E08000032,Bradford,2017-18,1808.0
E08000033,Calderdale,2017-18,309.0
E08000034,Kirklees,2017-18,1007.0
E08000035,Leeds,2017-18,2348.0
E08000036,Wakefield,2017-18,1838.0
,Shire Districts,2017-18,99811.0
E10000001,Bedfordshire,2017-18,
E07000002,Bedford,2017-18,
E07000001,Mid Bedfordshire,2017-18,
E07000003,South Bedfordshire,2017-18,
E10000002,Buckinghamshire,2017-18,2599.0
E07000004,Aylesbury Vale,2017-18,1431.0
E07000005,Chiltern,2017-18,295.0
E07000006,South Bucks,2017-18,306.0
E07000007,Wycombe,2017-18,567.0
E10000003,Cambridgeshire,2017-18,3479.0
E07000008,Cambridge,2017-18,1186.0
E07000009,East Cambridgeshire,2017-18,304.0
E07000010,Fenland,2017-18,477.0
E07000011,Huntingdonshire,2017-18,837.0
E07000012,South Cambridgeshire,2017-18,676.0
E10000004,Cheshire,2017-18,
E07000013,Chester,2017-18,
E07000014,Congleton,2017-18,
E07000015,Crewe and Nantwich,2017-18,
E07000016,Ellesmere Port & Neston,2017-18,
E07000017,Macclesfield,2017-18,
E07000018,Vale Royal,2017-18,
E10000005,Cornwall and Isles of Scilly,2017-18,
E07000019,Caradon,2017-18,
E07000020,Carrick,2017-18,
E07000025,Isles of Scilly,2017-18,
E07000021,Kerrier,2017-18,
E07000022,North Cornwall,2017-18,
E07000023,Penwith,2017-18,
E07000024,Restormel,2017-18,
E10000006,Cumbria,2017-18,1839.0
E07000026,Allerdale,2017-18,492.0
E07000027,Barrow-in-Furness,2017-18,142.0
E07000028,Carlisle,2017-18,410.0
E07000029,Copeland,2017-18,176.0
E07000030,Eden,2017-18,308.0
E07000031,South Lakeland,2017-18,310.0
E10000007,Derbyshire,2017-18,3211.0
E07000032,Amber Valley,2017-18,626.0
E07000033,Bolsover,2017-18,268.0
E07000034,Chesterfield,2017-18,81.0
E07000035,Derbyshire Dales,2017-18,254.0
E07000036,Erewash,2017-18,141.0
E07000037,High Peak,2017-18,496.0
E07000038,North East Derbyshire,2017-18,434.0
E07000039,South Derbyshire,2017-18,910.0
E10000008,Devon,2017-18,4308.0
E07000040,East Devon,2017-18,903.0
E07000041,Exeter,2017-18,560.0
E07000042,Mid Devon,2017-18,482.0
E07000043,North Devon,2017-18,605.0
E07000044,South Hams,2017-18,510.0
E07000045,Teignbridge,2017-18,767.0
E07000046,Torridge,2017-18,295.0
E07000047,West Devon,2017-18,184.0
E10000009,Dorset,2017-18,1339.0
E07000048,Christchurch,2017-18,100.0
E07000049,East Dorset,2017-18,315.0
E07000050,North Dorset,2017-18,161.0
E07000051,Purbeck,2017-18,125.0
E07000052,West Dorset,2017-18,424.0
E07000053,Weymouth and Portland,2017-18,214.0
E10000010,Durham,2017-18,
E07000054,Chester-le-Street,2017-18,
E07000055,Derwentside,2017-18,
E07000056,Durham,2017-18,
E07000057,Easington,2017-18,
E07000058,Sedgefield,2017-18,
E07000059,Teesdale,2017-18,
E07000060,Wear Valley,2017-18,
E10000011,East Sussex,2017-18,1293.0
E07000061,Eastbourne,2017-18,140.0
E07000062,Hastings,2017-18,158.0
E07000063,Lewes,2017-18,283.0
E07000064,Rother,2017-18,224.0
E07000065,Wealden,2017-18,488.0
E10000012,Essex,2017-18,6192.0
E07000066,Basildon,2017-18,394.0
E07000067,Braintree,2017-18,437.0
E07000068,Brentwood,2017-18,244.0
E07000069,Castle Point,2017-18,133.0
E07000070,Chelmsford,2017-18,992.0
E07000071,Colchester,2017-18,1038.0
E07000072,Epping Forest,2017-18,594.0
E07000073,Harlow,2017-18,274.0
E07000074,Maldon,2017-18,145.0
E07000075,Rochford,2017-18,298.0
E07000076,Tendring,2017-18,675.0
E07000077,Uttlesford,2017-18,969.0
E10000013,Gloucestershire,2017-18,3574.0
E07000078,Cheltenham,2017-18,479.0
E07000079,Cotswold,2017-18,900.0
E07000080,Forest of Dean,2017-18,295.0
E07000081,Gloucester,2017-18,513.0
E07000082,Stroud,2017-18,491.0
E07000083,Tewkesbury,2017-18,896.0
E10000014,Hampshire,2017-18,6005.0
E07000084,Basingstoke and Deane,2017-18,858.0
E07000085,East Hampshire,2017-18,884.0
E07000086,Eastleigh,2017-18,796.0
E07000087,Fareham,2017-18,289.0
E07000088,Gosport,2017-18,174.0
E07000089,Hart,2017-18,555.0
E07000090,Havant,2017-18,256.0
E07000091,New Forest,2017-18,354.0
E07000092,Rushmoor,2017-18,470.0
E07000093,Test Valley,2017-18,794.0
E07000094,Winchester,2017-18,575.0
E10000015,Hertfordshire,2017-18,3374.0
E07000095,Broxbourne,2017-18,302.0
E07000096,Dacorum,2017-18,490.0
E07000242,East Hertfordshire,2017-18,455.0
E07000098,Hertsmere,2017-18,505.0
E07000099,North Hertfordshire,2017-18,306.0
E07000240,St Albans,2017-18,387.0
E07000243,Stevenage,2017-18,70.0
E07000102,Three Rivers,2017-18,283.0
E07000103,Watford,2017-18,367.0
E07000241,Welwyn Hatfield,2017-18,209.0
E10000016,Kent,2017-18,8067.0
E07000105,Ashford,2017-18,636.0
E07000106,Canterbury,2017-18,1020.0
E07000107,Dartford,2017-18,978.0
E07000108,Dover,2017-18,374.0
E07000109,Gravesham,2017-18,284.0
E07000110,Maidstone,2017-18,1355.0
E07000111,Sevenoaks,2017-18,432.0
E07000112,Folkestone and Hythe,2017-18,434.0
E07000113,Swale,2017-18,867.0
E07000114,Thanet,2017-18,294.0
E07000115,Tonbridge and Malling,2017-18,1105.0
E07000116,Tunbridge Wells,2017-18,287.0
E10000017,Lancashire,2017-18,4309.0
E07000117,Burnley,2017-18,383.0
E07000118,Chorley,2017-18,641.0
E07000119,Fylde,2017-18,446.0
E07000120,Hyndburn,2017-18,89.0
E07000121,Lancaster,2017-18,599.0
E07000122,Pendle,2017-18,149.0
E07000123,Preston,2017-18,518.0
E07000124,Ribble Valley,2017-18,418.0
E07000125,Rossendale,2017-18,148.0
E07000126,South Ribble,2017-18,272.0
E07000127,West Lancashire,2017-18,195.0
E07000128,Wyre,2017-18,449.0
E10000018,Leicestershire,2017-18,3700.0
E07000129,Blaby,2017-18,526.0
E07000130,Charnwood,2017-18,1026.0
E07000131,Harborough,2017-18,593.0
E07000132,Hinckley and Bosworth,2017-18,396.0
E07000133,Melton,2017-18,116.0
E07000134,North West Leicestershire,2017-18,943.0
E07000135,Oadby and Wigston,2017-18,100.0
E10000019,Lincolnshire,2017-18,4872.0
E07000136,Boston,2017-18,408.0
E07000137,East Lindsey,2017-18,2409.0
E07000138,Lincoln,2017-18,286.0
E07000139,North Kesteven,2017-18,593.0
E07000140,South Holland,2017-18,308.0
E07000141,South Kesteven,2017-18,507.0
E07000142,West Lindsey,2017-18,360.0
E10000020,Norfolk,2017-18,3603.0
E07000143,Breckland,2017-18,561.0
E07000144,Broadland,2017-18,664.0
E07000145,Great Yarmouth,2017-18,456.0
E07000146,King's Lynn and West Norfolk,2017-18,41.0
E07000147,North Norfolk,2017-18,461.0
E07000148,Norwich,2017-18,289.0
E07000149,South Norfolk,2017-18,1132.0
E10000021,Northamptonshire,2017-18,4783.0
E07000150,Corby,2017-18,621.0
E07000151,Daventry,2017-18,927.0
E07000152,East Northamptonshire,2017-18,513.0
E07000153,Kettering,2017-18,495.0
E07000154,Northampton,2017-18,1008.0
E07000155,South Northamptonshire,2017-18,911.0
E07000156,Wellingborough,2017-18,308.0
E10000022,Northumberland,2017-18,
E07000157,Alnwick,2017-18,
E07000158,Berwick-upon-Tweed,2017-18,
E07000159,Blyth Valley,2017-18,
E07000160,Castle Morpeth,2017-18,
E07000161,Tynedale,2017-18,
E07000162,Wansbeck,2017-18,
E10000023,North Yorkshire,2017-18,2760.0
E07000163,Craven,2017-18,206.0
E07000164,Hambleton,2017-18,408.0
E07000165,Harrogate,2017-18,656.0
E07000166,Richmondshire,2017-18,210.0
E07000167,Ryedale,2017-18,271.0
E07000168,Scarborough,2017-18,367.0
E07000169,Selby,2017-18,642.0
E10000024,Nottinghamshire,2017-18,2993.0
E07000170,Ashfield,2017-18,390.0
E07000171,Bassetlaw,2017-18,623.0
E07000172,Broxtowe,2017-18,330.0
E07000173,Gedling,2017-18,229.0
E07000174,Mansfield,2017-18,293.0
E07000175,Newark and Sherwood,2017-18,521.0
E07000176,Rushcliffe,2017-18,608.0
E10000025,Oxfordshire,2017-18,4489.0
E07000177,Cherwell,2017-18,1424.0
E07000178,Oxford,2017-18,98.0
E07000179,South Oxfordshire,2017-18,894.0
E07000180,Vale of White Horse,2017-18,1509.0
E07000181,West Oxfordshire,2017-18,564.0
E10000026,Shropshire,2017-18,
E07000182,Bridgnorth,2017-18,
E07000183,North Shropshire,2017-18,
E07000184,Oswestry,2017-18,
E07000185,Shrewsbury and Atcham,2017-18,
E07000186,South Shropshire,2017-18,
E10000027,Somerset,2017-18,2827.0
E07000187,Mendip,2017-18,717.0
E07000188,Sedgemoor,2017-18,494.0
E07000189,South Somerset,2017-18,560.0
E07000190,Taunton Deane,2017-18,929.0
E07000191,West Somerset,2017-18,126.0
E07000246,Somerset West and Taunton,2017-18,
E10000028,Staffordshire,2017-18,3178.0
E07000192,Cannock Chase,2017-18,608.0
E07000193,East Staffordshire,2017-18,634.0
E07000194,Lichfield,2017-18,548.0
E07000195,Newcastle-under-Lyme,2017-18,127.0
E07000196,South Staffordshire,2017-18,260.0
E07000197,Stafford,2017-18,773.0
E07000198,Staffordshire Moorlands,2017-18,115.0
E07000199,Tamworth,2017-18,114.0
E10000029,Suffolk,2017-18,2410.0
E07000200,Babergh,2017-18,321.0
E07000201,Forest Heath,2017-18,397.0
E07000202,Ipswich,2017-18,77.0
E07000203,Mid Suffolk,2017-18,400.0
E07000204,St Edmundsbury,2017-18,253.0
E07000205,Suffolk Coastal,2017-18,631.0
E07000206,Waveney,2017-18,330.0
E07000244,East Suffolk,2017-18,
E07000245,West Suffolk,2017-18,
E10000030,Surrey,2017-18,3976.0
E07000207,Elmbridge,2017-18,159.0
E07000208,Epsom and Ewell,2017-18,132.0
E07000209,Guildford,2017-18,231.0
E07000210,Mole Valley,2017-18,356.0
E07000211,Reigate and Banstead,2017-18,581.0
E07000212,Runnymede,2017-18,752.0
E07000213,Spelthorne,2017-18,260.0
E07000214,Surrey Heath,2017-18,267.0
E07000215,Tandridge,2017-18,352.0
E07000216,Waverley,2017-18,511.0
E07000217,Woking,2017-18,375.0
E10000031,Warwickshire,2017-18,3540.0
E07000218,North Warwickshire,2017-18,244.0
E07000219,Nuneaton and Bedworth,2017-18,516.0
E07000220,Rugby,2017-18,606.0
E07000221,Stratford-on-Avon,2017-18,1328.0
E07000222,Warwick,2017-18,846.0
E10000032,West Sussex,2017-18,4117.0
E07000223,Adur,2017-18,110.0
E07000224,Arun,2017-18,743.0
E07000225,Chichester,2017-18,790.0
E07000226,Crawley,2017-18,322.0
E07000227,Horsham,2017-18,1098.0
E07000228,Mid Sussex,2017-18,558.0
E07000229,Worthing,2017-18,497.0
E10000033,Wiltshire,2017-18,
E07000230,Kennet,2017-18,
E07000231,North Wiltshire,2017-18,
E07000232,Salisbury,2017-18,
E07000233,West Wiltshire,2017-18,
E10000034,Worcestershire,2017-18,2972.0
E07000234,Bromsgrove,2017-18,580.0
E07000235,Malvern Hills,2017-18,441.0
E07000236,Redditch,2017-18,390.0
E07000237,Worcester,2017-18,256.0
E07000238,Wychavon,2017-18,1103.0
E07000239,Wyre Forest,2017-18,203.0
E92000001,England,2018-19,247766.0
,Unitary Authorities,2018-19,55437.0
E06000022,Bath and North East Somerset UA,2018-19,1049.0
E06000055,Bedford UA,2018-19,1392.0
E06000008,Blackburn with Darwen UA,2018-19,505.0
E06000009,Blackpool UA,2018-19,565.0
E06000028,Bournemouth UA,2018-19,657.0
E06000058,"Bournemouth, Christchurch and Poole UA",2018-19,
E06000036,Bracknell Forest UA,2018-19,713.0
E06000043,Brighton and Hove UA,2018-19,532.0
E06000023,"Bristol, City of UA",2018-19,1561.0
E06000060,Buckinghamshire UA,2018-19,
E06000056,Central Bedfordshire UA,2018-19,2017.0
E06000049,Cheshire East UA,2018-19,2954.0
E06000050,Cheshire West and Chester UA,2018-19,2064.0
E06000052,Cornwall UA,2018-19,3045.0
E06000047,County Durham UA,2018-19,1630.0
E06000063,Cumberland UA,2018-19,
E06000005,Darlington UA,2018-19,511.0
E06000015,Derby UA,2018-19,625.0
E06000059,Dorset UA,2018-19,
E06000011,East Riding of Yorkshire UA,2018-19,2456.0
E06000006,Halton UA,2018-19,499.0
E06000001,Hartlepool UA,2018-19,336.0
E06000019,"Herefordshire, County of UA",2018-19,728.0
E06000046,Isle of Wight UA,2018-19,555.0
E06000053,Isles of Scilly UA,2018-19,-11.0
E06000010,"Kingston upon Hull, City of UA",2018-19,704.0
E06000016,Leicester UA,2018-19,942.0
E06000032,Luton UA,2018-19,694.0
E06000035,Medway UA,2018-19,657.0
E06000002,Middlesbrough UA,2018-19,510.0
E06000042,Milton Keynes UA,2018-19,1802.0
E06000012,North East Lincolnshire UA,2018-19,153.0
E06000013,North Lincolnshire UA,2018-19,226.0
E06000061,North Northamptonshire UA,2018-19,
E06000024,North Somerset UA,2018-19,820.0
E06000065,North Yorkshire UA,2018-19,
E06000057,Northumberland UA,2018-19,1720.0
E06000018,Nottingham UA,2018-19,708.0
E06000031,Peterborough UA,2018-19,1215.0
E06000026,Plymouth UA,2018-19,944.0
E06000029,Poole UA,2018-19,425.0
E06000044,Portsmouth UA,2018-19,177.0
E06000038,Reading UA,2018-19,989.0
E06000003,Redcar and Cleveland UA,2018-19,519.0
E06000017,Rutland UA,2018-19,191.0
E06000051,Shropshire UA,2018-19,1667.0
E06000039,Slough UA,2018-19,467.0
E06000066,Somerset UA,2018-19,
E06000025,South Gloucestershire UA,2018-19,1513.0
E06000045,Southampton UA,2018-19,1506.0
E06000033,Southend-on-Sea UA,2018-19,584.0
E06000004,Stockton-on-Tees UA,2018-19,782.0
E06000021,Stoke-on-Trent UA,2018-19,996.0
E06000030,Swindon UA,2018-19,1082.0
E06000020,Telford and Wrekin UA,2018-19,1431.0
E06000034,Thurrock UA,2018-19,483.0
E06000027,Torbay UA,2018-19,732.0
E06000007,Warrington UA,2018-19,560.0
E06000037,West Berkshire UA,2018-19,530.0
E06000062,West Northamptonshire UA,2018-19,
E06000064,Westmorland and Furness UA,2018-19,
E06000054,Wiltshire UA,2018-19,2989.0
E06000040,Windsor and Maidenhead UA,2018-19,649.0
E06000041,Wokingham UA,2018-19,1291.0
E06000014,York UA,2018-19,392.0
,London Boroughs,2018-19,41424.0
E09000002,Barking and Dagenham,2018-19,840.0
E09000003,Barnet,2018-19,2105.0
E09000004,Bexley,2018-19,494.0
E09000005,Brent,2018-19,1999.0
E09000006,Bromley,2018-19,872.0
E09000007,Camden,2018-19,941.0
E09000001,City of London,2018-19,353.0
E09000008,Croydon,2018-19,1343.0
E09000009,Ealing,2018-19,2087.0
E09000010,Enfield,2018-19,559.0
E09000011,Greenwich,2018-19,1772.0
E09000012,Hackney,2018-19,1839.0
E09000013,Hammersmith and Fulham,2018-19,1160.0
E09000014,Haringey,2018-19,732.0
E09000015,Harrow,2018-19,1320.0
E09000016,Havering,2018-19,776.0
E09000017,Hillingdon,2018-19,1195.0
E09000018,Hounslow,2018-19,1583.0
E09000019,Islington,2018-19,1091.0
E09000020,Kensington and Chelsea,2018-19,188.0
E09000021,Kingston upon Thames,2018-19,516.0
E09000022,Lambeth,2018-19,1438.0
E09000023,Lewisham,2018-19,1818.0
E09000024,Merton,2018-19,383.0
E09000025,Newham,2018-19,2790.0
E09000026,Redbridge,2018-19,934.0
E09000027,Richmond upon Thames,2018-19,371.0
E09000028,Southwark,2018-19,3531.0
E09000029,Sutton,2018-19,656.0
E09000030,Tower Hamlets,2018-19,2036.0
E09000031,Waltham Forest,2018-19,833.0
E09000032,Wandsworth,2018-19,1879.0
E09000033,Westminster,2018-19,990.0
,Metropolitan Districts,2018-19,42317.0
E11000001,Greater Manchester (Met County),2018-19,11335.0
E08000001,Bolton,2018-19,608.0
E08000002,Bury,2018-19,402.0
E08000003,Manchester,2018-19,2132.0
E08000004,Oldham,2018-19,649.0
E08000005,Rochdale,2018-19,940.0
E08000006,Salford,2018-19,3096.0
E08000007,Stockport,2018-19,719.0
E08000008,Tameside,2018-19,665.0
E08000009,Trafford,2018-19,844.0
E08000010,Wigan,2018-19,1279.0
E11000002,Merseyside (Met County),2018-19,4813.0
E08000011,Knowsley,2018-19,964.0
E08000012,Liverpool,2018-19,1577.0
E08000014,Sefton,2018-19,751.0
E08000013,St. Helens,2018-19,816.0
E08000015,Wirral,2018-19,705.0
E11000003,South Yorkshire (Met County),2018-19,4212.0
E08000016,Barnsley,2018-19,1048.0
E08000017,Doncaster,2018-19,1392.0
E08000018,Rotherham,2018-19,607.0
E08000019,Sheffield,2018-19,1165.0
E11000007,Tyne and Wear (Met County),2018-19,3410.0
E08000037,Gateshead,2018-19,304.0
E08000021,Newcastle upon Tyne,2018-19,1275.0
E08000022,North Tyneside,2018-19,879.0
E08000023,South Tyneside,2018-19,212.0
E08000024,Sunderland,2018-19,740.0
E11000005,West Midlands (Met County),2018-19,9262.0
E08000025,Birmingham,2018-19,3935.0
E08000026,Coventry,2018-19,1346.0
E08000027,Dudley,2018-19,730.0
E08000028,Sandwell,2018-19,896.0
E08000029,Solihull,2018-19,853.0
E08000030,Walsall,2018-19,791.0
E08000031,Wolverhampton,2018-19,712.0
E11000006,West Yorkshire (Met County),2018-19,9285.0
E08000032,Bradford,2018-19,1801.0
E08000033,Calderdale,2018-19,571.0
E08000034,Kirklees,2018-19,1227.0
E08000035,Leeds,2018-19,3492.0
E08000036,Wakefield,2018-19,2193.0
,Shire Districts,2018-19,108588.0
E10000001,Bedfordshire,2018-19,
E07000002,Bedford,2018-19,
E07000001,Mid Bedfordshire,2018-19,
E07000003,South Bedfordshire,2018-19,
E10000002,Buckinghamshire,2018-19,3306.0
E07000004,Aylesbury Vale,2018-19,1775.0
E07000005,Chiltern,2018-19,366.0
E07000006,South Bucks,2018-19,335.0
E07000007,Wycombe,2018-19,830.0
E10000003,Cambridgeshire,2018-19,3954.0
E07000008,Cambridge,2018-19,911.0
E07000009,East Cambridgeshire,2018-19,388.0
E07000010,Fenland,2018-19,424.0
E07000011,Huntingdonshire,2018-19,1131.0
E07000012,South Cambridgeshire,2018-19,1101.0
E10000004,Cheshire,2018-19,
E07000013,Chester,2018-19,
E07000014,Congleton,2018-19,
E07000015,Crewe and Nantwich,2018-19,
E07000016,Ellesmere Port & Neston,2018-19,
E07000017,Macclesfield,2018-19,
E07000018,Vale Royal,2018-19,
E10000005,Cornwall and Isles of Scilly,2018-19,
E07000019,Caradon,2018-19,
E07000020,Carrick,2018-19,
E07000025,Isles of Scilly,2018-19,
E07000021,Kerrier,2018-19,
E07000022,North Cornwall,2018-19,
E07000023,Penwith,2018-19,
E07000024,Restormel,2018-19,
E10000006,Cumbria,2018-19,1887.0
E07000026,Allerdale,2018-19,349.0
E07000027,Barrow-in-Furness,2018-19,168.0
E07000028,Carlisle,2018-19,497.0
E07000029,Copeland,2018-19,161.0
E07000030,Eden,2018-19,430.0
E07000031,South Lakeland,2018-19,282.0
E10000007,Derbyshire,2018-19,3524.0
E07000032,Amber Valley,2018-19,566.0
E07000033,Bolsover,2018-19,312.0
E07000034,Chesterfield,2018-19,183.0
E07000035,Derbyshire Dales,2018-19,356.0
E07000036,Erewash,2018-19,289.0
E07000037,High Peak,2018-19,384.0
E07000038,North East Derbyshire,2018-19,227.0
E07000039,South Derbyshire,2018-19,1207.0
E10000008,Devon,2018-19,4266.0
E07000040,East Devon,2018-19,966.0
E07000041,Exeter,2018-19,655.0
E07000042,Mid Devon,2018-19,412.0
E07000043,North Devon,2018-19,664.0
E07000044,South Hams,2018-19,430.0
E07000045,Teignbridge,2018-19,685.0
E07000046,Torridge,2018-19,299.0
E07000047,West Devon,2018-19,153.0
E10000009,Dorset,2018-19,1712.0
E07000048,Christchurch,2018-19,187.0
E07000049,East Dorset,2018-19,292.0
E07000050,North Dorset,2018-19,225.0
E07000051,Purbeck,2018-19,74.0
E07000052,West Dorset,2018-19,643.0
E07000053,Weymouth and Portland,2018-19,291.0
E10000010,Durham,2018-19,
E07000054,Chester-le-Street,2018-19,
E07000055,Derwentside,2018-19,
E07000056,Durham,2018-19,
E07000057,Easington,2018-19,
E07000058,Sedgefield,2018-19,
E07000059,Teesdale,2018-19,
E07000060,Wear Valley,2018-19,
E10000011,East Sussex,2018-19,1767.0
E07000061,Eastbourne,2018-19,142.0
E07000062,Hastings,2018-19,138.0
E07000063,Lewes,2018-19,326.0
E07000064,Rother,2018-19,294.0
E07000065,Wealden,2018-19,867.0
E10000012,Essex,2018-19,7373.0
E07000066,Basildon,2018-19,394.0
E07000067,Braintree,2018-19,480.0
E07000068,Brentwood,2018-19,242.0
E07000069,Castle Point,2018-19,173.0
E07000070,Chelmsford,2018-19,1240.0
E07000071,Colchester,2018-19,1165.0
E07000072,Epping Forest,2018-19,456.0
E07000073,Harlow,2018-19,669.0
E07000074,Maldon,2018-19,287.0
E07000075,Rochford,2018-19,261.0
E07000076,Tendring,2018-19,1025.0
E07000077,Uttlesford,2018-19,983.0
E10000013,Gloucestershire,2018-19,3871.0
E07000078,Cheltenham,2018-19,769.0
E07000079,Cotswold,2018-19,795.0
E07000080,Forest of Dean,2018-19,309.0
E07000081,Gloucester,2018-19,582.0
E07000082,Stroud,2018-19,558.0
E07000083,Tewkesbury,2018-19,858.0
E10000014,Hampshire,2018-19,6969.0
E07000084,Basingstoke and Deane,2018-19,1230.0
E07000085,East Hampshire,2018-19,1103.0
E07000086,Eastleigh,2018-19,1065.0
E07000087,Fareham,2018-19,288.0
E07000088,Gosport,2018-19,10.0
E07000089,Hart,2018-19,612.0
E07000090,Havant,2018-19,233.0
E07000091,New Forest,2018-19,449.0
E07000092,Rushmoor,2018-19,323.0
E07000093,Test Valley,2018-19,818.0
E07000094,Winchester,2018-19,838.0
E10000015,Hertfordshire,2018-19,4504.0
E07000095,Broxbourne,2018-19,462.0
E07000096,Dacorum,2018-19,461.0
E07000242,East Hertfordshire,2018-19,909.0
E07000098,Hertsmere,2018-19,599.0
E07000099,North Hertfordshire,2018-19,247.0
E07000240,St Albans,2018-19,626.0
E07000243,Stevenage,2018-19,280.0
E07000102,Three Rivers,2018-19,169.0
E07000103,Watford,2018-19,323.0
E07000241,Welwyn Hatfield,2018-19,428.0
E10000016,Kent,2018-19,6885.0
E07000105,Ashford,2018-19,923.0
E07000106,Canterbury,2018-19,311.0
E07000107,Dartford,2018-19,960.0
E07000108,Dover,2018-19,374.0
E07000109,Gravesham,2018-19,302.0
E07000110,Maidstone,2018-19,1215.0
E07000111,Sevenoaks,2018-19,299.0
E07000112,Folkestone and Hythe,2018-19,435.0
E07000113,Swale,2018-19,956.0
E07000114,Thanet,2018-19,352.0
E07000115,Tonbridge and Malling,2018-19,361.0
E07000116,Tunbridge Wells,2018-19,396.0
E10000017,Lancashire,2018-19,4472.0
E07000117,Burnley,2018-19,299.0
E07000118,Chorley,2018-19,553.0
E07000119,Fylde,2018-19,466.0
E07000120,Hyndburn,2018-19,152.0
E07000121,Lancaster,2018-19,379.0
E07000122,Pendle,2018-19,324.0
E07000123,Preston,2018-19,565.0
E07000124,Ribble Valley,2018-19,421.0
E07000125,Rossendale,2018-19,106.0
E07000126,South Ribble,2018-19,397.0
E07000127,West Lancashire,2018-19,333.0
E07000128,Wyre,2018-19,475.0
E10000018,Leicestershire,2018-19,3559.0
E07000129,Blaby,2018-19,460.0
E07000130,Charnwood,2018-19,988.0
E07000131,Harborough,2018-19,742.0
E07000132,Hinckley and Bosworth,2018-19,398.0
E07000133,Melton,2018-19,200.0
E07000134,North West Leicestershire,2018-19,685.0
E07000135,Oadby and Wigston,2018-19,86.0
E10000019,Lincolnshire,2018-19,6062.0
E07000136,Boston,2018-19,443.0
E07000137,East Lindsey,2018-19,2419.0
E07000138,Lincoln,2018-19,388.0
E07000139,North Kesteven,2018-19,708.0
E07000140,South Holland,2018-19,840.0
E07000141,South Kesteven,2018-19,755.0
E07000142,West Lindsey,2018-19,510.0
E10000020,Norfolk,2018-19,4705.0
E07000143,Breckland,2018-19,784.0
E07000144,Broadland,2018-19,625.0
E07000145,Great Yarmouth,2018-19,576.0
E07000146,King's Lynn and West Norfolk,2018-19,89.0
E07000147,North Norfolk,2018-19,449.0
E07000148,Norwich,2018-19,957.0
E07000149,South Norfolk,2018-19,1226.0
E10000021,Northamptonshire,2018-19,4672.0
E07000150,Corby,2018-19,656.0
E07000151,Daventry,2018-19,869.0
E07000152,East Northamptonshire,2018-19,534.0
E07000153,Kettering,2018-19,644.0
E07000154,Northampton,2018-19,731.0
E07000155,South Northamptonshire,2018-19,865.0
E07000156,Wellingborough,2018-19,373.0
E10000022,Northumberland,2018-19,
E07000157,Alnwick,2018-19,
E07000158,Berwick-upon-Tweed,2018-19,
E07000159,Blyth Valley,2018-19,
E07000160,Castle Morpeth,2018-19,
E07000161,Tynedale,2018-19,
E07000162,Wansbeck,2018-19,
E10000023,North Yorkshire,2018-19,2838.0
E07000163,Craven,2018-19,217.0
E07000164,Hambleton,2018-19,462.0
E07000165,Harrogate,2018-19,727.0
E07000166,Richmondshire,2018-19,127.0
E07000167,Ryedale,2018-19,264.0
E07000168,Scarborough,2018-19,385.0
E07000169,Selby,2018-19,655.0
E10000024,Nottinghamshire,2018-19,3217.0
E07000170,Ashfield,2018-19,292.0
E07000171,Bassetlaw,2018-19,506.0
E07000172,Broxtowe,2018-19,231.0
E07000173,Gedling,2018-19,278.0
E07000174,Mansfield,2018-19,447.0
E07000175,Newark and Sherwood,2018-19,685.0
E07000176,Rushcliffe,2018-19,778.0
E10000025,Oxfordshire,2018-19,5064.0
E07000177,Cherwell,2018-19,1526.0
E07000178,Oxford,2018-19,164.0
E07000179,South Oxfordshire,2018-19,1354.0
E07000180,Vale of White Horse,2018-19,1187.0
E07000181,West Oxfordshire,2018-19,833.0
E10000026,Shropshire,2018-19,
E07000182,Bridgnorth,2018-19,
E07000183,North Shropshire,2018-19,
E07000184,Oswestry,2018-19,
E07000185,Shrewsbury and Atcham,2018-19,
E07000186,South Shropshire,2018-19,
E10000027,Somerset,2018-19,2346.0
E07000187,Mendip,2018-19,550.0
E07000188,Sedgemoor,2018-19,525.0
E07000189,South Somerset,2018-19,647.0
E07000190,Taunton Deane,2018-19,560.0
E07000191,West Somerset,2018-19,63.0
E07000246,Somerset West and Taunton,2018-19,
E10000028,Staffordshire,2018-19,3078.0
E07000192,Cannock Chase,2018-19,217.0
E07000193,East Staffordshire,2018-19,716.0
E07000194,Lichfield,2018-19,736.0
E07000195,Newcastle-under-Lyme,2018-19,102.0
E07000196,South Staffordshire,2018-19,278.0
E07000197,Stafford,2018-19,609.0
E07000198,Staffordshire Moorlands,2018-19,141.0
E07000199,Tamworth,2018-19,280.0
E10000029,Suffolk,2018-19,3266.0
E07000200,Babergh,2018-19,569.0
E07000201,Forest Heath,2018-19,430.0
E07000202,Ipswich,2018-19,159.0
E07000203,Mid Suffolk,2018-19,664.0
E07000204,St Edmundsbury,2018-19,463.0
E07000205,Suffolk Coastal,2018-19,637.0
E07000206,Waveney,2018-19,343.0
E07000244,East Suffolk,2018-19,
E07000245,West Suffolk,2018-19,
E10000030,Surrey,2018-19,3763.0
E07000207,Elmbridge,2018-19,463.0
E07000208,Epsom and Ewell,2018-19,137.0
E07000209,Guildford,2018-19,284.0
E07000210,Mole Valley,2018-19,296.0
E07000211,Reigate and Banstead,2018-19,563.0
E07000212,Runnymede,2018-19,426.0
E07000213,Spelthorne,2018-19,299.0
E07000214,Surrey Heath,2018-19,411.0
E07000215,Tandridge,2018-19,289.0
E07000216,Waverley,2018-19,334.0
E07000217,Woking,2018-19,261.0
E10000031,Warwickshire,2018-19,4296.0
E07000218,North Warwickshire,2018-19,354.0
E07000219,Nuneaton and Bedworth,2018-19,667.0
E07000220,Rugby,2018-19,967.0
E07000221,Stratford-on-Avon,2018-19,1400.0
E07000222,Warwick,2018-19,908.0
E10000032,West Sussex,2018-19,4221.0
E07000223,Adur,2018-19,109.0
E07000224,Arun,2018-19,639.0
E07000225,Chichester,2018-19,735.0
E07000226,Crawley,2018-19,465.0
E07000227,Horsham,2018-19,1358.0
E07000228,Mid Sussex,2018-19,609.0
E07000229,Worthing,2018-19,307.0
E10000033,Wiltshire,2018-19,
E07000230,Kennet,2018-19,
E07000231,North Wiltshire,2018-19,
E07000232,Salisbury,2018-19,
E07000233,West Wiltshire,2018-19,
E10000034,Worcestershire,2018-19,3009.0
E07000234,Bromsgrove,2018-19,269.0
E07000235,Malvern Hills,2018-19,563.0
E07000236,Redditch,2018-19,396.0
E07000237,Worcester,2018-19,240.0
E07000238,Wychavon,2018-19,1297.0
E07000239,Wyre Forest,2018-19,245.0
E92000001,England,2019-20,248591.0
,Unitary Authorities,2019-20,55597.0
E06000022,Bath and North East Somerset UA,2019-20,1176.0
E06000055,Bedford UA,2019-20,1060.0
E06000008,Blackburn with Darwen UA,2019-20,323.0
E06000009,Blackpool UA,2019-20,532.0
E06000028,Bournemouth UA,2019-20,
E06000058,"Bournemouth, Christchurch and Poole UA",2019-20,1700.0
E06000036,Bracknell Forest UA,2019-20,1646.0
E06000043,Brighton and Hove UA,2019-20,710.0
E06000023,"Bristol, City of UA",2019-20,1249.0
E06000060,Buckinghamshire UA,2019-20,
E06000056,Central Bedfordshire UA,2019-20,2537.0
E06000049,Cheshire East UA,2019-20,3150.0
E06000050,Cheshire West and Chester UA,2019-20,1759.0
E06000052,Cornwall UA,2019-20,2973.0
E06000047,County Durham UA,2019-20,1795.0
E06000063,Cumberland UA,2019-20,
E06000005,Darlington UA,2019-20,506.0
E06000015,Derby UA,2019-20,556.0
E06000059,Dorset UA,2019-20,1432.0
E06000011,East Riding of Yorkshire UA,2019-20,2265.0
E06000006,Halton UA,2019-20,503.0
E06000001,Hartlepool UA,2019-20,220.0
E06000019,"Herefordshire, County of UA",2019-20,967.0
E06000046,Isle of Wight UA,2019-20,458.0
E06000053,Isles of Scilly UA,2019-20,-11.0
E06000010,"Kingston upon Hull, City of UA",2019-20,814.0
E06000016,Leicester UA,2019-20,952.0
E06000032,Luton UA,2019-20,858.0
E06000035,Medway UA,2019-20,1142.0
E06000002,Middlesbrough UA,2019-20,612.0
E06000042,Milton Keynes UA,2019-20,2097.0
E06000012,North East Lincolnshire UA,2019-20,93.0
E06000013,North Lincolnshire UA,2019-20,320.0
E06000061,North Northamptonshire UA,2019-20,
E06000024,North Somerset UA,2019-20,959.0
E06000065,North Yorkshire UA,2019-20,
E06000057,Northumberland UA,2019-20,1662.0
E06000018,Nottingham UA,2019-20,1058.0
E06000031,Peterborough UA,2019-20,1244.0
E06000026,Plymouth UA,2019-20,770.0
E06000029,Poole UA,2019-20,
E06000044,Portsmouth UA,2019-20,162.0
E06000038,Reading UA,2019-20,600.0
E06000003,Redcar and Cleveland UA,2019-20,391.0
E06000017,Rutland UA,2019-20,166.0
E06000051,Shropshire UA,2019-20,1393.0
E06000039,Slough UA,2019-20,436.0
E06000066,Somerset UA,2019-20,
E06000025,South Gloucestershire UA,2019-20,1454.0
E06000045,Southampton UA,2019-20,350.0
E06000033,Southend-on-Sea UA,2019-20,310.0
E06000004,Stockton-on-Tees UA,2019-20,996.0
E06000021,Stoke-on-Trent UA,2019-20,893.0
E06000030,Swindon UA,2019-20,681.0
E06000020,Telford and Wrekin UA,2019-20,1066.0
E06000034,Thurrock UA,2019-20,633.0
E06000027,Torbay UA,2019-20,389.0
E06000007,Warrington UA,2019-20,598.0
E06000037,West Berkshire UA,2019-20,401.0
E06000062,West Northamptonshire UA,2019-20,
E06000064,Westmorland and Furness UA,2019-20,
E06000054,Wiltshire UA,2019-20,2090.0
E06000040,Windsor and Maidenhead UA,2019-20,399.0
E06000041,Wokingham UA,2019-20,1596.0
E06000014,York UA,2019-20,504.0
,London Boroughs,2019-20,45676.0
E09000002,Barking and Dagenham,2019-20,675.0
E09000003,Barnet,2019-20,1886.0
E09000004,Bexley,2019-20,216.0
E09000005,Brent,2019-20,2691.0
E09000006,Bromley,2019-20,649.0
E09000007,Camden,2019-20,1099.0
E09000001,City of London,2019-20,299.0
E09000008,Croydon,2019-20,1410.0
E09000009,Ealing,2019-20,2141.0
E09000010,Enfield,2019-20,479.0
E09000011,Greenwich,2019-20,3310.0
E09000012,Hackney,2019-20,963.0
E09000013,Hammersmith and Fulham,2019-20,1263.0
E09000014,Haringey,2019-20,1029.0
E09000015,Harrow,2019-20,1291.0
E09000016,Havering,2019-20,818.0
E09000017,Hillingdon,2019-20,1884.0
E09000018,Hounslow,2019-20,1864.0
E09000019,Islington,2019-20,932.0
E09000020,Kensington and Chelsea,2019-20,584.0
E09000021,Kingston upon Thames,2019-20,628.0
E09000022,Lambeth,2019-20,1736.0
E09000023,Lewisham,2019-20,1442.0
E09000024,Merton,2019-20,456.0
E09000025,Newham,2019-20,3653.0
E09000026,Redbridge,2019-20,794.0
E09000027,Richmond upon Thames,2019-20,261.0
E09000028,Southwark,2019-20,1781.0
E09000029,Sutton,2019-20,654.0
E09000030,Tower Hamlets,2019-20,5076.0
E09000031,Waltham Forest,2019-20,1135.0
E09000032,Wandsworth,2019-20,1281.0
E09000033,Westminster,2019-20,1297.0
,Metropolitan Districts,2019-20,44039.0
E11000001,Greater Manchester (Met County),2019-20,13551.0
E08000001,Bolton,2019-20,527.0
E08000002,Bury,2019-20,212.0
E08000003,Manchester,2019-20,3793.0
E08000004,Oldham,2019-20,848.0
E08000005,Rochdale,2019-20,757.0
E08000006,Salford,2019-20,3755.0
E08000007,Stockport,2019-20,1289.0
E08000008,Tameside,2019-20,493.0
E08000009,Trafford,2019-20,580.0
E08000010,Wigan,2019-20,1296.0
E11000002,Merseyside (Met County),2019-20,5613.0
E08000011,Knowsley,2019-20,1222.0
E08000012,Liverpool,2019-20,1896.0
E08000014,Sefton,2019-20,888.0
E08000013,St. Helens,2019-20,798.0
E08000015,Wirral,2019-20,809.0
E11000003,South Yorkshire (Met County),2019-20,5403.0
E08000016,Barnsley,2019-20,1112.0
E08000017,Doncaster,2019-20,1278.0
E08000018,Rotherham,2019-20,741.0
E08000019,Sheffield,2019-20,2272.0
E11000007,Tyne and Wear (Met County),2019-20,2804.0
E08000037,Gateshead,2019-20,211.0
E08000021,Newcastle upon Tyne,2019-20,1045.0
E08000022,North Tyneside,2019-20,500.0
E08000023,South Tyneside,2019-20,201.0
E08000024,Sunderland,2019-20,847.0
E11000005,West Midlands (Met County),2019-20,9065.0
E08000025,Birmingham,2019-20,3543.0
E08000026,Coventry,2019-20,2088.0
E08000027,Dudley,2019-20,697.0
E08000028,Sandwell,2019-20,569.0
E08000029,Solihull,2019-20,695.0
E08000030,Walsall,2019-20,636.0
E08000031,Wolverhampton,2019-20,838.0
E11000006,West Yorkshire (Met County),2019-20,7603.0
E08000032,Bradford,2019-20,1197.0
E08000033,Calderdale,2019-20,362.0
E08000034,Kirklees,2019-20,808.0
E08000035,Leeds,2019-20,3398.0
E08000036,Wakefield,2019-20,1837.0
,Shire Districts,2019-20,103279.0
E10000001,Bedfordshire,2019-20,
E07000002,Bedford,2019-20,
E07000001,Mid Bedfordshire,2019-20,
E07000003,South Bedfordshire,2019-20,
E10000002,Buckinghamshire,2019-20,2323.0
E07000004,Aylesbury Vale,2019-20,1732.0
E07000005,Chiltern,2019-20,104.0
E07000006,South Bucks,2019-20,105.0
E07000007,Wycombe,2019-20,382.0
E10000003,Cambridgeshire,2019-20,3689.0
E07000008,Cambridge,2019-20,498.0
E07000009,East Cambridgeshire,2019-20,485.0
E07000010,Fenland,2019-20,591.0
E07000011,Huntingdonshire,2019-20,1101.0
E07000012,South Cambridgeshire,2019-20,1015.0
E10000004,Cheshire,2019-20,
E07000013,Chester,2019-20,
E07000014,Congleton,2019-20,
E07000015,Crewe and Nantwich,2019-20,
E07000016,Ellesmere Port & Neston,2019-20,
E07000017,Macclesfield,2019-20,
E07000018,Vale Royal,2019-20,
E10000005,Cornwall and Isles of Scilly,2019-20,
E07000019,Caradon,2019-20,
E07000020,Carrick,2019-20,
E07000025,Isles of Scilly,2019-20,
E07000021,Kerrier,2019-20,
E07000022,North Cornwall,2019-20,
E07000023,Penwith,2019-20,
E07000024,Restormel,2019-20,
E10000006,Cumbria,2019-20,1914.0
E07000026,Allerdale,2019-20,268.0
E07000027,Barrow-in-Furness,2019-20,150.0
E07000028,Carlisle,2019-20,568.0
E07000029,Copeland,2019-20,209.0
E07000030,Eden,2019-20,486.0
E07000031,South Lakeland,2019-20,234.0
E10000007,Derbyshire,2019-20,3816.0
E07000032,Amber Valley,2019-20,430.0
E07000033,Bolsover,2019-20,460.0
E07000034,Chesterfield,2019-20,275.0
E07000035,Derbyshire Dales,2019-20,380.0
E07000036,Erewash,2019-20,214.0
E07000037,High Peak,2019-20,309.0
E07000038,North East Derbyshire,2019-20,474.0
E07000039,South Derbyshire,2019-20,1274.0
E10000008,Devon,2019-20,4920.0
E07000040,East Devon,2019-20,1102.0
E07000041,Exeter,2019-20,990.0
E07000042,Mid Devon,2019-20,405.0
E07000043,North Devon,2019-20,858.0
E07000044,South Hams,2019-20,465.0
E07000045,Teignbridge,2019-20,489.0
E07000046,Torridge,2019-20,319.0
E07000047,West Devon,2019-20,290.0
E10000009,Dorset,2019-20,
E07000048,Christchurch,2019-20,
E07000049,East Dorset,2019-20,
E07000050,North Dorset,2019-20,
E07000051,Purbeck,2019-20,
E07000052,West Dorset,2019-20,
E07000053,Weymouth and Portland,2019-20,
E10000010,Durham,2019-20,
E07000054,Chester-le-Street,2019-20,
E07000055,Derwentside,2019-20,
E07000056,Durham,2019-20,
E07000057,Easington,2019-20,
E07000058,Sedgefield,2019-20,
E07000059,Teesdale,2019-20,
E07000060,Wear Valley,2019-20,
E10000011,East Sussex,2019-20,1885.0
E07000061,Eastbourne,2019-20,212.0
E07000062,Hastings,2019-20,73.0
E07000063,Lewes,2019-20,254.0
E07000064,Rother,2019-20,286.0
E07000065,Wealden,2019-20,1060.0
E10000012,Essex,2019-20,6536.0
E07000066,Basildon,2019-20,514.0
E07000067,Braintree,2019-20,830.0
E07000068,Brentwood,2019-20,426.0
E07000069,Castle Point,2019-20,44.0
E07000070,Chelmsford,2019-20,816.0
E07000071,Colchester,2019-20,775.0
E07000072,Epping Forest,2019-20,252.0
E07000073,Harlow,2019-20,718.0
E07000074,Maldon,2019-20,437.0
E07000075,Rochford,2019-20,346.0
E07000076,Tendring,2019-20,894.0
E07000077,Uttlesford,2019-20,485.0
E10000013,Gloucestershire,2019-20,2726.0
E07000078,Cheltenham,2019-20,443.0
E07000079,Cotswold,2019-20,301.0
E07000080,Forest of Dean,2019-20,375.0
E07000081,Gloucester,2019-20,505.0
E07000082,Stroud,2019-20,657.0
E07000083,Tewkesbury,2019-20,445.0
E10000014,Hampshire,2019-20,7623.0
E07000084,Basingstoke and Deane,2019-20,1604.0
E07000085,East Hampshire,2019-20,795.0
E07000086,Eastleigh,2019-20,1126.0
E07000087,Fareham,2019-20,283.0
E07000088,Gosport,2019-20,90.0
E07000089,Hart,2019-20,611.0
E07000090,Havant,2019-20,332.0
E07000091,New Forest,2019-20,419.0
E07000092,Rushmoor,2019-20,750.0
E07000093,Test Valley,2019-20,949.0
E07000094,Winchester,2019-20,664.0
E10000015,Hertfordshire,2019-20,4577.0
E07000095,Broxbourne,2019-20,153.0
E07000096,Dacorum,2019-20,392.0
E07000242,East Hertfordshire,2019-20,947.0
E07000098,Hertsmere,2019-20,484.0
E07000099,North Hertfordshire,2019-20,458.0
E07000240,St Albans,2019-20,439.0
E07000243,Stevenage,2019-20,316.0
E07000102,Three Rivers,2019-20,426.0
E07000103,Watford,2019-20,319.0
E07000241,Welwyn Hatfield,2019-20,643.0
E10000016,Kent,2019-20,6773.0
E07000105,Ashford,2019-20,753.0
E07000106,Canterbury,2019-20,417.0
E07000107,Dartford,2019-20,487.0
E07000108,Dover,2019-20,370.0
E07000109,Gravesham,2019-20,174.0
E07000110,Maidstone,2019-20,1424.0
E07000111,Sevenoaks,2019-20,477.0
E07000112,Folkestone and Hythe,2019-20,451.0
E07000113,Swale,2019-20,1065.0
E07000114,Thanet,2019-20,427.0
E07000115,Tonbridge and Malling,2019-20,410.0
E07000116,Tunbridge Wells,2019-20,317.0
E10000017,Lancashire,2019-20,5234.0
E07000117,Burnley,2019-20,213.0
E07000118,Chorley,2019-20,620.0
E07000119,Fylde,2019-20,610.0
E07000120,Hyndburn,2019-20,159.0
E07000121,Lancaster,2019-20,777.0
E07000122,Pendle,2019-20,218.0
E07000123,Preston,2019-20,527.0
E07000124,Ribble Valley,2019-20,577.0
E07000125,Rossendale,2019-20,93.0
E07000126,South Ribble,2019-20,372.0
E07000127,West Lancashire,2019-20,626.0
E07000128,Wyre,2019-20,440.0
E10000018,Leicestershire,2019-20,3504.0
E07000129,Blaby,2019-20,365.0
E07000130,Charnwood,2019-20,761.0
E07000131,Harborough,2019-20,919.0
E07000132,Hinckley and Bosworth,2019-20,258.0
E07000133,Melton,2019-20,312.0
E07000134,North West Leicestershire,2019-20,726.0
E07000135,Oadby and Wigston,2019-20,163.0
E10000019,Lincolnshire,2019-20,5835.0
E07000136,Boston,2019-20,338.0
E07000137,East Lindsey,2019-20,2470.0
E07000138,Lincoln,2019-20,242.0
E07000139,North Kesteven,2019-20,775.0
E07000140,South Holland,2019-20,529.0
E07000141,South Kesteven,2019-20,808.0
E07000142,West Lindsey,2019-20,674.0
E10000020,Norfolk,2019-20,4028.0
E07000143,Breckland,2019-20,618.0
E07000144,Broadland,2019-20,648.0
E07000145,Great Yarmouth,2019-20,630.0
E07000146,King's Lynn and West Norfolk,2019-20,248.0
E07000147,North Norfolk,2019-20,326.0
E07000148,Norwich,2019-20,561.0
E07000149,South Norfolk,2019-20,998.0
E10000021,Northamptonshire,2019-20,3291.0
E07000150,Corby,2019-20,395.0
E07000151,Daventry,2019-20,622.0
E07000152,East Northamptonshire,2019-20,284.0
E07000153,Kettering,2019-20,350.0
E07000154,Northampton,2019-20,718.0
E07000155,South Northamptonshire,2019-20,534.0
E07000156,Wellingborough,2019-20,388.0
E10000022,Northumberland,2019-20,
E07000157,Alnwick,2019-20,
E07000158,Berwick-upon-Tweed,2019-20,
E07000159,Blyth Valley,2019-20,
E07000160,Castle Morpeth,2019-20,
E07000161,Tynedale,2019-20,
E07000162,Wansbeck,2019-20,
E10000023,North Yorkshire,2019-20,3293.0
E07000163,Craven,2019-20,258.0
E07000164,Hambleton,2019-20,648.0
E07000165,Harrogate,2019-20,1020.0
E07000166,Richmondshire,2019-20,-16.0
E07000167,Ryedale,2019-20,444.0
E07000168,Scarborough,2019-20,417.0
E07000169,Selby,2019-20,522.0
E10000024,Nottinghamshire,2019-20,3044.0
E07000170,Ashfield,2019-20,166.0
E07000171,Bassetlaw,2019-20,766.0
E07000172,Broxtowe,2019-20,208.0
E07000173,Gedling,2019-20,352.0
E07000174,Mansfield,2019-20,458.0
E07000175,Newark and Sherwood,2019-20,586.0
E07000176,Rushcliffe,2019-20,509.0
E10000025,Oxfordshire,2019-20,5201.0
E07000177,Cherwell,2019-20,1196.0
E07000178,Oxford,2019-20,136.0
E07000179,South Oxfordshire,2019-20,1422.0
E07000180,Vale of White Horse,2019-20,1341.0
E07000181,West Oxfordshire,2019-20,1106.0
E10000026,Shropshire,2019-20,
E07000182,Bridgnorth,2019-20,
E07000183,North Shropshire,2019-20,
E07000184,Oswestry,2019-20,
E07000185,Shrewsbury and Atcham,2019-20,
E07000186,South Shropshire,2019-20,
E10000027,Somerset,2019-20,2259.0
E07000187,Mendip,2019-20,425.0
E07000188,Sedgemoor,2019-20,604.0
E07000189,South Somerset,2019-20,656.0
E07000190,Taunton Deane,2019-20,
E07000191,West Somerset,2019-20,
E07000246,Somerset West and Taunton,2019-20,573.0
E10000028,Staffordshire,2019-20,3956.0
E07000192,Cannock Chase,2019-20,913.0
E07000193,East Staffordshire,2019-20,696.0
E07000194,Lichfield,2019-20,577.0
E07000195,Newcastle-under-Lyme,2019-20,184.0
E07000196,South Staffordshire,2019-20,231.0
E07000197,Stafford,2019-20,662.0
E07000198,Staffordshire Moorlands,2019-20,185.0
E07000199,Tamworth,2019-20,509.0
E10000029,Suffolk,2019-20,2901.0
E07000200,Babergh,2019-20,283.0
E07000201,Forest Heath,2019-20,
E07000202,Ipswich,2019-20,357.0
E07000203,Mid Suffolk,2019-20,425.0
E07000204,St Edmundsbury,2019-20,
E07000205,Suffolk Coastal,2019-20,
E07000206,Waveney,2019-20,
E07000244,East Suffolk,2019-20,914.0
E07000245,West Suffolk,2019-20,921.0
E10000030,Surrey,2019-20,3666.0
E07000207,Elmbridge,2019-20,432.0
E07000208,Epsom and Ewell,2019-20,157.0
E07000209,Guildford,2019-20,284.0
E07000210,Mole Valley,2019-20,128.0
E07000211,Reigate and Banstead,2019-20,487.0
E07000212,Runnymede,2019-20,295.0
E07000213,Spelthorne,2019-20,238.0
E07000214,Surrey Heath,2019-20,419.0
E07000215,Tandridge,2019-20,307.0
E07000216,Waverley,2019-20,597.0
E07000217,Woking,2019-20,322.0
E10000031,Warwickshire,2019-20,4086.0
E07000218,North Warwickshire,2019-20,232.0
E07000219,Nuneaton and Bedworth,2019-20,638.0
E07000220,Rugby,2019-20,899.0
E07000221,Stratford-on-Avon,2019-20,1334.0
E07000222,Warwick,2019-20,983.0
E10000032,West Sussex,2019-20,3921.0
E07000223,Adur,2019-20,9.0
E07000224,Arun,2019-20,542.0
E07000225,Chichester,2019-20,642.0
E07000226,Crawley,2019-20,405.0
E07000227,Horsham,2019-20,921.0
E07000228,Mid Sussex,2019-20,992.0
E07000229,Worthing,2019-20,411.0
E10000033,Wiltshire,2019-20,
E07000230,Kennet,2019-20,
E07000231,North Wiltshire,2019-20,
E07000232,Salisbury,2019-20,
E07000233,West Wiltshire,2019-20,
E10000034,Worcestershire,2019-20,2276.0
E07000234,Bromsgrove,2019-20,331.0
E07000235,Malvern Hills,2019-20,378.0
E07000236,Redditch,2019-20,285.0
E07000237,Worcester,2019-20,222.0
E07000238,Wychavon,2019-20,803.0
E07000239,Wyre Forest,2019-20,258.0
E92000001,England,2020-21,217754.0
,Unitary Authorities,2020-21,50276.0
E06000022,Bath and North East Somerset UA,2020-21,773.0
E06000055,Bedford UA,2020-21,1232.0
E06000008,Blackburn with Darwen UA,2020-21,461.0
E06000009,Blackpool UA,2020-21,358.0
E06000028,Bournemouth UA,2020-21,
E06000058,"Bournemouth, Christchurch and Poole UA",2020-21,787.0
E06000036,Bracknell Forest UA,2020-21,954.0
E06000043,Brighton and Hove UA,2020-21,934.0
E06000023,"Bristol, City of UA",2020-21,1570.0
E06000060,Buckinghamshire UA,2020-21,2031.0
E06000056,Central Bedfordshire UA,2020-21,2050.0
E06000049,Cheshire East UA,2020-21,2294.0
E06000050,Cheshire West and Chester UA,2020-21,1245.0
E06000052,Cornwall UA,2020-21,2600.0
E06000047,County Durham UA,2020-21,1495.0
E06000063,Cumberland UA,2020-21,
E06000005,Darlington UA,2020-21,515.0
E06000015,Derby UA,2020-21,555.0
E06000059,Dorset UA,2020-21,1388.0
E06000011,East Riding of Yorkshire UA,2020-21,2471.0
E06000006,Halton UA,2020-21,-1.0
E06000001,Hartlepool UA,2020-21,126.0
E06000019,"Herefordshire, County of UA",2020-21,705.0
E06000046,Isle of Wight UA,2020-21,650.0
E06000053,Isles of Scilly UA,2020-21,-11.0
E06000010,"Kingston upon Hull, City of UA",2020-21,601.0
E06000016,Leicester UA,2020-21,554.0
E06000032,Luton UA,2020-21,541.0
E06000035,Medway UA,2020-21,1087.0
E06000002,Middlesbrough UA,2020-21,423.0
E06000042,Milton Keynes UA,2020-21,2014.0
E06000012,North East Lincolnshire UA,2020-21,89.0
E06000013,North Lincolnshire UA,2020-21,343.0
E06000061,North Northamptonshire UA,2020-21,
E06000024,North Somerset UA,2020-21,1057.0
E06000065,North Yorkshire UA,2020-21,
E06000057,Northumberland UA,2020-21,1197.0
E06000018,Nottingham UA,2020-21,660.0
E06000031,Peterborough UA,2020-21,1358.0
E06000026,Plymouth UA,2020-21,612.0
E06000029,Poole UA,2020-21,
E06000044,Portsmouth UA,2020-21,279.0
E06000038,Reading UA,2020-21,487.0
E06000003,Redcar and Cleveland UA,2020-21,380.0
E06000017,Rutland UA,2020-21,92.0
E06000051,Shropshire UA,2020-21,1433.0
E06000039,Slough UA,2020-21,472.0
E06000066,Somerset UA,2020-21,
E06000025,South Gloucestershire UA,2020-21,1581.0
E06000045,Southampton UA,2020-21,535.0
E06000033,Southend-on-Sea UA,2020-21,329.0
E06000004,Stockton-on-Tees UA,2020-21,600.0
E06000021,Stoke-on-Trent UA,2020-21,463.0
E06000030,Swindon UA,2020-21,525.0
E06000020,Telford and Wrekin UA,2020-21,911.0
E06000034,Thurrock UA,2020-21,568.0
E06000027,Torbay UA,2020-21,461.0
E06000007,Warrington UA,2020-21,632.0
E06000037,West Berkshire UA,2020-21,620.0
E06000062,West Northamptonshire UA,2020-21,
E06000064,Westmorland and Furness UA,2020-21,
E06000054,Wiltshire UA,2020-21,2147.0
E06000040,Windsor and Maidenhead UA,2020-21,305.0
E06000041,Wokingham UA,2020-21,1170.0
E06000014,York UA,2020-21,566.0
,London Boroughs,2020-21,38829.0
E09000002,Barking and Dagenham,2020-21,982.0
E09000003,Barnet,2020-21,2146.0
E09000004,Bexley,2020-21,640.0
E09000005,Brent,2020-21,2662.0
E09000006,Bromley,2020-21,436.0
E09000007,Camden,2020-21,623.0
E09000001,City of London,2020-21,208.0
E09000008,Croydon,2020-21,1782.0
E09000009,Ealing,2020-21,2014.0
E09000010,Enfield,2020-21,850.0
E09000011,Greenwich,2020-21,1249.0
E09000012,Hackney,2020-21,1286.0
E09000013,Hammersmith and Fulham,2020-21,1535.0
E09000014,Haringey,2020-21,1596.0
E09000015,Harrow,2020-21,866.0
E09000016,Havering,2020-21,796.0
E09000017,Hillingdon,2020-21,956.0
E09000018,Hounslow,2020-21,1719.0
E09000019,Islington,2020-21,826.0
E09000020,Kensington and Chelsea,2020-21,340.0
E09000021,Kingston upon Thames,2020-21,494.0
E09000022,Lambeth,2020-21,1417.0
E09000023,Lewisham,2020-21,372.0
E09000024,Merton,2020-21,714.0
E09000025,Newham,2020-21,2098.0
E09000026,Redbridge,2020-21,645.0
E09000027,Richmond upon Thames,2020-21,180.0
E09000028,Southwark,2020-21,1419.0
E09000029,Sutton,2020-21,394.0
E09000030,Tower Hamlets,2020-21,3760.0
E09000031,Waltham Forest,2020-21,1635.0
E09000032,Wandsworth,2020-21,1381.0
E09000033,Westminster,2020-21,809.0
,Metropolitan Districts,2020-21,35028.0
E11000001,Greater Manchester (Met County),2020-21,11958.0
E08000001,Bolton,2020-21,611.0
E08000002,Bury,2020-21,226.0
E08000003,Manchester,2020-21,3812.0
E08000004,Oldham,2020-21,500.0
E08000005,Rochdale,2020-21,627.0
E08000006,Salford,2020-21,2913.0
E08000007,Stockport,2020-21,541.0
E08000008,Tameside,2020-21,387.0
E08000009,Trafford,2020-21,972.0
E08000010,Wigan,2020-21,1368.0
E11000002,Merseyside (Met County),2020-21,4883.0
E08000011,Knowsley,2020-21,934.0
E08000012,Liverpool,2020-21,1723.0
E08000014,Sefton,2020-21,903.0
E08000013,St. Helens,2020-21,686.0
E08000015,Wirral,2020-21,636.0
E11000003,South Yorkshire (Met County),2020-21,3266.0
E08000016,Barnsley,2020-21,650.0
E08000017,Doncaster,2020-21,826.0
E08000018,Rotherham,2020-21,751.0
E08000019,Sheffield,2020-21,1039.0
E11000007,Tyne and Wear (Met County),2020-21,2407.0
E08000037,Gateshead,2020-21,257.0
E08000021,Newcastle upon Tyne,2020-21,791.0
E08000022,North Tyneside,2020-21,509.0
E08000023,South Tyneside,2020-21,147.0
E08000024,Sunderland,2020-21,703.0
E11000005,West Midlands (Met County),2020-21,6507.0
E08000025,Birmingham,2020-21,3229.0
E08000026,Coventry,2020-21,436.0
E08000027,Dudley,2020-21,568.0
E08000028,Sandwell,2020-21,756.0
E08000029,Solihull,2020-21,719.0
E08000030,Walsall,2020-21,166.0
E08000031,Wolverhampton,2020-21,634.0
E11000006,West Yorkshire (Met County),2020-21,6007.0
E08000032,Bradford,2020-21,709.0
E08000033,Calderdale,2020-21,278.0
E08000034,Kirklees,2020-21,698.0
E08000035,Leeds,2020-21,3015.0
E08000036,Wakefield,2020-21,1306.0
,Shire Districts,2020-21,93621.0
E10000001,Bedfordshire,2020-21,
E07000002,Bedford,2020-21,
E07000001,Mid Bedfordshire,2020-21,
E07000003,South Bedfordshire,2020-21,
E10000002,Buckinghamshire,2020-21,
E07000004,Aylesbury Vale,2020-21,
E07000005,Chiltern,2020-21,
E07000006,South Bucks,2020-21,
E07000007,Wycombe,2020-21,
E10000003,Cambridgeshire,2020-21,3644.0
E07000008,Cambridge,2020-21,434.0
E07000009,East Cambridgeshire,2020-21,420.0
E07000010,Fenland,2020-21,386.0
E07000011,Huntingdonshire,2020-21,1132.0
E07000012,South Cambridgeshire,2020-21,1273.0
E10000004,Cheshire,2020-21,
E07000013,Chester,2020-21,
E07000014,Congleton,2020-21,
E07000015,Crewe and Nantwich,2020-21,
E07000016,Ellesmere Port & Neston,2020-21,
E07000017,Macclesfield,2020-21,
E07000018,Vale Royal,2020-21,
E10000005,Cornwall and Isles of Scilly,2020-21,
E07000019,Caradon,2020-21,
E07000020,Carrick,2020-21,
E07000025,Isles of Scilly,2020-21,
E07000021,Kerrier,2020-21,
E07000022,North Cornwall,2020-21,
E07000023,Penwith,2020-21,
E07000024,Restormel,2020-21,
E10000006,Cumbria,2020-21,1512.0
E07000026,Allerdale,2020-21,312.0
E07000027,Barrow-in-Furness,2020-21,134.0
E07000028,Carlisle,2020-21,376.0
E07000029,Copeland,2020-21,151.0
E07000030,Eden,2020-21,386.0
E07000031,South Lakeland,2020-21,153.0
E10000007,Derbyshire,2020-21,3503.0
E07000032,Amber Valley,2020-21,482.0
E07000033,Bolsover,2020-21,466.0
E07000034,Chesterfield,2020-21,247.0
E07000035,Derbyshire Dales,2020-21,368.0
E07000036,Erewash,2020-21,176.0
E07000037,High Peak,2020-21,243.0
E07000038,North East Derbyshire,2020-21,503.0
E07000039,South Derbyshire,2020-21,1018.0
E10000008,Devon,2020-21,3642.0
E07000040,East Devon,2020-21,909.0
E07000041,Exeter,2020-21,373.0
E07000042,Mid Devon,2020-21,337.0
E07000043,North Devon,2020-21,527.0
E07000044,South Hams,2020-21,504.0
E07000045,Teignbridge,2020-21,514.0
E07000046,Torridge,2020-21,169.0
E07000047,West Devon,2020-21,307.0
E10000009,Dorset,2020-21,
E07000048,Christchurch,2020-21,
E07000049,East Dorset,2020-21,
E07000050,North Dorset,2020-21,
E07000051,Purbeck,2020-21,
E07000052,West Dorset,2020-21,
E07000053,Weymouth and Portland,2020-21,
E10000010,Durham,2020-21,
E07000054,Chester-le-Street,2020-21,
E07000055,Derwentside,2020-21,
E07000056,Durham,2020-21,
E07000057,Easington,2020-21,
E07000058,Sedgefield,2020-21,
E07000059,Teesdale,2020-21,
E07000060,Wear Valley,2020-21,
E10000011,East Sussex,2020-21,1552.0
E07000061,Eastbourne,2020-21,242.0
E07000062,Hastings,2020-21,65.0
E07000063,Lewes,2020-21,281.0
E07000064,Rother,2020-21,214.0
E07000065,Wealden,2020-21,750.0
E10000012,Essex,2020-21,5640.0
E07000066,Basildon,2020-21,370.0
E07000067,Braintree,2020-21,792.0
E07000068,Brentwood,2020-21,199.0
E07000069,Castle Point,2020-21,141.0
E07000070,Chelmsford,2020-21,813.0
E07000071,Colchester,2020-21,731.0
E07000072,Epping Forest,2020-21,228.0
E07000073,Harlow,2020-21,528.0
E07000074,Maldon,2020-21,395.0
E07000075,Rochford,2020-21,348.0
E07000076,Tendring,2020-21,756.0
E07000077,Uttlesford,2020-21,340.0
E10000013,Gloucestershire,2020-21,3115.0
E07000078,Cheltenham,2020-21,372.0
E07000079,Cotswold,2020-21,367.0
E07000080,Forest of Dean,2020-21,397.0
E07000081,Gloucester,2020-21,648.0
E07000082,Stroud,2020-21,743.0
E07000083,Tewkesbury,2020-21,588.0
E10000014,Hampshire,2020-21,6064.0
E07000084,Basingstoke and Deane,2020-21,1271.0
E07000085,East Hampshire,2020-21,410.0
E07000086,Eastleigh,2020-21,749.0
E07000087,Fareham,2020-21,115.0
E07000088,Gosport,2020-21,233.0
E07000089,Hart,2020-21,585.0
E07000090,Havant,2020-21,260.0
E07000091,New Forest,2020-21,484.0
E07000092,Rushmoor,2020-21,245.0
E07000093,Test Valley,2020-21,880.0
E07000094,Winchester,2020-21,832.0
E10000015,Hertfordshire,2020-21,4231.0
E07000095,Broxbourne,2020-21,205.0
E07000096,Dacorum,2020-21,615.0
E07000242,East Hertfordshire,2020-21,797.0
E07000098,Hertsmere,2020-21,425.0
E07000099,North Hertfordshire,2020-21,618.0
E07000240,St Albans,2020-21,518.0
E07000243,Stevenage,2020-21,136.0
E07000102,Three Rivers,2020-21,119.0
E07000103,Watford,2020-21,474.0
E07000241,Welwyn Hatfield,2020-21,324.0
E10000016,Kent,2020-21,7263.0
E07000105,Ashford,2020-21,1144.0
E07000106,Canterbury,2020-21,319.0
E07000107,Dartford,2020-21,553.0
E07000108,Dover,2020-21,411.0
E07000109,Gravesham,2020-21,250.0
E07000110,Maidstone,2020-21,1446.0
E07000111,Sevenoaks,2020-21,260.0
E07000112,Folkestone and Hythe,2020-21,478.0
E07000113,Swale,2020-21,892.0
E07000114,Thanet,2020-21,596.0
E07000115,Tonbridge and Malling,2020-21,380.0
E07000116,Tunbridge Wells,2020-21,533.0
E10000017,Lancashire,2020-21,4609.0
E07000117,Burnley,2020-21,282.0
E07000118,Chorley,2020-21,286.0
E07000119,Fylde,2020-21,268.0
E07000120,Hyndburn,2020-21,177.0
E07000121,Lancaster,2020-21,506.0
E07000122,Pendle,2020-21,352.0
E07000123,Preston,2020-21,689.0
E07000124,Ribble Valley,2020-21,471.0
E07000125,Rossendale,2020-21,76.0
E07000126,South Ribble,2020-21,384.0
E07000127,West Lancashire,2020-21,461.0
E07000128,Wyre,2020-21,655.0
E10000018,Leicestershire,2020-21,3644.0
E07000129,Blaby,2020-21,230.0
E07000130,Charnwood,2020-21,1036.0
E07000131,Harborough,2020-21,987.0
E07000132,Hinckley and Bosworth,2020-21,221.0
E07000133,Melton,2020-21,288.0
E07000134,North West Leicestershire,2020-21,674.0
E07000135,Oadby and Wigston,2020-21,208.0
E10000019,Lincolnshire,2020-21,5069.0
E07000136,Boston,2020-21,308.0
E07000137,East Lindsey,2020-21,2375.0
E07000138,Lincoln,2020-21,192.0
E07000139,North Kesteven,2020-21,502.0
E07000140,South Holland,2020-21,583.0
E07000141,South Kesteven,2020-21,525.0
E07000142,West Lindsey,2020-21,584.0
E10000020,Norfolk,2020-21,3163.0
E07000143,Breckland,2020-21,582.0
E07000144,Broadland,2020-21,484.0
E07000145,Great Yarmouth,2020-21,684.0
E07000146,King's Lynn and West Norfolk,2020-21,-3.0
E07000147,North Norfolk,2020-21,384.0
E07000148,Norwich,2020-21,216.0
E07000149,South Norfolk,2020-21,817.0
E10000021,Northamptonshire,2020-21,3710.0
E07000150,Corby,2020-21,442.0
E07000151,Daventry,2020-21,660.0
E07000152,East Northamptonshire,2020-21,519.0
E07000153,Kettering,2020-21,442.0
E07000154,Northampton,2020-21,795.0
E07000155,South Northamptonshire,2020-21,471.0
E07000156,Wellingborough,2020-21,381.0
E10000022,Northumberland,2020-21,
E07000157,Alnwick,2020-21,
E07000158,Berwick-upon-Tweed,2020-21,
E07000159,Blyth Valley,2020-21,
E07000160,Castle Morpeth,2020-21,
E07000161,Tynedale,2020-21,
E07000162,Wansbeck,2020-21,
E10000023,North Yorkshire,2020-21,2787.0
E07000163,Craven,2020-21,155.0
E07000164,Hambleton,2020-21,586.0
E07000165,Harrogate,2020-21,924.0
E07000166,Richmondshire,2020-21,25.0
E07000167,Ryedale,2020-21,200.0
E07000168,Scarborough,2020-21,382.0
E07000169,Selby,2020-21,514.0
E10000024,Nottinghamshire,2020-21,3632.0
E07000170,Ashfield,2020-21,258.0
E07000171,Bassetlaw,2020-21,848.0
E07000172,Broxtowe,2020-21,271.0
E07000173,Gedling,2020-21,302.0
E07000174,Mansfield,2020-21,530.0
E07000175,Newark and Sherwood,2020-21,798.0
E07000176,Rushcliffe,2020-21,626.0
E10000025,Oxfordshire,2020-21,4236.0
E07000177,Cherwell,2020-21,1230.0
E07000178,Oxford,2020-21,378.0
E07000179,South Oxfordshire,2020-21,781.0
E07000180,Vale of White Horse,2020-21,960.0
E07000181,West Oxfordshire,2020-21,888.0
E10000026,Shropshire,2020-21,
E07000182,Bridgnorth,2020-21,
E07000183,North Shropshire,2020-21,
E07000184,Oswestry,2020-21,
E07000185,Shrewsbury and Atcham,2020-21,
E07000186,South Shropshire,2020-21,
E10000027,Somerset,2020-21,2565.0
E07000187,Mendip,2020-21,359.0
E07000188,Sedgemoor,2020-21,589.0
E07000189,South Somerset,2020-21,1090.0
E07000190,Taunton Deane,2020-21,
E07000191,West Somerset,2020-21,
E07000246,Somerset West and Taunton,2020-21,526.0
E10000028,Staffordshire,2020-21,3365.0
E07000192,Cannock Chase,2020-21,302.0
E07000193,East Staffordshire,2020-21,642.0
E07000194,Lichfield,2020-21,544.0
E07000195,Newcastle-under-Lyme,2020-21,494.0
E07000196,South Staffordshire,2020-21,254.0
E07000197,Stafford,2020-21,524.0
E07000198,Staffordshire Moorlands,2020-21,182.0
E07000199,Tamworth,2020-21,424.0
E10000029,Suffolk,2020-21,2903.0
E07000200,Babergh,2020-21,393.0
E07000201,Forest Heath,2020-21,
E07000202,Ipswich,2020-21,179.0
E07000203,Mid Suffolk,2020-21,649.0
E07000204,St Edmundsbury,2020-21,
E07000205,Suffolk Coastal,2020-21,
E07000206,Waveney,2020-21,
E07000244,East Suffolk,2020-21,807.0
E07000245,West Suffolk,2020-21,874.0
E10000030,Surrey,2020-21,4504.0
E07000207,Elmbridge,2020-21,346.0
E07000208,Epsom and Ewell,2020-21,101.0
E07000209,Guildford,2020-21,795.0
E07000210,Mole Valley,2020-21,244.0
E07000211,Reigate and Banstead,2020-21,829.0
E07000212,Runnymede,2020-21,267.0
E07000213,Spelthorne,2020-21,518.0
E07000214,Surrey Heath,2020-21,395.0
E07000215,Tandridge,2020-21,162.0
E07000216,Waverley,2020-21,676.0
E07000217,Woking,2020-21,171.0
E10000031,Warwickshire,2020-21,3168.0
E07000218,North Warwickshire,2020-21,154.0
E07000219,Nuneaton and Bedworth,2020-21,620.0
E07000220,Rugby,2020-21,860.0
E07000221,Stratford-on-Avon,2020-21,835.0
E07000222,Warwick,2020-21,699.0
E10000032,West Sussex,2020-21,3977.0
E07000223,Adur,2020-21,205.0
E07000224,Arun,2020-21,721.0
E07000225,Chichester,2020-21,630.0
E07000226,Crawley,2020-21,521.0
E07000227,Horsham,2020-21,737.0
E07000228,Mid Sussex,2020-21,1042.0
E07000229,Worthing,2020-21,122.0
E10000033,Wiltshire,2020-21,
E07000230,Kennet,2020-21,
E07000231,North Wiltshire,2020-21,
E07000232,Salisbury,2020-21,
E07000233,West Wiltshire,2020-21,
E10000034,Worcestershire,2020-21,2121.0
E07000234,Bromsgrove,2020-21,218.0
E07000235,Malvern Hills,2020-21,449.0
E07000236,Redditch,2020-21,205.0
E07000237,Worcester,2020-21,352.0
E07000238,Wychavon,2020-21,600.0
E07000239,Wyre Forest,2020-21,298.0
E92000001,England,2021-22,234462.0
,Unitary Authorities,2021-22,59158.0
E06000022,Bath and North East Somerset UA,2021-22,552.0
E06000055,Bedford UA,2021-22,1019.0
E06000008,Blackburn with Darwen UA,2021-22,440.0
E06000009,Blackpool UA,2021-22,267.0
E06000028,Bournemouth UA,2021-22,
E06000058,"Bournemouth, Christchurch and Poole UA",2021-22,696.0
E06000036,Bracknell Forest UA,2021-22,691.0
E06000043,Brighton and Hove UA,2021-22,1260.0
E06000023,"Bristol, City of UA",2021-22,2451.0
E06000060,Buckinghamshire UA,2021-22,2617.0
E06000056,Central Bedfordshire UA,2021-22,2424.0
E06000049,Cheshire East UA,2021-22,2631.0
E06000050,Cheshire West and Chester UA,2021-22,1519.0
E06000052,Cornwall UA,2021-22,2728.0
E06000047,County Durham UA,2021-22,1670.0
E06000063,Cumberland UA,2021-22,
E06000005,Darlington UA,2021-22,510.0
E06000015,Derby UA,2021-22,681.0
E06000059,Dorset UA,2021-22,1818.0
E06000011,East Riding of Yorkshire UA,2021-22,1497.0
E06000006,Halton UA,2021-22,158.0
E06000001,Hartlepool UA,2021-22,355.0
E06000019,"Herefordshire, County of UA",2021-22,1042.0
E06000046,Isle of Wight UA,2021-22,490.0
E06000053,Isles of Scilly UA,2021-22,-4.0
E06000010,"Kingston upon Hull, City of UA",2021-22,621.0
E06000016,Leicester UA,2021-22,854.0
E06000032,Luton UA,2021-22,412.0
E06000035,Medway UA,2021-22,1103.0
E06000002,Middlesbrough UA,2021-22,600.0
E06000042,Milton Keynes UA,2021-22,2003.0
E06000012,North East Lincolnshire UA,2021-22,524.0
E06000013,North Lincolnshire UA,2021-22,410.0
E06000061,North Northamptonshire UA,2021-22,1543.0
E06000024,North Somerset UA,2021-22,1017.0
E06000065,North Yorkshire UA,2021-22,
E06000057,Northumberland UA,2021-22,1592.0
E06000018,Nottingham UA,2021-22,1722.0
E06000031,Peterborough UA,2021-22,997.0
E06000026,Plymouth UA,2021-22,339.0
E06000029,Poole UA,2021-22,
E06000044,Portsmouth UA,2021-22,144.0
E06000038,Reading UA,2021-22,850.0
E06000003,Redcar and Cleveland UA,2021-22,444.0
E06000017,Rutland UA,2021-22,96.0
E06000051,Shropshire UA,2021-22,1506.0
E06000039,Slough UA,2021-22,532.0
E06000066,Somerset UA,2021-22,
E06000025,South Gloucestershire UA,2021-22,1657.0
E06000045,Southampton UA,2021-22,413.0
E06000033,Southend-on-Sea UA,2021-22,489.0
E06000004,Stockton-on-Tees UA,2021-22,337.0
E06000021,Stoke-on-Trent UA,2021-22,455.0
E06000030,Swindon UA,2021-22,1099.0
E06000020,Telford and Wrekin UA,2021-22,1632.0
E06000034,Thurrock UA,2021-22,319.0
E06000027,Torbay UA,2021-22,312.0
E06000007,Warrington UA,2021-22,684.0
E06000037,West Berkshire UA,2021-22,723.0
E06000062,West Northamptonshire UA,2021-22,2192.0
E06000064,Westmorland and Furness UA,2021-22,
E06000054,Wiltshire UA,2021-22,1854.0
E06000040,Windsor and Maidenhead UA,2021-22,288.0
E06000041,Wokingham UA,2021-22,1481.0
E06000014,York UA,2021-22,402.0
,London Boroughs,2021-22,39173.0
E09000002,Barking and Dagenham,2021-22,1206.0
E09000003,Barnet,2021-22,2000.0
E09000004,Bexley,2021-22,710.0
E09000005,Brent,2021-22,3574.0
E09000006,Bromley,2021-22,120.0
E09000007,Camden,2021-22,536.0
E09000001,City of London,2021-22,432.0
E09000008,Croydon,2021-22,2122.0
E09000009,Ealing,2021-22,1066.0
E09000010,Enfield,2021-22,697.0
E09000011,Greenwich,2021-22,1257.0
E09000012,Hackney,2021-22,1531.0
E09000013,Hammersmith and Fulham,2021-22,2300.0
E09000014,Haringey,2021-22,1511.0
E09000015,Harrow,2021-22,432.0
E09000016,Havering,2021-22,624.0
E09000017,Hillingdon,2021-22,902.0
E09000018,Hounslow,2021-22,1737.0
E09000019,Islington,2021-22,457.0
E09000020,Kensington and Chelsea,2021-22,187.0
E09000021,Kingston upon Thames,2021-22,307.0
E09000022,Lambeth,2021-22,362.0
E09000023,Lewisham,2021-22,435.0
E09000024,Merton,2021-22,920.0
E09000025,Newham,2021-22,3243.0
E09000026,Redbridge,2021-22,287.0
E09000027,Richmond upon Thames,2021-22,173.0
E09000028,Southwark,2021-22,1450.0
E09000029,Sutton,2021-22,541.0
E09000030,Tower Hamlets,2021-22,4203.0
E09000031,Waltham Forest,2021-22,981.0
E09000032,Wandsworth,2021-22,1905.0
E09000033,Westminster,2021-22,965.0
,Metropolitan Districts,2021-22,39607.0
E11000001,Greater Manchester (Met County),2021-22,11374.0
E08000001,Bolton,2021-22,609.0
E08000002,Bury,2021-22,289.0
E08000003,Manchester,2021-22,3757.0
E08000004,Oldham,2021-22,506.0
E08000005,Rochdale,2021-22,553.0
E08000006,Salford,2021-22,2818.0
E08000007,Stockport,2021-22,587.0
E08000008,Tameside,2021-22,421.0
E08000009,Trafford,2021-22,501.0
E08000010,Wigan,2021-22,1333.0
E11000002,Merseyside (Met County),2021-22,4456.0
E08000011,Knowsley,2021-22,499.0
E08000012,Liverpool,2021-22,2392.0
E08000014,Sefton,2021-22,677.0
E08000013,St. Helens,2021-22,259.0
E08000015,Wirral,2021-22,629.0
E11000003,South Yorkshire (Met County),2021-22,4649.0
E08000016,Barnsley,2021-22,595.0
E08000017,Doncaster,2021-22,1190.0
E08000018,Rotherham,2021-22,1090.0
E08000019,Sheffield,2021-22,1774.0
E11000007,Tyne and Wear (Met County),2021-22,3418.0
E08000037,Gateshead,2021-22,406.0
E08000021,Newcastle upon Tyne,2021-22,1327.0
E08000022,North Tyneside,2021-22,504.0
E08000023,South Tyneside,2021-22,207.0
E08000024,Sunderland,2021-22,974.0
E11000005,West Midlands (Met County),2021-22,8503.0
E08000025,Birmingham,2021-22,3177.0
E08000026,Coventry,2021-22,1851.0
E08000027,Dudley,2021-22,219.0
E08000028,Sandwell,2021-22,661.0
E08000029,Solihull,2021-22,756.0
E08000030,Walsall,2021-22,524.0
E08000031,Wolverhampton,2021-22,1315.0
E11000006,West Yorkshire (Met County),2021-22,7207.0
E08000032,Bradford,2021-22,1325.0
E08000033,Calderdale,2021-22,443.0
E08000034,Kirklees,2021-22,704.0
E08000035,Leeds,2021-22,3238.0
E08000036,Wakefield,2021-22,1497.0
,Shire Districts,2021-22,96524.0
E10000001,Bedfordshire,2021-22,
E07000002,Bedford,2021-22,
E07000001,Mid Bedfordshire,2021-22,
E07000003,South Bedfordshire,2021-22,
E10000002,Buckinghamshire,2021-22,
E07000004,Aylesbury Vale,2021-22,
E07000005,Chiltern,2021-22,
E07000006,South Bucks,2021-22,
E07000007,Wycombe,2021-22,
E10000003,Cambridgeshire,2021-22,3894.0
E07000008,Cambridge,2021-22,613.0
E07000009,East Cambridgeshire,2021-22,619.0
E07000010,Fenland,2021-22,394.0
E07000011,Huntingdonshire,2021-22,1055.0
E07000012,South Cambridgeshire,2021-22,1213.0
E10000004,Cheshire,2021-22,
E07000013,Chester,2021-22,
E07000014,Congleton,2021-22,
E07000015,Crewe and Nantwich,2021-22,
E07000016,Ellesmere Port & Neston,2021-22,
E07000017,Macclesfield,2021-22,
E07000018,Vale Royal,2021-22,
E10000005,Cornwall and Isles of Scilly,2021-22,
E07000019,Caradon,2021-22,
E07000020,Carrick,2021-22,
E07000025,Isles of Scilly,2021-22,
E07000021,Kerrier,2021-22,
E07000022,North Cornwall,2021-22,
E07000023,Penwith,2021-22,
E07000024,Restormel,2021-22,
E10000006,Cumbria,2021-22,1715.0
E07000026,Allerdale,2021-22,230.0
E07000027,Barrow-in-Furness,2021-22,178.0
E07000028,Carlisle,2021-22,523.0
E07000029,Copeland,2021-22,154.0
E07000030,Eden,2021-22,324.0
E07000031,South Lakeland,2021-22,306.0
E10000007,Derbyshire,2021-22,3757.0
E07000032,Amber Valley,2021-22,481.0
E07000033,Bolsover,2021-22,537.0
E07000034,Chesterfield,2021-22,379.0
E07000035,Derbyshire Dales,2021-22,258.0
E07000036,Erewash,2021-22,243.0
E07000037,High Peak,2021-22,386.0
E07000038,North East Derbyshire,2021-22,555.0
E07000039,South Derbyshire,2021-22,918.0
E10000008,Devon,2021-22,4135.0
E07000040,East Devon,2021-22,1047.0
E07000041,Exeter,2021-22,719.0
E07000042,Mid Devon,2021-22,238.0
E07000043,North Devon,2021-22,599.0
E07000044,South Hams,2021-22,546.0
E07000045,Teignbridge,2021-22,529.0
E07000046,Torridge,2021-22,191.0
E07000047,West Devon,2021-22,266.0
E10000009,Dorset,2021-22,
E07000048,Christchurch,2021-22,
E07000049,East Dorset,2021-22,
E07000050,North Dorset,2021-22,
E07000051,Purbeck,2021-22,
E07000052,West Dorset,2021-22,
E07000053,Weymouth and Portland,2021-22,
E10000010,Durham,2021-22,
E07000054,Chester-le-Street,2021-22,
E07000055,Derwentside,2021-22,
E07000056,Durham,2021-22,
E07000057,Easington,2021-22,
E07000058,Sedgefield,2021-22,
E07000059,Teesdale,2021-22,
E07000060,Wear Valley,2021-22,
E10000011,East Sussex,2021-22,1552.0
E07000061,Eastbourne,2021-22,127.0
E07000062,Hastings,2021-22,163.0
E07000063,Lewes,2021-22,340.0
E07000064,Rother,2021-22,237.0
E07000065,Wealden,2021-22,685.0
E10000012,Essex,2021-22,6540.0
E07000066,Basildon,2021-22,438.0
E07000067,Braintree,2021-22,1081.0
E07000068,Brentwood,2021-22,407.0
E07000069,Castle Point,2021-22,205.0
E07000070,Chelmsford,2021-22,866.0
E07000071,Colchester,2021-22,1034.0
E07000072,Epping Forest,2021-22,328.0
E07000073,Harlow,2021-22,416.0
E07000074,Maldon,2021-22,324.0
E07000075,Rochford,2021-22,456.0
E07000076,Tendring,2021-22,777.0
E07000077,Uttlesford,2021-22,208.0
E10000013,Gloucestershire,2021-22,3069.0
E07000078,Cheltenham,2021-22,114.0
E07000079,Cotswold,2021-22,348.0
E07000080,Forest of Dean,2021-22,493.0
E07000081,Gloucester,2021-22,420.0
E07000082,Stroud,2021-22,771.0
E07000083,Tewkesbury,2021-22,923.0
E10000014,Hampshire,2021-22,5484.0
E07000084,Basingstoke and Deane,2021-22,741.0
E07000085,East Hampshire,2021-22,576.0
E07000086,Eastleigh,2021-22,707.0
E07000087,Fareham,2021-22,86.0
E07000088,Gosport,2021-22,19.0
E07000089,Hart,2021-22,582.0
E07000090,Havant,2021-22,259.0
E07000091,New Forest,2021-22,94.0
E07000092,Rushmoor,2021-22,426.0
E07000093,Test Valley,2021-22,853.0
E07000094,Winchester,2021-22,1141.0
E10000015,Hertfordshire,2021-22,4141.0
E07000095,Broxbourne,2021-22,313.0
E07000096,Dacorum,2021-22,793.0
E07000242,East Hertfordshire,2021-22,876.0
E07000098,Hertsmere,2021-22,294.0
E07000099,North Hertfordshire,2021-22,335.0
E07000240,St Albans,2021-22,314.0
E07000243,Stevenage,2021-22,69.0
E07000102,Three Rivers,2021-22,126.0
E07000103,Watford,2021-22,763.0
E07000241,Welwyn Hatfield,2021-22,258.0
E10000016,Kent,2021-22,7775.0
E07000105,Ashford,2021-22,627.0
E07000106,Canterbury,2021-22,692.0
E07000107,Dartford,2021-22,540.0
E07000108,Dover,2021-22,625.0
E07000109,Gravesham,2021-22,421.0
E07000110,Maidstone,2021-22,1627.0
E07000111,Sevenoaks,2021-22,267.0
E07000112,Folkestone and Hythe,2021-22,454.0
E07000113,Swale,2021-22,989.0
E07000114,Thanet,2021-22,548.0
E07000115,Tonbridge and Malling,2021-22,467.0
E07000116,Tunbridge Wells,2021-22,518.0
E10000017,Lancashire,2021-22,5225.0
E07000117,Burnley,2021-22,329.0
E07000118,Chorley,2021-22,228.0
E07000119,Fylde,2021-22,389.0
E07000120,Hyndburn,2021-22,205.0
E07000121,Lancaster,2021-22,441.0
E07000122,Pendle,2021-22,285.0
E07000123,Preston,2021-22,1064.0
E07000124,Ribble Valley,2021-22,499.0
E07000125,Rossendale,2021-22,123.0
E07000126,South Ribble,2021-22,513.0
E07000127,West Lancashire,2021-22,418.0
E07000128,Wyre,2021-22,731.0
E10000018,Leicestershire,2021-22,4024.0
E07000129,Blaby,2021-22,364.0
E07000130,Charnwood,2021-22,629.0
E07000131,Harborough,2021-22,1026.0
E07000132,Hinckley and Bosworth,2021-22,500.0
E07000133,Melton,2021-22,365.0
E07000134,North West Leicestershire,2021-22,987.0
E07000135,Oadby and Wigston,2021-22,153.0
E10000019,Lincolnshire,2021-22,3248.0
E07000136,Boston,2021-22,318.0
E07000137,East Lindsey,2021-22,570.0
E07000138,Lincoln,2021-22,150.0
E07000139,North Kesteven,2021-22,469.0
E07000140,South Holland,2021-22,667.0
E07000141,South Kesteven,2021-22,485.0
E07000142,West Lindsey,2021-22,589.0
E10000020,Norfolk,2021-22,3745.0
E07000143,Breckland,2021-22,697.0
E07000144,Broadland,2021-22,654.0
E07000145,Great Yarmouth,2021-22,362.0
E07000146,King's Lynn and West Norfolk,2021-22,340.0
E07000147,North Norfolk,2021-22,456.0
E07000148,Norwich,2021-22,320.0
E07000149,South Norfolk,2021-22,916.0
E10000021,Northamptonshire,2021-22,
E07000150,Corby,2021-22,
E07000151,Daventry,2021-22,
E07000152,East Northamptonshire,2021-22,
E07000153,Kettering,2021-22,
E07000154,Northampton,2021-22,
E07000155,South Northamptonshire,2021-22,
E07000156,Wellingborough,2021-22,
E10000022,Northumberland,2021-22,
E07000157,Alnwick,2021-22,
E07000158,Berwick-upon-Tweed,2021-22,
E07000159,Blyth Valley,2021-22,
E07000160,Castle Morpeth,2021-22,
E07000161,Tynedale,2021-22,
E07000162,Wansbeck,2021-22,
E10000023,North Yorkshire,2021-22,3411.0
E07000163,Craven,2021-22,303.0
E07000164,Hambleton,2021-22,495.0
E07000165,Harrogate,2021-22,1235.0
E07000166,Richmondshire,2021-22,59.0
E07000167,Ryedale,2021-22,387.0
E07000168,Scarborough,2021-22,476.0
E07000169,Selby,2021-22,456.0
E10000024,Nottinghamshire,2021-22,3983.0
E07000170,Ashfield,2021-22,412.0
E07000171,Bassetlaw,2021-22,766.0
E07000172,Broxtowe,2021-22,303.0
E07000173,Gedling,2021-22,357.0
E07000174,Mansfield,2021-22,362.0
E07000175,Newark and Sherwood,2021-22,807.0
E07000176,Rushcliffe,2021-22,976.0
E10000025,Oxfordshire,2021-22,4849.0
E07000177,Cherwell,2021-22,1175.0
E07000178,Oxford,2021-22,517.0
E07000179,South Oxfordshire,2021-22,968.0
E07000180,Vale of White Horse,2021-22,1187.0
E07000181,West Oxfordshire,2021-22,1002.0
E10000026,Shropshire,2021-22,
E07000182,Bridgnorth,2021-22,
E07000183,North Shropshire,2021-22,
E07000184,Oswestry,2021-22,
E07000185,Shrewsbury and Atcham,2021-22,
E07000186,South Shropshire,2021-22,
E10000027,Somerset,2021-22,2480.0
E07000187,Mendip,2021-22,353.0
E07000188,Sedgemoor,2021-22,712.0
E07000189,South Somerset,2021-22,687.0
E07000190,Taunton Deane,2021-22,
E07000191,West Somerset,2021-22,
E07000246,Somerset West and Taunton,2021-22,728.0
E10000028,Staffordshire,2021-22,4260.0
E07000192,Cannock Chase,2021-22,620.0
E07000193,East Staffordshire,2021-22,705.0
E07000194,Lichfield,2021-22,743.0
E07000195,Newcastle-under-Lyme,2021-22,576.0
E07000196,South Staffordshire,2021-22,530.0
E07000197,Stafford,2021-22,506.0
E07000198,Staffordshire Moorlands,2021-22,175.0
E07000199,Tamworth,2021-22,405.0
E10000029,Suffolk,2021-22,3477.0
E07000200,Babergh,2021-22,758.0
E07000201,Forest Heath,2021-22,
E07000202,Ipswich,2021-22,171.0
E07000203,Mid Suffolk,2021-22,862.0
E07000204,St Edmundsbury,2021-22,
E07000205,Suffolk Coastal,2021-22,
E07000206,Waveney,2021-22,
E07000244,East Suffolk,2021-22,822.0
E07000245,West Suffolk,2021-22,864.0
E10000030,Surrey,2021-22,5131.0
E07000207,Elmbridge,2021-22,768.0
E07000208,Epsom and Ewell,2021-22,117.0
E07000209,Guildford,2021-22,736.0
E07000210,Mole Valley,2021-22,254.0
E07000211,Reigate and Banstead,2021-22,728.0
E07000212,Runnymede,2021-22,488.0
E07000213,Spelthorne,2021-22,336.0
E07000214,Surrey Heath,2021-22,370.0
E07000215,Tandridge,2021-22,238.0
E07000216,Waverley,2021-22,710.0
E07000217,Woking,2021-22,386.0
E10000031,Warwickshire,2021-22,4483.0
E07000218,North Warwickshire,2021-22,200.0
E07000219,Nuneaton and Bedworth,2021-22,809.0
E07000220,Rugby,2021-22,939.0
E07000221,Stratford-on-Avon,2021-22,1572.0
E07000222,Warwick,2021-22,963.0
E10000032,West Sussex,2021-22,3851.0
E07000223,Adur,2021-22,98.0
E07000224,Arun,2021-22,662.0
E07000225,Chichester,2021-22,701.0
E07000226,Crawley,2021-22,358.0
E07000227,Horsham,2021-22,664.0
E07000228,Mid Sussex,2021-22,1122.0
E07000229,Worthing,2021-22,246.0
E10000033,Wiltshire,2021-22,
E07000230,Kennet,2021-22,
E07000231,North Wiltshire,2021-22,
E07000232,Salisbury,2021-22,
E07000233,West Wiltshire,2021-22,
E10000034,Worcestershire,2021-22,2295.0
E07000234,Bromsgrove,2021-22,164.0
E07000235,Malvern Hills,2021-22,407.0
E07000236,Redditch,2021-22,127.0
E07000237,Worcester,2021-22,414.0
E07000238,Wychavon,2021-22,861.0
E07000239,Wyre Forest,2021-22,322.0
E92000001,England,2022-23,234292.0
,Unitary Authorities,2022-23,61642.0
E06000022,Bath and North East Somerset UA,2022-23,490.0
E06000055,Bedford UA,2022-23,1465.0
E06000008,Blackburn with Darwen UA,2022-23,553.0
E06000009,Blackpool UA,2022-23,233.0
E06000028,Bournemouth UA,2022-23,
E06000058,"Bournemouth, Christchurch and Poole UA",2022-23,773.0
E06000036,Bracknell Forest UA,2022-23,450.0
E06000043,Brighton and Hove UA,2022-23,860.0
E06000023,"Bristol, City of UA",2022-23,1562.0
E06000060,Buckinghamshire UA,2022-23,3751.0
E06000056,Central Bedfordshire UA,2022-23,2314.0
E06000049,Cheshire East UA,2022-23,2323.0
E06000050,Cheshire West and Chester UA,2022-23,1355.0
E06000052,Cornwall UA,2022-23,2714.0
E06000047,County Durham UA,2022-23,1561.0
E06000063,Cumberland UA,2022-23,
E06000005,Darlington UA,2022-23,511.0
E06000015,Derby UA,2022-23,649.0
E06000059,Dorset UA,2022-23,1687.0
E06000011,East Riding of Yorkshire UA,2022-23,1926.0
E06000006,Halton UA,2022-23,360.0
E06000001,Hartlepool UA,2022-23,508.0
E06000019,"Herefordshire, County of UA",2022-23,704.0
E06000046,Isle of Wight UA,2022-23,357.0
E06000053,Isles of Scilly UA,2022-23,2.0
E06000010,"Kingston upon Hull, City of UA",2022-23,623.0
E06000016,Leicester UA,2022-23,1645.0
E06000032,Luton UA,2022-23,1146.0
E06000035,Medway UA,2022-23,960.0
E06000002,Middlesbrough UA,2022-23,603.0
E06000042,Milton Keynes UA,2022-23,2895.0
E06000012,North East Lincolnshire UA,2022-23,423.0
E06000013,North Lincolnshire UA,2022-23,500.0
E06000061,North Northamptonshire UA,2022-23,2024.0
E06000024,North Somerset UA,2022-23,979.0
E06000065,North Yorkshire UA,2022-23,
E06000057,Northumberland UA,2022-23,1594.0
E06000018,Nottingham UA,2022-23,1943.0
E06000031,Peterborough UA,2022-23,765.0
E06000026,Plymouth UA,2022-23,397.0
E06000029,Poole UA,2022-23,
E06000044,Portsmouth UA,2022-23,-26.0
E06000038,Reading UA,2022-23,888.0
E06000003,Redcar and Cleveland UA,2022-23,452.0
E06000017,Rutland UA,2022-23,96.0
E06000051,Shropshire UA,2022-23,1426.0
E06000039,Slough UA,2022-23,322.0
E06000066,Somerset UA,2022-23,
E06000025,South Gloucestershire UA,2022-23,1785.0
E06000045,Southampton UA,2022-23,367.0
E06000033,Southend-on-Sea UA,2022-23,341.0
E06000004,Stockton-on-Tees UA,2022-23,604.0
E06000021,Stoke-on-Trent UA,2022-23,429.0
E06000030,Swindon UA,2022-23,1008.0
E06000020,Telford and Wrekin UA,2022-23,1548.0
E06000034,Thurrock UA,2022-23,177.0
E06000027,Torbay UA,2022-23,251.0
E06000007,Warrington UA,2022-23,1473.0
E06000037,West Berkshire UA,2022-23,638.0
E06000062,West Northamptonshire UA,2022-23,2227.0
E06000064,Westmorland and Furness UA,2022-23,
E06000054,Wiltshire UA,2022-23,2405.0
E06000040,Windsor and Maidenhead UA,2022-23,316.0
E06000041,Wokingham UA,2022-23,851.0
E06000014,York UA,2022-23,459.0
,London Boroughs,2022-23,35263.0
E09000002,Barking and Dagenham,2022-23,1241.0
E09000003,Barnet,2022-23,2246.0
E09000004,Bexley,2022-23,572.0
E09000005,Brent,2022-23,2288.0
E09000006,Bromley,2022-23,399.0
E09000007,Camden,2022-23,358.0
E09000001,City of London,2022-23,9.0
E09000008,Croydon,2022-23,2904.0
E09000009,Ealing,2022-23,1760.0
E09000010,Enfield,2022-23,856.0
E09000011,Greenwich,2022-23,1190.0
E09000012,Hackney,2022-23,862.0
E09000013,Hammersmith and Fulham,2022-23,1398.0
E09000014,Haringey,2022-23,898.0
E09000015,Harrow,2022-23,657.0
E09000016,Havering,2022-23,1070.0
E09000017,Hillingdon,2022-23,723.0
E09000018,Hounslow,2022-23,1238.0
E09000019,Islington,2022-23,441.0
E09000020,Kensington and Chelsea,2022-23,275.0
E09000021,Kingston upon Thames,2022-23,294.0
E09000022,Lambeth,2022-23,486.0
E09000023,Lewisham,2022-23,289.0
E09000024,Merton,2022-23,535.0
E09000025,Newham,2022-23,1983.0
E09000026,Redbridge,2022-23,223.0
E09000027,Richmond upon Thames,2022-23,142.0
E09000028,Southwark,2022-23,1418.0
E09000029,Sutton,2022-23,477.0
E09000030,Tower Hamlets,2022-23,2584.0
E09000031,Waltham Forest,2022-23,1221.0
E09000032,Wandsworth,2022-23,2138.0
E09000033,Westminster,2022-23,2088.0
,Metropolitan Districts,2022-23,34228.0
E11000001,Greater Manchester (Met County),2022-23,9336.0
E08000001,Bolton,2022-23,737.0
E08000002,Bury,2022-23,280.0
E08000003,Manchester,2022-23,1816.0
E08000004,Oldham,2022-23,400.0
E08000005,Rochdale,2022-23,594.0
E08000006,Salford,2022-23,2214.0
E08000007,Stockport,2022-23,481.0
E08000008,Tameside,2022-23,467.0
E08000009,Trafford,2022-23,939.0
E08000010,Wigan,2022-23,1408.0
E11000002,Merseyside (Met County),2022-23,3717.0
E08000011,Knowsley,2022-23,701.0
E08000012,Liverpool,2022-23,1149.0
E08000014,Sefton,2022-23,729.0
E08000013,St. Helens,2022-23,430.0
E08000015,Wirral,2022-23,708.0
E11000003,South Yorkshire (Met County),2022-23,4388.0
E08000016,Barnsley,2022-23,681.0
E08000017,Doncaster,2022-23,1295.0
E08000018,Rotherham,2022-23,745.0
E08000019,Sheffield,2022-23,1667.0
E11000007,Tyne and Wear (Met County),2022-23,3506.0
E08000037,Gateshead,2022-23,448.0
E08000021,Newcastle upon Tyne,2022-23,1278.0
E08000022,North Tyneside,2022-23,619.0
E08000023,South Tyneside,2022-23,175.0
E08000024,Sunderland,2022-23,986.0
E11000005,West Midlands (Met County),2022-23,6899.0
E08000025,Birmingham,2022-23,3062.0
E08000026,Coventry,2022-23,1446.0
E08000027,Dudley,2022-23,302.0
E08000028,Sandwell,2022-23,340.0
E08000029,Solihull,2022-23,571.0
E08000030,Walsall,2022-23,453.0
E08000031,Wolverhampton,2022-23,725.0
E11000006,West Yorkshire (Met County),2022-23,6382.0
E08000032,Bradford,2022-23,1044.0
E08000033,Calderdale,2022-23,332.0
E08000034,Kirklees,2022-23,985.0
E08000035,Leeds,2022-23,2697.0
E08000036,Wakefield,2022-23,1324.0
,Shire Districts,2022-23,103159.0
E10000001,Bedfordshire,2022-23,
E07000002,Bedford,2022-23,
E07000001,Mid Bedfordshire,2022-23,
E07000003,South Bedfordshire,2022-23,
E10000002,Buckinghamshire,2022-23,
E07000004,Aylesbury Vale,2022-23,
E07000005,Chiltern,2022-23,
E07000006,South Bucks,2022-23,
E07000007,Wycombe,2022-23,
E10000003,Cambridgeshire,2022-23,4941.0
E07000008,Cambridge,2022-23,839.0
E07000009,East Cambridgeshire,2022-23,785.0
E07000010,Fenland,2022-23,596.0
E07000011,Huntingdonshire,2022-23,1250.0
E07000012,South Cambridgeshire,2022-23,1471.0
E10000004,Cheshire,2022-23,
E07000013,Chester,2022-23,
E07000014,Congleton,2022-23,
E07000015,Crewe and Nantwich,2022-23,
E07000016,Ellesmere Port & Neston,2022-23,
E07000017,Macclesfield,2022-23,
E07000018,Vale Royal,2022-23,
E10000005,Cornwall and Isles of Scilly,2022-23,
E07000019,Caradon,2022-23,
E07000020,Carrick,2022-23,
E07000025,Isles of Scilly,2022-23,
E07000021,Kerrier,2022-23,
E07000022,North Cornwall,2022-23,
E07000023,Penwith,2022-23,
E07000024,Restormel,2022-23,
E10000006,Cumbria,2022-23,1624.0
E07000026,Allerdale,2022-23,247.0
E07000027,Barrow-in-Furness,2022-23,106.0
E07000028,Carlisle,2022-23,398.0
E07000029,Copeland,2022-23,143.0
E07000030,Eden,2022-23,386.0
E07000031,South Lakeland,2022-23,344.0
E10000007,Derbyshire,2022-23,4076.0
E07000032,Amber Valley,2022-23,446.0
E07000033,Bolsover,2022-23,491.0
E07000034,Chesterfield,2022-23,313.0
E07000035,Derbyshire Dales,2022-23,252.0
E07000036,Erewash,2022-23,253.0
E07000037,High Peak,2022-23,427.0
E07000038,North East Derbyshire,2022-23,776.0
E07000039,South Derbyshire,2022-23,1118.0
E10000008,Devon,2022-23,4186.0
E07000040,East Devon,2022-23,961.0
E07000041,Exeter,2022-23,463.0
E07000042,Mid Devon,2022-23,249.0
E07000043,North Devon,2022-23,597.0
E07000044,South Hams,2022-23,591.0
E07000045,Teignbridge,2022-23,627.0
E07000046,Torridge,2022-23,324.0
E07000047,West Devon,2022-23,374.0
E10000009,Dorset,2022-23,
E07000048,Christchurch,2022-23,
E07000049,East Dorset,2022-23,
E07000050,North Dorset,2022-23,
E07000051,Purbeck,2022-23,
E07000052,West Dorset,2022-23,
E07000053,Weymouth and Portland,2022-23,
E10000010,Durham,2022-23,
E07000054,Chester-le-Street,2022-23,
E07000055,Derwentside,2022-23,
E07000056,Durham,2022-23,
E07000057,Easington,2022-23,
E07000058,Sedgefield,2022-23,
E07000059,Teesdale,2022-23,
E07000060,Wear Valley,2022-23,
E10000011,East Sussex,2022-23,2416.0
E07000061,Eastbourne,2022-23,165.0
E07000062,Hastings,2022-23,116.0
E07000063,Lewes,2022-23,606.0
E07000064,Rother,2022-23,391.0
E07000065,Wealden,2022-23,1138.0
E10000012,Essex,2022-23,6609.0
E07000066,Basildon,2022-23,222.0
E07000067,Braintree,2022-23,1088.0
E07000068,Brentwood,2022-23,385.0
E07000069,Castle Point,2022-23,156.0
E07000070,Chelmsford,2022-23,822.0
E07000071,Colchester,2022-23,718.0
E07000072,Epping Forest,2022-23,170.0
E07000073,Harlow,2022-23,560.0
E07000074,Maldon,2022-23,443.0
E07000075,Rochford,2022-23,495.0
E07000076,Tendring,2022-23,810.0
E07000077,Uttlesford,2022-23,740.0
E10000013,Gloucestershire,2022-23,3487.0
E07000078,Cheltenham,2022-23,273.0
E07000079,Cotswold,2022-23,350.0
E07000080,Forest of Dean,2022-23,517.0
E07000081,Gloucester,2022-23,534.0
E07000082,Stroud,2022-23,632.0
E07000083,Tewkesbury,2022-23,1181.0
E10000014,Hampshire,2022-23,5434.0
E07000084,Basingstoke and Deane,2022-23,991.0
E07000085,East Hampshire,2022-23,494.0
E07000086,Eastleigh,2022-23,683.0
E07000087,Fareham,2022-23,144.0
E07000088,Gosport,2022-23,21.0
E07000089,Hart,2022-23,574.0
E07000090,Havant,2022-23,495.0
E07000091,New Forest,2022-23,225.0
E07000092,Rushmoor,2022-23,367.0
E07000093,Test Valley,2022-23,396.0
E07000094,Winchester,2022-23,1044.0
E10000015,Hertfordshire,2022-23,4519.0
E07000095,Broxbourne,2022-23,482.0
E07000096,Dacorum,2022-23,615.0
E07000242,East Hertfordshire,2022-23,889.0
E07000098,Hertsmere,2022-23,112.0
E07000099,North Hertfordshire,2022-23,447.0
E07000240,St Albans,2022-23,401.0
E07000243,Stevenage,2022-23,154.0
E07000102,Three Rivers,2022-23,205.0
E07000103,Watford,2022-23,772.0
E07000241,Welwyn Hatfield,2022-23,442.0
E10000016,Kent,2022-23,7687.0
E07000105,Ashford,2022-23,1001.0
E07000106,Canterbury,2022-23,644.0
E07000107,Dartford,2022-23,738.0
E07000108,Dover,2022-23,543.0
E07000109,Gravesham,2022-23,419.0
E07000110,Maidstone,2022-23,1064.0
E07000111,Sevenoaks,2022-23,261.0
E07000112,Folkestone and Hythe,2022-23,454.0
E07000113,Swale,2022-23,818.0
E07000114,Thanet,2022-23,617.0
E07000115,Tonbridge and Malling,2022-23,492.0
E07000116,Tunbridge Wells,2022-23,636.0
E10000017,Lancashire,2022-23,6025.0
E07000117,Burnley,2022-23,256.0
E07000118,Chorley,2022-23,312.0
E07000119,Fylde,2022-23,645.0
E07000120,Hyndburn,2022-23,197.0
E07000121,Lancaster,2022-23,202.0
E07000122,Pendle,2022-23,285.0
E07000123,Preston,2022-23,1405.0
E07000124,Ribble Valley,2022-23,690.0
E07000125,Rossendale,2022-23,191.0
E07000126,South Ribble,2022-23,701.0
E07000127,West Lancashire,2022-23,444.0
E07000128,Wyre,2022-23,697.0
E10000018,Leicestershire,2022-23,4121.0
E07000129,Blaby,2022-23,275.0
E07000130,Charnwood,2022-23,624.0
E07000131,Harborough,2022-23,929.0
E07000132,Hinckley and Bosworth,2022-23,884.0
E07000133,Melton,2022-23,368.0
E07000134,North West Leicestershire,2022-23,706.0
E07000135,Oadby and Wigston,2022-23,335.0
E10000019,Lincolnshire,2022-23,3857.0
E07000136,Boston,2022-23,346.0
E07000137,East Lindsey,2022-23,531.0
E07000138,Lincoln,2022-23,158.0
E07000139,North Kesteven,2022-23,773.0
E07000140,South Holland,2022-23,726.0
E07000141,South Kesteven,2022-23,642.0
E07000142,West Lindsey,2022-23,681.0
E10000020,Norfolk,2022-23,4594.0
E07000143,Breckland,2022-23,968.0
E07000144,Broadland,2022-23,923.0
E07000145,Great Yarmouth,2022-23,340.0
E07000146,King's Lynn and West Norfolk,2022-23,616.0
E07000147,North Norfolk,2022-23,299.0
E07000148,Norwich,2022-23,234.0
E07000149,South Norfolk,2022-23,1214.0
E10000021,Northamptonshire,2022-23,
E07000150,Corby,2022-23,
E07000151,Daventry,2022-23,
E07000152,East Northamptonshire,2022-23,
E07000153,Kettering,2022-23,
E07000154,Northampton,2022-23,
E07000155,South Northamptonshire,2022-23,
E07000156,Wellingborough,2022-23,
E10000022,Northumberland,2022-23,
E07000157,Alnwick,2022-23,
E07000158,Berwick-upon-Tweed,2022-23,
E07000159,Blyth Valley,2022-23,
E07000160,Castle Morpeth,2022-23,
E07000161,Tynedale,2022-23,
E07000162,Wansbeck,2022-23,
E10000023,North Yorkshire,2022-23,3251.0
E07000163,Craven,2022-23,285.0
E07000164,Hambleton,2022-23,607.0
E07000165,Harrogate,2022-23,1097.0
E07000166,Richmondshire,2022-23,100.0
E07000167,Ryedale,2022-23,227.0
E07000168,Scarborough,2022-23,487.0
E07000169,Selby,2022-23,448.0
E10000024,Nottinghamshire,2022-23,4508.0
E07000170,Ashfield,2022-23,351.0
E07000171,Bassetlaw,2022-23,1046.0
E07000172,Broxtowe,2022-23,302.0
E07000173,Gedling,2022-23,691.0
E07000174,Mansfield,2022-23,380.0
E07000175,Newark and Sherwood,2022-23,588.0
E07000176,Rushcliffe,2022-23,1150.0
E10000025,Oxfordshire,2022-23,5095.0
E07000177,Cherwell,2022-23,1322.0
E07000178,Oxford,2022-23,415.0
E07000179,South Oxfordshire,2022-23,1280.0
E07000180,Vale of White Horse,2022-23,1338.0
E07000181,West Oxfordshire,2022-23,740.0
E10000026,Shropshire,2022-23,
E07000182,Bridgnorth,2022-23,
E07000183,North Shropshire,2022-23,
E07000184,Oswestry,2022-23,
E07000185,Shrewsbury and Atcham,2022-23,
E07000186,South Shropshire,2022-23,
E10000027,Somerset,2022-23,3041.0
E07000187,Mendip,2022-23,522.0
E07000188,Sedgemoor,2022-23,678.0
E07000189,South Somerset,2022-23,869.0
E07000190,Taunton Deane,2022-23,
E07000191,West Somerset,2022-23,
E07000246,Somerset West and Taunton,2022-23,972.0
E10000028,Staffordshire,2022-23,4168.0
E07000192,Cannock Chase,2022-23,437.0
E07000193,East Staffordshire,2022-23,935.0
E07000194,Lichfield,2022-23,756.0
E07000195,Newcastle-under-Lyme,2022-23,234.0
E07000196,South Staffordshire,2022-23,573.0
E07000197,Stafford,2022-23,631.0
E07000198,Staffordshire Moorlands,2022-23,244.0
E07000199,Tamworth,2022-23,358.0
E10000029,Suffolk,2022-23,3900.0
E07000200,Babergh,2022-23,644.0
E07000201,Forest Heath,2022-23,
E07000202,Ipswich,2022-23,209.0
E07000203,Mid Suffolk,2022-23,1248.0
E07000204,St Edmundsbury,2022-23,
E07000205,Suffolk Coastal,2022-23,
E07000206,Waveney,2022-23,
E07000244,East Suffolk,2022-23,810.0
E07000245,West Suffolk,2022-23,989.0
E10000030,Surrey,2022-23,5071.0
E07000207,Elmbridge,2022-23,236.0
E07000208,Epsom and Ewell,2022-23,317.0
E07000209,Guildford,2022-23,704.0
E07000210,Mole Valley,2022-23,217.0
E07000211,Reigate and Banstead,2022-23,644.0
E07000212,Runnymede,2022-23,511.0
E07000213,Spelthorne,2022-23,138.0
E07000214,Surrey Heath,2022-23,403.0
E07000215,Tandridge,2022-23,307.0
E07000216,Waverley,2022-23,966.0
E07000217,Woking,2022-23,628.0
E10000031,Warwickshire,2022-23,4689.0
E07000218,North Warwickshire,2022-23,162.0
E07000219,Nuneaton and Bedworth,2022-23,1003.0
E07000220,Rugby,2022-23,1306.0
E07000221,Stratford-on-Avon,2022-23,1445.0
E07000222,Warwick,2022-23,773.0
E10000032,West Sussex,2022-23,3885.0
E07000223,Adur,2022-23,105.0
E07000224,Arun,2022-23,929.0
E07000225,Chichester,2022-23,916.0
E07000226,Crawley,2022-23,190.0
E07000227,Horsham,2022-23,414.0
E07000228,Mid Sussex,2022-23,1062.0
E07000229,Worthing,2022-23,269.0
E10000033,Wiltshire,2022-23,
E07000230,Kennet,2022-23,
E07000231,North Wiltshire,2022-23,
E07000232,Salisbury,2022-23,
E07000233,West Wiltshire,2022-23,
E10000034,Worcestershire,2022-23,1975.0
E07000234,Bromsgrove,2022-23,193.0
E07000235,Malvern Hills,2022-23,227.0
E07000236,Redditch,2022-23,103.0
E07000237,Worcester,2022-23,273.0
E07000238,Wychavon,2022-23,663.0
E07000239,Wyre Forest,2022-23,516.0
E92000001,England,2023-24,221409.0
,Unitary Authorities,2023-24,63386.0
E06000022,Bath and North East Somerset UA,2023-24,669.0
E06000055,Bedford UA,2023-24,689.0
E06000008,Blackburn with Darwen UA,2023-24,547.0
E06000009,Blackpool UA,2023-24,175.0
E06000028,Bournemouth UA,2023-24,
E06000058,"Bournemouth, Christchurch and Poole UA",2023-24,912.0
E06000036,Bracknell Forest UA,2023-24,924.0
E06000043,Brighton and Hove UA,2023-24,1230.0
E06000023,"Bristol, City of UA",2023-24,1367.0
E06000060,Buckinghamshire UA,2023-24,2245.0
E06000056,Central Bedfordshire UA,2023-24,2129.0
E06000049,Cheshire East UA,2023-24,2117.0
E06000050,Cheshire West and Chester UA,2023-24,1370.0
E06000052,Cornwall UA,2023-24,2507.0
E06000047,County Durham UA,2023-24,1295.0
E06000063,Cumberland UA,2023-24,936.0
E06000005,Darlington UA,2023-24,357.0
E06000015,Derby UA,2023-24,1345.0
E06000059,Dorset UA,2023-24,1480.0
E06000011,East Riding of Yorkshire UA,2023-24,2401.0
E06000006,Halton UA,2023-24,361.0
E06000001,Hartlepool UA,2023-24,585.0
E06000019,"Herefordshire, County of UA",2023-24,1060.0
E06000046,Isle of Wight UA,2023-24,262.0
E06000053,Isles of Scilly UA,2023-24,1.0
E06000010,"Kingston upon Hull, City of UA",2023-24,537.0
E06000016,Leicester UA,2023-24,618.0
E06000032,Luton UA,2023-24,458.0
E06000035,Medway UA,2023-24,1305.0
E06000002,Middlesbrough UA,2023-24,513.0
E06000042,Milton Keynes UA,2023-24,2200.0
E06000012,North East Lincolnshire UA,2023-24,460.0
E06000013,North Lincolnshire UA,2023-24,529.0
E06000061,North Northamptonshire UA,2023-24,1728.0
E06000024,North Somerset UA,2023-24,754.0
E06000065,North Yorkshire UA,2023-24,2978.0
E06000057,Northumberland UA,2023-24,1509.0
E06000018,Nottingham UA,2023-24,2015.0
E06000031,Peterborough UA,2023-24,856.0
E06000026,Plymouth UA,2023-24,236.0
E06000029,Poole UA,2023-24,
E06000044,Portsmouth UA,2023-24,243.0
E06000038,Reading UA,2023-24,1021.0
E06000003,Redcar and Cleveland UA,2023-24,482.0
E06000017,Rutland UA,2023-24,110.0
E06000051,Shropshire UA,2023-24,1514.0
E06000039,Slough UA,2023-24,827.0
E06000066,Somerset UA,2023-24,1926.0
E06000025,South Gloucestershire UA,2023-24,1583.0
E06000045,Southampton UA,2023-24,308.0
E06000033,Southend-on-Sea UA,2023-24,173.0
E06000004,Stockton-on-Tees UA,2023-24,666.0
E06000021,Stoke-on-Trent UA,2023-24,450.0
E06000030,Swindon UA,2023-24,720.0
E06000020,Telford and Wrekin UA,2023-24,1000.0
E06000034,Thurrock UA,2023-24,525.0
E06000027,Torbay UA,2023-24,211.0
E06000007,Warrington UA,2023-24,652.0
E06000037,West Berkshire UA,2023-24,673.0
E06000062,West Northamptonshire UA,2023-24,1863.0
E06000064,Westmorland and Furness UA,2023-24,800.0
E06000054,Wiltshire UA,2023-24,1795.0
E06000040,Windsor and Maidenhead UA,2023-24,857.0
E06000041,Wokingham UA,2023-24,799.0
E06000014,York UA,2023-24,528.0
,London Boroughs,2023-24,31748.0
E09000002,Barking and Dagenham,2023-24,975.0
E09000003,Barnet,2023-24,2475.0
E09000004,Bexley,2023-24,697.0
E09000005,Brent,2023-24,864.0
E09000006,Bromley,2023-24,168.0
E09000007,Camden,2023-24,611.0
E09000001,City of London,2023-24,-3.0
E09000008,Croydon,2023-24,2087.0
E09000009,Ealing,2023-24,1521.0
E09000010,Enfield,2023-24,810.0
E09000011,Greenwich,2023-24,856.0
E09000012,Hackney,2023-24,397.0
E09000013,Hammersmith and Fulham,2023-24,1477.0
E09000014,Haringey,2023-24,1185.0
E09000015,Harrow,2023-24,751.0
E09000016,Havering,2023-24,587.0
E09000017,Hillingdon,2023-24,759.0
E09000018,Hounslow,2023-24,1217.0
E09000019,Islington,2023-24,904.0
E09000020,Kensington and Chelsea,2023-24,245.0
E09000021,Kingston upon Thames,2023-24,1041.0
E09000022,Lambeth,2023-24,608.0
E09000023,Lewisham,2023-24,408.0
E09000024,Merton,2023-24,281.0
E09000025,Newham,2023-24,2999.0
E09000026,Redbridge,2023-24,337.0
E09000027,Richmond upon Thames,2023-24,147.0
E09000028,Southwark,2023-24,1318.0
E09000029,Sutton,2023-24,361.0
E09000030,Tower Hamlets,2023-24,1071.0
E09000031,Waltham Forest,2023-24,944.0
E09000032,Wandsworth,2023-24,2720.0
E09000033,Westminster,2023-24,930.0
,Metropolitan Districts,2023-24,39380.0
E11000001,Greater Manchester (Met County),2023-24,10227.0
E08000001,Bolton,2023-24,574.0
E08000002,Bury,2023-24,244.0
E08000003,Manchester,2023-24,2531.0
E08000004,Oldham,2023-24,417.0
E08000005,Rochdale,2023-24,681.0
E08000006,Salford,2023-24,2640.0
E08000007,Stockport,2023-24,621.0
E08000008,Tameside,2023-24,632.0
E08000009,Trafford,2023-24,741.0
E08000010,Wigan,2023-24,1146.0
E11000002,Merseyside (Met County),2023-24,4163.0
E08000011,Knowsley,2023-24,726.0
E08000012,Liverpool,2023-24,1940.0
E08000014,Sefton,2023-24,760.0
E08000013,St. Helens,2023-24,223.0
E08000015,Wirral,2023-24,514.0
E11000003,South Yorkshire (Met County),2023-24,5277.0
E08000016,Barnsley,2023-24,637.0
E08000017,Doncaster,2023-24,1388.0
E08000018,Rotherham,2023-24,784.0
E08000019,Sheffield,2023-24,2468.0
E11000007,Tyne and Wear (Met County),2023-24,2530.0
E08000037,Gateshead,2023-24,344.0
E08000021,Newcastle upon Tyne,2023-24,706.0
E08000022,North Tyneside,2023-24,425.0
E08000023,South Tyneside,2023-24,191.0
E08000024,Sunderland,2023-24,864.0
E11000005,West Midlands (Met County),2023-24,8790.0
E08000025,Birmingham,2023-24,4546.0
E08000026,Coventry,2023-24,1301.0
E08000027,Dudley,2023-24,743.0
E08000028,Sandwell,2023-24,647.0
E08000029,Solihull,2023-24,443.0
E08000030,Walsall,2023-24,388.0
E08000031,Wolverhampton,2023-24,722.0
E11000006,West Yorkshire (Met County),2023-24,8393.0
E08000032,Bradford,2023-24,1396.0
E08000033,Calderdale,2023-24,411.0
E08000034,Kirklees,2023-24,1204.0
E08000035,Leeds,2023-24,4327.0
E08000036,Wakefield,2023-24,1055.0
,Shire Districts,2023-24,86895.0
E10000001,Bedfordshire,2023-24,
E07000002,Bedford,2023-24,
E07000001,Mid Bedfordshire,2023-24,
E07000003,South Bedfordshire,2023-24,
E10000002,Buckinghamshire,2023-24,
E07000004,Aylesbury Vale,2023-24,
E07000005,Chiltern,2023-24,
E07000006,South Bucks,2023-24,
E07000007,Wycombe,2023-24,
E10000003,Cambridgeshire,2023-24,3840.0
E07000008,Cambridge,2023-24,249.0
E07000009,East Cambridgeshire,2023-24,616.0
E07000010,Fenland,2023-24,526.0
E07000011,Huntingdonshire,2023-24,1239.0
E07000012,South Cambridgeshire,2023-24,1210.0
E10000004,Cheshire,2023-24,
E07000013,Chester,2023-24,
E07000014,Congleton,2023-24,
E07000015,Crewe and Nantwich,2023-24,
E07000016,Ellesmere Port & Neston,2023-24,
E07000017,Macclesfield,2023-24,
E07000018,Vale Royal,2023-24,
E10000005,Cornwall and Isles of Scilly,2023-24,
E07000019,Caradon,2023-24,
E07000020,Carrick,2023-24,
E07000025,Isles of Scilly,2023-24,
E07000021,Kerrier,2023-24,
E07000022,North Cornwall,2023-24,
E07000023,Penwith,2023-24,
E07000024,Restormel,2023-24,
E10000006,Cumbria,2023-24,
E07000026,Allerdale,2023-24,
E07000027,Barrow-in-Furness,2023-24,
E07000028,Carlisle,2023-24,
E07000029,Copeland,2023-24,
E07000030,Eden,2023-24,
E07000031,South Lakeland,2023-24,
E10000007,Derbyshire,2023-24,3514.0
E07000032,Amber Valley,2023-24,622.0
E07000033,Bolsover,2023-24,364.0
E07000034,Chesterfield,2023-24,386.0
E07000035,Derbyshire Dales,2023-24,156.0
E07000036,Erewash,2023-24,107.0
E07000037,High Peak,2023-24,273.0
E07000038,North East Derbyshire,2023-24,543.0
E07000039,South Derbyshire,2023-24,1063.0
E10000008,Devon,2023-24,4121.0
E07000040,East Devon,2023-24,634.0
E07000041,Exeter,2023-24,774.0
E07000042,Mid Devon,2023-24,499.0
E07000043,North Devon,2023-24,370.0
E07000044,South Hams,2023-24,610.0
E07000045,Teignbridge,2023-24,546.0
E07000046,Torridge,2023-24,402.0
E07000047,West Devon,2023-24,286.0
E10000009,Dorset,2023-24,
E07000048,Christchurch,2023-24,
E07000049,East Dorset,2023-24,
E07000050,North Dorset,2023-24,
E07000051,Purbeck,2023-24,
E07000052,West Dorset,2023-24,
E07000053,Weymouth and Portland,2023-24,
E10000010,Durham,2023-24,
E07000054,Chester-le-Street,2023-24,
E07000055,Derwentside,2023-24,
E07000056,Durham,2023-24,
E07000057,Easington,2023-24,
E07000058,Sedgefield,2023-24,
E07000059,Teesdale,2023-24,
E07000060,Wear Valley,2023-24,
E10000011,East Sussex,2023-24,2079.0
E07000061,Eastbourne,2023-24,254.0
E07000062,Hastings,2023-24,146.0
E07000063,Lewes,2023-24,523.0
E07000064,Rother,2023-24,170.0
E07000065,Wealden,2023-24,986.0
E10000012,Essex,2023-24,7207.0
E07000066,Basildon,2023-24,245.0
E07000067,Braintree,2023-24,1148.0
E07000068,Brentwood,2023-24,625.0
E07000069,Castle Point,2023-24,-58.0
E07000070,Chelmsford,2023-24,1015.0
E07000071,Colchester,2023-24,1097.0
E07000072,Epping Forest,2023-24,346.0
E07000073,Harlow,2023-24,436.0
E07000074,Maldon,2023-24,405.0
E07000075,Rochford,2023-24,282.0
E07000076,Tendring,2023-24,838.0
E07000077,Uttlesford,2023-24,828.0
E10000013,Gloucestershire,2023-24,2885.0
E07000078,Cheltenham,2023-24,315.0
E07000079,Cotswold,2023-24,375.0
E07000080,Forest of Dean,2023-24,431.0
E07000081,Gloucester,2023-24,366.0
E07000082,Stroud,2023-24,446.0
E07000083,Tewkesbury,2023-24,952.0
E10000014,Hampshire,2023-24,4602.0
E07000084,Basingstoke and Deane,2023-24,690.0
E07000085,East Hampshire,2023-24,252.0
E07000086,Eastleigh,2023-24,566.0
E07000087,Fareham,2023-24,244.0
E07000088,Gosport,2023-24,119.0
E07000089,Hart,2023-24,434.0
E07000090,Havant,2023-24,368.0
E07000091,New Forest,2023-24,241.0
E07000092,Rushmoor,2023-24,436.0
E07000093,Test Valley,2023-24,275.0
E07000094,Winchester,2023-24,977.0
E10000015,Hertfordshire,2023-24,4997.0
E07000095,Broxbourne,2023-24,663.0
E07000096,Dacorum,2023-24,483.0
E07000242,East Hertfordshire,2023-24,1265.0
E07000098,Hertsmere,2023-24,210.0
E07000099,North Hertfordshire,2023-24,426.0
E07000240,St Albans,2023-24,438.0
E07000243,Stevenage,2023-24,163.0
E07000102,Three Rivers,2023-24,274.0
E07000103,Watford,2023-24,751.0
E07000241,Welwyn Hatfield,2023-24,324.0
E10000016,Kent,2023-24,6921.0
E07000105,Ashford,2023-24,471.0
E07000106,Canterbury,2023-24,660.0
E07000107,Dartford,2023-24,637.0
E07000108,Dover,2023-24,718.0
E07000109,Gravesham,2023-24,293.0
E07000110,Maidstone,2023-24,1066.0
E07000111,Sevenoaks,2023-24,114.0
E07000112,Folkestone and Hythe,2023-24,373.0
E07000113,Swale,2023-24,757.0
E07000114,Thanet,2023-24,844.0
E07000115,Tonbridge and Malling,2023-24,377.0
E07000116,Tunbridge Wells,2023-24,611.0
E10000017,Lancashire,2023-24,5533.0
E07000117,Burnley,2023-24,248.0
E07000118,Chorley,2023-24,291.0
E07000119,Fylde,2023-24,348.0
E07000120,Hyndburn,2023-24,253.0
E07000121,Lancaster,2023-24,214.0
E07000122,Pendle,2023-24,122.0
E07000123,Preston,2023-24,1630.0
E07000124,Ribble Valley,2023-24,530.0
E07000125,Rossendale,2023-24,201.0
E07000126,South Ribble,2023-24,579.0
E07000127,West Lancashire,2023-24,476.0
E07000128,Wyre,2023-24,641.0
E10000018,Leicestershire,2023-24,3585.0
E07000129,Blaby,2023-24,423.0
E07000130,Charnwood,2023-24,840.0
E07000131,Harborough,2023-24,717.0
E07000132,Hinckley and Bosworth,2023-24,357.0
E07000133,Melton,2023-24,390.0
E07000134,North West Leicestershire,2023-24,571.0
E07000135,Oadby and Wigston,2023-24,287.0
E10000019,Lincolnshire,2023-24,3473.0
E07000136,Boston,2023-24,286.0
E07000137,East Lindsey,2023-24,531.0
E07000138,Lincoln,2023-24,135.0
E07000139,North Kesteven,2023-24,703.0
E07000140,South Holland,2023-24,635.0
E07000141,South Kesteven,2023-24,575.0
E07000142,West Lindsey,2023-24,608.0
E10000020,Norfolk,2023-24,4627.0
E07000143,Breckland,2023-24,1175.0
E07000144,Broadland,2023-24,889.0
E07000145,Great Yarmouth,2023-24,348.0
E07000146,King's Lynn and West Norfolk,2023-24,606.0
E07000147,North Norfolk,2023-24,226.0
E07000148,Norwich,2023-24,498.0
E07000149,South Norfolk,2023-24,885.0
E10000021,Northamptonshire,2023-24,
E07000150,Corby,2023-24,
E07000151,Daventry,2023-24,
E07000152,East Northamptonshire,2023-24,
E07000153,Kettering,2023-24,
E07000154,Northampton,2023-24,
E07000155,South Northamptonshire,2023-24,
E07000156,Wellingborough,2023-24,
E10000022,Northumberland,2023-24,
E07000157,Alnwick,2023-24,
E07000158,Berwick-upon-Tweed,2023-24,
E07000159,Blyth Valley,2023-24,
E07000160,Castle Morpeth,2023-24,
E07000161,Tynedale,2023-24,
E07000162,Wansbeck,2023-24,
E10000023,North Yorkshire,2023-24,
E07000163,Craven,2023-24,
E07000164,Hambleton,2023-24,
E07000165,Harrogate,2023-24,
E07000166,Richmondshire,2023-24,
E07000167,Ryedale,2023-24,
E07000168,Scarborough,2023-24,
E07000169,Selby,2023-24,
E10000024,Nottinghamshire,2023-24,4557.0
E07000170,Ashfield,2023-24,452.0
E07000171,Bassetlaw,2023-24,981.0
E07000172,Broxtowe,2023-24,391.0
E07000173,Gedling,2023-24,604.0
E07000174,Mansfield,2023-24,390.0
E07000175,Newark and Sherwood,2023-24,629.0
E07000176,Rushcliffe,2023-24,1110.0
E10000025,Oxfordshire,2023-24,4018.0
E07000177,Cherwell,2023-24,851.0
E07000178,Oxford,2023-24,365.0
E07000179,South Oxfordshire,2023-24,980.0
E07000180,Vale of White Horse,2023-24,1130.0
E07000181,West Oxfordshire,2023-24,692.0
E10000026,Shropshire,2023-24,
E07000182,Bridgnorth,2023-24,
E07000183,North Shropshire,2023-24,
E07000184,Oswestry,2023-24,
E07000185,Shrewsbury and Atcham,2023-24,
E07000186,South Shropshire,2023-24,
E10000027,Somerset,2023-24,
E07000187,Mendip,2023-24,
E07000188,Sedgemoor,2023-24,
E07000189,South Somerset,2023-24,
E07000190,Taunton Deane,2023-24,
E07000191,West Somerset,2023-24,
E07000246,Somerset West and Taunton,2023-24,
E10000028,Staffordshire,2023-24,3319.0
E07000192,Cannock Chase,2023-24,188.0
E07000193,East Staffordshire,2023-24,785.0
E07000194,Lichfield,2023-24,716.0
E07000195,Newcastle-under-Lyme,2023-24,324.0
E07000196,South Staffordshire,2023-24,367.0
E07000197,Stafford,2023-24,423.0
E07000198,Staffordshire Moorlands,2023-24,237.0
E07000199,Tamworth,2023-24,279.0
E10000029,Suffolk,2023-24,3142.0
E07000200,Babergh,2023-24,588.0
E07000201,Forest Heath,2023-24,
E07000202,Ipswich,2023-24,206.0
E07000203,Mid Suffolk,2023-24,1008.0
E07000204,St Edmundsbury,2023-24,
E07000205,Suffolk Coastal,2023-24,
E07000206,Waveney,2023-24,
E07000244,East Suffolk,2023-24,857.0
E07000245,West Suffolk,2023-24,483.0
E10000030,Surrey,2023-24,4211.0
E07000207,Elmbridge,2023-24,406.0
E07000208,Epsom and Ewell,2023-24,138.0
E07000209,Guildford,2023-24,717.0
E07000210,Mole Valley,2023-24,163.0
E07000211,Reigate and Banstead,2023-24,505.0
E07000212,Runnymede,2023-24,439.0
E07000213,Spelthorne,2023-24,286.0
E07000214,Surrey Heath,2023-24,322.0
E07000215,Tandridge,2023-24,238.0
E07000216,Waverley,2023-24,729.0
E07000217,Woking,2023-24,268.0
E10000031,Warwickshire,2023-24,4219.0
E07000218,North Warwickshire,2023-24,439.0
E07000219,Nuneaton and Bedworth,2023-24,1016.0
E07000220,Rugby,2023-24,866.0
E07000221,Stratford-on-Avon,2023-24,1011.0
E07000222,Warwick,2023-24,887.0
E10000032,West Sussex,2023-24,4059.0
E07000223,Adur,2023-24,120.0
E07000224,Arun,2023-24,1005.0
E07000225,Chichester,2023-24,762.0
E07000226,Crawley,2023-24,139.0
E07000227,Horsham,2023-24,457.0
E07000228,Mid Sussex,2023-24,1237.0
E07000229,Worthing,2023-24,339.0
E10000033,Wiltshire,2023-24,
E07000230,Kennet,2023-24,
E07000231,North Wiltshire,2023-24,
E07000232,Salisbury,2023-24,
E07000233,West Wiltshire,2023-24,
E10000034,Worcestershire,2023-24,1986.0
E07000234,Bromsgrove,2023-24,125.0
E07000235,Malvern Hills,2023-24,496.0
E07000236,Redditch,2023-24,279.0
E07000237,Worcester,2023-24,384.0
E07000238,Wychavon,2023-24,334.0
E07000239,Wyre Forest,2023-24,368.0
E92000001,England,2024-25,208600.0
,Unitary Authorities,2024-25,58782.0
E06000022,Bath and North East Somerset UA,2024-25,476.0
E06000055,Bedford UA,2024-25,576.0
E06000008,Blackburn with Darwen UA,2024-25,523.0
E06000009,Blackpool UA,2024-25,250.0
E06000028,Bournemouth UA,2024-25,
E06000058,"Bournemouth, Christchurch and Poole UA",2024-25,1100.0
E06000036,Bracknell Forest UA,2024-25,406.0
E06000043,Brighton and Hove UA,2024-25,1298.0
E06000023,"Bristol, City of UA",2024-25,1265.0
E06000060,Buckinghamshire UA,2024-25,1577.0
E06000056,Central Bedfordshire UA,2024-25,1626.0
E06000049,Cheshire East UA,2024-25,1982.0
E06000050,Cheshire West and Chester UA,2024-25,1219.0
E06000052,Cornwall UA,2024-25,2237.0
E06000047,County Durham UA,2024-25,1753.0
E06000063,Cumberland UA,2024-25,986.0
E06000005,Darlington UA,2024-25,413.0
E06000015,Derby UA,2024-25,806.0
E06000059,Dorset UA,2024-25,1601.0
E06000011,East Riding of Yorkshire UA,2024-25,2063.0
E06000006,Halton UA,2024-25,392.0
E06000001,Hartlepool UA,2024-25,475.0
E06000019,"Herefordshire, County of UA",2024-25,562.0
E06000046,Isle of Wight UA,2024-25,242.0
E06000053,Isles of Scilly UA,2024-25,7.0
E06000010,"Kingston upon Hull, City of UA",2024-25,572.0
E06000016,Leicester UA,2024-25,636.0
E06000032,Luton UA,2024-25,346.0
E06000035,Medway UA,2024-25,647.0
E06000002,Middlesbrough UA,2024-25,205.0
E06000042,Milton Keynes UA,2024-25,2389.0
E06000012,North East Lincolnshire UA,2024-25,583.0
E06000013,North Lincolnshire UA,2024-25,467.0
E06000061,North Northamptonshire UA,2024-25,2185.0
E06000024,North Somerset UA,2024-25,865.0
E06000065,North Yorkshire UA,2024-25,2706.0
E06000057,Northumberland UA,2024-25,1424.0
E06000018,Nottingham UA,2024-25,1905.0
E06000031,Peterborough UA,2024-25,1219.0
E06000026,Plymouth UA,2024-25,237.0
E06000029,Poole UA,2024-25,
E06000044,Portsmouth UA,2024-25,67.0
E06000038,Reading UA,2024-25,890.0
E06000003,Redcar and Cleveland UA,2024-25,436.0
E06000017,Rutland UA,2024-25,140.0
E06000051,Shropshire UA,2024-25,1190.0
E06000039,Slough UA,2024-25,204.0
E06000066,Somerset UA,2024-25,1987.0
E06000025,South Gloucestershire UA,2024-25,1792.0
E06000045,Southampton UA,2024-25,717.0
E06000033,Southend-on-Sea UA,2024-25,184.0
E06000004,Stockton-on-Tees UA,2024-25,753.0
E06000021,Stoke-on-Trent UA,2024-25,465.0
E06000030,Swindon UA,2024-25,892.0
E06000020,Telford and Wrekin UA,2024-25,1877.0
E06000034,Thurrock UA,2024-25,313.0
E06000027,Torbay UA,2024-25,267.0
E06000007,Warrington UA,2024-25,589.0
E06000037,West Berkshire UA,2024-25,407.0
E06000062,West Northamptonshire UA,2024-25,1773.0
E06000064,Westmorland and Furness UA,2024-25,651.0
E06000054,Wiltshire UA,2024-25,1219.0
E06000040,Windsor and Maidenhead UA,2024-25,440.0
E06000041,Wokingham UA,2024-25,659.0
E06000014,York UA,2024-25,649.0
,London Boroughs,2024-25,32678.0
E09000002,Barking and Dagenham,2024-25,1495.0
E09000003,Barnet,2024-25,2152.0
E09000004,Bexley,2024-25,438.0
E09000005,Brent,2024-25,1030.0
E09000006,Bromley,2024-25,632.0
E09000007,Camden,2024-25,995.0
E09000001,City of London,2024-25,9.0
E09000008,Croydon,2024-25,893.0
E09000009,Ealing,2024-25,1541.0
E09000010,Enfield,2024-25,1090.0
E09000011,Greenwich,2024-25,1573.0
E09000012,Hackney,2024-25,772.0
E09000013,Hammersmith and Fulham,2024-25,1459.0
E09000014,Haringey,2024-25,1287.0
E09000015,Harrow,2024-25,970.0
E09000016,Havering,2024-25,507.0
E09000017,Hillingdon,2024-25,651.0
E09000018,Hounslow,2024-25,1554.0
E09000019,Islington,2024-25,250.0
E09000020,Kensington and Chelsea,2024-25,408.0
E09000021,Kingston upon Thames,2024-25,453.0
E09000022,Lambeth,2024-25,428.0
E09000023,Lewisham,2024-25,2399.0
E09000024,Merton,2024-25,168.0
E09000025,Newham,2024-25,2760.0
E09000026,Redbridge,2024-25,590.0
E09000027,Richmond upon Thames,2024-25,86.0
E09000028,Southwark,2024-25,1012.0
E09000029,Sutton,2024-25,329.0
E09000030,Tower Hamlets,2024-25,1581.0
E09000031,Waltham Forest,2024-25,1027.0
E09000032,Wandsworth,2024-25,1516.0
E09000033,Westminster,2024-25,623.0
,Metropolitan Districts,2024-25,36085.0
E11000001,Greater Manchester (Met County),2024-25,10363.0
E08000001,Bolton,2024-25,712.0
E08000002,Bury,2024-25,312.0
E08000003,Manchester,2024-25,3026.0
E08000004,Oldham,2024-25,578.0
E08000005,Rochdale,2024-25,650.0
E08000006,Salford,2024-25,2730.0
E08000007,Stockport,2024-25,351.0
E08000008,Tameside,2024-25,475.0
E08000009,Trafford,2024-25,360.0
E08000010,Wigan,2024-25,1169.0
E11000002,Merseyside (Met County),2024-25,3992.0
E08000011,Knowsley,2024-25,461.0
E08000012,Liverpool,2024-25,1439.0
E08000014,Sefton,2024-25,882.0
E08000013,St. Helens,2024-25,609.0
E08000015,Wirral,2024-25,601.0
E11000003,South Yorkshire (Met County),2024-25,3266.0
E08000016,Barnsley,2024-25,601.0
E08000017,Doncaster,2024-25,762.0
E08000018,Rotherham,2024-25,784.0
E08000019,Sheffield,2024-25,1119.0
E11000007,Tyne and Wear (Met County),2024-25,2878.0
E08000037,Gateshead,2024-25,546.0
E08000021,Newcastle upon Tyne,2024-25,917.0
E08000022,North Tyneside,2024-25,505.0
E08000023,South Tyneside,2024-25,139.0
E08000024,Sunderland,2024-25,771.0
E11000005,West Midlands (Met County),2024-25,7797.0
E08000025,Birmingham,2024-25,4454.0
E08000026,Coventry,2024-25,697.0
E08000027,Dudley,2024-25,686.0
E08000028,Sandwell,2024-25,596.0
E08000029,Solihull,2024-25,292.0
E08000030,Walsall,2024-25,651.0
E08000031,Wolverhampton,2024-25,421.0
E11000006,West Yorkshire (Met County),2024-25,7789.0
E08000032,Bradford,2024-25,1311.0
E08000033,Calderdale,2024-25,499.0
E08000034,Kirklees,2024-25,951.0
E08000035,Leeds,2024-25,4234.0
E08000036,Wakefield,2024-25,794.0
,Shire Districts,2024-25,81055.0
E10000001,Bedfordshire,2024-25,
E07000002,Bedford,2024-25,
E07000001,Mid Bedfordshire,2024-25,
E07000003,South Bedfordshire,2024-25,
E10000002,Buckinghamshire,2024-25,
E07000004,Aylesbury Vale,2024-25,
E07000005,Chiltern,2024-25,
E07000006,South Bucks,2024-25,
E07000007,Wycombe,2024-25,
E10000003,Cambridgeshire,2024-25,4410.0
E07000008,Cambridge,2024-25,529.0
E07000009,East Cambridgeshire,2024-25,622.0
E07000010,Fenland,2024-25,666.0
E07000011,Huntingdonshire,2024-25,858.0
E07000012,South Cambridgeshire,2024-25,1735.0
E10000004,Cheshire,2024-25,
E07000013,Chester,2024-25,
E07000014,Congleton,2024-25,
E07000015,Crewe and Nantwich,2024-25,
E07000016,Ellesmere Port & Neston,2024-25,
E07000017,Macclesfield,2024-25,
E07000018,Vale Royal,2024-25,
E10000005,Cornwall and Isles of Scilly,2024-25,
E07000019,Caradon,2024-25,
E07000020,Carrick,2024-25,
E07000025,Isles of Scilly,2024-25,
E07000021,Kerrier,2024-25,
E07000022,North Cornwall,2024-25,
E07000023,Penwith,2024-25,
E07000024,Restormel,2024-25,
E10000006,Cumbria,2024-25,
E07000026,Allerdale,2024-25,
E07000027,Barrow-in-Furness,2024-25,
E07000028,Carlisle,2024-25,
E07000029,Copeland,2024-25,
E07000030,Eden,2024-25,
E07000031,South Lakeland,2024-25,
E10000007,Derbyshire,2024-25,3562.0
E07000032,Amber Valley,2024-25,819.0
E07000033,Bolsover,2024-25,409.0
E07000034,Chesterfield,2024-25,345.0
E07000035,Derbyshire Dales,2024-25,181.0
E07000036,Erewash,2024-25,185.0
E07000037,High Peak,2024-25,203.0
E07000038,North East Derbyshire,2024-25,555.0
E07000039,South Derbyshire,2024-25,865.0
E10000008,Devon,2024-25,3939.0
E07000040,East Devon,2024-25,690.0
E07000041,Exeter,2024-25,489.0
E07000042,Mid Devon,2024-25,363.0
E07000043,North Devon,2024-25,416.0
E07000044,South Hams,2024-25,591.0
E07000045,Teignbridge,2024-25,502.0
E07000046,Torridge,2024-25,570.0
E07000047,West Devon,2024-25,318.0
E10000009,Dorset,2024-25,
E07000048,Christchurch,2024-25,
E07000049,East Dorset,2024-25,
E07000050,North Dorset,2024-25,
E07000051,Purbeck,2024-25,
E07000052,West Dorset,2024-25,
E07000053,Weymouth and Portland,2024-25,
E10000010,Durham,2024-25,
E07000054,Chester-le-Street,2024-25,
E07000055,Derwentside,2024-25,
E07000056,Durham,2024-25,
E07000057,Easington,2024-25,
E07000058,Sedgefield,2024-25,
E07000059,Teesdale,2024-25,
E07000060,Wear Valley,2024-25,
E10000011,East Sussex,2024-25,2040.0
E07000061,Eastbourne,2024-25,94.0
E07000062,Hastings,2024-25,404.0
E07000063,Lewes,2024-25,233.0
E07000064,Rother,2024-25,216.0
E07000065,Wealden,2024-25,1093.0
E10000012,Essex,2024-25,5740.0
E07000066,Basildon,2024-25,308.0
E07000067,Braintree,2024-25,931.0
E07000068,Brentwood,2024-25,97.0
E07000069,Castle Point,2024-25,21.0
E07000070,Chelmsford,2024-25,813.0
E07000071,Colchester,2024-25,647.0
E07000072,Epping Forest,2024-25,483.0
E07000073,Harlow,2024-25,118.0
E07000074,Maldon,2024-25,397.0
E07000075,Rochford,2024-25,414.0
E07000076,Tendring,2024-25,861.0
E07000077,Uttlesford,2024-25,650.0
E10000013,Gloucestershire,2024-25,3180.0
E07000078,Cheltenham,2024-25,312.0
E07000079,Cotswold,2024-25,184.0
E07000080,Forest of Dean,2024-25,327.0
E07000081,Gloucester,2024-25,376.0
E07000082,Stroud,2024-25,548.0
E07000083,Tewkesbury,2024-25,1433.0
E10000014,Hampshire,2024-25,4758.0
E07000084,Basingstoke and Deane,2024-25,721.0
E07000085,East Hampshire,2024-25,658.0
E07000086,Eastleigh,2024-25,563.0
E07000087,Fareham,2024-25,356.0
E07000088,Gosport,2024-25,120.0
E07000089,Hart,2024-25,170.0
E07000090,Havant,2024-25,316.0
E07000091,New Forest,2024-25,214.0
E07000092,Rushmoor,2024-25,501.0
E07000093,Test Valley,2024-25,297.0
E07000094,Winchester,2024-25,842.0
E10000015,Hertfordshire,2024-25,4558.0
E07000095,Broxbourne,2024-25,305.0
E07000096,Dacorum,2024-25,472.0
E07000242,East Hertfordshire,2024-25,755.0
E07000098,Hertsmere,2024-25,173.0
E07000099,North Hertfordshire,2024-25,551.0
E07000240,St Albans,2024-25,381.0
E07000243,Stevenage,2024-25,637.0
E07000102,Three Rivers,2024-25,376.0
E07000103,Watford,2024-25,692.0
E07000241,Welwyn Hatfield,2024-25,216.0
E10000016,Kent,2024-25,7724.0
E07000105,Ashford,2024-25,604.0
E07000106,Canterbury,2024-25,1235.0
E07000107,Dartford,2024-25,817.0
E07000108,Dover,2024-25,633.0
E07000109,Gravesham,2024-25,546.0
E07000110,Maidstone,2024-25,654.0
E07000111,Sevenoaks,2024-25,146.0
E07000112,Folkestone and Hythe,2024-25,326.0
E07000113,Swale,2024-25,610.0
E07000114,Thanet,2024-25,848.0
E07000115,Tonbridge and Malling,2024-25,689.0
E07000116,Tunbridge Wells,2024-25,616.0
E10000017,Lancashire,2024-25,4248.0
E07000117,Burnley,2024-25,262.0
E07000118,Chorley,2024-25,383.0
E07000119,Fylde,2024-25,288.0
E07000120,Hyndburn,2024-25,174.0
E07000121,Lancaster,2024-25,196.0
E07000122,Pendle,2024-25,127.0
E07000123,Preston,2024-25,660.0
E07000124,Ribble Valley,2024-25,332.0
E07000125,Rossendale,2024-25,138.0
E07000126,South Ribble,2024-25,474.0
E07000127,West Lancashire,2024-25,554.0
E07000128,Wyre,2024-25,660.0
E10000018,Leicestershire,2024-25,3118.0
E07000129,Blaby,2024-25,165.0
E07000130,Charnwood,2024-25,617.0
E07000131,Harborough,2024-25,491.0
E07000132,Hinckley and Bosworth,2024-25,591.0
E07000133,Melton,2024-25,398.0
E07000134,North West Leicestershire,2024-25,732.0
E07000135,Oadby and Wigston,2024-25,124.0
E10000019,Lincolnshire,2024-25,3583.0
E07000136,Boston,2024-25,334.0
E07000137,East Lindsey,2024-25,655.0
E07000138,Lincoln,2024-25,105.0
E07000139,North Kesteven,2024-25,566.0
E07000140,South Holland,2024-25,697.0
E07000141,South Kesteven,2024-25,683.0
E07000142,West Lindsey,2024-25,543.0
E10000020,Norfolk,2024-25,3458.0
E07000143,Breckland,2024-25,505.0
E07000144,Broadland,2024-25,803.0
E07000145,Great Yarmouth,2024-25,310.0
E07000146,King's Lynn and West Norfolk,2024-25,424.0
E07000147,North Norfolk,2024-25,329.0
E07000148,Norwich,2024-25,180.0
E07000149,South Norfolk,2024-25,907.0
E10000021,Northamptonshire,2024-25,
E07000150,Corby,2024-25,
E07000151,Daventry,2024-25,
E07000152,East Northamptonshire,2024-25,
E07000153,Kettering,2024-25,
E07000154,Northampton,2024-25,
E07000155,South Northamptonshire,2024-25,
E07000156,Wellingborough,2024-25,
E10000022,Northumberland,2024-25,
E07000157,Alnwick,2024-25,
E07000158,Berwick-upon-Tweed,2024-25,
E07000159,Blyth Valley,2024-25,
E07000160,Castle Morpeth,2024-25,
E07000161,Tynedale,2024-25,
E07000162,Wansbeck,2024-25,
E10000023,North Yorkshire,2024-25,
E07000163,Craven,2024-25,
E07000164,Hambleton,2024-25,
E07000165,Harrogate,2024-25,
E07000166,Richmondshire,2024-25,
E07000167,Ryedale,2024-25,
E07000168,Scarborough,2024-25,
E07000169,Selby,2024-25,
E10000024,Nottinghamshire,2024-25,3906.0
E07000170,Ashfield,2024-25,451.0
E07000171,Bassetlaw,2024-25,872.0
E07000172,Broxtowe,2024-25,413.0
E07000173,Gedling,2024-25,463.0
E07000174,Mansfield,2024-25,297.0
E07000175,Newark and Sherwood,2024-25,563.0
E07000176,Rushcliffe,2024-25,847.0
E10000025,Oxfordshire,2024-25,3258.0
E07000177,Cherwell,2024-25,717.0
E07000178,Oxford,2024-25,250.0
E07000179,South Oxfordshire,2024-25,794.0
E07000180,Vale of White Horse,2024-25,1193.0
E07000181,West Oxfordshire,2024-25,304.0
E10000026,Shropshire,2024-25,
E07000182,Bridgnorth,2024-25,
E07000183,North Shropshire,2024-25,
E07000184,Oswestry,2024-25,
E07000185,Shrewsbury and Atcham,2024-25,
E07000186,South Shropshire,2024-25,
E10000027,Somerset,2024-25,
E07000187,Mendip,2024-25,
E07000188,Sedgemoor,2024-25,
E07000189,South Somerset,2024-25,
E07000190,Taunton Deane,2024-25,
E07000191,West Somerset,2024-25,
E07000246,Somerset West and Taunton,2024-25,
E10000028,Staffordshire,2024-25,3315.0
E07000192,Cannock Chase,2024-25,242.0
E07000193,East Staffordshire,2024-25,576.0
E07000194,Lichfield,2024-25,706.0
E07000195,Newcastle-under-Lyme,2024-25,379.0
E07000196,South Staffordshire,2024-25,240.0
E07000197,Stafford,2024-25,612.0
E07000198,Staffordshire Moorlands,2024-25,336.0
E07000199,Tamworth,2024-25,224.0
E10000029,Suffolk,2024-25,3582.0
E07000200,Babergh,2024-25,577.0
E07000201,Forest Heath,2024-25,
E07000202,Ipswich,2024-25,275.0
E07000203,Mid Suffolk,2024-25,1336.0
E07000204,St Edmundsbury,2024-25,
E07000205,Suffolk Coastal,2024-25,
E07000206,Waveney,2024-25,
E07000244,East Suffolk,2024-25,752.0
E07000245,West Suffolk,2024-25,642.0
E10000030,Surrey,2024-25,3564.0
E07000207,Elmbridge,2024-25,500.0
E07000208,Epsom and Ewell,2024-25,112.0
E07000209,Guildford,2024-25,471.0
E07000210,Mole Valley,2024-25,339.0
E07000211,Reigate and Banstead,2024-25,259.0
E07000212,Runnymede,2024-25,389.0
E07000213,Spelthorne,2024-25,198.0
E07000214,Surrey Heath,2024-25,178.0
E07000215,Tandridge,2024-25,175.0
E07000216,Waverley,2024-25,669.0
E07000217,Woking,2024-25,274.0
E10000031,Warwickshire,2024-25,3453.0
E07000218,North Warwickshire,2024-25,230.0
E07000219,Nuneaton and Bedworth,2024-25,844.0
E07000220,Rugby,2024-25,671.0
E07000221,Stratford-on-Avon,2024-25,903.0
E07000222,Warwick,2024-25,805.0
E10000032,West Sussex,2024-25,3585.0
E07000223,Adur,2024-25,315.0
E07000224,Arun,2024-25,1261.0
E07000225,Chichester,2024-25,620.0
E07000226,Crawley,2024-25,65.0
E07000227,Horsham,2024-25,331.0
E07000228,Mid Sussex,2024-25,801.0
E07000229,Worthing,2024-25,192.0
E10000033,Wiltshire,2024-25,
E07000230,Kennet,2024-25,
E07000231,North Wiltshire,2024-25,
E07000232,Salisbury,2024-25,
E07000233,West Wiltshire,2024-25,
E10000034,Worcestershire,2024-25,2074.0
E07000234,Bromsgrove,2024-25,261.0
E07000235,Malvern Hills,2024-25,416.0
E07000236,Redditch,2024-25,173.0
E07000237,Worcester,2024-25,195.0
E07000238,Wychavon,2024-25,492.0
E07000239,Wyre Forest,2024-25,537.0
