component,year,region,value
Net additions,2000-01,North East,2890.0
Net additions,2001-02,North East,4489.0
Net additions,2002-03,North East,5343.0
Net additions,2003-04,North East,5231.0
Net additions,2004-05,North East,6972.0
Net additions,2005-06,North East,6927.0
Net additions,2006-07,North East,8561.0
Net additions,2007-08,North East,8898.0
Net additions,2008-09,North East,5700.0
Net additions,2009-10,North East,5131.0
Net additions,2010-11,North East,6105.0
Net additions,2011-12,North East,3939.0
Net additions,2012-13,North East,3589.0
Net additions,2013-14,North East,3488.0
Net additions,2014-15,North East,6908.0
Net additions,2015-16,North East,7171.0
Net additions,2016-17,North East,9838.0
Net additions,2017-18,North East,9142.0
Net additions,2018-19,North East,9419.0
Net additions,2019-20,North East,8987.0
Net additions,2020-21,North East,7144.0
Net additions,2021-22,North East,8926.0
Net additions,2022-23,North East,9339.0
Net additions,2023-24,North East,7937.0
Net additions,2024-25,North East,8337.0
New build,2000-01,North East,
New build,2001-02,North East,
New build,2002-03,North East,
New build,2003-04,North East,
New build,2004-05,North East,
New build,2005-06,North East,
New build,2006-07,North East,9038.0
New build,2007-08,North East,9600.0
New build,2008-09,North East,6060.0
New build,2009-10,North East,5078.0
New build,2010-11,North East,5795.0
New build,2011-12,North East,5310.0
New build,2012-13,North East,5663.0
New build,2013-14,North East,5034.0
New build,2014-15,North East,7533.0
New build,2015-16,North East,8022.0
New build,2016-17,North East,9869.0
New build,2017-18,North East,9776.0
New build,2018-19,North East,9651.0
New build,2019-20,North East,9120.0
New build,2020-21,North East,7482.0
New build,2021-22,North East,8836.0
New build,2022-23,North East,9222.0
New build,2023-24,North East,7951.0
New build,2024-25,North East,8573.0
Of which under PDR: building upwards to create dwelling houses on detached blocks of flats,2020-21,North East,0.0
Of which under PDR: building upwards to create dwelling houses on detached blocks of flats,2021-22,North East,0.0
Of which under PDR: building upwards to create dwelling houses on detached blocks of flats,2022-23,North East,0.0
Of which under PDR: building upwards to create dwelling houses on detached blocks of flats,2023-24,North East,0.0
Of which under PDR: building upwards to create dwelling houses on detached blocks of flats,2024-25,North East,0.0
Of which under PDR: building upwards to create dwelling houses on detached commercial or mixed-use buildings,2020-21,North East,0.0
Of which under PDR: building upwards to create dwelling houses on detached commercial or mixed-use buildings,2021-22,North East,0.0
Of which under PDR: building upwards to create dwelling houses on detached commercial or mixed-use buildings,2022-23,North East,0.0
Of which under PDR: building upwards to create dwelling houses on detached commercial or mixed-use buildings,2023-24,North East,0.0
Of which under PDR: building upwards to create dwelling houses on detached commercial or mixed-use buildings,2024-25,North East,0.0
Of which under PDR: building upwards to create dwelling houses on commercial or mixed-use buildings in a terrace,2020-21,North East,0.0
Of which under PDR: building upwards to create dwelling houses on commercial or mixed-use buildings in a terrace,2021-22,North East,0.0
Of which under PDR: building upwards to create dwelling houses on commercial or mixed-use buildings in a terrace,2022-23,North East,0.0
Of which under PDR: building upwards to create dwelling houses on commercial or mixed-use buildings in a terrace,2023-24,North East,0.0
Of which under PDR: building upwards to create dwelling houses on commercial or mixed-use buildings in a terrace,2024-25,North East,0.0
Of which under PDR: building upwards to create dwelling houses on dwelling houses in a terrace,2020-21,North East,0.0
Of which under PDR: building upwards to create dwelling houses on dwelling houses in a terrace,2021-22,North East,0.0
Of which under PDR: building upwards to create dwelling houses on dwelling houses in a terrace,2022-23,North East,0.0
Of which under PDR: building upwards to create dwelling houses on dwelling houses in a terrace,2023-24,North East,0.0
Of which under PDR: building upwards to create dwelling houses on dwelling houses in a terrace,2024-25,North East,0.0
Of which under PDR: building upwards to create dwelling houses on detached dwelling houses,2020-21,North East,0.0
Of which under PDR: building upwards to create dwelling houses on detached dwelling houses,2021-22,North East,0.0
Of which under PDR: building upwards to create dwelling houses on detached dwelling houses,2022-23,North East,0.0
Of which under PDR: building upwards to create dwelling houses on detached dwelling houses,2023-24,North East,0.0
Of which under PDR: building upwards to create dwelling houses on detached dwelling houses,2024-25,North East,0.0
Of which under PDR: demolition of buildings and construction of dwelling houses,2020-21,North East,0.0
Of which under PDR: demolition of buildings and construction of dwelling houses,2021-22,North East,0.0
Of which under PDR: demolition of buildings and construction of dwelling houses,2022-23,North East,0.0
Of which under PDR: demolition of buildings and construction of dwelling houses,2023-24,North East,0.0
Of which under PDR: demolition of buildings and construction of dwelling houses,2024-25,North East,0.0
Of which under PDR: unspecified (new build),2020-21,North East,0.0
Of which under PDR: unspecified (new build),2021-22,North East,0.0
Of which under PDR: unspecified (new build),2022-23,North East,0.0
Of which under PDR: unspecified (new build),2023-24,North East,0.0
Of which under PDR: unspecified (new build),2024-25,North East,0.0
Of which under PDR: total (new build),2020-21,North East,0.0
Of which under PDR: total (new build),2021-22,North East,0.0
Of which under PDR: total (new build),2022-23,North East,0.0
Of which under PDR: total (new build),2023-24,North East,0.0
Of which under PDR: total (new build),2024-25,North East,0.0
Net conversions,2000-01,North East,
Net conversions,2001-02,North East,
Net conversions,2002-03,North East,
Net conversions,2003-04,North East,
Net conversions,2004-05,North East,
Net conversions,2005-06,North East,
Net conversions,2006-07,North East,50.0
Net conversions,2007-08,North East,230.0
Net conversions,2008-09,North East,170.0
Net conversions,2009-10,North East,113.0
Net conversions,2010-11,North East,28.0
Net conversions,2011-12,North East,59.0
Net conversions,2012-13,North East,93.0
Net conversions,2013-14,North East,168.0
Net conversions,2014-15,North East,93.0
Net conversions,2015-16,North East,126.0
Net conversions,2016-17,North East,220.0
Net conversions,2017-18,North East,16.0
Net conversions,2018-19,North East,35.0
Net conversions,2019-20,North East,37.0
Net conversions,2020-21,North East,23.0
Net conversions,2021-22,North East,34.0
Net conversions,2022-23,North East,48.0
Net conversions,2023-24,North East,45.0
Net conversions,2024-25,North East,36.0
Net change of use,2000-01,North East,
Net change of use,2001-02,North East,
Net change of use,2002-03,North East,
Net change of use,2003-04,North East,
Net change of use,2004-05,North East,
Net change of use,2005-06,North East,
Net change of use,2006-07,North East,570.0
Net change of use,2007-08,North East,650.0
Net change of use,2008-09,North East,420.0
Net change of use,2009-10,North East,416.0
Net change of use,2010-11,North East,442.0
Net change of use,2011-12,North East,295.0
Net change of use,2012-13,North East,300.0
Net change of use,2013-14,North East,378.0
Net change of use,2014-15,North East,1034.0
Net change of use,2015-16,North East,767.0
Net change of use,2016-17,North East,1057.0
Net change of use,2017-18,North East,528.0
Net change of use,2018-19,North East,833.0
Net change of use,2019-20,North East,574.0
Net change of use,2020-21,North East,383.0
Net change of use,2021-22,North East,449.0
Net change of use,2022-23,North East,376.0
Net change of use,2023-24,North East,219.0
Net change of use,2024-25,North East,189.0
Of which under PDR: agricultural to residential,2015-16,North East,0.0
Of which under PDR: agricultural to residential,2016-17,North East,5.0
Of which under PDR: agricultural to residential,2017-18,North East,0.0
Of which under PDR: agricultural to residential,2018-19,North East,28.0
Of which under PDR: agricultural to residential,2019-20,North East,2.0
Of which under PDR: agricultural to residential,2020-21,North East,4.0
Of which under PDR: agricultural to residential,2021-22,North East,6.0
Of which under PDR: agricultural to residential,2022-23,North East,6.0
Of which under PDR: agricultural to residential,2023-24,North East,9.0
Of which under PDR: agricultural to residential,2024-25,North East,6.0
Of which under PDR: office to residential,2015-16,North East,195.0
Of which under PDR: office to residential,2016-17,North East,421.0
Of which under PDR: office to residential,2017-18,North East,200.0
Of which under PDR: office to residential,2018-19,North East,321.0
Of which under PDR: office to residential,2019-20,North East,260.0
Of which under PDR: office to residential,2020-21,North East,60.0
Of which under PDR: office to residential,2021-22,North East,80.0
Of which under PDR: office to residential,2022-23,North East,202.0
Of which under PDR: office to residential,2023-24,North East,9.0
Of which under PDR: office to residential,2024-25,North East,58.0
Of which under PDR: storage to residential,2015-16,North East,3.0
Of which under PDR: storage to residential,2016-17,North East,4.0
Of which under PDR: storage to residential,2017-18,North East,49.0
Of which under PDR: storage to residential,2018-19,North East,2.0
Of which under PDR: storage to residential,2019-20,North East,6.0
Of which under PDR: storage to residential,2020-21,North East,2.0
Of which under PDR: storage to residential,2021-22,North East,14.0
Of which under PDR: storage to residential,2022-23,North East,3.0
Of which under PDR: storage to residential,2023-24,North East,13.0
Of which under PDR: light industrial use to residential,2015-16,North East,
Of which under PDR: light industrial use to residential,2016-17,North East,
Of which under PDR: light industrial use to residential,2017-18,North East,0.0
Of which under PDR: light industrial use to residential,2018-19,North East,0.0
Of which under PDR: light industrial use to residential,2019-20,North East,3.0
Of which under PDR: light industrial use to residential,2020-21,North East,1.0
Of which under PDR: light industrial use to residential,2021-22,North East,1.0
Of which under PDR: light industrial use to residential,2022-23,North East,0.0
Of which under PDR: light industrial use to residential,2023-24,North East,0.0
Of which under PDR: light industrial use to residential,2024-25,North East,0.0
"Of which under PDR: commercial, business and service to residential",2022-23,North East,31.0
"Of which under PDR: commercial, business and service to residential",2023-24,North East,3.0
"Of which under PDR: commercial, business and service to residential",2024-25,North East,9.0
Of which under PDR: any other to residential,2015-16,North East,51.0
Of which under PDR: any other to residential,2016-17,North East,26.0
Of which under PDR: any other to residential,2017-18,North East,45.0
Of which under PDR: any other to residential,2018-19,North East,16.0
Of which under PDR: any other to residential,2019-20,North East,25.0
Of which under PDR: any other to residential,2020-21,North East,28.0
Of which under PDR: any other to residential,2021-22,North East,17.0
Of which under PDR: any other to residential,2022-23,North East,8.0
Of which under PDR: any other to residential,2023-24,North East,30.0
Of which under PDR: any other to residential,2024-25,North East,40.0
Of which under PDR: unspecified to residential,2015-16,North East,0.0
Of which under PDR: unspecified to residential,2016-17,North East,0.0
Of which under PDR: unspecified to residential,2017-18,North East,0.0
Of which under PDR: unspecified to residential,2018-19,North East,0.0
Of which under PDR: unspecified to residential,2019-20,North East,0.0
Of which under PDR: unspecified to residential,2020-21,North East,0.0
Of which under PDR: unspecified to residential,2021-22,North East,0.0
Of which under PDR: unspecified to residential,2022-23,North East,0.0
Of which under PDR: unspecified to residential,2023-24,North East,0.0
Of which under PDR: unspecified to residential,2024-25,North East,0.0
Of which under PDR: total to residential,2015-16,North East,249.0
Of which under PDR: total to residential,2016-17,North East,456.0
Of which under PDR: total to residential,2017-18,North East,294.0
Of which under PDR: total to residential,2018-19,North East,367.0
Of which under PDR: total to residential,2019-20,North East,296.0
Of which under PDR: total to residential,2020-21,North East,95.0
Of which under PDR: total to residential,2021-22,North East,118.0
Of which under PDR: total to residential,2022-23,North East,250.0
Of which under PDR: total to residential,2023-24,North East,64.0
Of which under PDR: total to residential,2024-25,North East,113.0
Net other gains and losses,2000-01,North East,
Net other gains and losses,2001-02,North East,
Net other gains and losses,2002-03,North East,
Net other gains and losses,2003-04,North East,
Net other gains and losses,2004-05,North East,
Net other gains and losses,2005-06,North East,
Net other gains and losses,2006-07,North East,-5.0
Net other gains and losses,2007-08,North East,2.0
Net other gains and losses,2008-09,North East,0.0
Net other gains and losses,2009-10,North East,9.0
Net other gains and losses,2010-11,North East,11.0
Net other gains and losses,2011-12,North East,5.0
Net other gains and losses,2012-13,North East,12.0
Net other gains and losses,2013-14,North East,9.0
Net other gains and losses,2014-15,North East,34.0
Net other gains and losses,2015-16,North East,14.0
Net other gains and losses,2016-17,North East,8.0
Net other gains and losses,2017-18,North East,59.0
Net other gains and losses,2018-19,North East,-35.0
Net other gains and losses,2019-20,North East,13.0
Net other gains and losses,2020-21,North East,9.0
Net other gains and losses,2021-22,North East,18.0
Net other gains and losses,2022-23,North East,10.0
Net other gains and losses,2023-24,North East,-56.0
Net other gains and losses,2024-25,North East,15.0
Demolitions,2000-01,North East,
Demolitions,2001-02,North East,
Demolitions,2002-03,North East,
Demolitions,2003-04,North East,
Demolitions,2004-05,North East,
Demolitions,2005-06,North East,
Demolitions,2006-07,North East,2483.0
Demolitions,2007-08,North East,2975.0
Demolitions,2008-09,North East,2330.0
Demolitions,2009-10,North East,1876.0
Demolitions,2010-11,North East,1562.0
Demolitions,2011-12,North East,1098.0
Demolitions,2012-13,North East,1847.0
Demolitions,2013-14,North East,1469.0
Demolitions,2014-15,North East,1154.0
Demolitions,2015-16,North East,1126.0
Demolitions,2016-17,North East,684.0
Demolitions,2017-18,North East,605.0
Demolitions,2018-19,North East,433.0
Demolitions,2019-20,North East,125.0
Demolitions,2020-21,North East,121.0
Demolitions,2021-22,North East,411.0
Demolitions,2022-23,North East,317.0
Demolitions,2023-24,North East,222.0
Demolitions,2024-25,North East,476.0
Of which under PDR: demolitions,2020-21,North East,3.0
Of which under PDR: demolitions,2021-22,North East,0.0
Of which under PDR: demolitions,2022-23,North East,1.0
Of which under PDR: demolitions,2023-24,North East,0.0
Of which under PDR: demolitions,2024-25,North East,92.0
Adjustment to Census 2011,2000-01,North East,
Adjustment to Census 2011,2001-02,North East,1391.0
Adjustment to Census 2011,2002-03,North East,1391.0
Adjustment to Census 2011,2003-04,North East,1391.0
Adjustment to Census 2011,2004-05,North East,1391.0
Adjustment to Census 2011,2005-06,North East,1391.0
Adjustment to Census 2011,2006-07,North East,1391.0
Adjustment to Census 2011,2007-08,North East,1391.0
Adjustment to Census 2011,2008-09,North East,1391.0
Adjustment to Census 2011,2009-10,North East,1391.0
Adjustment to Census 2011,2010-11,North East,1391.0
Adjustment to Census 2021,2011-12,North East,-632.0
Adjustment to Census 2021,2012-13,North East,-632.0
Adjustment to Census 2021,2013-14,North East,-632.0
Adjustment to Census 2021,2014-15,North East,-632.0
Adjustment to Census 2021,2015-16,North East,-632.0
Adjustment to Census 2021,2016-17,North East,-632.0
Adjustment to Census 2021,2017-18,North East,-632.0
Adjustment to Census 2021,2018-19,North East,-632.0
Adjustment to Census 2021,2019-20,North East,-632.0
Adjustment to Census 2021,2020-21,North East,-632.0
Adjustment to Census 2021,2021-22,North East,
Adjustment to Census 2021,2022-23,North East,
Adjustment to Census 2021,2023-24,North East,
Adjustment to Census 2021,2024-25,North East,
Residual,2000-01,North East,
Residual,2001-02,North East,
Residual,2002-03,North East,
Residual,2003-04,North East,
Residual,2004-05,North East,
Residual,2005-06,North East,
Residual,2006-07,North East,0.0
Residual,2007-08,North East,0.0
Residual,2008-09,North East,-11.0
Residual,2009-10,North East,0.0
Residual,2010-11,North East,0.0
Residual,2011-12,North East,0.0
Residual,2012-13,North East,0.0
Residual,2013-14,North East,0.0
Residual,2014-15,North East,0.0
Residual,2015-16,North East,0.0
Residual,2016-17,North East,0.0
Residual,2017-18,North East,0.0
Residual,2018-19,North East,0.0
Residual,2019-20,North East,0.0
Residual,2020-21,North East,0.0
Residual,2021-22,North East,0.0
Residual,2022-23,North East,0.0
Residual,2023-24,North East,0.0
Residual,2024-25,North East,0.0
Net additions,2000-01,North West,10720.0
Net additions,2001-02,North West,13543.0
Net additions,2002-03,North West,18120.0
Net additions,2003-04,North West,21853.0
Net additions,2004-05,North West,21411.0
Net additions,2005-06,North West,23832.0
Net additions,2006-07,North West,26009.0
Net additions,2007-08,North West,29314.0
Net additions,2008-09,North West,19569.0
Net additions,2009-10,North West,13397.0
Net additions,2010-11,North West,11793.0
Net additions,2011-12,North West,10612.0
Net additions,2012-13,North West,12702.0
Net additions,2013-14,North West,13258.0
Net additions,2014-15,North West,18379.0
Net additions,2015-16,North West,19357.0
Net additions,2016-17,North West,23976.0
Net additions,2017-18,North West,25848.0
Net additions,2018-19,North West,29654.0
Net additions,2019-20,North West,33177.0
Net additions,2020-21,North West,27951.0
Net additions,2021-22,North West,28469.0
Net additions,2022-23,North West,26999.0
Net additions,2023-24,North West,26881.0
Net additions,2024-25,North West,25195.0
New build,2000-01,North West,
New build,2001-02,North West,
New build,2002-03,North West,
New build,2003-04,North West,
New build,2004-05,North West,
New build,2005-06,North West,
New build,2006-07,North West,23693.0
New build,2007-08,North West,25783.0
New build,2008-09,North West,17590.0
New build,2009-10,North West,12325.0
New build,2010-11,North West,10444.0
New build,2011-12,North West,11761.0
New build,2012-13,North West,13270.0
New build,2013-14,North West,14253.0
New build,2014-15,North West,18165.0
New build,2015-16,North West,17606.0
New build,2016-17,North West,21586.0
New build,2017-18,North West,23473.0
New build,2018-19,North West,27346.0
New build,2019-20,North West,30223.0
New build,2020-21,North West,26126.0
New build,2021-22,North West,26362.0
New build,2022-23,North West,24645.0
New build,2023-24,North West,24889.0
New build,2024-25,North West,24072.0
Of which under PDR: building upwards to create dwelling houses on detached blocks of flats,2020-21,North West,0.0
Of which under PDR: building upwards to create dwelling houses on detached blocks of flats,2021-22,North West,0.0
Of which under PDR: building upwards to create dwelling houses on detached blocks of flats,2022-23,North West,33.0
Of which under PDR: building upwards to create dwelling houses on detached blocks of flats,2023-24,North West,0.0
Of which under PDR: building upwards to create dwelling houses on detached blocks of flats,2024-25,North West,0.0
Of which under PDR: building upwards to create dwelling houses on detached commercial or mixed-use buildings,2020-21,North West,0.0
Of which under PDR: building upwards to create dwelling houses on detached commercial or mixed-use buildings,2021-22,North West,0.0
Of which under PDR: building upwards to create dwelling houses on detached commercial or mixed-use buildings,2022-23,North West,0.0
Of which under PDR: building upwards to create dwelling houses on detached commercial or mixed-use buildings,2023-24,North West,0.0
Of which under PDR: building upwards to create dwelling houses on detached commercial or mixed-use buildings,2024-25,North West,0.0
Of which under PDR: building upwards to create dwelling houses on commercial or mixed-use buildings in a terrace,2020-21,North West,0.0
Of which under PDR: building upwards to create dwelling houses on commercial or mixed-use buildings in a terrace,2021-22,North West,0.0
Of which under PDR: building upwards to create dwelling houses on commercial or mixed-use buildings in a terrace,2022-23,North West,0.0
Of which under PDR: building upwards to create dwelling houses on commercial or mixed-use buildings in a terrace,2023-24,North West,0.0
Of which under PDR: building upwards to create dwelling houses on commercial or mixed-use buildings in a terrace,2024-25,North West,0.0
Of which under PDR: building upwards to create dwelling houses on dwelling houses in a terrace,2020-21,North West,0.0
Of which under PDR: building upwards to create dwelling houses on dwelling houses in a terrace,2021-22,North West,0.0
Of which under PDR: building upwards to create dwelling houses on dwelling houses in a terrace,2022-23,North West,0.0
Of which under PDR: building upwards to create dwelling houses on dwelling houses in a terrace,2023-24,North West,0.0
Of which under PDR: building upwards to create dwelling houses on dwelling houses in a terrace,2024-25,North West,0.0
Of which under PDR: building upwards to create dwelling houses on detached dwelling houses,2020-21,North West,0.0
Of which under PDR: building upwards to create dwelling houses on detached dwelling houses,2021-22,North West,0.0
Of which under PDR: building upwards to create dwelling houses on detached dwelling houses,2022-23,North West,0.0
Of which under PDR: building upwards to create dwelling houses on detached dwelling houses,2023-24,North West,0.0
Of which under PDR: building upwards to create dwelling houses on detached dwelling houses,2024-25,North West,0.0
Of which under PDR: demolition of buildings and construction of dwelling houses,2020-21,North West,0.0
Of which under PDR: demolition of buildings and construction of dwelling houses,2021-22,North West,0.0
Of which under PDR: demolition of buildings and construction of dwelling houses,2022-23,North West,0.0
Of which under PDR: demolition of buildings and construction of dwelling houses,2023-24,North West,0.0
Of which under PDR: demolition of buildings and construction of dwelling houses,2024-25,North West,0.0
Of which under PDR: unspecified (new build),2020-21,North West,144.0
Of which under PDR: unspecified (new build),2021-22,North West,0.0
Of which under PDR: unspecified (new build),2022-23,North West,0.0
Of which under PDR: unspecified (new build),2023-24,North West,3.0
Of which under PDR: unspecified (new build),2024-25,North West,0.0
Of which under PDR: total (new build),2020-21,North West,144.0
Of which under PDR: total (new build),2021-22,North West,0.0
Of which under PDR: total (new build),2022-23,North West,33.0
Of which under PDR: total (new build),2023-24,North West,3.0
Of which under PDR: total (new build),2024-25,North West,0.0
Net conversions,2000-01,North West,
Net conversions,2001-02,North West,
Net conversions,2002-03,North West,
Net conversions,2003-04,North West,
Net conversions,2004-05,North West,
Net conversions,2005-06,North West,
Net conversions,2006-07,North West,480.0
Net conversions,2007-08,North West,965.0
Net conversions,2008-09,North West,370.0
Net conversions,2009-10,North West,355.0
Net conversions,2010-11,North West,348.0
Net conversions,2011-12,North West,362.0
Net conversions,2012-13,North West,418.0
Net conversions,2013-14,North West,253.0
Net conversions,2014-15,North West,342.0
Net conversions,2015-16,North West,355.0
Net conversions,2016-17,North West,466.0
Net conversions,2017-18,North West,251.0
Net conversions,2018-19,North West,357.0
Net conversions,2019-20,North West,265.0
Net conversions,2020-21,North West,266.0
Net conversions,2021-22,North West,218.0
Net conversions,2022-23,North West,298.0
Net conversions,2023-24,North West,242.0
Net conversions,2024-25,North West,260.0
Net change of use,2000-01,North West,
Net change of use,2001-02,North West,
Net change of use,2002-03,North West,
Net change of use,2003-04,North West,
Net change of use,2004-05,North West,
Net change of use,2005-06,North West,
Net change of use,2006-07,North West,2620.0
Net change of use,2007-08,North West,2712.0
Net change of use,2008-09,North West,2030.0
Net change of use,2009-10,North West,1476.0
Net change of use,2010-11,North West,1173.0
Net change of use,2011-12,North West,1331.0
Net change of use,2012-13,North West,1709.0
Net change of use,2013-14,North West,1115.0
Net change of use,2014-15,North West,2046.0
Net change of use,2015-16,North West,2886.0
Net change of use,2016-17,North West,3359.0
Net change of use,2017-18,North West,3057.0
Net change of use,2018-19,North West,3160.0
Net change of use,2019-20,North West,3729.0
Net change of use,2020-21,North West,2390.0
Net change of use,2021-22,North West,2329.0
Net change of use,2022-23,North West,2560.0
Net change of use,2023-24,North West,2375.0
Net change of use,2024-25,North West,1259.0
Of which under PDR: agricultural to residential,2015-16,North West,21.0
Of which under PDR: agricultural to residential,2016-17,North West,14.0
Of which under PDR: agricultural to residential,2017-18,North West,27.0
Of which under PDR: agricultural to residential,2018-19,North West,127.0
Of which under PDR: agricultural to residential,2019-20,North West,58.0
Of which under PDR: agricultural to residential,2020-21,North West,44.0
Of which under PDR: agricultural to residential,2021-22,North West,34.0
Of which under PDR: agricultural to residential,2022-23,North West,47.0
Of which under PDR: agricultural to residential,2023-24,North West,49.0
Of which under PDR: agricultural to residential,2024-25,North West,22.0
Of which under PDR: office to residential,2015-16,North West,243.0
Of which under PDR: office to residential,2016-17,North West,750.0
Of which under PDR: office to residential,2017-18,North West,897.0
Of which under PDR: office to residential,2018-19,North West,1142.0
Of which under PDR: office to residential,2019-20,North West,1294.0
Of which under PDR: office to residential,2020-21,North West,733.0
Of which under PDR: office to residential,2021-22,North West,576.0
Of which under PDR: office to residential,2022-23,North West,691.0
Of which under PDR: office to residential,2023-24,North West,681.0
Of which under PDR: office to residential,2024-25,North West,271.0
Of which under PDR: storage to residential,2015-16,North West,0.0
Of which under PDR: storage to residential,2016-17,North West,4.0
Of which under PDR: storage to residential,2017-18,North West,19.0
Of which under PDR: storage to residential,2018-19,North West,7.0
Of which under PDR: storage to residential,2019-20,North West,15.0
Of which under PDR: storage to residential,2020-21,North West,7.0
Of which under PDR: storage to residential,2021-22,North West,1.0
Of which under PDR: storage to residential,2022-23,North West,6.0
Of which under PDR: storage to residential,2023-24,North West,1.0
Of which under PDR: light industrial use to residential,2015-16,North West,
Of which under PDR: light industrial use to residential,2016-17,North West,
Of which under PDR: light industrial use to residential,2017-18,North West,2.0
Of which under PDR: light industrial use to residential,2018-19,North West,10.0
Of which under PDR: light industrial use to residential,2019-20,North West,6.0
Of which under PDR: light industrial use to residential,2020-21,North West,1.0
Of which under PDR: light industrial use to residential,2021-22,North West,7.0
Of which under PDR: light industrial use to residential,2022-23,North West,7.0
Of which under PDR: light industrial use to residential,2023-24,North West,1.0
Of which under PDR: light industrial use to residential,2024-25,North West,0.0
"Of which under PDR: commercial, business and service to residential",2022-23,North West,53.0
"Of which under PDR: commercial, business and service to residential",2023-24,North West,116.0
"Of which under PDR: commercial, business and service to residential",2024-25,North West,129.0
Of which under PDR: any other to residential,2015-16,North West,20.0
Of which under PDR: any other to residential,2016-17,North West,51.0
Of which under PDR: any other to residential,2017-18,North West,100.0
Of which under PDR: any other to residential,2018-19,North West,54.0
Of which under PDR: any other to residential,2019-20,North West,76.0
Of which under PDR: any other to residential,2020-21,North West,98.0
Of which under PDR: any other to residential,2021-22,North West,93.0
Of which under PDR: any other to residential,2022-23,North West,22.0
Of which under PDR: any other to residential,2023-24,North West,84.0
Of which under PDR: any other to residential,2024-25,North West,97.0
Of which under PDR: unspecified to residential,2015-16,North West,86.0
Of which under PDR: unspecified to residential,2016-17,North West,73.0
Of which under PDR: unspecified to residential,2017-18,North West,0.0
Of which under PDR: unspecified to residential,2018-19,North West,0.0
Of which under PDR: unspecified to residential,2019-20,North West,0.0
Of which under PDR: unspecified to residential,2020-21,North West,26.0
Of which under PDR: unspecified to residential,2021-22,North West,0.0
Of which under PDR: unspecified to residential,2022-23,North West,1.0
Of which under PDR: unspecified to residential,2023-24,North West,7.0
Of which under PDR: unspecified to residential,2024-25,North West,8.0
Of which under PDR: total to residential,2015-16,North West,370.0
Of which under PDR: total to residential,2016-17,North West,892.0
Of which under PDR: total to residential,2017-18,North West,1045.0
Of which under PDR: total to residential,2018-19,North West,1340.0
Of which under PDR: total to residential,2019-20,North West,1449.0
Of which under PDR: total to residential,2020-21,North West,909.0
Of which under PDR: total to residential,2021-22,North West,711.0
Of which under PDR: total to residential,2022-23,North West,827.0
Of which under PDR: total to residential,2023-24,North West,939.0
Of which under PDR: total to residential,2024-25,North West,527.0
Net other gains and losses,2000-01,North West,
Net other gains and losses,2001-02,North West,
Net other gains and losses,2002-03,North West,
Net other gains and losses,2003-04,North West,
Net other gains and losses,2004-05,North West,
Net other gains and losses,2005-06,North West,
Net other gains and losses,2006-07,North West,293.0
Net other gains and losses,2007-08,North West,727.0
Net other gains and losses,2008-09,North West,160.0
Net other gains and losses,2009-10,North West,29.0
Net other gains and losses,2010-11,North West,31.0
Net other gains and losses,2011-12,North West,21.0
Net other gains and losses,2012-13,North West,-3.0
Net other gains and losses,2013-14,North West,19.0
Net other gains and losses,2014-15,North West,-39.0
Net other gains and losses,2015-16,North West,95.0
Net other gains and losses,2016-17,North West,79.0
Net other gains and losses,2017-18,North West,71.0
Net other gains and losses,2018-19,North West,88.0
Net other gains and losses,2019-20,North West,-6.0
Net other gains and losses,2020-21,North West,49.0
Net other gains and losses,2021-22,North West,42.0
Net other gains and losses,2022-23,North West,133.0
Net other gains and losses,2023-24,North West,-9.0
Net other gains and losses,2024-25,North West,53.0
Demolitions,2000-01,North West,
Demolitions,2001-02,North West,
Demolitions,2002-03,North West,
Demolitions,2003-04,North West,
Demolitions,2004-05,North West,
Demolitions,2005-06,North West,
Demolitions,2006-07,North West,4339.0
Demolitions,2007-08,North West,3912.0
Demolitions,2008-09,North West,3840.0
Demolitions,2009-10,North West,4050.0
Demolitions,2010-11,North West,3464.0
Demolitions,2011-12,North West,2558.0
Demolitions,2012-13,North West,2387.0
Demolitions,2013-14,North West,2077.0
Demolitions,2014-15,North West,1830.0
Demolitions,2015-16,North West,1280.0
Demolitions,2016-17,North West,1209.0
Demolitions,2017-18,North West,699.0
Demolitions,2018-19,North West,992.0
Demolitions,2019-20,North West,729.0
Demolitions,2020-21,North West,575.0
Demolitions,2021-22,North West,482.0
Demolitions,2022-23,North West,637.0
Demolitions,2023-24,North West,616.0
Demolitions,2024-25,North West,449.0
Of which under PDR: demolitions,2020-21,North West,0.0
Of which under PDR: demolitions,2021-22,North West,2.0
Of which under PDR: demolitions,2022-23,North West,0.0
Of which under PDR: demolitions,2023-24,North West,0.0
Of which under PDR: demolitions,2024-25,North West,12.0
Adjustment to Census 2011,2000-01,North West,
Adjustment to Census 2011,2001-02,North West,3262.0
Adjustment to Census 2011,2002-03,North West,3262.0
Adjustment to Census 2011,2003-04,North West,3262.0
Adjustment to Census 2011,2004-05,North West,3262.0
Adjustment to Census 2011,2005-06,North West,3262.0
Adjustment to Census 2011,2006-07,North West,3262.0
Adjustment to Census 2011,2007-08,North West,3262.0
Adjustment to Census 2011,2008-09,North West,3262.0
Adjustment to Census 2011,2009-10,North West,3262.0
Adjustment to Census 2011,2010-11,North West,3262.0
Adjustment to Census 2021,2011-12,North West,-305.0
Adjustment to Census 2021,2012-13,North West,-305.0
Adjustment to Census 2021,2013-14,North West,-305.0
Adjustment to Census 2021,2014-15,North West,-305.0
Adjustment to Census 2021,2015-16,North West,-305.0
Adjustment to Census 2021,2016-17,North West,-305.0
Adjustment to Census 2021,2017-18,North West,-305.0
Adjustment to Census 2021,2018-19,North West,-305.0
Adjustment to Census 2021,2019-20,North West,-305.0
Adjustment to Census 2021,2020-21,North West,-305.0
Adjustment to Census 2021,2021-22,North West,
Adjustment to Census 2021,2022-23,North West,
Adjustment to Census 2021,2023-24,North West,
Adjustment to Census 2021,2024-25,North West,
Residual,2000-01,North West,
Residual,2001-02,North West,
Residual,2002-03,North West,
Residual,2003-04,North West,
Residual,2004-05,North West,
Residual,2005-06,North West,
Residual,2006-07,North West,0.0
Residual,2007-08,North West,-223.0
Residual,2008-09,North West,-3.0
Residual,2009-10,North West,0.0
Residual,2010-11,North West,0.0
Residual,2011-12,North West,0.0
Residual,2012-13,North West,0.0
Residual,2013-14,North West,0.0
Residual,2014-15,North West,0.0
Residual,2015-16,North West,0.0
Residual,2016-17,North West,0.0
Residual,2017-18,North West,0.0
Residual,2018-19,North West,0.0
Residual,2019-20,North West,0.0
Residual,2020-21,North West,0.0
Residual,2021-22,North West,0.0
Residual,2022-23,North West,0.0
Residual,2023-24,North West,0.0
Residual,2024-25,North West,0.0
Net additions,2000-01,Yorkshire and The Humber,10800.0
Net additions,2001-02,Yorkshire and The Humber,12752.0
Net additions,2002-03,Yorkshire and The Humber,13452.0
Net additions,2003-04,Yorkshire and The Humber,16252.0
Net additions,2004-05,Yorkshire and The Humber,15024.0
Net additions,2005-06,Yorkshire and The Humber,18684.0
Net additions,2006-07,Yorkshire and The Humber,21712.0
Net additions,2007-08,Yorkshire and The Humber,22826.0
Net additions,2008-09,Yorkshire and The Humber,17336.0
Net additions,2009-10,Yorkshire and The Humber,13578.0
Net additions,2010-11,Yorkshire and The Humber,13594.0
Net additions,2011-12,Yorkshire and The Humber,12066.0
Net additions,2012-13,Yorkshire and The Humber,10300.0
Net additions,2013-14,Yorkshire and The Humber,11918.0
Net additions,2014-15,Yorkshire and The Humber,13947.0
Net additions,2015-16,Yorkshire and The Humber,15729.0
Net additions,2016-17,Yorkshire and The Humber,17760.0
Net additions,2017-18,Yorkshire and The Humber,19622.0
Net additions,2018-19,Yorkshire and The Humber,20269.0
Net additions,2019-20,Yorkshire and The Humber,20297.0
Net additions,2020-21,Yorkshire and The Humber,16132.0
Net additions,2021-22,Yorkshire and The Humber,18721.0
Net additions,2022-23,Yorkshire and The Humber,17952.0
Net additions,2023-24,Yorkshire and The Humber,21103.0
Net additions,2024-25,Yorkshire and The Humber,18095.0
New build,2000-01,Yorkshire and The Humber,
New build,2001-02,Yorkshire and The Humber,
New build,2002-03,Yorkshire and The Humber,
New build,2003-04,Yorkshire and The Humber,
New build,2004-05,Yorkshire and The Humber,
New build,2005-06,Yorkshire and The Humber,
New build,2006-07,Yorkshire and The Humber,17800.0
New build,2007-08,Yorkshire and The Humber,19289.0
New build,2008-09,Yorkshire and The Humber,14120.0
New build,2009-10,Yorkshire and The Humber,10569.0
New build,2010-11,Yorkshire and The Humber,10182.0
New build,2011-12,Yorkshire and The Humber,10387.0
New build,2012-13,Yorkshire and The Humber,8516.0
New build,2013-14,Yorkshire and The Humber,10384.0
New build,2014-15,Yorkshire and The Humber,12079.0
New build,2015-16,Yorkshire and The Humber,13080.0
New build,2016-17,Yorkshire and The Humber,15257.0
New build,2017-18,Yorkshire and The Humber,16557.0
New build,2018-19,Yorkshire and The Humber,18078.0
New build,2019-20,Yorkshire and The Humber,18672.0
New build,2020-21,Yorkshire and The Humber,14346.0
New build,2021-22,Yorkshire and The Humber,16802.0
New build,2022-23,Yorkshire and The Humber,16234.0
New build,2023-24,Yorkshire and The Humber,17827.0
New build,2024-25,Yorkshire and The Humber,16015.0
Of which under PDR: building upwards to create dwelling houses on detached blocks of flats,2020-21,Yorkshire and The Humber,0.0
Of which under PDR: building upwards to create dwelling houses on detached blocks of flats,2021-22,Yorkshire and The Humber,0.0
Of which under PDR: building upwards to create dwelling houses on detached blocks of flats,2022-23,Yorkshire and The Humber,0.0
Of which under PDR: building upwards to create dwelling houses on detached blocks of flats,2023-24,Yorkshire and The Humber,0.0
Of which under PDR: building upwards to create dwelling houses on detached blocks of flats,2024-25,Yorkshire and The Humber,0.0
Of which under PDR: building upwards to create dwelling houses on detached commercial or mixed-use buildings,2020-21,Yorkshire and The Humber,0.0
Of which under PDR: building upwards to create dwelling houses on detached commercial or mixed-use buildings,2021-22,Yorkshire and The Humber,0.0
Of which under PDR: building upwards to create dwelling houses on detached commercial or mixed-use buildings,2022-23,Yorkshire and The Humber,0.0
Of which under PDR: building upwards to create dwelling houses on detached commercial or mixed-use buildings,2023-24,Yorkshire and The Humber,0.0
Of which under PDR: building upwards to create dwelling houses on detached commercial or mixed-use buildings,2024-25,Yorkshire and The Humber,0.0
Of which under PDR: building upwards to create dwelling houses on commercial or mixed-use buildings in a terrace,2020-21,Yorkshire and The Humber,0.0
Of which under PDR: building upwards to create dwelling houses on commercial or mixed-use buildings in a terrace,2021-22,Yorkshire and The Humber,0.0
Of which under PDR: building upwards to create dwelling houses on commercial or mixed-use buildings in a terrace,2022-23,Yorkshire and The Humber,0.0
Of which under PDR: building upwards to create dwelling houses on commercial or mixed-use buildings in a terrace,2023-24,Yorkshire and The Humber,0.0
Of which under PDR: building upwards to create dwelling houses on commercial or mixed-use buildings in a terrace,2024-25,Yorkshire and The Humber,0.0
Of which under PDR: building upwards to create dwelling houses on dwelling houses in a terrace,2020-21,Yorkshire and The Humber,0.0
Of which under PDR: building upwards to create dwelling houses on dwelling houses in a terrace,2021-22,Yorkshire and The Humber,0.0
Of which under PDR: building upwards to create dwelling houses on dwelling houses in a terrace,2022-23,Yorkshire and The Humber,0.0
Of which under PDR: building upwards to create dwelling houses on dwelling houses in a terrace,2023-24,Yorkshire and The Humber,0.0
Of which under PDR: building upwards to create dwelling houses on dwelling houses in a terrace,2024-25,Yorkshire and The Humber,0.0
Of which under PDR: building upwards to create dwelling houses on detached dwelling houses,2020-21,Yorkshire and The Humber,0.0
Of which under PDR: building upwards to create dwelling houses on detached dwelling houses,2021-22,Yorkshire and The Humber,0.0
Of which under PDR: building upwards to create dwelling houses on detached dwelling houses,2022-23,Yorkshire and The Humber,0.0
Of which under PDR: building upwards to create dwelling houses on detached dwelling houses,2023-24,Yorkshire and The Humber,0.0
Of which under PDR: building upwards to create dwelling houses on detached dwelling houses,2024-25,Yorkshire and The Humber,0.0
Of which under PDR: demolition of buildings and construction of dwelling houses,2020-21,Yorkshire and The Humber,0.0
Of which under PDR: demolition of buildings and construction of dwelling houses,2021-22,Yorkshire and The Humber,0.0
Of which under PDR: demolition of buildings and construction of dwelling houses,2022-23,Yorkshire and The Humber,0.0
Of which under PDR: demolition of buildings and construction of dwelling houses,2023-24,Yorkshire and The Humber,0.0
Of which under PDR: demolition of buildings and construction of dwelling houses,2024-25,Yorkshire and The Humber,0.0
Of which under PDR: unspecified (new build),2020-21,Yorkshire and The Humber,0.0
Of which under PDR: unspecified (new build),2021-22,Yorkshire and The Humber,0.0
Of which under PDR: unspecified (new build),2022-23,Yorkshire and The Humber,105.0
Of which under PDR: unspecified (new build),2023-24,Yorkshire and The Humber,0.0
Of which under PDR: unspecified (new build),2024-25,Yorkshire and The Humber,0.0
Of which under PDR: total (new build),2020-21,Yorkshire and The Humber,0.0
Of which under PDR: total (new build),2021-22,Yorkshire and The Humber,0.0
Of which under PDR: total (new build),2022-23,Yorkshire and The Humber,105.0
Of which under PDR: total (new build),2023-24,Yorkshire and The Humber,0.0
Of which under PDR: total (new build),2024-25,Yorkshire and The Humber,0.0
Net conversions,2000-01,Yorkshire and The Humber,
Net conversions,2001-02,Yorkshire and The Humber,
Net conversions,2002-03,Yorkshire and The Humber,
Net conversions,2003-04,Yorkshire and The Humber,
Net conversions,2004-05,Yorkshire and The Humber,
Net conversions,2005-06,Yorkshire and The Humber,
Net conversions,2006-07,Yorkshire and The Humber,580.0
Net conversions,2007-08,Yorkshire and The Humber,790.0
Net conversions,2008-09,Yorkshire and The Humber,370.0
Net conversions,2009-10,Yorkshire and The Humber,445.0
Net conversions,2010-11,Yorkshire and The Humber,409.0
Net conversions,2011-12,Yorkshire and The Humber,984.0
Net conversions,2012-13,Yorkshire and The Humber,780.0
Net conversions,2013-14,Yorkshire and The Humber,715.0
Net conversions,2014-15,Yorkshire and The Humber,930.0
Net conversions,2015-16,Yorkshire and The Humber,563.0
Net conversions,2016-17,Yorkshire and The Humber,568.0
Net conversions,2017-18,Yorkshire and The Humber,320.0
Net conversions,2018-19,Yorkshire and The Humber,286.0
Net conversions,2019-20,Yorkshire and The Humber,192.0
Net conversions,2020-21,Yorkshire and The Humber,326.0
Net conversions,2021-22,Yorkshire and The Humber,264.0
Net conversions,2022-23,Yorkshire and The Humber,278.0
Net conversions,2023-24,Yorkshire and The Humber,203.0
Net conversions,2024-25,Yorkshire and The Humber,189.0
Net change of use,2000-01,Yorkshire and The Humber,
Net change of use,2001-02,Yorkshire and The Humber,
Net change of use,2002-03,Yorkshire and The Humber,
Net change of use,2003-04,Yorkshire and The Humber,
Net change of use,2004-05,Yorkshire and The Humber,
Net change of use,2005-06,Yorkshire and The Humber,
Net change of use,2006-07,Yorkshire and The Humber,2836.0
Net change of use,2007-08,Yorkshire and The Humber,2178.0
Net change of use,2008-09,Yorkshire and The Humber,2170.0
Net change of use,2009-10,Yorkshire and The Humber,1229.0
Net change of use,2010-11,Yorkshire and The Humber,965.0
Net change of use,2011-12,Yorkshire and The Humber,712.0
Net change of use,2012-13,Yorkshire and The Humber,1095.0
Net change of use,2013-14,Yorkshire and The Humber,1053.0
Net change of use,2014-15,Yorkshire and The Humber,1456.0
Net change of use,2015-16,Yorkshire and The Humber,2663.0
Net change of use,2016-17,Yorkshire and The Humber,2625.0
Net change of use,2017-18,Yorkshire and The Humber,3062.0
Net change of use,2018-19,Yorkshire and The Humber,2402.0
Net change of use,2019-20,Yorkshire and The Humber,2449.0
Net change of use,2020-21,Yorkshire and The Humber,1862.0
Net change of use,2021-22,Yorkshire and The Humber,2001.0
Net change of use,2022-23,Yorkshire and The Humber,1964.0
Net change of use,2023-24,Yorkshire and The Humber,3347.0
Net change of use,2024-25,Yorkshire and The Humber,2316.0
Of which under PDR: agricultural to residential,2015-16,Yorkshire and The Humber,17.0
Of which under PDR: agricultural to residential,2016-17,Yorkshire and The Humber,30.0
Of which under PDR: agricultural to residential,2017-18,Yorkshire and The Humber,31.0
Of which under PDR: agricultural to residential,2018-19,Yorkshire and The Humber,185.0
Of which under PDR: agricultural to residential,2019-20,Yorkshire and The Humber,35.0
Of which under PDR: agricultural to residential,2020-21,Yorkshire and The Humber,30.0
Of which under PDR: agricultural to residential,2021-22,Yorkshire and The Humber,47.0
Of which under PDR: agricultural to residential,2022-23,Yorkshire and The Humber,40.0
Of which under PDR: agricultural to residential,2023-24,Yorkshire and The Humber,48.0
Of which under PDR: agricultural to residential,2024-25,Yorkshire and The Humber,23.0
Of which under PDR: office to residential,2015-16,Yorkshire and The Humber,889.0
Of which under PDR: office to residential,2016-17,Yorkshire and The Humber,1030.0
Of which under PDR: office to residential,2017-18,Yorkshire and The Humber,1186.0
Of which under PDR: office to residential,2018-19,Yorkshire and The Humber,835.0
Of which under PDR: office to residential,2019-20,Yorkshire and The Humber,978.0
Of which under PDR: office to residential,2020-21,Yorkshire and The Humber,335.0
Of which under PDR: office to residential,2021-22,Yorkshire and The Humber,468.0
Of which under PDR: office to residential,2022-23,Yorkshire and The Humber,389.0
Of which under PDR: office to residential,2023-24,Yorkshire and The Humber,927.0
Of which under PDR: office to residential,2024-25,Yorkshire and The Humber,662.0
Of which under PDR: storage to residential,2015-16,Yorkshire and The Humber,2.0
Of which under PDR: storage to residential,2016-17,Yorkshire and The Humber,2.0
Of which under PDR: storage to residential,2017-18,Yorkshire and The Humber,0.0
Of which under PDR: storage to residential,2018-19,Yorkshire and The Humber,19.0
Of which under PDR: storage to residential,2019-20,Yorkshire and The Humber,20.0
Of which under PDR: storage to residential,2020-21,Yorkshire and The Humber,6.0
Of which under PDR: storage to residential,2021-22,Yorkshire and The Humber,6.0
Of which under PDR: storage to residential,2022-23,Yorkshire and The Humber,12.0
Of which under PDR: storage to residential,2023-24,Yorkshire and The Humber,19.0
Of which under PDR: light industrial use to residential,2015-16,Yorkshire and The Humber,
Of which under PDR: light industrial use to residential,2016-17,Yorkshire and The Humber,
Of which under PDR: light industrial use to residential,2017-18,Yorkshire and The Humber,31.0
Of which under PDR: light industrial use to residential,2018-19,Yorkshire and The Humber,11.0
Of which under PDR: light industrial use to residential,2019-20,Yorkshire and The Humber,2.0
Of which under PDR: light industrial use to residential,2020-21,Yorkshire and The Humber,7.0
Of which under PDR: light industrial use to residential,2021-22,Yorkshire and The Humber,1.0
Of which under PDR: light industrial use to residential,2022-23,Yorkshire and The Humber,2.0
Of which under PDR: light industrial use to residential,2023-24,Yorkshire and The Humber,7.0
Of which under PDR: light industrial use to residential,2024-25,Yorkshire and The Humber,2.0
"Of which under PDR: commercial, business and service to residential",2022-23,Yorkshire and The Humber,1.0
"Of which under PDR: commercial, business and service to residential",2023-24,Yorkshire and The Humber,24.0
"Of which under PDR: commercial, business and service to residential",2024-25,Yorkshire and The Humber,100.0
Of which under PDR: any other to residential,2015-16,Yorkshire and The Humber,252.0
Of which under PDR: any other to residential,2016-17,Yorkshire and The Humber,111.0
Of which under PDR: any other to residential,2017-18,Yorkshire and The Humber,44.0
Of which under PDR: any other to residential,2018-19,Yorkshire and The Humber,45.0
Of which under PDR: any other to residential,2019-20,Yorkshire and The Humber,18.0
Of which under PDR: any other to residential,2020-21,Yorkshire and The Humber,20.0
Of which under PDR: any other to residential,2021-22,Yorkshire and The Humber,35.0
Of which under PDR: any other to residential,2022-23,Yorkshire and The Humber,8.0
Of which under PDR: any other to residential,2023-24,Yorkshire and The Humber,31.0
Of which under PDR: any other to residential,2024-25,Yorkshire and The Humber,195.0
Of which under PDR: unspecified to residential,2015-16,Yorkshire and The Humber,0.0
Of which under PDR: unspecified to residential,2016-17,Yorkshire and The Humber,0.0
Of which under PDR: unspecified to residential,2017-18,Yorkshire and The Humber,0.0
Of which under PDR: unspecified to residential,2018-19,Yorkshire and The Humber,1.0
Of which under PDR: unspecified to residential,2019-20,Yorkshire and The Humber,23.0
Of which under PDR: unspecified to residential,2020-21,Yorkshire and The Humber,37.0
Of which under PDR: unspecified to residential,2021-22,Yorkshire and The Humber,36.0
Of which under PDR: unspecified to residential,2022-23,Yorkshire and The Humber,4.0
Of which under PDR: unspecified to residential,2023-24,Yorkshire and The Humber,3.0
Of which under PDR: unspecified to residential,2024-25,Yorkshire and The Humber,1.0
Of which under PDR: total to residential,2015-16,Yorkshire and The Humber,1160.0
Of which under PDR: total to residential,2016-17,Yorkshire and The Humber,1173.0
Of which under PDR: total to residential,2017-18,Yorkshire and The Humber,1292.0
Of which under PDR: total to residential,2018-19,Yorkshire and The Humber,1096.0
Of which under PDR: total to residential,2019-20,Yorkshire and The Humber,1076.0
Of which under PDR: total to residential,2020-21,Yorkshire and The Humber,435.0
Of which under PDR: total to residential,2021-22,Yorkshire and The Humber,593.0
Of which under PDR: total to residential,2022-23,Yorkshire and The Humber,456.0
Of which under PDR: total to residential,2023-24,Yorkshire and The Humber,1059.0
Of which under PDR: total to residential,2024-25,Yorkshire and The Humber,983.0
Net other gains and losses,2000-01,Yorkshire and The Humber,
Net other gains and losses,2001-02,Yorkshire and The Humber,
Net other gains and losses,2002-03,Yorkshire and The Humber,
Net other gains and losses,2003-04,Yorkshire and The Humber,
Net other gains and losses,2004-05,Yorkshire and The Humber,
Net other gains and losses,2005-06,Yorkshire and The Humber,
Net other gains and losses,2006-07,Yorkshire and The Humber,-126.0
Net other gains and losses,2007-08,Yorkshire and The Humber,217.0
Net other gains and losses,2008-09,Yorkshire and The Humber,-100.0
Net other gains and losses,2009-10,Yorkshire and The Humber,846.0
Net other gains and losses,2010-11,Yorkshire and The Humber,1098.0
Net other gains and losses,2011-12,Yorkshire and The Humber,919.0
Net other gains and losses,2012-13,Yorkshire and The Humber,954.0
Net other gains and losses,2013-14,Yorkshire and The Humber,616.0
Net other gains and losses,2014-15,Yorkshire and The Humber,46.0
Net other gains and losses,2015-16,Yorkshire and The Humber,-18.0
Net other gains and losses,2016-17,Yorkshire and The Humber,-125.0
Net other gains and losses,2017-18,Yorkshire and The Humber,63.0
Net other gains and losses,2018-19,Yorkshire and The Humber,70.0
Net other gains and losses,2019-20,Yorkshire and The Humber,27.0
Net other gains and losses,2020-21,Yorkshire and The Humber,40.0
Net other gains and losses,2021-22,Yorkshire and The Humber,32.0
Net other gains and losses,2022-23,Yorkshire and The Humber,53.0
Net other gains and losses,2023-24,Yorkshire and The Humber,62.0
Net other gains and losses,2024-25,Yorkshire and The Humber,10.0
Demolitions,2000-01,Yorkshire and The Humber,
Demolitions,2001-02,Yorkshire and The Humber,
Demolitions,2002-03,Yorkshire and The Humber,
Demolitions,2003-04,Yorkshire and The Humber,
Demolitions,2004-05,Yorkshire and The Humber,
Demolitions,2005-06,Yorkshire and The Humber,
Demolitions,2006-07,Yorkshire and The Humber,1929.0
Demolitions,2007-08,Yorkshire and The Humber,2184.0
Demolitions,2008-09,Yorkshire and The Humber,1780.0
Demolitions,2009-10,Yorkshire and The Humber,2063.0
Demolitions,2010-11,Yorkshire and The Humber,1611.0
Demolitions,2011-12,Yorkshire and The Humber,1056.0
Demolitions,2012-13,Yorkshire and The Humber,1164.0
Demolitions,2013-14,Yorkshire and The Humber,969.0
Demolitions,2014-15,Yorkshire and The Humber,683.0
Demolitions,2015-16,Yorkshire and The Humber,678.0
Demolitions,2016-17,Yorkshire and The Humber,684.0
Demolitions,2017-18,Yorkshire and The Humber,499.0
Demolitions,2018-19,Yorkshire and The Humber,686.0
Demolitions,2019-20,Yorkshire and The Humber,1162.0
Demolitions,2020-21,Yorkshire and The Humber,561.0
Demolitions,2021-22,Yorkshire and The Humber,378.0
Demolitions,2022-23,Yorkshire and The Humber,577.0
Demolitions,2023-24,Yorkshire and The Humber,336.0
Demolitions,2024-25,Yorkshire and The Humber,435.0
Of which under PDR: demolitions,2020-21,Yorkshire and The Humber,12.0
Of which under PDR: demolitions,2021-22,Yorkshire and The Humber,0.0
Of which under PDR: demolitions,2022-23,Yorkshire and The Humber,2.0
Of which under PDR: demolitions,2023-24,Yorkshire and The Humber,6.0
Of which under PDR: demolitions,2024-25,Yorkshire and The Humber,37.0
Adjustment to Census 2011,2000-01,Yorkshire and The Humber,
Adjustment to Census 2011,2001-02,Yorkshire and The Humber,2552.0
Adjustment to Census 2011,2002-03,Yorkshire and The Humber,2552.0
Adjustment to Census 2011,2003-04,Yorkshire and The Humber,2552.0
Adjustment to Census 2011,2004-05,Yorkshire and The Humber,2552.0
Adjustment to Census 2011,2005-06,Yorkshire and The Humber,2552.0
Adjustment to Census 2011,2006-07,Yorkshire and The Humber,2552.0
Adjustment to Census 2011,2007-08,Yorkshire and The Humber,2552.0
Adjustment to Census 2011,2008-09,Yorkshire and The Humber,2552.0
Adjustment to Census 2011,2009-10,Yorkshire and The Humber,2552.0
Adjustment to Census 2011,2010-11,Yorkshire and The Humber,2552.0
Adjustment to Census 2021,2011-12,Yorkshire and The Humber,119.0
Adjustment to Census 2021,2012-13,Yorkshire and The Humber,119.0
Adjustment to Census 2021,2013-14,Yorkshire and The Humber,119.0
Adjustment to Census 2021,2014-15,Yorkshire and The Humber,119.0
Adjustment to Census 2021,2015-16,Yorkshire and The Humber,119.0
Adjustment to Census 2021,2016-17,Yorkshire and The Humber,119.0
Adjustment to Census 2021,2017-18,Yorkshire and The Humber,119.0
Adjustment to Census 2021,2018-19,Yorkshire and The Humber,119.0
Adjustment to Census 2021,2019-20,Yorkshire and The Humber,119.0
Adjustment to Census 2021,2020-21,Yorkshire and The Humber,119.0
Adjustment to Census 2021,2021-22,Yorkshire and The Humber,
Adjustment to Census 2021,2022-23,Yorkshire and The Humber,
Adjustment to Census 2021,2023-24,Yorkshire and The Humber,
Adjustment to Census 2021,2024-25,Yorkshire and The Humber,
Residual,2000-01,Yorkshire and The Humber,
Residual,2001-02,Yorkshire and The Humber,
Residual,2002-03,Yorkshire and The Humber,
Residual,2003-04,Yorkshire and The Humber,
Residual,2004-05,Yorkshire and The Humber,
Residual,2005-06,Yorkshire and The Humber,
Residual,2006-07,Yorkshire and The Humber,-1.0
Residual,2007-08,Yorkshire and The Humber,-16.0
Residual,2008-09,Yorkshire and The Humber,4.0
Residual,2009-10,Yorkshire and The Humber,0.0
Residual,2010-11,Yorkshire and The Humber,0.0
Residual,2011-12,Yorkshire and The Humber,0.0
Residual,2012-13,Yorkshire and The Humber,0.0
Residual,2013-14,Yorkshire and The Humber,0.0
Residual,2014-15,Yorkshire and The Humber,0.0
Residual,2015-16,Yorkshire and The Humber,0.0
Residual,2016-17,Yorkshire and The Humber,0.0
Residual,2017-18,Yorkshire and The Humber,0.0
Residual,2018-19,Yorkshire and The Humber,0.0
Residual,2019-20,Yorkshire and The Humber,0.0
Residual,2020-21,Yorkshire and The Humber,0.0
Residual,2021-22,Yorkshire and The Humber,0.0
Residual,2022-23,Yorkshire and The Humber,0.0
Residual,2023-24,Yorkshire and The Humber,0.0
Residual,2024-25,Yorkshire and The Humber,0.0
Net additions,2000-01,East Midlands,14830.0
Net additions,2001-02,East Midlands,16188.0
Net additions,2002-03,East Midlands,16938.0
Net additions,2003-04,East Midlands,15758.0
Net additions,2004-05,East Midlands,18380.0
Net additions,2005-06,East Midlands,21109.0
Net additions,2006-07,East Midlands,23089.0
Net additions,2007-08,East Midlands,21614.0
Net additions,2008-09,East Midlands,15230.0
Net additions,2009-10,East Midlands,13805.0
Net additions,2010-11,East Midlands,12749.0
Net additions,2011-12,East Midlands,12426.0
Net additions,2012-13,East Midlands,12449.0
Net additions,2013-14,East Midlands,13949.0
Net additions,2014-15,East Midlands,16857.0
Net additions,2015-16,East Midlands,18896.0
Net additions,2016-17,East Midlands,20717.0
Net additions,2017-18,East Midlands,22695.0
Net additions,2018-19,East Midlands,23500.0
Net additions,2019-20,East Midlands,22223.0
Net additions,2020-21,East Midlands,21419.0
Net additions,2021-22,East Midlands,22100.0
Net additions,2022-23,East Midlands,25146.0
Net additions,2023-24,East Midlands,22808.0
Net additions,2024-25,East Midlands,21614.0
New build,2000-01,East Midlands,
New build,2001-02,East Midlands,
New build,2002-03,East Midlands,
New build,2003-04,East Midlands,
New build,2004-05,East Midlands,
New build,2005-06,East Midlands,
New build,2006-07,East Midlands,20080.0
New build,2007-08,East Midlands,19939.0
New build,2008-09,East Midlands,12980.0
New build,2009-10,East Midlands,11985.0
New build,2010-11,East Midlands,11295.0
New build,2011-12,East Midlands,10954.0
New build,2012-13,East Midlands,10207.0
New build,2013-14,East Midlands,12030.0
New build,2014-15,East Midlands,14027.0
New build,2015-16,East Midlands,15834.0
New build,2016-17,East Midlands,17004.0
New build,2017-18,East Midlands,18505.0
New build,2018-19,East Midlands,19891.0
New build,2019-20,East Midlands,19524.0
New build,2020-21,East Midlands,18620.0
New build,2021-22,East Midlands,20591.0
New build,2022-23,East Midlands,23714.0
New build,2023-24,East Midlands,20954.0
New build,2024-25,East Midlands,19930.0
Of which under PDR: building upwards to create dwelling houses on detached blocks of flats,2020-21,East Midlands,0.0
Of which under PDR: building upwards to create dwelling houses on detached blocks of flats,2021-22,East Midlands,0.0
Of which under PDR: building upwards to create dwelling houses on detached blocks of flats,2022-23,East Midlands,0.0
Of which under PDR: building upwards to create dwelling houses on detached blocks of flats,2023-24,East Midlands,0.0
Of which under PDR: building upwards to create dwelling houses on detached blocks of flats,2024-25,East Midlands,0.0
Of which under PDR: building upwards to create dwelling houses on detached commercial or mixed-use buildings,2020-21,East Midlands,0.0
Of which under PDR: building upwards to create dwelling houses on detached commercial or mixed-use buildings,2021-22,East Midlands,0.0
Of which under PDR: building upwards to create dwelling houses on detached commercial or mixed-use buildings,2022-23,East Midlands,0.0
Of which under PDR: building upwards to create dwelling houses on detached commercial or mixed-use buildings,2023-24,East Midlands,0.0
Of which under PDR: building upwards to create dwelling houses on detached commercial or mixed-use buildings,2024-25,East Midlands,0.0
Of which under PDR: building upwards to create dwelling houses on commercial or mixed-use buildings in a terrace,2020-21,East Midlands,0.0
Of which under PDR: building upwards to create dwelling houses on commercial or mixed-use buildings in a terrace,2021-22,East Midlands,0.0
Of which under PDR: building upwards to create dwelling houses on commercial or mixed-use buildings in a terrace,2022-23,East Midlands,0.0
Of which under PDR: building upwards to create dwelling houses on commercial or mixed-use buildings in a terrace,2023-24,East Midlands,0.0
Of which under PDR: building upwards to create dwelling houses on commercial or mixed-use buildings in a terrace,2024-25,East Midlands,0.0
Of which under PDR: building upwards to create dwelling houses on dwelling houses in a terrace,2020-21,East Midlands,0.0
Of which under PDR: building upwards to create dwelling houses on dwelling houses in a terrace,2021-22,East Midlands,0.0
Of which under PDR: building upwards to create dwelling houses on dwelling houses in a terrace,2022-23,East Midlands,0.0
Of which under PDR: building upwards to create dwelling houses on dwelling houses in a terrace,2023-24,East Midlands,0.0
Of which under PDR: building upwards to create dwelling houses on dwelling houses in a terrace,2024-25,East Midlands,0.0
Of which under PDR: building upwards to create dwelling houses on detached dwelling houses,2020-21,East Midlands,0.0
Of which under PDR: building upwards to create dwelling houses on detached dwelling houses,2021-22,East Midlands,0.0
Of which under PDR: building upwards to create dwelling houses on detached dwelling houses,2022-23,East Midlands,0.0
Of which under PDR: building upwards to create dwelling houses on detached dwelling houses,2023-24,East Midlands,0.0
Of which under PDR: building upwards to create dwelling houses on detached dwelling houses,2024-25,East Midlands,0.0
Of which under PDR: demolition of buildings and construction of dwelling houses,2020-21,East Midlands,0.0
Of which under PDR: demolition of buildings and construction of dwelling houses,2021-22,East Midlands,0.0
Of which under PDR: demolition of buildings and construction of dwelling houses,2022-23,East Midlands,0.0
Of which under PDR: demolition of buildings and construction of dwelling houses,2023-24,East Midlands,0.0
Of which under PDR: demolition of buildings and construction of dwelling houses,2024-25,East Midlands,0.0
Of which under PDR: unspecified (new build),2020-21,East Midlands,0.0
Of which under PDR: unspecified (new build),2021-22,East Midlands,0.0
Of which under PDR: unspecified (new build),2022-23,East Midlands,13.0
Of which under PDR: unspecified (new build),2023-24,East Midlands,55.0
Of which under PDR: unspecified (new build),2024-25,East Midlands,0.0
Of which under PDR: total (new build),2020-21,East Midlands,0.0
Of which under PDR: total (new build),2021-22,East Midlands,0.0
Of which under PDR: total (new build),2022-23,East Midlands,13.0
Of which under PDR: total (new build),2023-24,East Midlands,55.0
Of which under PDR: total (new build),2024-25,East Midlands,0.0
Net conversions,2000-01,East Midlands,
Net conversions,2001-02,East Midlands,
Net conversions,2002-03,East Midlands,
Net conversions,2003-04,East Midlands,
Net conversions,2004-05,East Midlands,
Net conversions,2005-06,East Midlands,
Net conversions,2006-07,East Midlands,450.0
Net conversions,2007-08,East Midlands,249.0
Net conversions,2008-09,East Midlands,300.0
Net conversions,2009-10,East Midlands,282.0
Net conversions,2010-11,East Midlands,280.0
Net conversions,2011-12,East Midlands,99.0
Net conversions,2012-13,East Midlands,204.0
Net conversions,2013-14,East Midlands,502.0
Net conversions,2014-15,East Midlands,683.0
Net conversions,2015-16,East Midlands,411.0
Net conversions,2016-17,East Midlands,458.0
Net conversions,2017-18,East Midlands,592.0
Net conversions,2018-19,East Midlands,513.0
Net conversions,2019-20,East Midlands,285.0
Net conversions,2020-21,East Midlands,354.0
Net conversions,2021-22,East Midlands,217.0
Net conversions,2022-23,East Midlands,276.0
Net conversions,2023-24,East Midlands,243.0
Net conversions,2024-25,East Midlands,178.0
Net change of use,2000-01,East Midlands,
Net change of use,2001-02,East Midlands,
Net change of use,2002-03,East Midlands,
Net change of use,2003-04,East Midlands,
Net change of use,2004-05,East Midlands,
Net change of use,2005-06,East Midlands,
Net change of use,2006-07,East Midlands,1933.0
Net change of use,2007-08,East Midlands,1240.0
Net change of use,2008-09,East Midlands,1270.0
Net change of use,2009-10,East Midlands,1259.0
Net change of use,2010-11,East Midlands,877.0
Net change of use,2011-12,East Midlands,844.0
Net change of use,2012-13,East Midlands,1154.0
Net change of use,2013-14,East Midlands,1046.0
Net change of use,2014-15,East Midlands,1292.0
Net change of use,2015-16,East Midlands,1771.0
Net change of use,2016-17,East Midlands,2724.0
Net change of use,2017-18,East Midlands,2620.0
Net change of use,2018-19,East Midlands,2088.0
Net change of use,2019-20,East Midlands,1368.0
Net change of use,2020-21,East Midlands,1441.0
Net change of use,2021-22,East Midlands,1641.0
Net change of use,2022-23,East Midlands,1538.0
Net change of use,2023-24,East Midlands,1745.0
Net change of use,2024-25,East Midlands,1672.0
Of which under PDR: agricultural to residential,2015-16,East Midlands,39.0
Of which under PDR: agricultural to residential,2016-17,East Midlands,24.0
Of which under PDR: agricultural to residential,2017-18,East Midlands,54.0
Of which under PDR: agricultural to residential,2018-19,East Midlands,73.0
Of which under PDR: agricultural to residential,2019-20,East Midlands,86.0
Of which under PDR: agricultural to residential,2020-21,East Midlands,73.0
Of which under PDR: agricultural to residential,2021-22,East Midlands,64.0
Of which under PDR: agricultural to residential,2022-23,East Midlands,50.0
Of which under PDR: agricultural to residential,2023-24,East Midlands,41.0
Of which under PDR: agricultural to residential,2024-25,East Midlands,30.0
Of which under PDR: office to residential,2015-16,East Midlands,363.0
Of which under PDR: office to residential,2016-17,East Midlands,947.0
Of which under PDR: office to residential,2017-18,East Midlands,866.0
Of which under PDR: office to residential,2018-19,East Midlands,557.0
Of which under PDR: office to residential,2019-20,East Midlands,211.0
Of which under PDR: office to residential,2020-21,East Midlands,335.0
Of which under PDR: office to residential,2021-22,East Midlands,437.0
Of which under PDR: office to residential,2022-23,East Midlands,306.0
Of which under PDR: office to residential,2023-24,East Midlands,253.0
Of which under PDR: office to residential,2024-25,East Midlands,274.0
Of which under PDR: storage to residential,2015-16,East Midlands,7.0
Of which under PDR: storage to residential,2016-17,East Midlands,2.0
Of which under PDR: storage to residential,2017-18,East Midlands,13.0
Of which under PDR: storage to residential,2018-19,East Midlands,2.0
Of which under PDR: storage to residential,2019-20,East Midlands,6.0
Of which under PDR: storage to residential,2020-21,East Midlands,3.0
Of which under PDR: storage to residential,2021-22,East Midlands,1.0
Of which under PDR: storage to residential,2022-23,East Midlands,1.0
Of which under PDR: storage to residential,2023-24,East Midlands,10.0
Of which under PDR: light industrial use to residential,2015-16,East Midlands,
Of which under PDR: light industrial use to residential,2016-17,East Midlands,
Of which under PDR: light industrial use to residential,2017-18,East Midlands,19.0
Of which under PDR: light industrial use to residential,2018-19,East Midlands,0.0
Of which under PDR: light industrial use to residential,2019-20,East Midlands,0.0
Of which under PDR: light industrial use to residential,2020-21,East Midlands,12.0
Of which under PDR: light industrial use to residential,2021-22,East Midlands,166.0
Of which under PDR: light industrial use to residential,2022-23,East Midlands,0.0
Of which under PDR: light industrial use to residential,2023-24,East Midlands,6.0
Of which under PDR: light industrial use to residential,2024-25,East Midlands,2.0
"Of which under PDR: commercial, business and service to residential",2022-23,East Midlands,12.0
"Of which under PDR: commercial, business and service to residential",2023-24,East Midlands,58.0
"Of which under PDR: commercial, business and service to residential",2024-25,East Midlands,21.0
Of which under PDR: any other to residential,2015-16,East Midlands,46.0
Of which under PDR: any other to residential,2016-17,East Midlands,39.0
Of which under PDR: any other to residential,2017-18,East Midlands,64.0
Of which under PDR: any other to residential,2018-19,East Midlands,30.0
Of which under PDR: any other to residential,2019-20,East Midlands,16.0
Of which under PDR: any other to residential,2020-21,East Midlands,20.0
Of which under PDR: any other to residential,2021-22,East Midlands,90.0
Of which under PDR: any other to residential,2022-23,East Midlands,14.0
Of which under PDR: any other to residential,2023-24,East Midlands,36.0
Of which under PDR: any other to residential,2024-25,East Midlands,55.0
Of which under PDR: unspecified to residential,2015-16,East Midlands,0.0
Of which under PDR: unspecified to residential,2016-17,East Midlands,14.0
Of which under PDR: unspecified to residential,2017-18,East Midlands,0.0
Of which under PDR: unspecified to residential,2018-19,East Midlands,0.0
Of which under PDR: unspecified to residential,2019-20,East Midlands,0.0
Of which under PDR: unspecified to residential,2020-21,East Midlands,0.0
Of which under PDR: unspecified to residential,2021-22,East Midlands,0.0
Of which under PDR: unspecified to residential,2022-23,East Midlands,0.0
Of which under PDR: unspecified to residential,2023-24,East Midlands,0.0
Of which under PDR: unspecified to residential,2024-25,East Midlands,0.0
Of which under PDR: total to residential,2015-16,East Midlands,455.0
Of which under PDR: total to residential,2016-17,East Midlands,1026.0
Of which under PDR: total to residential,2017-18,East Midlands,1016.0
Of which under PDR: total to residential,2018-19,East Midlands,662.0
Of which under PDR: total to residential,2019-20,East Midlands,319.0
Of which under PDR: total to residential,2020-21,East Midlands,443.0
Of which under PDR: total to residential,2021-22,East Midlands,758.0
Of which under PDR: total to residential,2022-23,East Midlands,383.0
Of which under PDR: total to residential,2023-24,East Midlands,404.0
Of which under PDR: total to residential,2024-25,East Midlands,382.0
Net other gains and losses,2000-01,East Midlands,
Net other gains and losses,2001-02,East Midlands,
Net other gains and losses,2002-03,East Midlands,
Net other gains and losses,2003-04,East Midlands,
Net other gains and losses,2004-05,East Midlands,
Net other gains and losses,2005-06,East Midlands,
Net other gains and losses,2006-07,East Midlands,256.0
Net other gains and losses,2007-08,East Midlands,15.0
Net other gains and losses,2008-09,East Midlands,60.0
Net other gains and losses,2009-10,East Midlands,-61.0
Net other gains and losses,2010-11,East Midlands,41.0
Net other gains and losses,2011-12,East Midlands,-19.0
Net other gains and losses,2012-13,East Midlands,10.0
Net other gains and losses,2013-14,East Midlands,1.0
Net other gains and losses,2014-15,East Midlands,17.0
Net other gains and losses,2015-16,East Midlands,68.0
Net other gains and losses,2016-17,East Midlands,159.0
Net other gains and losses,2017-18,East Midlands,3.0
Net other gains and losses,2018-19,East Midlands,-12.0
Net other gains and losses,2019-20,East Midlands,23.0
Net other gains and losses,2020-21,East Midlands,10.0
Net other gains and losses,2021-22,East Midlands,-5.0
Net other gains and losses,2022-23,East Midlands,2.0
Net other gains and losses,2023-24,East Midlands,14.0
Net other gains and losses,2024-25,East Midlands,19.0
Demolitions,2000-01,East Midlands,
Demolitions,2001-02,East Midlands,
Demolitions,2002-03,East Midlands,
Demolitions,2003-04,East Midlands,
Demolitions,2004-05,East Midlands,
Demolitions,2005-06,East Midlands,
Demolitions,2006-07,East Midlands,646.0
Demolitions,2007-08,East Midlands,820.0
Demolitions,2008-09,East Midlands,400.0
Demolitions,2009-10,East Midlands,678.0
Demolitions,2010-11,East Midlands,760.0
Demolitions,2011-12,East Midlands,697.0
Demolitions,2012-13,East Midlands,370.0
Demolitions,2013-14,East Midlands,874.0
Demolitions,2014-15,East Midlands,406.0
Demolitions,2015-16,East Midlands,432.0
Demolitions,2016-17,East Midlands,872.0
Demolitions,2017-18,East Midlands,269.0
Demolitions,2018-19,East Midlands,224.0
Demolitions,2019-20,East Midlands,221.0
Demolitions,2020-21,East Midlands,250.0
Demolitions,2021-22,East Midlands,344.0
Demolitions,2022-23,East Midlands,384.0
Demolitions,2023-24,East Midlands,148.0
Demolitions,2024-25,East Midlands,185.0
Of which under PDR: demolitions,2020-21,East Midlands,8.0
Of which under PDR: demolitions,2021-22,East Midlands,1.0
Of which under PDR: demolitions,2022-23,East Midlands,0.0
Of which under PDR: demolitions,2023-24,East Midlands,3.0
Of which under PDR: demolitions,2024-25,East Midlands,53.0
Adjustment to Census 2011,2000-01,East Midlands,
Adjustment to Census 2011,2001-02,East Midlands,1018.0
Adjustment to Census 2011,2002-03,East Midlands,1018.0
Adjustment to Census 2011,2003-04,East Midlands,1018.0
Adjustment to Census 2011,2004-05,East Midlands,1018.0
Adjustment to Census 2011,2005-06,East Midlands,1018.0
Adjustment to Census 2011,2006-07,East Midlands,1018.0
Adjustment to Census 2011,2007-08,East Midlands,1018.0
Adjustment to Census 2011,2008-09,East Midlands,1018.0
Adjustment to Census 2011,2009-10,East Midlands,1018.0
Adjustment to Census 2011,2010-11,East Midlands,1018.0
Adjustment to Census 2021,2011-12,East Midlands,1244.0
Adjustment to Census 2021,2012-13,East Midlands,1244.0
Adjustment to Census 2021,2013-14,East Midlands,1244.0
Adjustment to Census 2021,2014-15,East Midlands,1244.0
Adjustment to Census 2021,2015-16,East Midlands,1244.0
Adjustment to Census 2021,2016-17,East Midlands,1244.0
Adjustment to Census 2021,2017-18,East Midlands,1244.0
Adjustment to Census 2021,2018-19,East Midlands,1244.0
Adjustment to Census 2021,2019-20,East Midlands,1244.0
Adjustment to Census 2021,2020-21,East Midlands,1244.0
Adjustment to Census 2021,2021-22,East Midlands,
Adjustment to Census 2021,2022-23,East Midlands,
Adjustment to Census 2021,2023-24,East Midlands,
Adjustment to Census 2021,2024-25,East Midlands,
Residual,2000-01,East Midlands,
Residual,2001-02,East Midlands,
Residual,2002-03,East Midlands,
Residual,2003-04,East Midlands,
Residual,2004-05,East Midlands,
Residual,2005-06,East Midlands,
Residual,2006-07,East Midlands,-2.0
Residual,2007-08,East Midlands,-27.0
Residual,2008-09,East Midlands,2.0
Residual,2009-10,East Midlands,0.0
Residual,2010-11,East Midlands,0.0
Residual,2011-12,East Midlands,0.0
Residual,2012-13,East Midlands,0.0
Residual,2013-14,East Midlands,0.0
Residual,2014-15,East Midlands,0.0
Residual,2015-16,East Midlands,0.0
Residual,2016-17,East Midlands,0.0
Residual,2017-18,East Midlands,0.0
Residual,2018-19,East Midlands,0.0
Residual,2019-20,East Midlands,0.0
Residual,2020-21,East Midlands,0.0
Residual,2021-22,East Midlands,0.0
Residual,2022-23,East Midlands,0.0
Residual,2023-24,East Midlands,0.0
Residual,2024-25,East Midlands,0.0
Net additions,2000-01,West Midlands,13790.0
Net additions,2001-02,West Midlands,13052.0
Net additions,2002-03,West Midlands,13742.0
Net additions,2003-04,West Midlands,12532.0
Net additions,2004-05,West Midlands,17725.0
Net additions,2005-06,West Midlands,20509.0
Net additions,2006-07,West Midlands,18137.0
Net additions,2007-08,West Midlands,17633.0
Net additions,2008-09,West Midlands,14620.0
Net additions,2009-10,West Midlands,12283.0
Net additions,2010-11,West Midlands,11848.0
Net additions,2011-12,West Midlands,10206.0
Net additions,2012-13,West Midlands,10485.0
Net additions,2013-14,West Midlands,12047.0
Net additions,2014-15,West Midlands,16794.0
Net additions,2015-16,West Midlands,17870.0
Net additions,2016-17,West Midlands,18407.0
Net additions,2017-18,West Midlands,21720.0
Net additions,2018-19,West Midlands,24467.0
Net additions,2019-20,West Midlands,23702.0
Net additions,2020-21,West Midlands,18673.0
Net additions,2021-22,West Midlands,24176.0
Net additions,2022-23,West Midlands,21838.0
Net additions,2023-24,West Midlands,22338.0
Net additions,2024-25,West Midlands,20733.0
New build,2000-01,West Midlands,
New build,2001-02,West Midlands,
New build,2002-03,West Midlands,
New build,2003-04,West Midlands,
New build,2004-05,West Midlands,
New build,2005-06,West Midlands,
New build,2006-07,West Midlands,17864.0
New build,2007-08,West Midlands,16368.0
New build,2008-09,West Midlands,13430.0
New build,2009-10,West Midlands,11178.0
New build,2010-11,West Midlands,10743.0
New build,2011-12,West Midlands,10426.0
New build,2012-13,West Midlands,9749.0
New build,2013-14,West Midlands,12598.0
New build,2014-15,West Midlands,16213.0
New build,2015-16,West Midlands,15912.0
New build,2016-17,West Midlands,16931.0
New build,2017-18,West Midlands,19842.0
New build,2018-19,West Midlands,22718.0
New build,2019-20,West Midlands,22297.0
New build,2020-21,West Midlands,17449.0
New build,2021-22,West Midlands,22067.0
New build,2022-23,West Midlands,19281.0
New build,2023-24,West Midlands,19858.0
New build,2024-25,West Midlands,18919.0
Of which under PDR: building upwards to create dwelling houses on detached blocks of flats,2020-21,West Midlands,0.0
Of which under PDR: building upwards to create dwelling houses on detached blocks of flats,2021-22,West Midlands,0.0
Of which under PDR: building upwards to create dwelling houses on detached blocks of flats,2022-23,West Midlands,0.0
Of which under PDR: building upwards to create dwelling houses on detached blocks of flats,2023-24,West Midlands,0.0
Of which under PDR: building upwards to create dwelling houses on detached blocks of flats,2024-25,West Midlands,0.0
Of which under PDR: building upwards to create dwelling houses on detached commercial or mixed-use buildings,2020-21,West Midlands,0.0
Of which under PDR: building upwards to create dwelling houses on detached commercial or mixed-use buildings,2021-22,West Midlands,0.0
Of which under PDR: building upwards to create dwelling houses on detached commercial or mixed-use buildings,2022-23,West Midlands,0.0
Of which under PDR: building upwards to create dwelling houses on detached commercial or mixed-use buildings,2023-24,West Midlands,0.0
Of which under PDR: building upwards to create dwelling houses on detached commercial or mixed-use buildings,2024-25,West Midlands,0.0
Of which under PDR: building upwards to create dwelling houses on commercial or mixed-use buildings in a terrace,2020-21,West Midlands,0.0
Of which under PDR: building upwards to create dwelling houses on commercial or mixed-use buildings in a terrace,2021-22,West Midlands,0.0
Of which under PDR: building upwards to create dwelling houses on commercial or mixed-use buildings in a terrace,2022-23,West Midlands,0.0
Of which under PDR: building upwards to create dwelling houses on commercial or mixed-use buildings in a terrace,2023-24,West Midlands,0.0
Of which under PDR: building upwards to create dwelling houses on commercial or mixed-use buildings in a terrace,2024-25,West Midlands,0.0
Of which under PDR: building upwards to create dwelling houses on dwelling houses in a terrace,2020-21,West Midlands,0.0
Of which under PDR: building upwards to create dwelling houses on dwelling houses in a terrace,2021-22,West Midlands,0.0
Of which under PDR: building upwards to create dwelling houses on dwelling houses in a terrace,2022-23,West Midlands,0.0
Of which under PDR: building upwards to create dwelling houses on dwelling houses in a terrace,2023-24,West Midlands,0.0
Of which under PDR: building upwards to create dwelling houses on dwelling houses in a terrace,2024-25,West Midlands,0.0
Of which under PDR: building upwards to create dwelling houses on detached dwelling houses,2020-21,West Midlands,0.0
Of which under PDR: building upwards to create dwelling houses on detached dwelling houses,2021-22,West Midlands,0.0
Of which under PDR: building upwards to create dwelling houses on detached dwelling houses,2022-23,West Midlands,0.0
Of which under PDR: building upwards to create dwelling houses on detached dwelling houses,2023-24,West Midlands,0.0
Of which under PDR: building upwards to create dwelling houses on detached dwelling houses,2024-25,West Midlands,0.0
Of which under PDR: demolition of buildings and construction of dwelling houses,2020-21,West Midlands,0.0
Of which under PDR: demolition of buildings and construction of dwelling houses,2021-22,West Midlands,0.0
Of which under PDR: demolition of buildings and construction of dwelling houses,2022-23,West Midlands,0.0
Of which under PDR: demolition of buildings and construction of dwelling houses,2023-24,West Midlands,0.0
Of which under PDR: demolition of buildings and construction of dwelling houses,2024-25,West Midlands,0.0
Of which under PDR: unspecified (new build),2020-21,West Midlands,0.0
Of which under PDR: unspecified (new build),2021-22,West Midlands,9.0
Of which under PDR: unspecified (new build),2022-23,West Midlands,0.0
Of which under PDR: unspecified (new build),2023-24,West Midlands,0.0
Of which under PDR: unspecified (new build),2024-25,West Midlands,0.0
Of which under PDR: total (new build),2020-21,West Midlands,0.0
Of which under PDR: total (new build),2021-22,West Midlands,9.0
Of which under PDR: total (new build),2022-23,West Midlands,0.0
Of which under PDR: total (new build),2023-24,West Midlands,0.0
Of which under PDR: total (new build),2024-25,West Midlands,0.0
Net conversions,2000-01,West Midlands,
Net conversions,2001-02,West Midlands,
Net conversions,2002-03,West Midlands,
Net conversions,2003-04,West Midlands,
Net conversions,2004-05,West Midlands,
Net conversions,2005-06,West Midlands,
Net conversions,2006-07,West Midlands,290.0
Net conversions,2007-08,West Midlands,686.0
Net conversions,2008-09,West Midlands,350.0
Net conversions,2009-10,West Midlands,236.0
Net conversions,2010-11,West Midlands,260.0
Net conversions,2011-12,West Midlands,153.0
Net conversions,2012-13,West Midlands,93.0
Net conversions,2013-14,West Midlands,160.0
Net conversions,2014-15,West Midlands,359.0
Net conversions,2015-16,West Midlands,248.0
Net conversions,2016-17,West Midlands,245.0
Net conversions,2017-18,West Midlands,177.0
Net conversions,2018-19,West Midlands,219.0
Net conversions,2019-20,West Midlands,220.0
Net conversions,2020-21,West Midlands,215.0
Net conversions,2021-22,West Midlands,441.0
Net conversions,2022-23,West Midlands,269.0
Net conversions,2023-24,West Midlands,330.0
Net conversions,2024-25,West Midlands,283.0
Net change of use,2000-01,West Midlands,
Net change of use,2001-02,West Midlands,
Net change of use,2002-03,West Midlands,
Net change of use,2003-04,West Midlands,
Net change of use,2004-05,West Midlands,
Net change of use,2005-06,West Midlands,
Net change of use,2006-07,West Midlands,1668.0
Net change of use,2007-08,West Midlands,1585.0
Net change of use,2008-09,West Midlands,1650.0
Net change of use,2009-10,West Midlands,1250.0
Net change of use,2010-11,West Midlands,1156.0
Net change of use,2011-12,West Midlands,1385.0
Net change of use,2012-13,West Midlands,1805.0
Net change of use,2013-14,West Midlands,838.0
Net change of use,2014-15,West Midlands,1494.0
Net change of use,2015-16,West Midlands,2910.0
Net change of use,2016-17,West Midlands,2617.0
Net change of use,2017-18,West Midlands,2830.0
Net change of use,2018-19,West Midlands,2388.0
Net change of use,2019-20,West Midlands,2480.0
Net change of use,2020-21,West Midlands,2127.0
Net change of use,2021-22,West Midlands,2506.0
Net change of use,2022-23,West Midlands,2610.0
Net change of use,2023-24,West Midlands,2370.0
Net change of use,2024-25,West Midlands,1982.0
Of which under PDR: agricultural to residential,2015-16,West Midlands,32.0
Of which under PDR: agricultural to residential,2016-17,West Midlands,52.0
Of which under PDR: agricultural to residential,2017-18,West Midlands,156.0
Of which under PDR: agricultural to residential,2018-19,West Midlands,136.0
Of which under PDR: agricultural to residential,2019-20,West Midlands,68.0
Of which under PDR: agricultural to residential,2020-21,West Midlands,109.0
Of which under PDR: agricultural to residential,2021-22,West Midlands,99.0
Of which under PDR: agricultural to residential,2022-23,West Midlands,82.0
Of which under PDR: agricultural to residential,2023-24,West Midlands,83.0
Of which under PDR: agricultural to residential,2024-25,West Midlands,88.0
Of which under PDR: office to residential,2015-16,West Midlands,1249.0
Of which under PDR: office to residential,2016-17,West Midlands,1077.0
Of which under PDR: office to residential,2017-18,West Midlands,888.0
Of which under PDR: office to residential,2018-19,West Midlands,584.0
Of which under PDR: office to residential,2019-20,West Midlands,1200.0
Of which under PDR: office to residential,2020-21,West Midlands,707.0
Of which under PDR: office to residential,2021-22,West Midlands,679.0
Of which under PDR: office to residential,2022-23,West Midlands,847.0
Of which under PDR: office to residential,2023-24,West Midlands,591.0
Of which under PDR: office to residential,2024-25,West Midlands,410.0
Of which under PDR: storage to residential,2015-16,West Midlands,3.0
Of which under PDR: storage to residential,2016-17,West Midlands,21.0
Of which under PDR: storage to residential,2017-18,West Midlands,31.0
Of which under PDR: storage to residential,2018-19,West Midlands,13.0
Of which under PDR: storage to residential,2019-20,West Midlands,2.0
Of which under PDR: storage to residential,2020-21,West Midlands,3.0
Of which under PDR: storage to residential,2021-22,West Midlands,6.0
Of which under PDR: storage to residential,2022-23,West Midlands,7.0
Of which under PDR: storage to residential,2023-24,West Midlands,3.0
Of which under PDR: light industrial use to residential,2015-16,West Midlands,
Of which under PDR: light industrial use to residential,2016-17,West Midlands,
Of which under PDR: light industrial use to residential,2017-18,West Midlands,17.0
Of which under PDR: light industrial use to residential,2018-19,West Midlands,5.0
Of which under PDR: light industrial use to residential,2019-20,West Midlands,1.0
Of which under PDR: light industrial use to residential,2020-21,West Midlands,4.0
Of which under PDR: light industrial use to residential,2021-22,West Midlands,0.0
Of which under PDR: light industrial use to residential,2022-23,West Midlands,2.0
Of which under PDR: light industrial use to residential,2023-24,West Midlands,4.0
Of which under PDR: light industrial use to residential,2024-25,West Midlands,3.0
"Of which under PDR: commercial, business and service to residential",2022-23,West Midlands,51.0
"Of which under PDR: commercial, business and service to residential",2023-24,West Midlands,129.0
"Of which under PDR: commercial, business and service to residential",2024-25,West Midlands,93.0
Of which under PDR: any other to residential,2015-16,West Midlands,30.0
Of which under PDR: any other to residential,2016-17,West Midlands,17.0
Of which under PDR: any other to residential,2017-18,West Midlands,59.0
Of which under PDR: any other to residential,2018-19,West Midlands,230.0
Of which under PDR: any other to residential,2019-20,West Midlands,129.0
Of which under PDR: any other to residential,2020-21,West Midlands,18.0
Of which under PDR: any other to residential,2021-22,West Midlands,198.0
Of which under PDR: any other to residential,2022-23,West Midlands,46.0
Of which under PDR: any other to residential,2023-24,West Midlands,74.0
Of which under PDR: any other to residential,2024-25,West Midlands,105.0
Of which under PDR: unspecified to residential,2015-16,West Midlands,37.0
Of which under PDR: unspecified to residential,2016-17,West Midlands,0.0
Of which under PDR: unspecified to residential,2017-18,West Midlands,13.0
Of which under PDR: unspecified to residential,2018-19,West Midlands,9.0
Of which under PDR: unspecified to residential,2019-20,West Midlands,48.0
Of which under PDR: unspecified to residential,2020-21,West Midlands,64.0
Of which under PDR: unspecified to residential,2021-22,West Midlands,6.0
Of which under PDR: unspecified to residential,2022-23,West Midlands,0.0
Of which under PDR: unspecified to residential,2023-24,West Midlands,0.0
Of which under PDR: unspecified to residential,2024-25,West Midlands,0.0
Of which under PDR: total to residential,2015-16,West Midlands,1351.0
Of which under PDR: total to residential,2016-17,West Midlands,1167.0
Of which under PDR: total to residential,2017-18,West Midlands,1164.0
Of which under PDR: total to residential,2018-19,West Midlands,977.0
Of which under PDR: total to residential,2019-20,West Midlands,1448.0
Of which under PDR: total to residential,2020-21,West Midlands,905.0
Of which under PDR: total to residential,2021-22,West Midlands,988.0
Of which under PDR: total to residential,2022-23,West Midlands,1035.0
Of which under PDR: total to residential,2023-24,West Midlands,884.0
Of which under PDR: total to residential,2024-25,West Midlands,699.0
Net other gains and losses,2000-01,West Midlands,
Net other gains and losses,2001-02,West Midlands,
Net other gains and losses,2002-03,West Midlands,
Net other gains and losses,2003-04,West Midlands,
Net other gains and losses,2004-05,West Midlands,
Net other gains and losses,2005-06,West Midlands,
Net other gains and losses,2006-07,West Midlands,-13.0
Net other gains and losses,2007-08,West Midlands,0.0
Net other gains and losses,2008-09,West Midlands,0.0
Net other gains and losses,2009-10,West Midlands,32.0
Net other gains and losses,2010-11,West Midlands,27.0
Net other gains and losses,2011-12,West Midlands,43.0
Net other gains and losses,2012-13,West Midlands,62.0
Net other gains and losses,2013-14,West Midlands,13.0
Net other gains and losses,2014-15,West Midlands,45.0
Net other gains and losses,2015-16,West Midlands,32.0
Net other gains and losses,2016-17,West Midlands,4.0
Net other gains and losses,2017-18,West Midlands,33.0
Net other gains and losses,2018-19,West Midlands,78.0
Net other gains and losses,2019-20,West Midlands,61.0
Net other gains and losses,2020-21,West Midlands,12.0
Net other gains and losses,2021-22,West Midlands,1.0
Net other gains and losses,2022-23,West Midlands,41.0
Net other gains and losses,2023-24,West Midlands,193.0
Net other gains and losses,2024-25,West Midlands,31.0
Demolitions,2000-01,West Midlands,
Demolitions,2001-02,West Midlands,
Demolitions,2002-03,West Midlands,
Demolitions,2003-04,West Midlands,
Demolitions,2004-05,West Midlands,
Demolitions,2005-06,West Midlands,
Demolitions,2006-07,West Midlands,3514.0
Demolitions,2007-08,West Midlands,2848.0
Demolitions,2008-09,West Midlands,2650.0
Demolitions,2009-10,West Midlands,2255.0
Demolitions,2010-11,West Midlands,2180.0
Demolitions,2011-12,West Midlands,1327.0
Demolitions,2012-13,West Midlands,751.0
Demolitions,2013-14,West Midlands,1089.0
Demolitions,2014-15,West Midlands,844.0
Demolitions,2015-16,West Midlands,759.0
Demolitions,2016-17,West Midlands,917.0
Demolitions,2017-18,West Midlands,689.0
Demolitions,2018-19,West Midlands,463.0
Demolitions,2019-20,West Midlands,883.0
Demolitions,2020-21,West Midlands,657.0
Demolitions,2021-22,West Midlands,839.0
Demolitions,2022-23,West Midlands,363.0
Demolitions,2023-24,West Midlands,413.0
Demolitions,2024-25,West Midlands,482.0
Of which under PDR: demolitions,2020-21,West Midlands,2.0
Of which under PDR: demolitions,2021-22,West Midlands,25.0
Of which under PDR: demolitions,2022-23,West Midlands,0.0
Of which under PDR: demolitions,2023-24,West Midlands,0.0
Of which under PDR: demolitions,2024-25,West Midlands,144.0
Adjustment to Census 2011,2000-01,West Midlands,
Adjustment to Census 2011,2001-02,West Midlands,1842.0
Adjustment to Census 2011,2002-03,West Midlands,1842.0
Adjustment to Census 2011,2003-04,West Midlands,1842.0
Adjustment to Census 2011,2004-05,West Midlands,1842.0
Adjustment to Census 2011,2005-06,West Midlands,1842.0
Adjustment to Census 2011,2006-07,West Midlands,1842.0
Adjustment to Census 2011,2007-08,West Midlands,1842.0
Adjustment to Census 2011,2008-09,West Midlands,1842.0
Adjustment to Census 2011,2009-10,West Midlands,1842.0
Adjustment to Census 2011,2010-11,West Midlands,1842.0
Adjustment to Census 2021,2011-12,West Midlands,-473.0
Adjustment to Census 2021,2012-13,West Midlands,-473.0
Adjustment to Census 2021,2013-14,West Midlands,-473.0
Adjustment to Census 2021,2014-15,West Midlands,-473.0
Adjustment to Census 2021,2015-16,West Midlands,-473.0
Adjustment to Census 2021,2016-17,West Midlands,-473.0
Adjustment to Census 2021,2017-18,West Midlands,-473.0
Adjustment to Census 2021,2018-19,West Midlands,-473.0
Adjustment to Census 2021,2019-20,West Midlands,-473.0
Adjustment to Census 2021,2020-21,West Midlands,-473.0
Adjustment to Census 2021,2021-22,West Midlands,
Adjustment to Census 2021,2022-23,West Midlands,
Adjustment to Census 2021,2023-24,West Midlands,
Adjustment to Census 2021,2024-25,West Midlands,
Residual,2000-01,West Midlands,
Residual,2001-02,West Midlands,
Residual,2002-03,West Midlands,
Residual,2003-04,West Midlands,
Residual,2004-05,West Midlands,
Residual,2005-06,West Midlands,
Residual,2006-07,West Midlands,0.0
Residual,2007-08,West Midlands,0.0
Residual,2008-09,West Midlands,-2.0
Residual,2009-10,West Midlands,0.0
Residual,2010-11,West Midlands,0.0
Residual,2011-12,West Midlands,0.0
Residual,2012-13,West Midlands,0.0
Residual,2013-14,West Midlands,0.0
Residual,2014-15,West Midlands,0.0
Residual,2015-16,West Midlands,0.0
Residual,2016-17,West Midlands,0.0
Residual,2017-18,West Midlands,0.0
Residual,2018-19,West Midlands,0.0
Residual,2019-20,West Midlands,0.0
Residual,2020-21,West Midlands,0.0
Residual,2021-22,West Midlands,0.0
Residual,2022-23,West Midlands,0.0
Residual,2023-24,West Midlands,0.0
Residual,2024-25,West Midlands,0.0
Net additions,2000-01,East of England,17780.0
Net additions,2001-02,East of England,19154.0
Net additions,2002-03,East of England,21554.0
Net additions,2003-04,East of England,22306.0
Net additions,2004-05,East of England,23500.0
Net additions,2005-06,East of England,25831.0
Net additions,2006-07,East of England,26121.0
Net additions,2007-08,East of England,27950.0
Net additions,2008-09,East of England,21920.0
Net additions,2009-10,East of England,17439.0
Net additions,2010-11,East of England,18278.0
Net additions,2011-12,East of England,18460.0
Net additions,2012-13,East of England,15911.0
Net additions,2013-14,East of England,17451.0
Net additions,2014-15,East of England,20548.0
Net additions,2015-16,East of England,22495.0
Net additions,2016-17,East of England,25541.0
Net additions,2017-18,East of England,25763.0
Net additions,2018-19,East of England,30189.0
Net additions,2019-20,East of England,28374.0
Net additions,2020-21,East of England,25661.0
Net additions,2021-22,East of England,27457.0
Net additions,2022-23,East of England,30771.0
Net additions,2023-24,East of England,28643.0
Net additions,2024-25,East of England,26012.0
New build,2000-01,East of England,
New build,2001-02,East of England,
New build,2002-03,East of England,
New build,2003-04,East of England,
New build,2004-05,East of England,
New build,2005-06,East of England,
New build,2006-07,East of England,23955.0
New build,2007-08,East of England,25317.0
New build,2008-09,East of England,19720.0
New build,2009-10,East of England,15271.0
New build,2010-11,East of England,15788.0
New build,2011-12,East of England,17353.0
New build,2012-13,East of England,14949.0
New build,2013-14,East of England,16071.0
New build,2014-15,East of England,17733.0
New build,2015-16,East of England,18601.0
New build,2016-17,East of England,20620.0
New build,2017-18,East of England,22811.0
New build,2018-19,East of England,25453.0
New build,2019-20,East of England,24690.0
New build,2020-21,East of England,22936.0
New build,2021-22,East of England,24883.0
New build,2022-23,East of England,28523.0
New build,2023-24,East of England,26216.0
New build,2024-25,East of England,24644.0
Of which under PDR: building upwards to create dwelling houses on detached blocks of flats,2020-21,East of England,0.0
Of which under PDR: building upwards to create dwelling houses on detached blocks of flats,2021-22,East of England,0.0
Of which under PDR: building upwards to create dwelling houses on detached blocks of flats,2022-23,East of England,0.0
Of which under PDR: building upwards to create dwelling houses on detached blocks of flats,2023-24,East of England,12.0
Of which under PDR: building upwards to create dwelling houses on detached blocks of flats,2024-25,East of England,0.0
Of which under PDR: building upwards to create dwelling houses on detached commercial or mixed-use buildings,2020-21,East of England,0.0
Of which under PDR: building upwards to create dwelling houses on detached commercial or mixed-use buildings,2021-22,East of England,0.0
Of which under PDR: building upwards to create dwelling houses on detached commercial or mixed-use buildings,2022-23,East of England,0.0
Of which under PDR: building upwards to create dwelling houses on detached commercial or mixed-use buildings,2023-24,East of England,8.0
Of which under PDR: building upwards to create dwelling houses on detached commercial or mixed-use buildings,2024-25,East of England,3.0
Of which under PDR: building upwards to create dwelling houses on commercial or mixed-use buildings in a terrace,2020-21,East of England,0.0
Of which under PDR: building upwards to create dwelling houses on commercial or mixed-use buildings in a terrace,2021-22,East of England,0.0
Of which under PDR: building upwards to create dwelling houses on commercial or mixed-use buildings in a terrace,2022-23,East of England,0.0
Of which under PDR: building upwards to create dwelling houses on commercial or mixed-use buildings in a terrace,2023-24,East of England,0.0
Of which under PDR: building upwards to create dwelling houses on commercial or mixed-use buildings in a terrace,2024-25,East of England,0.0
Of which under PDR: building upwards to create dwelling houses on dwelling houses in a terrace,2020-21,East of England,0.0
Of which under PDR: building upwards to create dwelling houses on dwelling houses in a terrace,2021-22,East of England,0.0
Of which under PDR: building upwards to create dwelling houses on dwelling houses in a terrace,2022-23,East of England,0.0
Of which under PDR: building upwards to create dwelling houses on dwelling houses in a terrace,2023-24,East of England,0.0
Of which under PDR: building upwards to create dwelling houses on dwelling houses in a terrace,2024-25,East of England,0.0
Of which under PDR: building upwards to create dwelling houses on detached dwelling houses,2020-21,East of England,0.0
Of which under PDR: building upwards to create dwelling houses on detached dwelling houses,2021-22,East of England,0.0
Of which under PDR: building upwards to create dwelling houses on detached dwelling houses,2022-23,East of England,0.0
Of which under PDR: building upwards to create dwelling houses on detached dwelling houses,2023-24,East of England,0.0
Of which under PDR: building upwards to create dwelling houses on detached dwelling houses,2024-25,East of England,0.0
Of which under PDR: demolition of buildings and construction of dwelling houses,2020-21,East of England,0.0
Of which under PDR: demolition of buildings and construction of dwelling houses,2021-22,East of England,0.0
Of which under PDR: demolition of buildings and construction of dwelling houses,2022-23,East of England,0.0
Of which under PDR: demolition of buildings and construction of dwelling houses,2023-24,East of England,0.0
Of which under PDR: demolition of buildings and construction of dwelling houses,2024-25,East of England,10.0
Of which under PDR: unspecified (new build),2020-21,East of England,162.0
Of which under PDR: unspecified (new build),2021-22,East of England,98.0
Of which under PDR: unspecified (new build),2022-23,East of England,6.0
Of which under PDR: unspecified (new build),2023-24,East of England,242.0
Of which under PDR: unspecified (new build),2024-25,East of England,218.0
Of which under PDR: total (new build),2020-21,East of England,162.0
Of which under PDR: total (new build),2021-22,East of England,98.0
Of which under PDR: total (new build),2022-23,East of England,6.0
Of which under PDR: total (new build),2023-24,East of England,262.0
Of which under PDR: total (new build),2024-25,East of England,231.0
Net conversions,2000-01,East of England,
Net conversions,2001-02,East of England,
Net conversions,2002-03,East of England,
Net conversions,2003-04,East of England,
Net conversions,2004-05,East of England,
Net conversions,2005-06,East of England,
Net conversions,2006-07,East of England,537.0
Net conversions,2007-08,East of England,776.0
Net conversions,2008-09,East of England,580.0
Net conversions,2009-10,East of England,422.0
Net conversions,2010-11,East of England,288.0
Net conversions,2011-12,East of England,561.0
Net conversions,2012-13,East of England,277.0
Net conversions,2013-14,East of England,328.0
Net conversions,2014-15,East of England,306.0
Net conversions,2015-16,East of England,532.0
Net conversions,2016-17,East of England,386.0
Net conversions,2017-18,East of England,339.0
Net conversions,2018-19,East of England,799.0
Net conversions,2019-20,East of England,311.0
Net conversions,2020-21,East of England,322.0
Net conversions,2021-22,East of England,355.0
Net conversions,2022-23,East of England,316.0
Net conversions,2023-24,East of England,223.0
Net conversions,2024-25,East of England,165.0
Net change of use,2000-01,East of England,
Net change of use,2001-02,East of England,
Net change of use,2002-03,East of England,
Net change of use,2003-04,East of England,
Net change of use,2004-05,East of England,
Net change of use,2005-06,East of England,
Net change of use,2006-07,East of England,1624.0
Net change of use,2007-08,East of England,1737.0
Net change of use,2008-09,East of England,1440.0
Net change of use,2009-10,East of England,1223.0
Net change of use,2010-11,East of England,1519.0
Net change of use,2011-12,East of England,1165.0
Net change of use,2012-13,East of England,1118.0
Net change of use,2013-14,East of England,1253.0
Net change of use,2014-15,East of England,2407.0
Net change of use,2015-16,East of England,3653.0
Net change of use,2016-17,East of England,4893.0
Net change of use,2017-18,East of England,3175.0
Net change of use,2018-19,East of England,4060.0
Net change of use,2019-20,East of England,3367.0
Net change of use,2020-21,East of England,2798.0
Net change of use,2021-22,East of England,2868.0
Net change of use,2022-23,East of England,2350.0
Net change of use,2023-24,East of England,2525.0
Net change of use,2024-25,East of England,1777.0
Of which under PDR: agricultural to residential,2015-16,East of England,14.0
Of which under PDR: agricultural to residential,2016-17,East of England,69.0
Of which under PDR: agricultural to residential,2017-18,East of England,103.0
Of which under PDR: agricultural to residential,2018-19,East of England,82.0
Of which under PDR: agricultural to residential,2019-20,East of England,100.0
Of which under PDR: agricultural to residential,2020-21,East of England,164.0
Of which under PDR: agricultural to residential,2021-22,East of England,83.0
Of which under PDR: agricultural to residential,2022-23,East of England,93.0
Of which under PDR: agricultural to residential,2023-24,East of England,117.0
Of which under PDR: agricultural to residential,2024-25,East of England,112.0
Of which under PDR: office to residential,2015-16,East of England,1606.0
Of which under PDR: office to residential,2016-17,East of England,2926.0
Of which under PDR: office to residential,2017-18,East of England,1470.0
Of which under PDR: office to residential,2018-19,East of England,2259.0
Of which under PDR: office to residential,2019-20,East of England,1537.0
Of which under PDR: office to residential,2020-21,East of England,1155.0
Of which under PDR: office to residential,2021-22,East of England,1085.0
Of which under PDR: office to residential,2022-23,East of England,750.0
Of which under PDR: office to residential,2023-24,East of England,1079.0
Of which under PDR: office to residential,2024-25,East of England,668.0
Of which under PDR: storage to residential,2015-16,East of England,25.0
Of which under PDR: storage to residential,2016-17,East of England,16.0
Of which under PDR: storage to residential,2017-18,East of England,14.0
Of which under PDR: storage to residential,2018-19,East of England,13.0
Of which under PDR: storage to residential,2019-20,East of England,12.0
Of which under PDR: storage to residential,2020-21,East of England,2.0
Of which under PDR: storage to residential,2021-22,East of England,25.0
Of which under PDR: storage to residential,2022-23,East of England,1.0
Of which under PDR: storage to residential,2023-24,East of England,5.0
Of which under PDR: light industrial use to residential,2015-16,East of England,
Of which under PDR: light industrial use to residential,2016-17,East of England,
Of which under PDR: light industrial use to residential,2017-18,East of England,4.0
Of which under PDR: light industrial use to residential,2018-19,East of England,6.0
Of which under PDR: light industrial use to residential,2019-20,East of England,1.0
Of which under PDR: light industrial use to residential,2020-21,East of England,2.0
Of which under PDR: light industrial use to residential,2021-22,East of England,36.0
Of which under PDR: light industrial use to residential,2022-23,East of England,15.0
Of which under PDR: light industrial use to residential,2023-24,East of England,22.0
Of which under PDR: light industrial use to residential,2024-25,East of England,20.0
"Of which under PDR: commercial, business and service to residential",2022-23,East of England,109.0
"Of which under PDR: commercial, business and service to residential",2023-24,East of England,105.0
"Of which under PDR: commercial, business and service to residential",2024-25,East of England,94.0
Of which under PDR: any other to residential,2015-16,East of England,81.0
Of which under PDR: any other to residential,2016-17,East of England,116.0
Of which under PDR: any other to residential,2017-18,East of England,132.0
Of which under PDR: any other to residential,2018-19,East of England,37.0
Of which under PDR: any other to residential,2019-20,East of England,213.0
Of which under PDR: any other to residential,2020-21,East of England,210.0
Of which under PDR: any other to residential,2021-22,East of England,151.0
Of which under PDR: any other to residential,2022-23,East of England,123.0
Of which under PDR: any other to residential,2023-24,East of England,120.0
Of which under PDR: any other to residential,2024-25,East of England,86.0
Of which under PDR: unspecified to residential,2015-16,East of England,0.0
Of which under PDR: unspecified to residential,2016-17,East of England,0.0
Of which under PDR: unspecified to residential,2017-18,East of England,0.0
Of which under PDR: unspecified to residential,2018-19,East of England,67.0
Of which under PDR: unspecified to residential,2019-20,East of England,85.0
Of which under PDR: unspecified to residential,2020-21,East of England,13.0
Of which under PDR: unspecified to residential,2021-22,East of England,9.0
Of which under PDR: unspecified to residential,2022-23,East of England,4.0
Of which under PDR: unspecified to residential,2023-24,East of England,0.0
Of which under PDR: unspecified to residential,2024-25,East of England,3.0
Of which under PDR: total to residential,2015-16,East of England,1726.0
Of which under PDR: total to residential,2016-17,East of England,3127.0
Of which under PDR: total to residential,2017-18,East of England,1723.0
Of which under PDR: total to residential,2018-19,East of England,2464.0
Of which under PDR: total to residential,2019-20,East of England,1948.0
Of which under PDR: total to residential,2020-21,East of England,1546.0
Of which under PDR: total to residential,2021-22,East of England,1389.0
Of which under PDR: total to residential,2022-23,East of England,1095.0
Of which under PDR: total to residential,2023-24,East of England,1448.0
Of which under PDR: total to residential,2024-25,East of England,983.0
Net other gains and losses,2000-01,East of England,
Net other gains and losses,2001-02,East of England,
Net other gains and losses,2002-03,East of England,
Net other gains and losses,2003-04,East of England,
Net other gains and losses,2004-05,East of England,
Net other gains and losses,2005-06,East of England,
Net other gains and losses,2006-07,East of England,0.0
Net other gains and losses,2007-08,East of England,151.0
Net other gains and losses,2008-09,East of England,90.0
Net other gains and losses,2009-10,East of England,102.0
Net other gains and losses,2010-11,East of England,395.0
Net other gains and losses,2011-12,East of England,31.0
Net other gains and losses,2012-13,East of England,159.0
Net other gains and losses,2013-14,East of England,365.0
Net other gains and losses,2014-15,East of England,372.0
Net other gains and losses,2015-16,East of England,66.0
Net other gains and losses,2016-17,East of England,201.0
Net other gains and losses,2017-18,East of England,114.0
Net other gains and losses,2018-19,East of England,218.0
Net other gains and losses,2019-20,East of England,144.0
Net other gains and losses,2020-21,East of England,130.0
Net other gains and losses,2021-22,East of England,127.0
Net other gains and losses,2022-23,East of England,171.0
Net other gains and losses,2023-24,East of England,173.0
Net other gains and losses,2024-25,East of England,26.0
Demolitions,2000-01,East of England,
Demolitions,2001-02,East of England,
Demolitions,2002-03,East of England,
Demolitions,2003-04,East of England,
Demolitions,2004-05,East of England,
Demolitions,2005-06,East of England,
Demolitions,2006-07,East of England,1220.0
Demolitions,2007-08,East of England,1253.0
Demolitions,2008-09,East of England,1140.0
Demolitions,2009-10,East of England,803.0
Demolitions,2010-11,East of England,935.0
Demolitions,2011-12,East of England,1005.0
Demolitions,2012-13,East of England,947.0
Demolitions,2013-14,East of England,921.0
Demolitions,2014-15,East of England,625.0
Demolitions,2015-16,East of England,712.0
Demolitions,2016-17,East of England,914.0
Demolitions,2017-18,East of England,1031.0
Demolitions,2018-19,East of England,696.0
Demolitions,2019-20,East of England,493.0
Demolitions,2020-21,East of England,880.0
Demolitions,2021-22,East of England,776.0
Demolitions,2022-23,East of England,589.0
Demolitions,2023-24,East of England,494.0
Demolitions,2024-25,East of England,600.0
Of which under PDR: demolitions,2020-21,East of England,0.0
Of which under PDR: demolitions,2021-22,East of England,4.0
Of which under PDR: demolitions,2022-23,East of England,1.0
Of which under PDR: demolitions,2023-24,East of England,2.0
Of which under PDR: demolitions,2024-25,East of England,0.0
Adjustment to Census 2011,2000-01,East of England,
Adjustment to Census 2011,2001-02,East of England,1224.0
Adjustment to Census 2011,2002-03,East of England,1224.0
Adjustment to Census 2011,2003-04,East of England,1224.0
Adjustment to Census 2011,2004-05,East of England,1134.0
Adjustment to Census 2011,2005-06,East of England,1306.0
Adjustment to Census 2011,2006-07,East of England,1192.0
Adjustment to Census 2011,2007-08,East of England,1196.0
Adjustment to Census 2011,2008-09,East of England,1224.0
Adjustment to Census 2011,2009-10,East of England,1224.0
Adjustment to Census 2011,2010-11,East of England,1224.0
Adjustment to Census 2021,2011-12,East of England,355.0
Adjustment to Census 2021,2012-13,East of England,355.0
Adjustment to Census 2021,2013-14,East of England,355.0
Adjustment to Census 2021,2014-15,East of England,355.0
Adjustment to Census 2021,2015-16,East of England,355.0
Adjustment to Census 2021,2016-17,East of England,355.0
Adjustment to Census 2021,2017-18,East of England,355.0
Adjustment to Census 2021,2018-19,East of England,355.0
Adjustment to Census 2021,2019-20,East of England,355.0
Adjustment to Census 2021,2020-21,East of England,355.0
Adjustment to Census 2021,2021-22,East of England,
Adjustment to Census 2021,2022-23,East of England,
Adjustment to Census 2021,2023-24,East of England,
Adjustment to Census 2021,2024-25,East of England,
Residual,2000-01,East of England,
Residual,2001-02,East of England,
Residual,2002-03,East of England,
Residual,2003-04,East of England,
Residual,2004-05,East of England,
Residual,2005-06,East of England,
Residual,2006-07,East of England,-82.0
Residual,2007-08,East of England,26.0
Residual,2008-09,East of England,6.0
Residual,2009-10,East of England,0.0
Residual,2010-11,East of England,0.0
Residual,2011-12,East of England,0.0
Residual,2012-13,East of England,0.0
Residual,2013-14,East of England,0.0
Residual,2014-15,East of England,0.0
Residual,2015-16,East of England,0.0
Residual,2016-17,East of England,0.0
Residual,2017-18,East of England,0.0
Residual,2018-19,East of England,0.0
Residual,2019-20,East of England,0.0
Residual,2020-21,East of England,0.0
Residual,2021-22,East of England,0.0
Residual,2022-23,East of England,0.0
Residual,2023-24,East of England,0.0
Residual,2024-25,East of England,0.0
Net additions,2000-01,London,15710.0
Net additions,2001-02,London,19688.0
Net additions,2002-03,London,21648.0
Net additions,2003-04,London,25775.0
Net additions,2004-05,London,26873.0
Net additions,2005-06,London,28852.0
Net additions,2006-07,London,30927.0
Net additions,2007-08,London,31557.0
Net additions,2008-09,London,32290.0
Net additions,2009-10,London,28330.0
Net additions,2010-11,London,21820.0
Net additions,2011-12,London,29672.0
Net additions,2012-13,London,25845.0
Net additions,2013-14,London,28383.0
Net additions,2014-15,London,31649.0
Net additions,2015-16,London,35196.0
Net additions,2016-17,London,44366.0
Net additions,2017-18,London,36529.0
Net additions,2018-19,London,41424.0
Net additions,2019-20,London,45676.0
Net additions,2020-21,London,38829.0
Net additions,2021-22,London,39173.0
Net additions,2022-23,London,35263.0
Net additions,2023-24,London,31748.0
Net additions,2024-25,London,32678.0
New build,2000-01,London,
New build,2001-02,London,
New build,2002-03,London,
New build,2003-04,London,
New build,2004-05,London,
New build,2005-06,London,
New build,2006-07,London,24181.0
New build,2007-08,London,24021.0
New build,2008-09,London,24520.0
New build,2009-10,London,21336.0
New build,2010-11,London,16251.0
New build,2011-12,London,22402.0
New build,2012-13,London,20164.0
New build,2013-14,London,21763.0
New build,2014-15,London,24106.0
New build,2015-16,London,26465.0
New build,2016-17,London,30866.0
New build,2017-18,London,26769.0
New build,2018-19,London,32101.0
New build,2019-20,London,37111.0
New build,2020-21,London,31826.0
New build,2021-22,London,33573.0
New build,2022-23,London,30879.0
New build,2023-24,London,27703.0
New build,2024-25,London,28618.0
Of which under PDR: building upwards to create dwelling houses on detached blocks of flats,2020-21,London,0.0
Of which under PDR: building upwards to create dwelling houses on detached blocks of flats,2021-22,London,0.0
Of which under PDR: building upwards to create dwelling houses on detached blocks of flats,2022-23,London,0.0
Of which under PDR: building upwards to create dwelling houses on detached blocks of flats,2023-24,London,0.0
Of which under PDR: building upwards to create dwelling houses on detached blocks of flats,2024-25,London,0.0
Of which under PDR: building upwards to create dwelling houses on detached commercial or mixed-use buildings,2020-21,London,0.0
Of which under PDR: building upwards to create dwelling houses on detached commercial or mixed-use buildings,2021-22,London,0.0
Of which under PDR: building upwards to create dwelling houses on detached commercial or mixed-use buildings,2022-23,London,0.0
Of which under PDR: building upwards to create dwelling houses on detached commercial or mixed-use buildings,2023-24,London,0.0
Of which under PDR: building upwards to create dwelling houses on detached commercial or mixed-use buildings,2024-25,London,0.0
Of which under PDR: building upwards to create dwelling houses on commercial or mixed-use buildings in a terrace,2020-21,London,0.0
Of which under PDR: building upwards to create dwelling houses on commercial or mixed-use buildings in a terrace,2021-22,London,0.0
Of which under PDR: building upwards to create dwelling houses on commercial or mixed-use buildings in a terrace,2022-23,London,0.0
Of which under PDR: building upwards to create dwelling houses on commercial or mixed-use buildings in a terrace,2023-24,London,0.0
Of which under PDR: building upwards to create dwelling houses on commercial or mixed-use buildings in a terrace,2024-25,London,0.0
Of which under PDR: building upwards to create dwelling houses on dwelling houses in a terrace,2020-21,London,0.0
Of which under PDR: building upwards to create dwelling houses on dwelling houses in a terrace,2021-22,London,0.0
Of which under PDR: building upwards to create dwelling houses on dwelling houses in a terrace,2022-23,London,0.0
Of which under PDR: building upwards to create dwelling houses on dwelling houses in a terrace,2023-24,London,0.0
Of which under PDR: building upwards to create dwelling houses on dwelling houses in a terrace,2024-25,London,0.0
Of which under PDR: building upwards to create dwelling houses on detached dwelling houses,2020-21,London,0.0
Of which under PDR: building upwards to create dwelling houses on detached dwelling houses,2021-22,London,0.0
Of which under PDR: building upwards to create dwelling houses on detached dwelling houses,2022-23,London,0.0
Of which under PDR: building upwards to create dwelling houses on detached dwelling houses,2023-24,London,0.0
Of which under PDR: building upwards to create dwelling houses on detached dwelling houses,2024-25,London,0.0
Of which under PDR: demolition of buildings and construction of dwelling houses,2020-21,London,0.0
Of which under PDR: demolition of buildings and construction of dwelling houses,2021-22,London,0.0
Of which under PDR: demolition of buildings and construction of dwelling houses,2022-23,London,0.0
Of which under PDR: demolition of buildings and construction of dwelling houses,2023-24,London,0.0
Of which under PDR: demolition of buildings and construction of dwelling houses,2024-25,London,0.0
Of which under PDR: unspecified (new build),2020-21,London,0.0
Of which under PDR: unspecified (new build),2021-22,London,0.0
Of which under PDR: unspecified (new build),2022-23,London,0.0
Of which under PDR: unspecified (new build),2023-24,London,0.0
Of which under PDR: unspecified (new build),2024-25,London,0.0
Of which under PDR: total (new build),2020-21,London,0.0
Of which under PDR: total (new build),2021-22,London,0.0
Of which under PDR: total (new build),2022-23,London,0.0
Of which under PDR: total (new build),2023-24,London,0.0
Of which under PDR: total (new build),2024-25,London,0.0
Net conversions,2000-01,London,
Net conversions,2001-02,London,
Net conversions,2002-03,London,
Net conversions,2003-04,London,
Net conversions,2004-05,London,
Net conversions,2005-06,London,
Net conversions,2006-07,London,2485.0
Net conversions,2007-08,London,2334.0
Net conversions,2008-09,London,2310.0
Net conversions,2009-10,London,2116.0
Net conversions,2010-11,London,1407.0
Net conversions,2011-12,London,1600.0
Net conversions,2012-13,London,964.0
Net conversions,2013-14,London,1231.0
Net conversions,2014-15,London,1110.0
Net conversions,2015-16,London,1151.0
Net conversions,2016-17,London,1760.0
Net conversions,2017-18,London,1532.0
Net conversions,2018-19,London,1714.0
Net conversions,2019-20,London,2044.0
Net conversions,2020-21,London,924.0
Net conversions,2021-22,London,2288.0
Net conversions,2022-23,London,2053.0
Net conversions,2023-24,London,2214.0
Net conversions,2024-25,London,2008.0
Net change of use,2000-01,London,
Net change of use,2001-02,London,
Net change of use,2002-03,London,
Net change of use,2003-04,London,
Net change of use,2004-05,London,
Net change of use,2005-06,London,
Net change of use,2006-07,London,3455.0
Net change of use,2007-08,London,2678.0
Net change of use,2008-09,London,3040.0
Net change of use,2009-10,London,2776.0
Net change of use,2010-11,London,1922.0
Net change of use,2011-12,London,2704.0
Net change of use,2012-13,London,1801.0
Net change of use,2013-14,London,2301.0
Net change of use,2014-15,London,3629.0
Net change of use,2015-16,London,5901.0
Net change of use,2016-17,London,8757.0
Net change of use,2017-18,London,5482.0
Net change of use,2018-19,London,5071.0
Net change of use,2019-20,London,4426.0
Net change of use,2020-21,London,1412.0
Net change of use,2021-22,London,3872.0
Net change of use,2022-23,London,2848.0
Net change of use,2023-24,London,1943.0
Net change of use,2024-25,London,1925.0
Of which under PDR: agricultural to residential,2015-16,London,0.0
Of which under PDR: agricultural to residential,2016-17,London,1.0
Of which under PDR: agricultural to residential,2017-18,London,0.0
Of which under PDR: agricultural to residential,2018-19,London,203.0
Of which under PDR: agricultural to residential,2019-20,London,1.0
Of which under PDR: agricultural to residential,2020-21,London,0.0
Of which under PDR: agricultural to residential,2021-22,London,0.0
Of which under PDR: agricultural to residential,2022-23,London,0.0
Of which under PDR: agricultural to residential,2023-24,London,0.0
Of which under PDR: agricultural to residential,2024-25,London,0.0
Of which under PDR: office to residential,2015-16,London,3645.0
Of which under PDR: office to residential,2016-17,London,6296.0
Of which under PDR: office to residential,2017-18,London,2993.0
Of which under PDR: office to residential,2018-19,London,2777.0
Of which under PDR: office to residential,2019-20,London,2126.0
Of which under PDR: office to residential,2020-21,London,867.0
Of which under PDR: office to residential,2021-22,London,2360.0
Of which under PDR: office to residential,2022-23,London,1523.0
Of which under PDR: office to residential,2023-24,London,645.0
Of which under PDR: office to residential,2024-25,London,599.0
Of which under PDR: storage to residential,2015-16,London,0.0
Of which under PDR: storage to residential,2016-17,London,19.0
Of which under PDR: storage to residential,2017-18,London,69.0
Of which under PDR: storage to residential,2018-19,London,96.0
Of which under PDR: storage to residential,2019-20,London,63.0
Of which under PDR: storage to residential,2020-21,London,78.0
Of which under PDR: storage to residential,2021-22,London,57.0
Of which under PDR: storage to residential,2022-23,London,20.0
Of which under PDR: storage to residential,2023-24,London,0.0
Of which under PDR: light industrial use to residential,2015-16,London,
Of which under PDR: light industrial use to residential,2016-17,London,
Of which under PDR: light industrial use to residential,2017-18,London,0.0
Of which under PDR: light industrial use to residential,2018-19,London,15.0
Of which under PDR: light industrial use to residential,2019-20,London,21.0
Of which under PDR: light industrial use to residential,2020-21,London,0.0
Of which under PDR: light industrial use to residential,2021-22,London,2.0
Of which under PDR: light industrial use to residential,2022-23,London,0.0
Of which under PDR: light industrial use to residential,2023-24,London,0.0
Of which under PDR: light industrial use to residential,2024-25,London,0.0
"Of which under PDR: commercial, business and service to residential",2022-23,London,20.0
"Of which under PDR: commercial, business and service to residential",2023-24,London,26.0
"Of which under PDR: commercial, business and service to residential",2024-25,London,16.0
Of which under PDR: any other to residential,2015-16,London,68.0
Of which under PDR: any other to residential,2016-17,London,117.0
Of which under PDR: any other to residential,2017-18,London,116.0
Of which under PDR: any other to residential,2018-19,London,148.0
Of which under PDR: any other to residential,2019-20,London,89.0
Of which under PDR: any other to residential,2020-21,London,68.0
Of which under PDR: any other to residential,2021-22,London,90.0
Of which under PDR: any other to residential,2022-23,London,21.0
Of which under PDR: any other to residential,2023-24,London,56.0
Of which under PDR: any other to residential,2024-25,London,203.0
Of which under PDR: unspecified to residential,2015-16,London,0.0
Of which under PDR: unspecified to residential,2016-17,London,0.0
Of which under PDR: unspecified to residential,2017-18,London,0.0
Of which under PDR: unspecified to residential,2018-19,London,0.0
Of which under PDR: unspecified to residential,2019-20,London,0.0
Of which under PDR: unspecified to residential,2020-21,London,0.0
Of which under PDR: unspecified to residential,2021-22,London,0.0
Of which under PDR: unspecified to residential,2022-23,London,0.0
Of which under PDR: unspecified to residential,2023-24,London,0.0
Of which under PDR: unspecified to residential,2024-25,London,0.0
Of which under PDR: total to residential,2015-16,London,3713.0
Of which under PDR: total to residential,2016-17,London,6433.0
Of which under PDR: total to residential,2017-18,London,3178.0
Of which under PDR: total to residential,2018-19,London,3239.0
Of which under PDR: total to residential,2019-20,London,2300.0
Of which under PDR: total to residential,2020-21,London,1013.0
Of which under PDR: total to residential,2021-22,London,2509.0
Of which under PDR: total to residential,2022-23,London,1584.0
Of which under PDR: total to residential,2023-24,London,727.0
Of which under PDR: total to residential,2024-25,London,818.0
Net other gains and losses,2000-01,London,
Net other gains and losses,2001-02,London,
Net other gains and losses,2002-03,London,
Net other gains and losses,2003-04,London,
Net other gains and losses,2004-05,London,
Net other gains and losses,2005-06,London,
Net other gains and losses,2006-07,London,0.0
Net other gains and losses,2007-08,London,0.0
Net other gains and losses,2008-09,London,0.0
Net other gains and losses,2009-10,London,0.0
Net other gains and losses,2010-11,London,0.0
Net other gains and losses,2011-12,London,0.0
Net other gains and losses,2012-13,London,0.0
Net other gains and losses,2013-14,London,0.0
Net other gains and losses,2014-15,London,0.0
Net other gains and losses,2015-16,London,0.0
Net other gains and losses,2016-17,London,3.0
Net other gains and losses,2017-18,London,5.0
Net other gains and losses,2018-19,London,46.0
Net other gains and losses,2019-20,London,-2.0
Net other gains and losses,2020-21,London,155.0
Net other gains and losses,2021-22,London,192.0
Net other gains and losses,2022-23,London,-155.0
Net other gains and losses,2023-24,London,1481.0
Net other gains and losses,2024-25,London,491.0
Demolitions,2000-01,London,
Demolitions,2001-02,London,
Demolitions,2002-03,London,
Demolitions,2003-04,London,
Demolitions,2004-05,London,
Demolitions,2005-06,London,
Demolitions,2006-07,London,3182.0
Demolitions,2007-08,London,1464.0
Demolitions,2008-09,London,1570.0
Demolitions,2009-10,London,1886.0
Demolitions,2010-11,London,1748.0
Demolitions,2011-12,London,1839.0
Demolitions,2012-13,London,1890.0
Demolitions,2013-14,London,1718.0
Demolitions,2014-15,London,2002.0
Demolitions,2015-16,London,3127.0
Demolitions,2016-17,London,1826.0
Demolitions,2017-18,London,2065.0
Demolitions,2018-19,London,2314.0
Demolitions,2019-20,London,2709.0
Demolitions,2020-21,London,294.0
Demolitions,2021-22,London,752.0
Demolitions,2022-23,London,362.0
Demolitions,2023-24,London,1593.0
Demolitions,2024-25,London,364.0
Of which under PDR: demolitions,2020-21,London,0.0
Of which under PDR: demolitions,2021-22,London,0.0
Of which under PDR: demolitions,2022-23,London,0.0
Of which under PDR: demolitions,2023-24,London,0.0
Of which under PDR: demolitions,2024-25,London,0.0
Adjustment to Census 2011,2000-01,London,
Adjustment to Census 2011,2001-02,London,3988.0
Adjustment to Census 2011,2002-03,London,3988.0
Adjustment to Census 2011,2003-04,London,3988.0
Adjustment to Census 2011,2004-05,London,3988.0
Adjustment to Census 2011,2005-06,London,3988.0
Adjustment to Census 2011,2006-07,London,3988.0
Adjustment to Census 2011,2007-08,London,3988.0
Adjustment to Census 2011,2008-09,London,3988.0
Adjustment to Census 2011,2009-10,London,3988.0
Adjustment to Census 2011,2010-11,London,3988.0
Adjustment to Census 2021,2011-12,London,4806.0
Adjustment to Census 2021,2012-13,London,4806.0
Adjustment to Census 2021,2013-14,London,4806.0
Adjustment to Census 2021,2014-15,London,4806.0
Adjustment to Census 2021,2015-16,London,4806.0
Adjustment to Census 2021,2016-17,London,4806.0
Adjustment to Census 2021,2017-18,London,4806.0
Adjustment to Census 2021,2018-19,London,4806.0
Adjustment to Census 2021,2019-20,London,4806.0
Adjustment to Census 2021,2020-21,London,4806.0
Adjustment to Census 2021,2021-22,London,
Adjustment to Census 2021,2022-23,London,
Adjustment to Census 2021,2023-24,London,
Adjustment to Census 2021,2024-25,London,
Residual,2000-01,London,
Residual,2001-02,London,
Residual,2002-03,London,
Residual,2003-04,London,
Residual,2004-05,London,
Residual,2005-06,London,
Residual,2006-07,London,0.0
Residual,2007-08,London,0.0
Residual,2008-09,London,2.0
Residual,2009-10,London,0.0
Residual,2010-11,London,0.0
Residual,2011-12,London,0.0
Residual,2012-13,London,0.0
Residual,2013-14,London,0.0
Residual,2014-15,London,0.0
Residual,2015-16,London,0.0
Residual,2016-17,London,0.0
Residual,2017-18,London,0.0
Residual,2018-19,London,0.0
Residual,2019-20,London,0.0
Residual,2020-21,London,0.0
Residual,2021-22,London,0.0
Residual,2022-23,London,0.0
Residual,2023-24,London,0.0
Residual,2024-25,London,0.0
Net additions,2000-01,South East,25680.0
Net additions,2001-02,South East,26219.0
Net additions,2002-03,South East,27269.0
Net additions,2003-04,South East,29104.0
Net additions,2004-05,South East,33179.0
Net additions,2005-06,South East,34405.0
Net additions,2006-07,South East,35692.0
Net additions,2007-08,South East,36536.0
Net additions,2008-09,South East,33445.0
Net additions,2009-10,South East,23204.0
Net additions,2010-11,South East,23496.0
Net additions,2011-12,South East,24835.0
Net additions,2012-13,South East,22478.0
Net additions,2013-14,South East,22136.0
Net additions,2014-15,South East,28631.0
Net additions,2015-16,South East,35125.0
Net additions,2016-17,South East,36809.0
Net additions,2017-18,South East,39559.0
Net additions,2018-19,South East,41844.0
Net additions,2019-20,South East,41390.0
Net additions,2020-21,South East,39135.0
Net additions,2021-22,South East,41237.0
Net additions,2022-23,South East,42217.0
Net additions,2023-24,South East,38784.0
Net additions,2024-25,South East,34872.0
New build,2000-01,South East,
New build,2001-02,South East,
New build,2002-03,South East,
New build,2003-04,South East,
New build,2004-05,South East,
New build,2005-06,South East,
New build,2006-07,South East,32062.0
New build,2007-08,South East,33398.0
New build,2008-09,South East,29700.0
New build,2009-10,South East,20760.0
New build,2010-11,South East,20976.0
New build,2011-12,South East,23224.0
New build,2012-13,South East,20934.0
New build,2013-14,South East,20672.0
New build,2014-15,South East,25898.0
New build,2015-16,South East,29172.0
New build,2016-17,South East,30242.0
New build,2017-18,South East,34943.0
New build,2018-19,South East,36678.0
New build,2019-20,South East,36739.0
New build,2020-21,South East,33932.0
New build,2021-22,South East,37278.0
New build,2022-23,South East,38361.0
New build,2023-24,South East,34366.0
New build,2024-25,South East,31469.0
Of which under PDR: building upwards to create dwelling houses on detached blocks of flats,2020-21,South East,0.0
Of which under PDR: building upwards to create dwelling houses on detached blocks of flats,2021-22,South East,0.0
Of which under PDR: building upwards to create dwelling houses on detached blocks of flats,2022-23,South East,2.0
Of which under PDR: building upwards to create dwelling houses on detached blocks of flats,2023-24,South East,25.0
Of which under PDR: building upwards to create dwelling houses on detached blocks of flats,2024-25,South East,43.0
Of which under PDR: building upwards to create dwelling houses on detached commercial or mixed-use buildings,2020-21,South East,0.0
Of which under PDR: building upwards to create dwelling houses on detached commercial or mixed-use buildings,2021-22,South East,0.0
Of which under PDR: building upwards to create dwelling houses on detached commercial or mixed-use buildings,2022-23,South East,0.0
Of which under PDR: building upwards to create dwelling houses on detached commercial or mixed-use buildings,2023-24,South East,30.0
Of which under PDR: building upwards to create dwelling houses on detached commercial or mixed-use buildings,2024-25,South East,0.0
Of which under PDR: building upwards to create dwelling houses on commercial or mixed-use buildings in a terrace,2020-21,South East,0.0
Of which under PDR: building upwards to create dwelling houses on commercial or mixed-use buildings in a terrace,2021-22,South East,0.0
Of which under PDR: building upwards to create dwelling houses on commercial or mixed-use buildings in a terrace,2022-23,South East,0.0
Of which under PDR: building upwards to create dwelling houses on commercial or mixed-use buildings in a terrace,2023-24,South East,0.0
Of which under PDR: building upwards to create dwelling houses on commercial or mixed-use buildings in a terrace,2024-25,South East,6.0
Of which under PDR: building upwards to create dwelling houses on dwelling houses in a terrace,2020-21,South East,0.0
Of which under PDR: building upwards to create dwelling houses on dwelling houses in a terrace,2021-22,South East,0.0
Of which under PDR: building upwards to create dwelling houses on dwelling houses in a terrace,2022-23,South East,0.0
Of which under PDR: building upwards to create dwelling houses on dwelling houses in a terrace,2023-24,South East,0.0
Of which under PDR: building upwards to create dwelling houses on dwelling houses in a terrace,2024-25,South East,0.0
Of which under PDR: building upwards to create dwelling houses on detached dwelling houses,2020-21,South East,0.0
Of which under PDR: building upwards to create dwelling houses on detached dwelling houses,2021-22,South East,0.0
Of which under PDR: building upwards to create dwelling houses on detached dwelling houses,2022-23,South East,0.0
Of which under PDR: building upwards to create dwelling houses on detached dwelling houses,2023-24,South East,0.0
Of which under PDR: building upwards to create dwelling houses on detached dwelling houses,2024-25,South East,0.0
Of which under PDR: demolition of buildings and construction of dwelling houses,2020-21,South East,0.0
Of which under PDR: demolition of buildings and construction of dwelling houses,2021-22,South East,0.0
Of which under PDR: demolition of buildings and construction of dwelling houses,2022-23,South East,0.0
Of which under PDR: demolition of buildings and construction of dwelling houses,2023-24,South East,0.0
Of which under PDR: demolition of buildings and construction of dwelling houses,2024-25,South East,0.0
Of which under PDR: unspecified (new build),2020-21,South East,391.0
Of which under PDR: unspecified (new build),2021-22,South East,17.0
Of which under PDR: unspecified (new build),2022-23,South East,35.0
Of which under PDR: unspecified (new build),2023-24,South East,326.0
Of which under PDR: unspecified (new build),2024-25,South East,24.0
Of which under PDR: total (new build),2020-21,South East,391.0
Of which under PDR: total (new build),2021-22,South East,17.0
Of which under PDR: total (new build),2022-23,South East,37.0
Of which under PDR: total (new build),2023-24,South East,381.0
Of which under PDR: total (new build),2024-25,South East,73.0
Net conversions,2000-01,South East,
Net conversions,2001-02,South East,
Net conversions,2002-03,South East,
Net conversions,2003-04,South East,
Net conversions,2004-05,South East,
Net conversions,2005-06,South East,
Net conversions,2006-07,South East,1763.0
Net conversions,2007-08,South East,1791.0
Net conversions,2008-09,South East,2160.0
Net conversions,2009-10,South East,1251.0
Net conversions,2010-11,South East,1297.0
Net conversions,2011-12,South East,846.0
Net conversions,2012-13,South East,740.0
Net conversions,2013-14,South East,690.0
Net conversions,2014-15,South East,692.0
Net conversions,2015-16,South East,761.0
Net conversions,2016-17,South East,953.0
Net conversions,2017-18,South East,698.0
Net conversions,2018-19,South East,679.0
Net conversions,2019-20,South East,552.0
Net conversions,2020-21,South East,496.0
Net conversions,2021-22,South East,686.0
Net conversions,2022-23,South East,609.0
Net conversions,2023-24,South East,602.0
Net conversions,2024-25,South East,479.0
Net change of use,2000-01,South East,
Net change of use,2001-02,South East,
Net change of use,2002-03,South East,
Net change of use,2003-04,South East,
Net change of use,2004-05,South East,
Net change of use,2005-06,South East,
Net change of use,2006-07,South East,2895.0
Net change of use,2007-08,South East,2555.0
Net change of use,2008-09,South East,2480.0
Net change of use,2009-10,South East,1909.0
Net change of use,2010-11,South East,1740.0
Net change of use,2011-12,South East,2034.0
Net change of use,2012-13,South East,2260.0
Net change of use,2013-14,South East,2545.0
Net change of use,2014-15,South East,4003.0
Net change of use,2015-16,South East,6246.0
Net change of use,2016-17,South East,7219.0
Net change of use,2017-18,South East,5121.0
Net change of use,2018-19,South East,5526.0
Net change of use,2019-20,South East,5114.0
Net change of use,2020-21,South East,5525.0
Net change of use,2021-22,South East,4426.0
Net change of use,2022-23,South East,4885.0
Net change of use,2023-24,South East,4735.0
Net change of use,2024-25,South East,3929.0
Of which under PDR: agricultural to residential,2015-16,South East,63.0
Of which under PDR: agricultural to residential,2016-17,South East,66.0
Of which under PDR: agricultural to residential,2017-18,South East,147.0
Of which under PDR: agricultural to residential,2018-19,South East,119.0
Of which under PDR: agricultural to residential,2019-20,South East,133.0
Of which under PDR: agricultural to residential,2020-21,South East,163.0
Of which under PDR: agricultural to residential,2021-22,South East,115.0
Of which under PDR: agricultural to residential,2022-23,South East,93.0
Of which under PDR: agricultural to residential,2023-24,South East,76.0
Of which under PDR: agricultural to residential,2024-25,South East,85.0
Of which under PDR: office to residential,2015-16,South East,3421.0
Of which under PDR: office to residential,2016-17,South East,3571.0
Of which under PDR: office to residential,2017-18,South East,2498.0
Of which under PDR: office to residential,2018-19,South East,2893.0
Of which under PDR: office to residential,2019-20,South East,2575.0
Of which under PDR: office to residential,2020-21,South East,3192.0
Of which under PDR: office to residential,2021-22,South East,1888.0
Of which under PDR: office to residential,2022-23,South East,2506.0
Of which under PDR: office to residential,2023-24,South East,2143.0
Of which under PDR: office to residential,2024-25,South East,1724.0
Of which under PDR: storage to residential,2015-16,South East,10.0
Of which under PDR: storage to residential,2016-17,South East,29.0
Of which under PDR: storage to residential,2017-18,South East,16.0
Of which under PDR: storage to residential,2018-19,South East,40.0
Of which under PDR: storage to residential,2019-20,South East,9.0
Of which under PDR: storage to residential,2020-21,South East,36.0
Of which under PDR: storage to residential,2021-22,South East,18.0
Of which under PDR: storage to residential,2022-23,South East,6.0
Of which under PDR: storage to residential,2023-24,South East,43.0
Of which under PDR: light industrial use to residential,2015-16,South East,
Of which under PDR: light industrial use to residential,2016-17,South East,
Of which under PDR: light industrial use to residential,2017-18,South East,33.0
Of which under PDR: light industrial use to residential,2018-19,South East,20.0
Of which under PDR: light industrial use to residential,2019-20,South East,12.0
Of which under PDR: light industrial use to residential,2020-21,South East,24.0
Of which under PDR: light industrial use to residential,2021-22,South East,48.0
Of which under PDR: light industrial use to residential,2022-23,South East,65.0
Of which under PDR: light industrial use to residential,2023-24,South East,13.0
Of which under PDR: light industrial use to residential,2024-25,South East,49.0
"Of which under PDR: commercial, business and service to residential",2022-23,South East,119.0
"Of which under PDR: commercial, business and service to residential",2023-24,South East,162.0
"Of which under PDR: commercial, business and service to residential",2024-25,South East,478.0
Of which under PDR: any other to residential,2015-16,South East,84.0
Of which under PDR: any other to residential,2016-17,South East,99.0
Of which under PDR: any other to residential,2017-18,South East,173.0
Of which under PDR: any other to residential,2018-19,South East,138.0
Of which under PDR: any other to residential,2019-20,South East,86.0
Of which under PDR: any other to residential,2020-21,South East,158.0
Of which under PDR: any other to residential,2021-22,South East,121.0
Of which under PDR: any other to residential,2022-23,South East,105.0
Of which under PDR: any other to residential,2023-24,South East,115.0
Of which under PDR: any other to residential,2024-25,South East,65.0
Of which under PDR: unspecified to residential,2015-16,South East,3.0
Of which under PDR: unspecified to residential,2016-17,South East,0.0
Of which under PDR: unspecified to residential,2017-18,South East,26.0
Of which under PDR: unspecified to residential,2018-19,South East,67.0
Of which under PDR: unspecified to residential,2019-20,South East,0.0
Of which under PDR: unspecified to residential,2020-21,South East,1.0
Of which under PDR: unspecified to residential,2021-22,South East,34.0
Of which under PDR: unspecified to residential,2022-23,South East,6.0
Of which under PDR: unspecified to residential,2023-24,South East,20.0
Of which under PDR: unspecified to residential,2024-25,South East,4.0
Of which under PDR: total to residential,2015-16,South East,3581.0
Of which under PDR: total to residential,2016-17,South East,3765.0
Of which under PDR: total to residential,2017-18,South East,2893.0
Of which under PDR: total to residential,2018-19,South East,3277.0
Of which under PDR: total to residential,2019-20,South East,2815.0
Of which under PDR: total to residential,2020-21,South East,3574.0
Of which under PDR: total to residential,2021-22,South East,2224.0
Of which under PDR: total to residential,2022-23,South East,2900.0
Of which under PDR: total to residential,2023-24,South East,2572.0
Of which under PDR: total to residential,2024-25,South East,2405.0
Net other gains and losses,2000-01,South East,
Net other gains and losses,2001-02,South East,
Net other gains and losses,2002-03,South East,
Net other gains and losses,2003-04,South East,
Net other gains and losses,2004-05,South East,
Net other gains and losses,2005-06,South East,
Net other gains and losses,2006-07,South East,0.0
Net other gains and losses,2007-08,South East,0.0
Net other gains and losses,2008-09,South East,0.0
Net other gains and losses,2009-10,South East,29.0
Net other gains and losses,2010-11,South East,173.0
Net other gains and losses,2011-12,South East,100.0
Net other gains and losses,2012-13,South East,103.0
Net other gains and losses,2013-14,South East,173.0
Net other gains and losses,2014-15,South East,87.0
Net other gains and losses,2015-16,South East,275.0
Net other gains and losses,2016-17,South East,196.0
Net other gains and losses,2017-18,South East,163.0
Net other gains and losses,2018-19,South East,247.0
Net other gains and losses,2019-20,South East,198.0
Net other gains and losses,2020-21,South East,87.0
Net other gains and losses,2021-22,South East,88.0
Net other gains and losses,2022-23,South East,174.0
Net other gains and losses,2023-24,South East,230.0
Net other gains and losses,2024-25,South East,213.0
Demolitions,2000-01,South East,
Demolitions,2001-02,South East,
Demolitions,2002-03,South East,
Demolitions,2003-04,South East,
Demolitions,2004-05,South East,
Demolitions,2005-06,South East,
Demolitions,2006-07,South East,2157.0
Demolitions,2007-08,South East,2337.0
Demolitions,2008-09,South East,2020.0
Demolitions,2009-10,South East,1874.0
Demolitions,2010-11,South East,1819.0
Demolitions,2011-12,South East,1652.0
Demolitions,2012-13,South East,1842.0
Demolitions,2013-14,South East,2227.0
Demolitions,2014-15,South East,2332.0
Demolitions,2015-16,South East,1612.0
Demolitions,2016-17,South East,2084.0
Demolitions,2017-18,South East,1649.0
Demolitions,2018-19,South East,1569.0
Demolitions,2019-20,South East,1496.0
Demolitions,2020-21,South East,1188.0
Demolitions,2021-22,South East,1241.0
Demolitions,2022-23,South East,1812.0
Demolitions,2023-24,South East,1149.0
Demolitions,2024-25,South East,1218.0
Of which under PDR: demolitions,2020-21,South East,0.0
Of which under PDR: demolitions,2021-22,South East,0.0
Of which under PDR: demolitions,2022-23,South East,0.0
Of which under PDR: demolitions,2023-24,South East,7.0
Of which under PDR: demolitions,2024-25,South East,10.0
Adjustment to Census 2011,2000-01,South East,
Adjustment to Census 2011,2001-02,South East,1129.0
Adjustment to Census 2011,2002-03,South East,1129.0
Adjustment to Census 2011,2003-04,South East,1129.0
Adjustment to Census 2011,2004-05,South East,1129.0
Adjustment to Census 2011,2005-06,South East,1129.0
Adjustment to Census 2011,2006-07,South East,1129.0
Adjustment to Census 2011,2007-08,South East,1129.0
Adjustment to Census 2011,2008-09,South East,1129.0
Adjustment to Census 2011,2009-10,South East,1129.0
Adjustment to Census 2011,2010-11,South East,1129.0
Adjustment to Census 2021,2011-12,South East,283.0
Adjustment to Census 2021,2012-13,South East,283.0
Adjustment to Census 2021,2013-14,South East,283.0
Adjustment to Census 2021,2014-15,South East,283.0
Adjustment to Census 2021,2015-16,South East,283.0
Adjustment to Census 2021,2016-17,South East,283.0
Adjustment to Census 2021,2017-18,South East,283.0
Adjustment to Census 2021,2018-19,South East,283.0
Adjustment to Census 2021,2019-20,South East,283.0
Adjustment to Census 2021,2020-21,South East,283.0
Adjustment to Census 2021,2021-22,South East,
Adjustment to Census 2021,2022-23,South East,
Adjustment to Census 2021,2023-24,South East,
Adjustment to Census 2021,2024-25,South East,
Residual,2000-01,South East,
Residual,2001-02,South East,
Residual,2002-03,South East,
Residual,2003-04,South East,
Residual,2004-05,South East,
Residual,2005-06,South East,
Residual,2006-07,South East,0.0
Residual,2007-08,South East,0.0
Residual,2008-09,South East,-4.0
Residual,2009-10,South East,0.0
Residual,2010-11,South East,0.0
Residual,2011-12,South East,0.0
Residual,2012-13,South East,0.0
Residual,2013-14,South East,0.0
Residual,2014-15,South East,0.0
Residual,2015-16,South East,0.0
Residual,2016-17,South East,0.0
Residual,2017-18,South East,0.0
Residual,2018-19,South East,0.0
Residual,2019-20,South East,0.0
Residual,2020-21,South East,0.0
Residual,2021-22,South East,0.0
Residual,2022-23,South East,0.0
Residual,2023-24,South East,0.0
Residual,2024-25,South East,0.0
Net additions,2000-01,South West,19790.0
Net additions,2001-02,South West,21619.0
Net additions,2002-03,South West,21809.0
Net additions,2003-04,South West,22158.0
Net additions,2004-05,South West,22489.0
Net additions,2005-06,South West,22504.0
Net additions,2006-07,South West,24688.0
Net additions,2007-08,South West,27206.0
Net additions,2008-09,South West,22657.0
Net additions,2009-10,South West,17703.0
Net additions,2010-11,South West,17710.0
Net additions,2011-12,South West,18570.0
Net additions,2012-13,South West,16853.0
Net additions,2013-14,South West,19865.0
Net additions,2014-15,South West,22870.0
Net additions,2015-16,South West,23696.0
Net additions,2016-17,South West,25821.0
Net additions,2017-18,South West,27293.0
Net additions,2018-19,South West,27001.0
Net additions,2019-20,South West,24766.0
Net additions,2020-21,South West,22811.0
Net additions,2021-22,South West,24203.0
Net additions,2022-23,South West,24767.0
Net additions,2023-24,South West,21167.0
Net additions,2024-25,South West,21064.0
New build,2000-01,South West,
New build,2001-02,South West,
New build,2002-03,South West,
New build,2003-04,South West,
New build,2004-05,South West,
New build,2005-06,South West,
New build,2006-07,South West,24409.0
New build,2007-08,South West,26376.0
New build,2008-09,South West,19520.0
New build,2009-10,South West,15696.0
New build,2010-11,South West,16223.0
New build,2011-12,South West,16342.0
New build,2012-13,South West,15084.0
New build,2013-14,South West,17539.0
New build,2014-15,South West,19324.0
New build,2015-16,South West,19247.0
New build,2016-17,South West,21196.0
New build,2017-18,South West,22711.0
New build,2018-19,South West,22497.0
New build,2019-20,South West,20744.0
New build,2020-21,South West,19102.0
New build,2021-22,South West,21273.0
New build,2022-23,South West,21505.0
New build,2023-24,South West,18917.0
New build,2024-25,South West,18362.0
Of which under PDR: building upwards to create dwelling houses on detached blocks of flats,2020-21,South West,0.0
Of which under PDR: building upwards to create dwelling houses on detached blocks of flats,2021-22,South West,0.0
Of which under PDR: building upwards to create dwelling houses on detached blocks of flats,2022-23,South West,0.0
Of which under PDR: building upwards to create dwelling houses on detached blocks of flats,2023-24,South West,0.0
Of which under PDR: building upwards to create dwelling houses on detached blocks of flats,2024-25,South West,0.0
Of which under PDR: building upwards to create dwelling houses on detached commercial or mixed-use buildings,2020-21,South West,0.0
Of which under PDR: building upwards to create dwelling houses on detached commercial or mixed-use buildings,2021-22,South West,0.0
Of which under PDR: building upwards to create dwelling houses on detached commercial or mixed-use buildings,2022-23,South West,0.0
Of which under PDR: building upwards to create dwelling houses on detached commercial or mixed-use buildings,2023-24,South West,0.0
Of which under PDR: building upwards to create dwelling houses on detached commercial or mixed-use buildings,2024-25,South West,0.0
Of which under PDR: building upwards to create dwelling houses on commercial or mixed-use buildings in a terrace,2020-21,South West,0.0
Of which under PDR: building upwards to create dwelling houses on commercial or mixed-use buildings in a terrace,2021-22,South West,0.0
Of which under PDR: building upwards to create dwelling houses on commercial or mixed-use buildings in a terrace,2022-23,South West,0.0
Of which under PDR: building upwards to create dwelling houses on commercial or mixed-use buildings in a terrace,2023-24,South West,0.0
Of which under PDR: building upwards to create dwelling houses on commercial or mixed-use buildings in a terrace,2024-25,South West,0.0
Of which under PDR: building upwards to create dwelling houses on dwelling houses in a terrace,2020-21,South West,0.0
Of which under PDR: building upwards to create dwelling houses on dwelling houses in a terrace,2021-22,South West,0.0
Of which under PDR: building upwards to create dwelling houses on dwelling houses in a terrace,2022-23,South West,0.0
Of which under PDR: building upwards to create dwelling houses on dwelling houses in a terrace,2023-24,South West,0.0
Of which under PDR: building upwards to create dwelling houses on dwelling houses in a terrace,2024-25,South West,0.0
Of which under PDR: building upwards to create dwelling houses on detached dwelling houses,2020-21,South West,0.0
Of which under PDR: building upwards to create dwelling houses on detached dwelling houses,2021-22,South West,0.0
Of which under PDR: building upwards to create dwelling houses on detached dwelling houses,2022-23,South West,0.0
Of which under PDR: building upwards to create dwelling houses on detached dwelling houses,2023-24,South West,0.0
Of which under PDR: building upwards to create dwelling houses on detached dwelling houses,2024-25,South West,0.0
Of which under PDR: demolition of buildings and construction of dwelling houses,2020-21,South West,0.0
Of which under PDR: demolition of buildings and construction of dwelling houses,2021-22,South West,0.0
Of which under PDR: demolition of buildings and construction of dwelling houses,2022-23,South West,0.0
Of which under PDR: demolition of buildings and construction of dwelling houses,2023-24,South West,0.0
Of which under PDR: demolition of buildings and construction of dwelling houses,2024-25,South West,0.0
Of which under PDR: unspecified (new build),2020-21,South West,0.0
Of which under PDR: unspecified (new build),2021-22,South West,7.0
Of which under PDR: unspecified (new build),2022-23,South West,0.0
Of which under PDR: unspecified (new build),2023-24,South West,72.0
Of which under PDR: unspecified (new build),2024-25,South West,0.0
Of which under PDR: total (new build),2020-21,South West,0.0
Of which under PDR: total (new build),2021-22,South West,7.0
Of which under PDR: total (new build),2022-23,South West,0.0
Of which under PDR: total (new build),2023-24,South West,72.0
Of which under PDR: total (new build),2024-25,South West,0.0
Net conversions,2000-01,South West,
Net conversions,2001-02,South West,
Net conversions,2002-03,South West,
Net conversions,2003-04,South West,
Net conversions,2004-05,South West,
Net conversions,2005-06,South West,
Net conversions,2006-07,South West,960.0
Net conversions,2007-08,South West,1196.0
Net conversions,2008-09,South West,2030.0
Net conversions,2009-10,South West,1011.0
Net conversions,2010-11,South West,730.0
Net conversions,2011-12,South West,579.0
Net conversions,2012-13,South West,526.0
Net conversions,2013-14,South West,425.0
Net conversions,2014-15,South West,430.0
Net conversions,2015-16,South West,608.0
Net conversions,2016-17,South West,624.0
Net conversions,2017-18,South West,622.0
Net conversions,2018-19,South West,560.0
Net conversions,2019-20,South West,438.0
Net conversions,2020-21,South West,484.0
Net conversions,2021-22,South West,352.0
Net conversions,2022-23,South West,357.0
Net conversions,2023-24,South West,264.0
Net conversions,2024-25,South West,248.0
Net change of use,2000-01,South West,
Net change of use,2001-02,South West,
Net change of use,2002-03,South West,
Net change of use,2003-04,South West,
Net change of use,2004-05,South West,
Net change of use,2005-06,South West,
Net change of use,2006-07,South West,2547.0
Net change of use,2007-08,South West,2305.0
Net change of use,2008-09,South West,2150.0
Net change of use,2009-10,South West,2066.0
Net change of use,2010-11,South West,1742.0
Net change of use,2011-12,South West,2117.0
Net change of use,2012-13,South West,1536.0
Net change of use,2013-14,South West,1994.0
Net change of use,2014-15,South West,3289.0
Net change of use,2015-16,South West,3801.0
Net change of use,2016-17,South West,3938.0
Net change of use,2017-18,South West,3851.0
Net change of use,2018-19,South West,3767.0
Net change of use,2019-20,South West,3206.0
Net change of use,2020-21,South West,3533.0
Net change of use,2021-22,South West,2813.0
Net change of use,2022-23,South West,3150.0
Net change of use,2023-24,South West,2357.0
Net change of use,2024-25,South West,2659.0
Of which under PDR: agricultural to residential,2015-16,South West,40.0
Of which under PDR: agricultural to residential,2016-17,South West,69.0
Of which under PDR: agricultural to residential,2017-18,South West,220.0
Of which under PDR: agricultural to residential,2018-19,South West,109.0
Of which under PDR: agricultural to residential,2019-20,South West,262.0
Of which under PDR: agricultural to residential,2020-21,South West,266.0
Of which under PDR: agricultural to residential,2021-22,South West,150.0
Of which under PDR: agricultural to residential,2022-23,South West,187.0
Of which under PDR: agricultural to residential,2023-24,South West,142.0
Of which under PDR: agricultural to residential,2024-25,South West,96.0
Of which under PDR: office to residential,2015-16,South West,1213.0
Of which under PDR: office to residential,2016-17,South West,733.0
Of which under PDR: office to residential,2017-18,South West,561.0
Of which under PDR: office to residential,2018-19,South West,707.0
Of which under PDR: office to residential,2019-20,South West,417.0
Of which under PDR: office to residential,2020-21,South West,732.0
Of which under PDR: office to residential,2021-22,South West,808.0
Of which under PDR: office to residential,2022-23,South West,749.0
Of which under PDR: office to residential,2023-24,South West,367.0
Of which under PDR: office to residential,2024-25,South West,488.0
Of which under PDR: storage to residential,2015-16,South West,5.0
Of which under PDR: storage to residential,2016-17,South West,9.0
Of which under PDR: storage to residential,2017-18,South West,7.0
Of which under PDR: storage to residential,2018-19,South West,7.0
Of which under PDR: storage to residential,2019-20,South West,16.0
Of which under PDR: storage to residential,2020-21,South West,5.0
Of which under PDR: storage to residential,2021-22,South West,10.0
Of which under PDR: storage to residential,2022-23,South West,10.0
Of which under PDR: storage to residential,2023-24,South West,5.0
Of which under PDR: light industrial use to residential,2015-16,South West,
Of which under PDR: light industrial use to residential,2016-17,South West,
Of which under PDR: light industrial use to residential,2017-18,South West,4.0
Of which under PDR: light industrial use to residential,2018-19,South West,2.0
Of which under PDR: light industrial use to residential,2019-20,South West,1.0
Of which under PDR: light industrial use to residential,2020-21,South West,11.0
Of which under PDR: light industrial use to residential,2021-22,South West,19.0
Of which under PDR: light industrial use to residential,2022-23,South West,17.0
Of which under PDR: light industrial use to residential,2023-24,South West,9.0
Of which under PDR: light industrial use to residential,2024-25,South West,18.0
"Of which under PDR: commercial, business and service to residential",2022-23,South West,58.0
"Of which under PDR: commercial, business and service to residential",2023-24,South West,180.0
"Of which under PDR: commercial, business and service to residential",2024-25,South West,108.0
Of which under PDR: any other to residential,2015-16,South West,13.0
Of which under PDR: any other to residential,2016-17,South West,37.0
Of which under PDR: any other to residential,2017-18,South West,139.0
Of which under PDR: any other to residential,2018-19,South West,81.0
Of which under PDR: any other to residential,2019-20,South West,28.0
Of which under PDR: any other to residential,2020-21,South West,35.0
Of which under PDR: any other to residential,2021-22,South West,62.0
Of which under PDR: any other to residential,2022-23,South West,77.0
Of which under PDR: any other to residential,2023-24,South West,24.0
Of which under PDR: any other to residential,2024-25,South West,61.0
Of which under PDR: unspecified to residential,2015-16,South West,3.0
Of which under PDR: unspecified to residential,2016-17,South West,0.0
Of which under PDR: unspecified to residential,2017-18,South West,0.0
Of which under PDR: unspecified to residential,2018-19,South West,3.0
Of which under PDR: unspecified to residential,2019-20,South West,0.0
Of which under PDR: unspecified to residential,2020-21,South West,21.0
Of which under PDR: unspecified to residential,2021-22,South West,1.0
Of which under PDR: unspecified to residential,2022-23,South West,0.0
Of which under PDR: unspecified to residential,2023-24,South West,0.0
Of which under PDR: unspecified to residential,2024-25,South West,0.0
Of which under PDR: total to residential,2015-16,South West,1274.0
Of which under PDR: total to residential,2016-17,South West,848.0
Of which under PDR: total to residential,2017-18,South West,931.0
Of which under PDR: total to residential,2018-19,South West,909.0
Of which under PDR: total to residential,2019-20,South West,724.0
Of which under PDR: total to residential,2020-21,South West,1070.0
Of which under PDR: total to residential,2021-22,South West,1050.0
Of which under PDR: total to residential,2022-23,South West,1098.0
Of which under PDR: total to residential,2023-24,South West,727.0
Of which under PDR: total to residential,2024-25,South West,771.0
Net other gains and losses,2000-01,South West,
Net other gains and losses,2001-02,South West,
Net other gains and losses,2002-03,South West,
Net other gains and losses,2003-04,South West,
Net other gains and losses,2004-05,South West,
Net other gains and losses,2005-06,South West,
Net other gains and losses,2006-07,South West,58.0
Net other gains and losses,2007-08,South West,187.0
Net other gains and losses,2008-09,South West,40.0
Net other gains and losses,2009-10,South West,-19.0
Net other gains and losses,2010-11,South West,34.0
Net other gains and losses,2011-12,South West,2.0
Net other gains and losses,2012-13,South West,72.0
Net other gains and losses,2013-14,South West,134.0
Net other gains and losses,2014-15,South West,69.0
Net other gains and losses,2015-16,South West,245.0
Net other gains and losses,2016-17,South West,198.0
Net other gains and losses,2017-18,South West,169.0
Net other gains and losses,2018-19,South West,268.0
Net other gains and losses,2019-20,South West,399.0
Net other gains and losses,2020-21,South West,151.0
Net other gains and losses,2021-22,South West,271.0
Net other gains and losses,2022-23,South West,281.0
Net other gains and losses,2023-24,South West,9.0
Net other gains and losses,2024-25,South West,218.0
Demolitions,2000-01,South West,
Demolitions,2001-02,South West,
Demolitions,2002-03,South West,
Demolitions,2003-04,South West,
Demolitions,2004-05,South West,
Demolitions,2005-06,South West,
Demolitions,2006-07,South West,2817.0
Demolitions,2007-08,South West,2505.0
Demolitions,2008-09,South West,880.0
Demolitions,2009-10,South West,840.0
Demolitions,2010-11,South West,808.0
Demolitions,2011-12,South West,963.0
Demolitions,2012-13,South West,858.0
Demolitions,2013-14,South West,720.0
Demolitions,2014-15,South West,735.0
Demolitions,2015-16,South West,698.0
Demolitions,2016-17,South West,628.0
Demolitions,2017-18,South West,553.0
Demolitions,2018-19,South West,584.0
Demolitions,2019-20,South West,514.0
Demolitions,2020-21,South West,952.0
Demolitions,2021-22,South West,506.0
Demolitions,2022-23,South West,526.0
Demolitions,2023-24,South West,380.0
Demolitions,2024-25,South West,423.0
Of which under PDR: demolitions,2020-21,South West,0.0
Of which under PDR: demolitions,2021-22,South West,0.0
Of which under PDR: demolitions,2022-23,South West,1.0
Of which under PDR: demolitions,2023-24,South West,5.0
Of which under PDR: demolitions,2024-25,South West,1.0
Adjustment to Census 2011,2000-01,South West,
Adjustment to Census 2011,2001-02,South West,-211.0
Adjustment to Census 2011,2002-03,South West,-211.0
Adjustment to Census 2011,2003-04,South West,-211.0
Adjustment to Census 2011,2004-05,South West,-211.0
Adjustment to Census 2011,2005-06,South West,-211.0
Adjustment to Census 2011,2006-07,South West,-211.0
Adjustment to Census 2011,2007-08,South West,-211.0
Adjustment to Census 2011,2008-09,South West,-211.0
Adjustment to Census 2011,2009-10,South West,-211.0
Adjustment to Census 2011,2010-11,South West,-211.0
Adjustment to Census 2021,2011-12,South West,493.0
Adjustment to Census 2021,2012-13,South West,493.0
Adjustment to Census 2021,2013-14,South West,493.0
Adjustment to Census 2021,2014-15,South West,493.0
Adjustment to Census 2021,2015-16,South West,493.0
Adjustment to Census 2021,2016-17,South West,493.0
Adjustment to Census 2021,2017-18,South West,493.0
Adjustment to Census 2021,2018-19,South West,493.0
Adjustment to Census 2021,2019-20,South West,493.0
Adjustment to Census 2021,2020-21,South West,493.0
Adjustment to Census 2021,2021-22,South West,
Adjustment to Census 2021,2022-23,South West,
Adjustment to Census 2021,2023-24,South West,
Adjustment to Census 2021,2024-25,South West,
Residual,2000-01,South West,
Residual,2001-02,South West,
Residual,2002-03,South West,
Residual,2003-04,South West,
Residual,2004-05,South West,
Residual,2005-06,South West,
Residual,2006-07,South West,-258.0
Residual,2007-08,South West,-142.0
Residual,2008-09,South West,8.0
Residual,2009-10,South West,0.0
Residual,2010-11,South West,0.0
Residual,2011-12,South West,0.0
Residual,2012-13,South West,0.0
Residual,2013-14,South West,0.0
Residual,2014-15,South West,0.0
Residual,2015-16,South West,0.0
Residual,2016-17,South West,0.0
Residual,2017-18,South West,0.0
Residual,2018-19,South West,0.0
Residual,2019-20,South West,0.0
Residual,2020-21,South West,0.0
Residual,2021-22,South West,0.0
Residual,2022-23,South West,0.0
Residual,2023-24,South West,0.0
Residual,2024-25,South West,0.0
Net additions,2000-01,England,132000.0
Net additions,2001-02,England,146704.0
Net additions,2002-03,England,159875.0
Net additions,2003-04,England,170969.0
Net additions,2004-05,England,185553.0
Net additions,2005-06,England,202653.0
Net additions,2006-07,England,214936.0
Net additions,2007-08,England,223534.0
Net additions,2008-09,England,182767.0
Net additions,2009-10,England,144870.0
Net additions,2010-11,England,137394.0
Net additions,2011-12,England,140785.0
Net additions,2012-13,England,130611.0
Net additions,2013-14,England,142494.0
Net additions,2014-15,England,176582.0
Net additions,2015-16,England,195534.0
Net additions,2016-17,England,223234.0
Net additions,2017-18,England,228170.0
Net additions,2018-19,England,247766.0
Net additions,2019-20,England,248591.0
Net additions,2020-21,England,217754.0
Net additions,2021-22,England,234462.0
Net additions,2022-23,England,234292.0
Net additions,2023-24,England,221409.0
Net additions,2024-25,England,208600.0
New build,2000-01,England,
New build,2001-02,England,
New build,2002-03,England,
New build,2003-04,England,
New build,2004-05,England,
New build,2005-06,England,
New build,2006-07,England,193080.0
New build,2007-08,England,200300.0
New build,2008-09,England,157630.0
New build,2009-10,England,124198.0
New build,2010-11,England,117695.0
New build,2011-12,England,128159.0
New build,2012-13,England,118536.0
New build,2013-14,England,130344.0
New build,2014-15,England,155078.0
New build,2015-16,England,163939.0
New build,2016-17,England,183571.0
New build,2017-18,England,195387.0
New build,2018-19,England,214413.0
New build,2019-20,England,219120.0
New build,2020-21,England,191819.0
New build,2021-22,England,211665.0
New build,2022-23,England,212364.0
New build,2023-24,England,198681.0
New build,2024-25,England,190602.0
Of which under PDR: building upwards to create dwelling houses on detached blocks of flats,2020-21,England,0.0
Of which under PDR: building upwards to create dwelling houses on detached blocks of flats,2021-22,England,0.0
Of which under PDR: building upwards to create dwelling houses on detached blocks of flats,2022-23,England,35.0
Of which under PDR: building upwards to create dwelling houses on detached blocks of flats,2023-24,England,37.0
Of which under PDR: building upwards to create dwelling houses on detached blocks of flats,2024-25,England,43.0
Of which under PDR: building upwards to create dwelling houses on detached commercial or mixed-use buildings,2020-21,England,0.0
Of which under PDR: building upwards to create dwelling houses on detached commercial or mixed-use buildings,2021-22,England,0.0
Of which under PDR: building upwards to create dwelling houses on detached commercial or mixed-use buildings,2022-23,England,0.0
Of which under PDR: building upwards to create dwelling houses on detached commercial or mixed-use buildings,2023-24,England,38.0
Of which under PDR: building upwards to create dwelling houses on detached commercial or mixed-use buildings,2024-25,England,3.0
Of which under PDR: building upwards to create dwelling houses on commercial or mixed-use buildings in a terrace,2020-21,England,0.0
Of which under PDR: building upwards to create dwelling houses on commercial or mixed-use buildings in a terrace,2021-22,England,0.0
Of which under PDR: building upwards to create dwelling houses on commercial or mixed-use buildings in a terrace,2022-23,England,0.0
Of which under PDR: building upwards to create dwelling houses on commercial or mixed-use buildings in a terrace,2023-24,England,0.0
Of which under PDR: building upwards to create dwelling houses on commercial or mixed-use buildings in a terrace,2024-25,England,6.0
Of which under PDR: building upwards to create dwelling houses on dwelling houses in a terrace,2020-21,England,0.0
Of which under PDR: building upwards to create dwelling houses on dwelling houses in a terrace,2021-22,England,0.0
Of which under PDR: building upwards to create dwelling houses on dwelling houses in a terrace,2022-23,England,0.0
Of which under PDR: building upwards to create dwelling houses on dwelling houses in a terrace,2023-24,England,0.0
Of which under PDR: building upwards to create dwelling houses on dwelling houses in a terrace,2024-25,England,0.0
Of which under PDR: building upwards to create dwelling houses on detached dwelling houses,2020-21,England,0.0
Of which under PDR: building upwards to create dwelling houses on detached dwelling houses,2021-22,England,0.0
Of which under PDR: building upwards to create dwelling houses on detached dwelling houses,2022-23,England,0.0
Of which under PDR: building upwards to create dwelling houses on detached dwelling houses,2023-24,England,0.0
Of which under PDR: building upwards to create dwelling houses on detached dwelling houses,2024-25,England,0.0
Of which under PDR: demolition of buildings and construction of dwelling houses,2020-21,England,0.0
Of which under PDR: demolition of buildings and construction of dwelling houses,2021-22,England,0.0
Of which under PDR: demolition of buildings and construction of dwelling houses,2022-23,England,0.0
Of which under PDR: demolition of buildings and construction of dwelling houses,2023-24,England,0.0
Of which under PDR: demolition of buildings and construction of dwelling houses,2024-25,England,10.0
Of which under PDR: unspecified (new build),2020-21,England,697.0
Of which under PDR: unspecified (new build),2021-22,England,131.0
Of which under PDR: unspecified (new build),2022-23,England,159.0
Of which under PDR: unspecified (new build),2023-24,England,698.0
Of which under PDR: unspecified (new build),2024-25,England,242.0
Of which under PDR: total (new build),2020-21,England,697.0
Of which under PDR: total (new build),2021-22,England,131.0
Of which under PDR: total (new build),2022-23,England,194.0
Of which under PDR: total (new build),2023-24,England,773.0
Of which under PDR: total (new build),2024-25,England,304.0
Net conversions,2000-01,England,
Net conversions,2001-02,England,
Net conversions,2002-03,England,
Net conversions,2003-04,England,
Net conversions,2004-05,England,
Net conversions,2005-06,England,
Net conversions,2006-07,England,7600.0
Net conversions,2007-08,England,9020.0
Net conversions,2008-09,England,8640.0
Net conversions,2009-10,England,6231.0
Net conversions,2010-11,England,5047.0
Net conversions,2011-12,England,5242.0
Net conversions,2012-13,England,4095.0
Net conversions,2013-14,England,4472.0
Net conversions,2014-15,England,4945.0
Net conversions,2015-16,England,4755.0
Net conversions,2016-17,England,5680.0
Net conversions,2017-18,England,4547.0
Net conversions,2018-19,England,5162.0
Net conversions,2019-20,England,4344.0
Net conversions,2020-21,England,3410.0
Net conversions,2021-22,England,4855.0
Net conversions,2022-23,England,4504.0
Net conversions,2023-24,England,4366.0
Net conversions,2024-25,England,3846.0
Net change of use,2000-01,England,
Net change of use,2001-02,England,
Net change of use,2002-03,England,
Net change of use,2003-04,England,
Net change of use,2004-05,England,
Net change of use,2005-06,England,
Net change of use,2006-07,England,20150.0
Net change of use,2007-08,England,17640.0
Net change of use,2008-09,England,16640.0
Net change of use,2009-10,England,13605.0
Net change of use,2010-11,England,11535.0
Net change of use,2011-12,England,12587.0
Net change of use,2012-13,England,12778.0
Net change of use,2013-14,England,12523.0
Net change of use,2014-15,England,20650.0
Net change of use,2015-16,England,30598.0
Net change of use,2016-17,England,37189.0
Net change of use,2017-18,England,29726.0
Net change of use,2018-19,England,29295.0
Net change of use,2019-20,England,26713.0
Net change of use,2020-21,England,21471.0
Net change of use,2021-22,England,22905.0
Net change of use,2022-23,England,22281.0
Net change of use,2023-24,England,21616.0
Net change of use,2024-25,England,17708.0
Of which under PDR: agricultural to residential,2015-16,England,226.0
Of which under PDR: agricultural to residential,2016-17,England,330.0
Of which under PDR: agricultural to residential,2017-18,England,738.0
Of which under PDR: agricultural to residential,2018-19,England,1062.0
Of which under PDR: agricultural to residential,2019-20,England,745.0
Of which under PDR: agricultural to residential,2020-21,England,853.0
Of which under PDR: agricultural to residential,2021-22,England,598.0
Of which under PDR: agricultural to residential,2022-23,England,598.0
Of which under PDR: agricultural to residential,2023-24,England,565.0
Of which under PDR: agricultural to residential,2024-25,England,462.0
Of which under PDR: office to residential,2015-16,England,12824.0
Of which under PDR: office to residential,2016-17,England,17751.0
Of which under PDR: office to residential,2017-18,England,11559.0
Of which under PDR: office to residential,2018-19,England,12075.0
Of which under PDR: office to residential,2019-20,England,10598.0
Of which under PDR: office to residential,2020-21,England,8116.0
Of which under PDR: office to residential,2021-22,England,8381.0
Of which under PDR: office to residential,2022-23,England,7963.0
Of which under PDR: office to residential,2023-24,England,6695.0
Of which under PDR: office to residential,2024-25,England,5154.0
Of which under PDR: storage to residential,2015-16,England,55.0
Of which under PDR: storage to residential,2016-17,England,106.0
Of which under PDR: storage to residential,2017-18,England,218.0
Of which under PDR: storage to residential,2018-19,England,199.0
Of which under PDR: storage to residential,2019-20,England,149.0
Of which under PDR: storage to residential,2020-21,England,142.0
Of which under PDR: storage to residential,2021-22,England,138.0
Of which under PDR: storage to residential,2022-23,England,66.0
Of which under PDR: storage to residential,2023-24,England,99.0
Of which under PDR: light industrial use to residential,2015-16,England,
Of which under PDR: light industrial use to residential,2016-17,England,
Of which under PDR: light industrial use to residential,2017-18,England,110.0
Of which under PDR: light industrial use to residential,2018-19,England,69.0
Of which under PDR: light industrial use to residential,2019-20,England,47.0
Of which under PDR: light industrial use to residential,2020-21,England,62.0
Of which under PDR: light industrial use to residential,2021-22,England,280.0
Of which under PDR: light industrial use to residential,2022-23,England,108.0
Of which under PDR: light industrial use to residential,2023-24,England,62.0
Of which under PDR: light industrial use to residential,2024-25,England,94.0
"Of which under PDR: commercial, business and service to residential",2022-23,England,454.0
"Of which under PDR: commercial, business and service to residential",2023-24,England,803.0
"Of which under PDR: commercial, business and service to residential",2024-25,England,1048.0
Of which under PDR: any other to residential,2015-16,England,645.0
Of which under PDR: any other to residential,2016-17,England,613.0
Of which under PDR: any other to residential,2017-18,England,872.0
Of which under PDR: any other to residential,2018-19,England,779.0
Of which under PDR: any other to residential,2019-20,England,680.0
Of which under PDR: any other to residential,2020-21,England,655.0
Of which under PDR: any other to residential,2021-22,England,857.0
Of which under PDR: any other to residential,2022-23,England,424.0
Of which under PDR: any other to residential,2023-24,England,570.0
Of which under PDR: any other to residential,2024-25,England,907.0
Of which under PDR: unspecified to residential,2015-16,England,129.0
Of which under PDR: unspecified to residential,2016-17,England,87.0
Of which under PDR: unspecified to residential,2017-18,England,39.0
Of which under PDR: unspecified to residential,2018-19,England,147.0
Of which under PDR: unspecified to residential,2019-20,England,156.0
Of which under PDR: unspecified to residential,2020-21,England,162.0
Of which under PDR: unspecified to residential,2021-22,England,86.0
Of which under PDR: unspecified to residential,2022-23,England,15.0
Of which under PDR: unspecified to residential,2023-24,England,30.0
Of which under PDR: unspecified to residential,2024-25,England,16.0
Of which under PDR: total to residential,2015-16,England,13879.0
Of which under PDR: total to residential,2016-17,England,18887.0
Of which under PDR: total to residential,2017-18,England,13536.0
Of which under PDR: total to residential,2018-19,England,14331.0
Of which under PDR: total to residential,2019-20,England,12375.0
Of which under PDR: total to residential,2020-21,England,9990.0
Of which under PDR: total to residential,2021-22,England,10340.0
Of which under PDR: total to residential,2022-23,England,9628.0
Of which under PDR: total to residential,2023-24,England,8824.0
Of which under PDR: total to residential,2024-25,England,7681.0
Net other gains and losses,2000-01,England,
Net other gains and losses,2001-02,England,
Net other gains and losses,2002-03,England,
Net other gains and losses,2003-04,England,
Net other gains and losses,2004-05,England,
Net other gains and losses,2005-06,England,
Net other gains and losses,2006-07,England,460.0
Net other gains and losses,2007-08,England,1020.0
Net other gains and losses,2008-09,England,270.0
Net other gains and losses,2009-10,England,967.0
Net other gains and losses,2010-11,England,1809.0
Net other gains and losses,2011-12,England,1103.0
Net other gains and losses,2012-13,England,1369.0
Net other gains and losses,2013-14,England,1330.0
Net other gains and losses,2014-15,England,631.0
Net other gains and losses,2015-16,England,777.0
Net other gains and losses,2016-17,England,723.0
Net other gains and losses,2017-18,England,680.0
Net other gains and losses,2018-19,England,968.0
Net other gains and losses,2019-20,England,857.0
Net other gains and losses,2020-21,England,643.0
Net other gains and losses,2021-22,England,766.0
Net other gains and losses,2022-23,England,710.0
Net other gains and losses,2023-24,England,2097.0
Net other gains and losses,2024-25,England,1076.0
Demolitions,2000-01,England,
Demolitions,2001-02,England,
Demolitions,2002-03,England,
Demolitions,2003-04,England,
Demolitions,2004-05,England,
Demolitions,2005-06,England,
Demolitions,2006-07,England,22290.0
Demolitions,2007-08,England,20500.0
Demolitions,2008-09,England,16590.0
Demolitions,2009-10,England,16325.0
Demolitions,2010-11,England,14888.0
Demolitions,2011-12,England,12195.0
Demolitions,2012-13,England,12056.0
Demolitions,2013-14,England,12064.0
Demolitions,2014-15,England,10611.0
Demolitions,2015-16,England,10424.0
Demolitions,2016-17,England,9818.0
Demolitions,2017-18,England,8059.0
Demolitions,2018-19,England,7961.0
Demolitions,2019-20,England,8332.0
Demolitions,2020-21,England,5478.0
Demolitions,2021-22,England,5729.0
Demolitions,2022-23,England,5567.0
Demolitions,2023-24,England,5351.0
Demolitions,2024-25,England,4632.0
Of which under PDR: demolitions,2020-21,England,25.0
Of which under PDR: demolitions,2021-22,England,32.0
Of which under PDR: demolitions,2022-23,England,5.0
Of which under PDR: demolitions,2023-24,England,23.0
Of which under PDR: demolitions,2024-25,England,349.0
Adjustment to Census 2011,2000-01,England,
Adjustment to Census 2011,2001-02,England,16195.0
Adjustment to Census 2011,2002-03,England,16195.0
Adjustment to Census 2011,2003-04,England,16195.0
Adjustment to Census 2011,2004-05,England,16105.0
Adjustment to Census 2011,2005-06,England,16278.0
Adjustment to Census 2011,2006-07,England,16162.0
Adjustment to Census 2011,2007-08,England,16167.0
Adjustment to Census 2011,2008-09,England,16195.0
Adjustment to Census 2011,2009-10,England,16195.0
Adjustment to Census 2011,2010-11,England,16195.0
Adjustment to Census 2021,2011-12,England,5889.0
Adjustment to Census 2021,2012-13,England,5889.0
Adjustment to Census 2021,2013-14,England,5889.0
Adjustment to Census 2021,2014-15,England,5889.0
Adjustment to Census 2021,2015-16,England,5889.0
Adjustment to Census 2021,2016-17,England,5889.0
Adjustment to Census 2021,2017-18,England,5889.0
Adjustment to Census 2021,2018-19,England,5889.0
Adjustment to Census 2021,2019-20,England,5889.0
Adjustment to Census 2021,2020-21,England,5889.0
Adjustment to Census 2021,2021-22,England,
Adjustment to Census 2021,2022-23,England,
Adjustment to Census 2021,2023-24,England,
Adjustment to Census 2021,2024-25,England,
Residual,2000-01,England,
Residual,2001-02,England,
Residual,2002-03,England,
Residual,2003-04,England,
Residual,2004-05,England,
Residual,2005-06,England,
Residual,2006-07,England,-342.0
Residual,2007-08,England,-113.0
Residual,2008-09,England,-18.0
Residual,2009-10,England,-1.0
Residual,2010-11,England,1.0
Residual,2011-12,England,0.0
Residual,2012-13,England,0.0
Residual,2013-14,England,0.0
Residual,2014-15,England,0.0
Residual,2015-16,England,0.0
Residual,2016-17,England,0.0
Residual,2017-18,England,0.0
Residual,2018-19,England,0.0
Residual,2019-20,England,0.0
Residual,2020-21,England,0.0
Residual,2021-22,England,0.0
Residual,2022-23,England,0.0
Residual,2023-24,England,0.0
Residual,2024-25,England,0.0
