ons_code,authority_name,year,private_starts,ha_starts,la_starts,all_starts,private_completions,ha_completions,la_completions,all_completions
E06000053,Isles of Scilly,1980-81,0,0,0,0,10,0,0,10
E09000002,Barking and Dagenham,1980-81,0,0,140,140,0,0,50,50
E09000003,Barnet,1980-81,110,50,10,170,260,50,90,410
E09000004,Bexley,1980-81,300,0,60,370,140,10,190,340
E09000005,Brent,1980-81,130,0,190,320,50,10,510,570
E09000006,Bromley,1980-81,360,90,110,560,590,220,270,1090
E09000007,Camden,1980-81,80,0,40,110,90,10,1250,1340
E09000001,City of London,1980-81,20,0,-80,-50,0,0,20,20
E09000008,Croydon,1980-81,480,0,30,510,590,70,480,1150
E09000009,Ealing,1980-81,30,0,350,390,0,0,640,640
E09000010,Enfield,1980-81,30,20,110,150,420,20,440,870
E09000011,Greenwich,1980-81,20,0,230,240,40,0,810,850
E09000012,Hackney,1980-81,0,0,40,40,0,20,220,240
E09000013,Hammersmith and Fulham,1980-81,0,70,60,140,30,40,50,120
E09000014,Haringey,1980-81,50,10,140,210,70,150,400,620
E09000015,Harrow,1980-81,180,30,30,240,180,110,200,490
E09000016,Havering,1980-81,70,0,50,120,150,60,70,290
E09000017,Hillingdon,1980-81,300,20,20,340,150,40,270,460
E09000018,Hounslow,1980-81,40,70,0,110,130,80,370,580
E09000019,Islington,1980-81,40,0,320,370,20,0,690,720
E09000020,Kensington and Chelsea,1980-81,0,80,90,180,170,360,0,530
E09000021,Kingston upon Thames,1980-81,70,0,0,70,100,60,40,200
E09000022,Lambeth,1980-81,20,0,0,20,0,0,1310,1310
E09000023,Lewisham,1980-81,-40,50,120,130,200,10,930,1140
E09000024,Merton,1980-81,130,30,0,150,310,160,110,580
E09000025,Newham,1980-81,0,10,160,170,10,170,540,720
E09000026,Redbridge,1980-81,70,0,0,70,270,60,0,330
E09000027,Richmond upon Thames,1980-81,330,200,30,560,200,0,80,270
E09000028,Southwark,1980-81,10,10,120,140,40,160,740,950
E09000029,Sutton,1980-81,200,80,70,350,220,50,220,480
E09000030,Tower Hamlets,1980-81,0,0,30,30,0,0,480,480
E09000031,Waltham Forest,1980-81,10,50,160,220,40,20,220,280
E09000032,Wandsworth,1980-81,50,0,-60,-20,30,20,510,550
E09000033,Westminster,1980-81,150,60,60,260,20,10,220,260
E08000001,Bolton,1980-81,460,30,240,720,540,120,430,1100
E08000002,Bury,1980-81,270,10,0,280,340,100,130,570
E08000003,Manchester,1980-81,240,200,820,1260,430,210,950,1590
E08000004,Oldham,1980-81,270,80,60,400,290,220,820,1340
E08000005,Rochdale,1980-81,170,180,500,840,260,100,590,950
E08000006,Salford,1980-81,70,190,560,830,120,110,890,1110
E08000007,Stockport,1980-81,380,50,10,430,550,180,370,1100
E08000008,Tameside,1980-81,160,90,120,380,300,70,260,630
E08000009,Trafford,1980-81,270,50,190,500,290,80,230,600
E08000010,Wigan,1980-81,560,40,60,660,560,0,440,1000
E08000011,Knowsley,1980-81,180,0,0,180,150,0,50,200
E08000012,Liverpool,1980-81,580,130,30,750,680,390,660,1730
E08000014,Sefton,1980-81,280,10,120,410,380,190,120,680
E08000013,St. Helens,1980-81,240,50,180,470,400,210,90,710
E08000015,Wirral,1980-81,140,230,30,390,610,260,180,1040
E08000016,Barnsley,1980-81,380,0,60,430,490,30,360,880
E08000017,Doncaster,1980-81,190,0,200,390,420,0,920,1340
E08000018,Rotherham,1980-81,510,240,190,930,590,20,250,870
E08000019,Sheffield,1980-81,790,40,500,1330,980,350,1230,2560
E08000037,Gateshead,1980-81,130,40,230,400,130,200,260,580
E08000021,Newcastle upon Tyne,1980-81,270,300,140,700,200,100,730,1020
E08000022,North Tyneside,1980-81,270,70,100,440,220,240,500,970
E08000023,South Tyneside,1980-81,340,0,130,470,90,70,270,430
E08000024,Sunderland,1980-81,210,160,0,370,200,30,380,610
E08000025,Birmingham,1980-81,680,440,280,1400,1040,1250,810,3090
E08000026,Coventry,1980-81,230,170,10,420,290,80,350,730
E08000027,Dudley,1980-81,570,130,60,760,920,180,210,1310
E08000028,Sandwell,1980-81,290,40,180,510,150,210,660,1020
E08000029,Solihull,1980-81,190,0,0,190,450,200,180,840
E08000030,Walsall,1980-81,70,20,0,90,130,280,570,990
E08000031,Wolverhampton,1980-81,490,100,290,880,670,330,760,1760
E08000032,Bradford,1980-81,490,130,270,890,590,410,1020,2010
E08000033,Calderdale,1980-81,70,60,30,160,140,250,90,480
E08000034,Kirklees,1980-81,600,120,120,840,770,140,1010,1920
E08000035,Leeds,1980-81,1220,300,380,1900,1140,530,1190,2870
E08000036,Wakefield,1980-81,430,0,190,610,630,0,720,1360
E07000002,Bedford,1980-81,350,150,40,540,420,90,100,610
E07000001,Mid Bedfordshire,1980-81,510,0,70,580,490,0,130,620
E07000003,South Bedfordshire,1980-81,180,80,40,300,250,200,60,510
E07000004,Aylesbury Vale,1980-81,300,0,170,470,920,0,230,1150
E07000005,Chiltern,1980-81,100,0,0,100,290,0,80,370
E07000006,South Bucks,1980-81,90,0,80,170,60,0,40,100
E07000007,Wycombe,1980-81,210,0,80,290,430,0,170,610
E07000008,Cambridge,1980-81,150,90,130,370,130,70,180,380
E07000009,East Cambridgeshire,1980-81,130,0,20,160,110,0,60,160
E07000010,Fenland,1980-81,280,0,60,340,300,30,90,420
E07000011,Huntingdonshire,1980-81,660,210,30,900,890,100,30,1020
E07000012,South Cambridgeshire,1980-81,360,50,30,440,470,0,100,570
E07000013,Chester,1980-81,310,0,0,310,220,30,200,450
E07000014,Congleton,1980-81,300,0,50,350,340,0,90,430
E07000015,Crewe and Nantwich,1980-81,240,0,20,250,250,40,110,400
E07000016,Ellesmere Port & Neston,1980-81,110,0,30,140,190,0,30,220
E07000017,Macclesfield,1980-81,290,10,20,320,360,80,110,550
E07000018,Vale Royal,1980-81,310,0,0,310,340,70,10,420
E07000019,Caradon,1980-81,360,0,90,440,410,0,170,580
E07000020,Carrick,1980-81,300,30,20,350,310,0,80,390
E07000021,Kerrier,1980-81,200,0,60,260,250,0,0,250
E07000022,North Cornwall,1980-81,230,0,70,300,200,10,40,250
E07000023,Penwith,1980-81,110,0,70,170,90,0,70,160
E07000024,Restormel,1980-81,190,20,50,250,230,20,70,310
E07000026,Allerdale,1980-81,160,0,190,350,240,20,150,400
E07000027,Barrow-in-Furness,1980-81,40,0,0,40,70,50,170,290
E07000028,Carlisle,1980-81,170,30,30,230,150,10,110,260
E07000029,Copeland,1980-81,140,0,60,200,180,0,50,230
E07000030,Eden,1980-81,80,0,40,120,90,0,10,90
E07000031,South Lakeland,1980-81,130,0,30,160,230,0,50,280
E07000032,Amber Valley,1980-81,60,10,10,90,520,40,160,720
E07000033,Bolsover,1980-81,190,0,20,200,70,0,80,160
E07000034,Chesterfield,1980-81,190,10,40,230,160,40,90,280
E07000035,Derbyshire Dales,1980-81,150,0,0,150,130,0,80,200
E07000036,Erewash,1980-81,270,0,60,340,390,0,340,730
E07000037,High Peak,1980-81,40,0,0,40,60,0,20,80
E07000038,North East Derbyshire,1980-81,150,0,90,240,140,0,130,280
E07000039,South Derbyshire,1980-81,280,0,60,340,210,0,50,260
E07000040,East Devon,1980-81,370,10,50,430,460,0,20,490
E07000041,Exeter,1980-81,160,40,20,220,230,40,40,300
E07000042,Mid Devon,1980-81,110,0,20,130,140,30,140,310
E07000043,North Devon,1980-81,260,0,90,350,260,0,20,280
E07000044,South Hams,1980-81,190,10,20,210,300,0,20,310
E07000045,Teignbridge,1980-81,280,0,80,350,340,0,90,430
E07000046,Torridge,1980-81,150,0,60,210,220,0,10,230
E07000047,West Devon,1980-81,90,0,0,90,80,0,20,100
E07000048,Christchurch,1980-81,210,0,0,210,220,0,50,270
E07000049,East Dorset,1980-81,470,0,0,470,620,0,70,690
E07000050,North Dorset,1980-81,90,0,40,130,170,10,80,270
E07000051,Purbeck,1980-81,100,0,10,120,200,0,90,280
E07000052,West Dorset,1980-81,130,20,20,160,160,0,160,330
E07000053,Weymouth and Portland,1980-81,170,0,80,250,220,0,30,250
E07000054,Chester-le-Street,1980-81,20,0,40,60,30,0,30,60
E07000056,County Durham,1980-81,80,0,10,80,170,10,40,210
E07000055,Derwentside,1980-81,60,60,100,210,110,0,100,210
E07000057,Easington,1980-81,90,0,120,210,100,0,130,230
E07000058,Sedgefield,1980-81,80,0,20,90,70,0,210,280
E07000059,Teesdale,1980-81,10,0,20,20,50,0,0,50
E07000060,Wear Valley,1980-81,70,0,20,80,70,20,60,160
E07000061,Eastbourne,1980-81,180,0,80,270,230,210,220,660
E07000062,Hastings,1980-81,140,0,10,140,240,100,60,400
E07000063,Lewes,1980-81,280,100,0,380,310,50,140,500
E07000064,Rother,1980-81,190,20,60,270,240,50,10,300
E07000065,Wealden,1980-81,560,0,80,640,450,10,120,580
E07000066,Basildon,1980-81,370,0,70,440,420,0,590,1010
E07000067,Braintree,1980-81,160,0,30,190,360,10,160,540
E07000068,Brentwood,1980-81,100,0,10,110,100,0,0,100
E07000069,Castle Point,1980-81,180,0,10,190,170,0,0,170
E07000070,Chelmsford,1980-81,560,0,90,650,770,0,70,840
E07000071,Colchester,1980-81,370,0,70,430,450,0,130,590
E07000072,Epping Forest,1980-81,100,0,40,150,70,0,70,140
E07000073,Harlow,1980-81,20,0,10,30,10,0,60,70
E07000074,Maldon,1980-81,160,0,20,190,340,0,60,390
E07000075,Rochford,1980-81,160,60,150,370,250,80,190,520
E07000076,Tendring,1980-81,370,0,40,410,590,0,110,700
E07000077,Uttlesford,1980-81,160,0,0,160,290,0,180,470
E07000078,Cheltenham,1980-81,150,0,10,150,280,10,10,300
E07000079,Cotswold,1980-81,170,30,60,260,190,10,80,280
E07000080,Forest of Dean,1980-81,60,10,60,140,120,0,140,260
E07000081,Gloucester,1980-81,240,0,30,260,260,60,60,380
E07000082,Stroud,1980-81,320,0,50,370,320,0,50,370
E07000083,Tewkesbury,1980-81,350,0,50,400,350,0,80,430
E07000084,Basingstoke and Deane,1980-81,780,330,30,1140,620,80,20,720
E07000085,East Hampshire,1980-81,420,0,0,430,570,0,210,780
E07000086,Eastleigh,1980-81,590,0,40,620,610,0,130,740
E07000087,Fareham,1980-81,450,0,60,510,530,0,0,530
E07000088,Gosport,1980-81,60,0,70,130,80,0,100,180
E07000089,Hart,1980-81,340,0,110,440,340,0,30,370
E07000090,Havant,1980-81,360,0,80,440,260,0,160,410
E07000091,New Forest,1980-81,890,0,110,1000,1060,50,110,1210
E07000092,Rushmoor,1980-81,240,0,0,240,450,170,180,800
E07000093,Test Valley,1980-81,320,0,10,330,240,0,210,450
E07000094,Winchester,1980-81,480,10,0,490,500,10,140,650
E07000095,Broxbourne,1980-81,150,0,210,360,120,0,100,220
E07000096,Dacorum,1980-81,500,260,70,820,540,220,200,950
E07000242,East Hertfordshire,1980-81,380,0,20,390,460,0,130,590
E07000098,Hertsmere,1980-81,140,0,0,140,180,0,40,210
E07000099,North Hertfordshire,1980-81,220,10,70,300,290,50,60,410
E07000240,St Albans,1980-81,250,70,130,450,340,0,170,510
E07000243,Stevenage,1980-81,80,0,0,80,40,100,400,540
E07000102,Three Rivers,1980-81,10,0,0,10,450,0,10,460
E07000103,Watford,1980-81,40,30,170,230,10,0,160,170
E07000241,Welwyn Hatfield,1980-81,50,0,50,110,160,20,350,530
E07000105,Ashford,1980-81,410,30,90,530,560,40,20,620
E07000106,Canterbury,1980-81,220,50,40,310,330,120,80,520
E07000107,Dartford,1980-81,30,0,0,30,40,0,90,130
E07000108,Dover,1980-81,130,80,10,220,160,0,180,340
E07000112,Folkestone and Hythe,1980-81,140,0,20,160,280,0,110,390
E07000109,Gravesham,1980-81,90,-10,140,210,120,20,20,150
E07000110,Maidstone,1980-81,220,30,50,300,250,50,30,330
E07000111,Sevenoaks,1980-81,120,30,20,170,280,0,220,500
E07000113,Swale,1980-81,240,0,20,260,360,0,50,400
E07000114,Thanet,1980-81,140,0,10,150,160,0,110,270
E07000115,Tonbridge and Malling,1980-81,330,10,20,360,430,30,100,560
E07000116,Tunbridge Wells,1980-81,100,0,70,180,160,60,30,250
E07000117,Burnley,1980-81,150,0,50,200,190,0,160,350
E07000118,Chorley,1980-81,140,0,20,150,70,10,20,90
E07000119,Fylde,1980-81,130,0,20,150,160,0,10,160
E07000120,Hyndburn,1980-81,100,0,20,120,180,0,20,200
E07000121,Lancaster,1980-81,170,20,0,190,170,230,20,430
E07000122,Pendle,1980-81,60,0,40,110,70,0,90,160
E07000123,Preston,1980-81,190,150,200,540,190,60,50,300
E07000124,Ribble Valley,1980-81,60,30,80,180,100,30,100,230
E07000125,Rossendale,1980-81,120,0,0,130,130,0,40,170
E07000126,South Ribble,1980-81,120,0,10,120,120,10,150,280
E07000127,West Lancashire,1980-81,140,0,40,180,60,40,40,150
E07000128,Wyre,1980-81,100,0,20,120,250,0,10,250
E07000129,Blaby,1980-81,220,0,0,220,210,0,70,280
E07000130,Charnwood,1980-81,370,100,110,570,330,10,140,480
E07000131,Harborough,1980-81,190,0,90,280,270,0,100,360
E07000132,Hinckley and Bosworth,1980-81,300,40,60,400,350,20,100,470
E07000133,Melton,1980-81,140,50,0,190,190,0,10,200
E07000134,North West Leicestershire,1980-81,150,0,10,160,220,60,60,340
E07000135,Oadby and Wigston,1980-81,100,0,0,100,210,0,0,210
E07000136,Boston,1980-81,90,0,0,90,140,0,90,240
E07000137,East Lindsey,1980-81,380,0,0,380,450,0,60,510
E07000138,Lincoln,1980-81,290,80,30,400,250,100,50,390
E07000139,North Kesteven,1980-81,250,0,50,300,370,0,70,430
E07000140,South Holland,1980-81,220,0,0,220,260,0,0,260
E07000141,South Kesteven,1980-81,380,0,0,380,420,0,10,430
E07000142,West Lindsey,1980-81,170,0,30,190,200,0,50,250
E07000143,Breckland,1980-81,330,0,110,430,310,30,70,410
E07000144,Broadland,1980-81,330,0,30,350,340,20,90,440
E07000145,Great Yarmouth,1980-81,200,10,0,210,330,0,120,450
E07000146,King's Lynn and West Norfolk,1980-81,490,10,0,500,430,130,0,550
E07000147,North Norfolk,1980-81,350,0,0,360,390,0,180,580
E07000148,Norwich,1980-81,140,0,60,190,220,210,560,990
E07000149,South Norfolk,1980-81,170,0,110,280,200,0,40,240
E07000150,Corby,1980-81,0,0,0,0,10,0,50,60
E07000151,Daventry,1980-81,170,0,40,200,250,0,0,250
E07000152,East Northamptonshire,1980-81,120,0,30,150,160,0,50,210
E07000153,Kettering,1980-81,130,0,60,200,130,30,60,220
E07000154,Northampton,1980-81,450,10,270,730,400,0,540,940
E07000155,South Northamptonshire,1980-81,300,0,30,330,280,0,30,310
E07000156,Wellingborough,1980-81,110,30,130,270,150,0,80,230
E07000157,Alnwick,1980-81,50,0,0,50,40,0,20,60
E07000158,Berwick-upon-Tweed,1980-81,20,0,50,70,30,10,30,70
E07000159,Blyth Valley,1980-81,100,0,30,120,220,40,80,350
E07000160,Castle Morpeth,1980-81,90,50,10,140,110,0,90,200
E07000161,Tynedale,1980-81,80,0,70,150,90,0,20,100
E07000162,Wansbeck,1980-81,110,0,0,110,160,30,40,230
E07000163,Craven,1980-81,80,40,50,170,90,10,0,100
E07000164,Hambleton,1980-81,170,0,100,270,130,0,50,180
E07000166,Richmondshire,1980-81,100,0,30,130,140,0,40,180
E07000168,Scarborough,1980-81,190,0,20,210,150,0,50,200
E07000170,Ashfield,1980-81,180,0,70,250,320,0,80,400
E07000171,Bassetlaw,1980-81,400,0,80,470,250,0,280,530
E07000172,Broxtowe,1980-81,140,0,60,210,120,60,100,280
E07000173,Gedling,1980-81,180,180,30,390,310,30,160,500
E07000174,Mansfield,1980-81,310,0,270,570,300,0,200,500
E07000175,Newark and Sherwood,1980-81,230,0,110,330,340,0,30,370
E07000176,Rushcliffe,1980-81,240,0,30,280,410,0,70,480
E07000177,Cherwell,1980-81,270,0,40,320,530,50,110,690
E07000178,Oxford,1980-81,120,30,20,170,220,10,220,450
E07000179,South Oxfordshire,1980-81,130,40,120,280,140,0,140,270
E07000180,Vale of White Horse,1980-81,290,0,60,350,490,70,70,630
E07000181,West Oxfordshire,1980-81,260,0,80,340,170,0,120,280
E07000182,Bridgnorth,1980-81,70,0,40,110,130,60,70,260
E07000188,Sedgemoor,1980-81,110,0,10,120,140,0,90,230
E07000185,Shrewsbury and Atcham,1980-81,320,0,30,350,310,0,130,440
E07000191,South Shropshire,1980-81,190,0,0,190,100,0,0,100
E07000189,South Somerset,1980-81,50,20,10,90,80,10,70,160
E07000187,Mendip,1980-81,320,40,50,410,330,0,100,420
E07000188,Sedgemoor,1980-81,310,30,80,420,330,10,40,380
E07000189,South Somerset,1980-81,540,0,50,600,540,0,170,710
E07000190,Taunton Deane,1980-81,230,0,90,310,340,0,150,490
E07000191,West Somerset,1980-81,40,0,90,130,70,0,50,120
E07000192,Cannock Chase,1980-81,240,20,10,270,240,0,200,440
E07000193,East Staffordshire,1980-81,120,0,40,170,190,140,30,350
E07000194,Lichfield,1980-81,270,0,30,300,250,0,60,310
E07000195,Newcastle-under-Lyme,1980-81,310,90,20,420,310,20,190,520
E07000196,South Staffordshire,1980-81,460,50,90,600,540,140,80,760
E07000197,Stafford,1980-81,180,0,20,210,310,0,30,340
E07000198,Staffordshire Moorlands,1980-81,300,0,30,320,270,40,20,330
E07000199,Tamworth,1980-81,540,0,0,540,730,170,440,1330
E07000200,Babergh,1980-81,360,0,30,400,380,0,0,380
E07000201,Forest Heath,1980-81,200,0,0,200,510,0,150,660
E07000202,Ipswich,1980-81,80,150,90,320,260,180,340,780
E07000203,Mid Suffolk,1980-81,240,0,10,250,320,0,60,390
E07000204,St Edmundsbury,1980-81,150,0,50,200,260,10,10,270
E07000205,Suffolk Coastal,1980-81,660,0,30,690,470,0,100,570
E07000206,Waveney,1980-81,330,40,120,490,640,140,40,810
E07000207,Elmbridge,1980-81,230,0,40,270,380,0,180,550
E07000208,Epsom and Ewell,1980-81,60,50,20,120,70,0,0,70
E07000209,Guildford,1980-81,340,30,20,380,420,110,80,610
E07000210,Mole Valley,1980-81,60,50,0,110,40,0,90,130
E07000211,Reigate and Banstead,1980-81,60,30,20,110,170,140,0,320
E07000212,Runnymede,1980-81,70,0,20,90,160,80,40,280
E07000213,Spelthorne,1980-81,160,20,80,270,160,0,50,210
E07000214,Surrey Heath,1980-81,260,0,60,320,370,0,60,430
E07000215,Tandridge,1980-81,40,10,20,60,120,20,70,200
E07000216,Waverley,1980-81,310,70,70,450,190,0,90,280
E07000217,Woking,1980-81,270,40,110,410,410,160,180,750
E07000218,North Warwickshire,1980-81,120,0,0,120,140,0,10,150
E07000219,Nuneaton and Bedworth,1980-81,370,0,80,450,470,0,110,580
E07000220,Rugby,1980-81,90,0,20,110,170,0,90,260
E07000221,Stratford-on-Avon,1980-81,180,0,90,260,320,0,100,420
E07000222,Warwick,1980-81,240,60,0,300,240,10,120,370
E07000223,Adur,1980-81,20,0,40,70,20,60,30,110
E07000224,Arun,1980-81,420,40,90,550,560,0,70,630
E07000225,Chichester,1980-81,260,20,20,300,320,0,60,370
E07000226,Crawley,1980-81,90,180,360,630,120,200,1000,1320
E07000227,Horsham,1980-81,390,0,110,500,510,80,130,730
E07000228,Mid Sussex,1980-81,660,0,110,770,900,30,100,1030
E07000229,Worthing,1980-81,160,0,30,180,90,80,40,210
E07000230,Kennet,1980-81,160,0,60,220,150,0,90,240
E07000231,North Wiltshire,1980-81,160,0,0,160,230,0,90,330
E07000232,Salisbury,1980-81,170,0,30,200,190,0,130,320
E07000233,West Wiltshire,1980-81,300,30,70,400,340,0,50,400
E07000234,Bromsgrove,1980-81,220,70,30,310,160,30,10,190
E07000236,Redditch,1980-81,160,0,220,390,220,0,360,580
E07000237,Worcester,1980-81,120,0,0,120,150,0,60,210
E07000238,Wychavon,1980-81,250,0,20,270,300,0,100,400
E07000239,Wyre Forest,1980-81,140,0,0,140,160,50,120,320
E06000053,Isles of Scilly,1981-82,0,0,0,0,0,0,0,0
E09000002,Barking and Dagenham,1981-82,0,0,0,0,0,0,290,290
E09000003,Barnet,1981-82,870,0,40,910,280,300,50,630
E09000004,Bexley,1981-82,340,270,30,650,430,180,60,670
E09000005,Brent,1981-82,90,0,190,270,20,0,300,320
E09000006,Bromley,1981-82,630,330,100,1060,410,230,160,810
E09000007,Camden,1981-82,90,50,0,140,20,30,500,550
E09000001,City of London,1981-82,20,0,0,20,0,0,30,30
E09000008,Croydon,1981-82,550,110,140,810,480,90,100,660
E09000009,Ealing,1981-82,220,100,80,400,70,70,390,540
E09000010,Enfield,1981-82,150,20,160,320,100,0,70,160
E09000011,Greenwich,1981-82,40,0,160,200,-10,0,480,470
E09000012,Hackney,1981-82,90,0,0,90,40,0,140,190
E09000013,Hammersmith and Fulham,1981-82,0,20,20,50,0,130,260,390
E09000014,Haringey,1981-82,200,20,190,410,80,90,130,300
E09000015,Harrow,1981-82,360,20,70,450,170,40,130,340
E09000016,Havering,1981-82,430,50,60,540,260,0,30,290
E09000017,Hillingdon,1981-82,410,110,130,650,170,20,80,270
E09000018,Hounslow,1981-82,420,30,20,470,150,70,290,510
E09000019,Islington,1981-82,110,0,30,140,50,0,320,380
E09000020,Kensington and Chelsea,1981-82,10,120,130,260,120,140,300,550
E09000021,Kingston upon Thames,1981-82,100,0,50,160,90,60,0,150
E09000022,Lambeth,1981-82,60,0,0,60,10,0,960,960
E09000023,Lewisham,1981-82,20,30,70,130,10,40,490,530
E09000024,Merton,1981-82,190,40,80,310,310,70,70,450
E09000025,Newham,1981-82,400,0,30,430,60,80,590,730
E09000026,Redbridge,1981-82,120,60,0,180,310,190,130,630
E09000027,Richmond upon Thames,1981-82,290,10,110,410,350,0,120,470
E09000028,Southwark,1981-82,40,100,20,160,-40,10,1400,1370
E09000029,Sutton,1981-82,270,0,20,300,250,50,70,370
E09000030,Tower Hamlets,1981-82,40,0,40,90,40,0,290,330
E09000031,Waltham Forest,1981-82,70,60,150,270,20,20,410,440
E09000032,Wandsworth,1981-82,520,40,80,640,90,10,380,470
E09000033,Westminster,1981-82,30,40,200,260,50,50,220,310
E08000001,Bolton,1981-82,660,0,190,840,530,40,440,1010
E08000002,Bury,1981-82,230,80,0,310,240,70,20,330
E08000003,Manchester,1981-82,440,260,480,1180,350,260,740,1360
E08000004,Oldham,1981-82,230,160,60,450,260,120,220,600
E08000005,Rochdale,1981-82,200,290,10,500,230,220,470,920
E08000006,Salford,1981-82,100,210,70,380,60,100,1030,1190
E08000007,Stockport,1981-82,460,240,0,700,470,80,0,550
E08000008,Tameside,1981-82,250,50,230,520,150,110,220,480
E08000009,Trafford,1981-82,460,30,40,530,390,30,280,700
E08000010,Wigan,1981-82,590,40,0,640,620,40,190,850
E08000011,Knowsley,1981-82,240,0,0,250,240,50,0,290
E08000012,Liverpool,1981-82,590,530,40,1160,630,230,170,1030
E08000014,Sefton,1981-82,250,290,80,620,240,140,140,520
E08000013,St. Helens,1981-82,260,50,20,320,360,100,140,610
E08000015,Wirral,1981-82,530,50,50,630,620,280,110,1010
E08000016,Barnsley,1981-82,240,0,0,240,420,0,130,550
E08000017,Doncaster,1981-82,620,0,110,730,440,70,230,740
E08000018,Rotherham,1981-82,750,90,40,880,640,190,100,930
E08000019,Sheffield,1981-82,900,30,220,1150,840,50,490,1370
E08000037,Gateshead,1981-82,360,50,0,410,220,40,300,560
E08000021,Newcastle upon Tyne,1981-82,460,0,200,660,190,160,190,540
E08000022,North Tyneside,1981-82,510,10,0,530,380,160,150,680
E08000023,South Tyneside,1981-82,290,160,40,490,220,10,200,430
E08000024,Sunderland,1981-82,140,150,10,300,180,190,30,390
E08000025,Birmingham,1981-82,1030,570,170,1770,1080,760,570,2420
E08000026,Coventry,1981-82,330,160,130,610,300,230,100,630
E08000027,Dudley,1981-82,700,150,50,900,700,70,40,820
E08000028,Sandwell,1981-82,240,80,250,570,290,160,280,730
E08000029,Solihull,1981-82,610,50,70,730,390,40,10,440
E08000030,Walsall,1981-82,280,60,0,340,240,80,90,410
E08000031,Wolverhampton,1981-82,420,20,20,460,360,30,510,900
E08000032,Bradford,1981-82,690,280,0,970,500,190,560,1240
E08000033,Calderdale,1981-82,150,0,0,150,30,30,30,90
E08000034,Kirklees,1981-82,570,160,80,810,610,120,210,930
E08000035,Leeds,1981-82,1190,540,390,2130,970,110,580,1660
E08000036,Wakefield,1981-82,540,70,180,790,460,0,280,740
E07000002,Bedford,1981-82,240,10,70,320,250,70,60,380
E07000001,Mid Bedfordshire,1981-82,400,0,10,420,430,0,30,470
E07000003,South Bedfordshire,1981-82,260,10,60,330,180,30,50,260
E07000004,Aylesbury Vale,1981-82,470,0,140,610,460,0,240,700
E07000005,Chiltern,1981-82,100,0,50,140,110,0,80,190
E07000006,South Bucks,1981-82,110,0,20,130,110,0,60,170
E07000007,Wycombe,1981-82,260,0,160,410,320,0,150,470
E07000008,Cambridge,1981-82,330,90,90,510,170,320,100,590
E07000009,East Cambridgeshire,1981-82,210,30,50,280,140,0,50,200
E07000010,Fenland,1981-82,200,60,10,280,260,30,30,310
E07000011,Huntingdonshire,1981-82,570,0,140,720,590,140,40,770
E07000012,South Cambridgeshire,1981-82,520,0,180,690,450,50,20,530
E07000013,Chester,1981-82,260,30,50,340,270,0,30,300
E07000014,Congleton,1981-82,310,0,40,350,540,0,60,600
E07000015,Crewe and Nantwich,1981-82,290,0,40,330,280,0,10,290
E07000016,Ellesmere Port & Neston,1981-82,120,0,30,140,140,0,20,160
E07000017,Macclesfield,1981-82,340,0,110,450,330,80,20,430
E07000018,Vale Royal,1981-82,240,0,30,270,340,0,0,340
E07000019,Caradon,1981-82,300,0,110,410,330,0,90,420
E07000020,Carrick,1981-82,330,0,40,370,340,0,20,350
E07000021,Kerrier,1981-82,150,0,30,180,220,0,60,270
E07000022,North Cornwall,1981-82,170,0,50,220,200,0,40,240
E07000023,Penwith,1981-82,90,0,0,90,60,0,50,110
E07000024,Restormel,1981-82,200,0,30,230,210,20,50,280
E07000026,Allerdale,1981-82,150,40,30,220,180,0,200,370
E07000027,Barrow-in-Furness,1981-82,80,0,90,170,40,0,70,110
E07000028,Carlisle,1981-82,90,0,20,120,140,30,30,190
E07000029,Copeland,1981-82,130,80,70,270,100,0,60,160
E07000030,Eden,1981-82,140,70,10,220,110,0,20,140
E07000031,South Lakeland,1981-82,210,80,40,340,120,0,40,160
E07000032,Amber Valley,1981-82,130,90,110,330,190,100,30,320
E07000033,Bolsover,1981-82,160,0,10,170,130,0,30,160
E07000034,Chesterfield,1981-82,130,60,50,240,140,0,50,190
E07000035,Derbyshire Dales,1981-82,120,0,10,120,130,0,10,140
E07000036,Erewash,1981-82,250,0,40,300,270,0,110,390
E07000037,High Peak,1981-82,120,0,70,190,70,0,0,70
E07000038,North East Derbyshire,1981-82,90,0,20,110,160,0,90,250
E07000039,South Derbyshire,1981-82,270,0,60,330,300,0,80,380
E07000040,East Devon,1981-82,620,80,30,730,330,40,50,410
E07000041,Exeter,1981-82,0,0,50,50,0,0,90,90
E07000042,Mid Devon,1981-82,120,0,70,180,160,10,10,180
E07000043,North Devon,1981-82,250,40,110,400,200,0,150,350
E07000044,South Hams,1981-82,290,10,40,340,220,10,20,240
E07000045,Teignbridge,1981-82,300,0,50,350,270,0,0,270
E07000046,Torridge,1981-82,150,0,0,150,160,0,0,160
E07000047,West Devon,1981-82,120,0,10,130,90,50,20,160
E07000048,Christchurch,1981-82,330,0,20,350,220,0,0,220
E07000049,East Dorset,1981-82,630,0,50,680,520,0,190,700
E07000050,North Dorset,1981-82,120,20,40,180,180,0,20,200
E07000051,Purbeck,1981-82,150,0,40,190,120,0,50,170
E07000052,West Dorset,1981-82,130,20,60,210,130,0,20,150
E07000053,Weymouth and Portland,1981-82,150,0,50,200,240,0,50,290
E07000054,Chester-le-Street,1981-82,30,0,0,30,220,0,40,260
E07000056,County Durham,1981-82,180,0,20,200,110,20,10,140
E07000055,Derwentside,1981-82,60,0,110,180,60,60,120,230
E07000057,Easington,1981-82,170,0,80,260,130,0,80,210
E07000058,Sedgefield,1981-82,150,0,0,150,220,0,110,330
E07000059,Teesdale,1981-82,20,0,0,20,50,0,20,60
E07000060,Wear Valley,1981-82,110,0,40,150,110,0,10,120
E07000061,Eastbourne,1981-82,50,0,60,110,230,0,100,330
E07000062,Hastings,1981-82,200,0,140,340,210,0,40,250
E07000063,Lewes,1981-82,230,10,100,350,320,80,30,430
E07000064,Rother,1981-82,190,0,40,230,240,20,30,290
E07000065,Wealden,1981-82,340,30,90,460,250,0,110,360
E07000066,Basildon,1981-82,660,0,130,790,450,0,280,730
E07000067,Braintree,1981-82,380,0,110,490,270,10,40,320
E07000068,Brentwood,1981-82,100,10,60,180,170,0,10,170
E07000069,Castle Point,1981-82,190,0,10,200,230,0,10,240
E07000070,Chelmsford,1981-82,710,0,30,740,550,0,50,600
E07000071,Colchester,1981-82,260,0,110,380,330,0,50,380
E07000072,Epping Forest,1981-82,290,0,40,330,190,0,80,270
E07000073,Harlow,1981-82,0,0,30,30,20,120,110,250
E07000074,Maldon,1981-82,200,0,40,240,250,0,20,270
E07000075,Rochford,1981-82,160,80,0,230,200,70,140,400
E07000076,Tendring,1981-82,420,0,30,450,440,40,60,540
E07000077,Uttlesford,1981-82,120,0,30,150,140,0,20,160
E07000078,Cheltenham,1981-82,320,40,40,400,160,0,50,210
E07000079,Cotswold,1981-82,160,0,40,200,230,10,40,270
E07000080,Forest of Dean,1981-82,190,0,10,190,180,70,110,360
E07000081,Gloucester,1981-82,310,50,60,420,200,80,80,350
E07000082,Stroud,1981-82,390,0,80,470,320,0,70,390
E07000083,Tewkesbury,1981-82,280,0,20,300,340,0,40,380
E07000084,Basingstoke and Deane,1981-82,1030,70,40,1140,720,310,10,1030
E07000085,East Hampshire,1981-82,740,0,110,860,530,0,50,590
E07000086,Eastleigh,1981-82,500,0,30,540,760,0,0,760
E07000087,Fareham,1981-82,520,30,40,590,510,0,60,570
E07000088,Gosport,1981-82,10,60,60,130,90,60,40,190
E07000089,Hart,1981-82,260,0,0,260,450,0,140,580
E07000090,Havant,1981-82,410,0,40,450,430,0,110,540
E07000091,New Forest,1981-82,910,0,80,990,1030,0,130,1160
E07000092,Rushmoor,1981-82,180,60,90,320,160,60,40,260
E07000093,Test Valley,1981-82,350,0,110,450,380,0,30,410
E07000094,Winchester,1981-82,290,50,60,400,380,10,100,490
E07000095,Broxbourne,1981-82,150,0,30,170,180,0,90,270
E07000096,Dacorum,1981-82,660,10,60,730,550,10,30,590
E07000242,East Hertfordshire,1981-82,420,0,30,460,380,0,10,390
E07000098,Hertsmere,1981-82,150,0,0,150,160,0,0,160
E07000099,North Hertfordshire,1981-82,210,0,50,270,240,30,40,310
E07000240,St Albans,1981-82,380,0,80,470,640,70,40,740
E07000243,Stevenage,1981-82,180,0,230,410,180,50,20,240
E07000102,Three Rivers,1981-82,200,0,60,260,100,0,30,130
E07000103,Watford,1981-82,0,0,0,0,50,0,150,200
E07000241,Welwyn Hatfield,1981-82,180,30,120,330,170,0,100,270
E07000105,Ashford,1981-82,460,20,110,590,440,0,170,610
E07000106,Canterbury,1981-82,330,0,110,440,290,70,130,480
E07000107,Dartford,1981-82,50,0,60,110,50,0,30,80
E07000108,Dover,1981-82,170,50,0,220,120,40,60,220
E07000112,Folkestone and Hythe,1981-82,220,0,140,360,140,0,70,200
E07000109,Gravesham,1981-82,80,0,0,80,60,0,20,80
E07000110,Maidstone,1981-82,420,10,70,500,270,0,50,320
E07000111,Sevenoaks,1981-82,170,0,140,310,310,30,50,380
E07000113,Swale,1981-82,130,0,10,140,280,0,70,350
E07000114,Thanet,1981-82,50,0,60,110,60,0,80,140
E07000115,Tonbridge and Malling,1981-82,360,0,90,450,400,0,0,400
E07000116,Tunbridge Wells,1981-82,150,40,0,190,120,20,30,180
E07000117,Burnley,1981-82,130,40,0,170,130,100,0,230
E07000118,Chorley,1981-82,110,0,40,150,70,0,30,100
E07000119,Fylde,1981-82,170,0,40,200,140,0,10,150
E07000120,Hyndburn,1981-82,100,60,80,250,120,0,120,240
E07000121,Lancaster,1981-82,220,10,30,260,180,210,70,460
E07000122,Pendle,1981-82,30,30,80,140,50,0,60,110
E07000123,Preston,1981-82,110,230,10,340,120,150,140,410
E07000124,Ribble Valley,1981-82,70,0,30,100,60,30,0,80
E07000125,Rossendale,1981-82,70,0,20,90,80,30,60,180
E07000126,South Ribble,1981-82,130,0,70,200,70,10,80,170
E07000127,West Lancashire,1981-82,190,0,0,190,50,0,50,100
E07000128,Wyre,1981-82,170,0,70,240,120,0,40,160
E07000129,Blaby,1981-82,130,110,10,260,180,0,30,200
E07000130,Charnwood,1981-82,380,0,60,440,240,190,110,540
E07000131,Harborough,1981-82,150,0,30,180,160,0,70,230
E07000132,Hinckley and Bosworth,1981-82,530,0,30,570,350,30,40,420
E07000133,Melton,1981-82,130,0,70,200,130,50,0,180
E07000134,North West Leicestershire,1981-82,140,10,70,220,180,0,40,220
E07000135,Oadby and Wigston,1981-82,210,0,30,230,140,0,30,170
E07000136,Boston,1981-82,90,0,80,170,70,0,10,80
E07000137,East Lindsey,1981-82,400,0,80,480,350,0,10,360
E07000138,Lincoln,1981-82,310,0,40,360,270,50,20,340
E07000139,North Kesteven,1981-82,240,0,70,310,180,0,70,250
E07000140,South Holland,1981-82,320,0,0,320,210,0,0,210
E07000141,South Kesteven,1981-82,440,0,30,470,430,0,80,510
E07000142,West Lindsey,1981-82,160,0,20,180,170,0,20,200
E07000143,Breckland,1981-82,440,0,10,440,230,0,20,240
E07000144,Broadland,1981-82,280,0,70,360,310,0,50,360
E07000145,Great Yarmouth,1981-82,200,0,70,270,150,10,10,160
E07000146,King's Lynn and West Norfolk,1981-82,420,90,30,540,480,0,30,510
E07000147,North Norfolk,1981-82,300,0,40,340,330,0,50,370
E07000148,Norwich,1981-82,170,20,120,310,140,50,150,350
E07000149,South Norfolk,1981-82,300,30,0,330,640,0,90,720
E07000150,Corby,1981-82,10,0,0,10,20,0,0,20
E07000151,Daventry,1981-82,380,0,60,440,310,0,40,350
E07000152,East Northamptonshire,1981-82,130,0,40,170,130,0,30,160
E07000153,Kettering,1981-82,180,0,30,210,130,0,70,200
E07000154,Northampton,1981-82,420,80,30,530,350,40,650,1040
E07000155,South Northamptonshire,1981-82,360,0,0,360,380,0,30,410
E07000156,Wellingborough,1981-82,120,40,40,200,140,0,130,270
E07000157,Alnwick,1981-82,90,20,10,120,150,20,10,170
E07000158,Berwick-upon-Tweed,1981-82,40,0,30,70,20,0,50,70
E07000159,Blyth Valley,1981-82,200,0,0,200,170,120,30,320
E07000160,Castle Morpeth,1981-82,90,0,50,140,130,50,20,190
E07000161,Tynedale,1981-82,110,40,60,210,110,10,90,200
E07000162,Wansbeck,1981-82,60,0,60,120,90,0,0,90
E07000163,Craven,1981-82,110,20,30,160,120,40,50,210
E07000164,Hambleton,1981-82,240,0,20,260,180,0,60,250
E07000166,Richmondshire,1981-82,90,0,20,100,100,0,20,120
E07000168,Scarborough,1981-82,320,20,10,360,210,0,50,260
E07000170,Ashfield,1981-82,180,0,20,200,160,0,40,200
E07000171,Bassetlaw,1981-82,350,20,150,520,190,0,90,270
E07000172,Broxtowe,1981-82,270,0,90,350,240,40,80,360
E07000173,Gedling,1981-82,210,60,180,440,220,80,20,320
E07000174,Mansfield,1981-82,330,0,0,330,320,0,80,400
E07000175,Newark and Sherwood,1981-82,400,0,0,400,290,0,70,360
E07000176,Rushcliffe,1981-82,200,0,30,230,240,0,60,300
E07000177,Cherwell,1981-82,550,0,70,620,330,70,20,410
E07000178,Oxford,1981-82,80,40,130,250,210,40,180,430
E07000179,South Oxfordshire,1981-82,260,0,0,260,250,0,50,300
E07000180,Vale of White Horse,1981-82,450,0,0,460,440,0,10,450
E07000181,West Oxfordshire,1981-82,310,0,60,360,240,0,110,350
E07000182,Bridgnorth,1981-82,90,30,0,120,100,0,50,150
E07000188,Sedgemoor,1981-82,150,0,40,180,60,0,10,70
E07000185,Shrewsbury and Atcham,1981-82,160,0,50,210,270,0,60,320
E07000191,South Shropshire,1981-82,150,0,20,170,90,0,50,140
E07000189,South Somerset,1981-82,90,0,30,120,60,10,10,80
E07000187,Mendip,1981-82,330,20,90,440,320,40,20,380
E07000188,Sedgemoor,1981-82,430,0,0,430,440,30,0,470
E07000189,South Somerset,1981-82,530,0,70,600,500,0,90,580
E07000190,Taunton Deane,1981-82,270,60,110,440,220,0,120,350
E07000191,West Somerset,1981-82,30,0,0,30,40,0,110,140
E07000192,Cannock Chase,1981-82,280,40,50,370,270,20,0,290
E07000193,East Staffordshire,1981-82,240,0,40,280,110,0,50,160
E07000194,Lichfield,1981-82,300,40,50,390,260,10,30,290
E07000195,Newcastle-under-Lyme,1981-82,240,60,50,350,270,70,70,410
E07000196,South Staffordshire,1981-82,500,0,40,540,500,100,70,670
E07000197,Stafford,1981-82,210,0,90,300,220,0,170,400
E07000198,Staffordshire Moorlands,1981-82,290,0,20,310,290,0,30,310
E07000199,Tamworth,1981-82,260,0,30,290,340,0,30,360
E07000200,Babergh,1981-82,330,0,50,380,360,0,40,390
E07000201,Forest Heath,1981-82,150,0,30,170,130,0,20,150
E07000202,Ipswich,1981-82,80,100,110,280,100,100,50,250
E07000203,Mid Suffolk,1981-82,270,0,70,340,170,0,0,170
E07000204,St Edmundsbury,1981-82,230,0,80,320,280,0,50,330
E07000205,Suffolk Coastal,1981-82,800,0,30,830,890,0,70,970
E07000206,Waveney,1981-82,430,90,80,590,210,0,100,310
E07000207,Elmbridge,1981-82,270,50,110,440,270,0,110,380
E07000208,Epsom and Ewell,1981-82,70,50,10,140,60,0,50,110
E07000209,Guildford,1981-82,360,20,80,460,290,0,10,300
E07000210,Mole Valley,1981-82,240,0,110,340,70,0,130,200
E07000211,Reigate and Banstead,1981-82,230,70,40,340,110,40,20,170
E07000212,Runnymede,1981-82,270,0,120,390,90,0,50,140
E07000213,Spelthorne,1981-82,100,0,100,200,40,10,50,90
E07000214,Surrey Heath,1981-82,190,0,10,200,210,0,80,290
E07000215,Tandridge,1981-82,210,0,40,250,110,0,10,120
E07000216,Waverley,1981-82,410,50,10,480,380,90,140,600
E07000217,Woking,1981-82,510,0,60,570,390,0,60,450
E07000218,North Warwickshire,1981-82,240,0,50,290,230,0,20,250
E07000219,Nuneaton and Bedworth,1981-82,300,0,60,360,330,0,60,390
E07000220,Rugby,1981-82,230,0,90,320,130,0,60,200
E07000221,Stratford-on-Avon,1981-82,280,0,20,300,220,0,80,300
E07000222,Warwick,1981-82,350,0,130,480,270,40,10,320
E07000223,Adur,1981-82,30,0,50,70,20,0,90,110
E07000224,Arun,1981-82,530,130,60,720,400,10,110,520
E07000225,Chichester,1981-82,220,0,110,330,250,40,30,310
E07000226,Crawley,1981-82,80,60,60,200,60,230,590,880
E07000227,Horsham,1981-82,440,70,70,580,540,0,160,700
E07000228,Mid Sussex,1981-82,590,10,10,620,650,0,110,760
E07000229,Worthing,1981-82,100,40,80,210,110,10,10,120
E07000230,Kennet,1981-82,140,0,30,180,100,0,20,120
E07000231,North Wiltshire,1981-82,360,0,0,360,250,0,0,250
E07000232,Salisbury,1981-82,300,0,60,360,310,40,40,380
E07000233,West Wiltshire,1981-82,300,10,40,340,320,20,70,410
E07000234,Bromsgrove,1981-82,230,10,20,250,340,0,0,340
E07000236,Redditch,1981-82,440,0,0,440,340,20,180,540
E07000237,Worcester,1981-82,160,70,10,240,110,0,0,120
E07000238,Wychavon,1981-82,390,0,70,460,250,0,70,320
E07000239,Wyre Forest,1981-82,300,0,60,360,170,0,20,200
E06000053,Isles of Scilly,1982-83,0,0,0,0,0,0,0,0
E09000002,Barking and Dagenham,1982-83,0,0,0,0,10,0,20,30
E09000003,Barnet,1982-83,600,40,130,770,370,50,10,430
E09000004,Bexley,1982-83,270,160,40,470,410,110,30,550
E09000005,Brent,1982-83,90,210,30,330,130,0,240,370
E09000006,Bromley,1982-83,370,120,80,580,340,120,100,560
E09000007,Camden,1982-83,20,20,30,80,0,0,690,690
E09000001,City of London,1982-83,10,0,0,10,70,0,0,70
E09000008,Croydon,1982-83,450,150,100,690,250,30,90,370
E09000009,Ealing,1982-83,750,80,70,900,350,220,110,680
E09000010,Enfield,1982-83,90,30,80,200,280,0,180,460
E09000011,Greenwich,1982-83,20,0,260,290,40,0,380,420
E09000012,Hackney,1982-83,60,0,50,110,30,0,80,100
E09000013,Hammersmith and Fulham,1982-83,0,190,90,280,0,70,190,260
E09000014,Haringey,1982-83,60,0,340,400,140,0,210,340
E09000015,Harrow,1982-83,290,40,50,380,300,50,50,410
E09000016,Havering,1982-83,230,0,0,230,300,0,30,340
E09000017,Hillingdon,1982-83,670,90,20,770,710,10,60,770
E09000018,Hounslow,1982-83,280,40,40,360,440,120,170,720
E09000019,Islington,1982-83,70,0,80,150,190,0,330,520
E09000020,Kensington and Chelsea,1982-83,10,40,40,80,70,40,80,190
E09000021,Kingston upon Thames,1982-83,250,40,0,280,180,60,40,270
E09000022,Lambeth,1982-83,0,0,740,740,40,0,700,740
E09000023,Lewisham,1982-83,90,60,350,500,20,0,160,180
E09000024,Merton,1982-83,360,0,80,440,330,60,80,470
E09000025,Newham,1982-83,420,0,130,550,350,0,40,400
E09000026,Redbridge,1982-83,180,0,0,180,140,0,0,140
E09000027,Richmond upon Thames,1982-83,220,160,0,380,150,340,0,490
E09000028,Southwark,1982-83,620,250,240,1110,70,70,390,530
E09000029,Sutton,1982-83,190,0,50,240,260,130,20,410
E09000030,Tower Hamlets,1982-83,80,0,50,130,0,0,20,20
E09000031,Waltham Forest,1982-83,50,0,170,230,30,90,180,300
E09000032,Wandsworth,1982-83,600,40,0,640,390,30,320,740
E09000033,Westminster,1982-83,30,40,80,160,150,60,60,260
E08000001,Bolton,1982-83,640,110,300,1050,620,30,260,900
E08000002,Bury,1982-83,370,100,0,480,310,60,0,370
E08000003,Manchester,1982-83,840,340,650,1840,400,210,730,1330
E08000004,Oldham,1982-83,360,160,220,740,230,20,60,310
E08000005,Rochdale,1982-83,350,170,370,890,240,160,180,580
E08000006,Salford,1982-83,250,50,450,740,150,130,530,800
E08000007,Stockport,1982-83,390,160,30,590,520,100,0,620
E08000008,Tameside,1982-83,150,110,120,380,130,70,190,390
E08000009,Trafford,1982-83,280,60,0,340,330,10,40,380
E08000010,Wigan,1982-83,780,0,100,880,680,0,90,770
E08000011,Knowsley,1982-83,160,0,0,160,250,0,0,250
E08000012,Liverpool,1982-83,1070,560,230,1860,660,190,70,920
E08000014,Sefton,1982-83,430,100,190,730,270,30,80,390
E08000013,St. Helens,1982-83,180,130,70,380,250,100,100,440
E08000015,Wirral,1982-83,700,250,140,1090,640,80,40,760
E08000016,Barnsley,1982-83,350,0,30,380,190,0,20,200
E08000017,Doncaster,1982-83,680,0,60,730,350,0,90,430
E08000018,Rotherham,1982-83,910,30,30,980,810,130,70,1010
E08000019,Sheffield,1982-83,1080,90,510,1680,940,50,250,1230
E08000037,Gateshead,1982-83,470,30,30,520,360,20,100,490
E08000021,Newcastle upon Tyne,1982-83,480,10,70,560,380,0,120,500
E08000022,North Tyneside,1982-83,560,200,170,940,620,40,40,700
E08000023,South Tyneside,1982-83,230,0,190,410,290,80,40,410
E08000024,Sunderland,1982-83,360,0,30,390,190,0,20,210
E08000025,Birmingham,1982-83,1750,800,380,2930,1160,390,90,1650
E08000026,Coventry,1982-83,440,110,80,630,300,80,80,460
E08000027,Dudley,1982-83,750,340,70,1160,620,130,80,830
E08000028,Sandwell,1982-83,450,170,210,830,360,110,270,740
E08000029,Solihull,1982-83,680,130,140,950,650,40,70,750
E08000030,Walsall,1982-83,110,40,0,150,310,60,10,370
E08000031,Wolverhampton,1982-83,610,70,70,750,400,110,20,520
E08000032,Bradford,1982-83,510,230,50,780,500,260,20,780
E08000033,Calderdale,1982-83,260,90,60,410,110,70,20,200
E08000034,Kirklees,1982-83,660,10,190,860,590,110,20,720
E08000035,Leeds,1982-83,1370,170,660,2200,1120,490,450,2060
E08000036,Wakefield,1982-83,590,40,200,820,650,20,160,830
E07000002,Bedford,1982-83,360,60,50,470,270,40,60,380
E07000001,Mid Bedfordshire,1982-83,460,0,210,670,340,0,180,530
E07000003,South Bedfordshire,1982-83,410,0,20,420,320,50,50,420
E07000004,Aylesbury Vale,1982-83,780,0,50,830,630,0,70,700
E07000005,Chiltern,1982-83,300,0,40,340,170,0,20,200
E07000006,South Bucks,1982-83,260,0,80,340,110,0,40,150
E07000007,Wycombe,1982-83,400,0,0,400,280,0,110,390
E07000008,Cambridge,1982-83,310,40,70,420,390,0,70,460
E07000009,East Cambridgeshire,1982-83,210,40,50,310,120,20,50,180
E07000010,Fenland,1982-83,300,0,30,330,240,50,60,340
E07000011,Huntingdonshire,1982-83,710,120,100,930,610,0,80,690
E07000012,South Cambridgeshire,1982-83,650,0,160,810,560,0,170,730
E07000013,Chester,1982-83,460,50,0,510,320,0,40,350
E07000014,Congleton,1982-83,450,80,30,560,390,0,60,440
E07000015,Crewe and Nantwich,1982-83,330,10,10,360,230,0,40,270
E07000016,Ellesmere Port & Neston,1982-83,180,70,30,280,170,0,10,180
E07000017,Macclesfield,1982-83,390,80,0,480,320,10,80,410
E07000018,Vale Royal,1982-83,380,0,10,390,310,0,30,330
E07000019,Caradon,1982-83,310,0,100,400,330,0,100,430
E07000020,Carrick,1982-83,410,0,40,460,250,0,40,290
E07000021,Kerrier,1982-83,260,0,100,360,190,0,50,240
E07000022,North Cornwall,1982-83,250,0,100,340,240,0,80,330
E07000023,Penwith,1982-83,150,0,40,190,80,0,20,100
E07000024,Restormel,1982-83,210,0,110,320,190,0,30,230
E07000026,Allerdale,1982-83,150,0,30,180,100,10,40,150
E07000027,Barrow-in-Furness,1982-83,50,0,50,100,70,0,40,100
E07000028,Carlisle,1982-83,130,10,40,170,170,10,20,200
E07000029,Copeland,1982-83,150,30,30,210,140,0,70,210
E07000030,Eden,1982-83,110,40,50,200,100,50,30,180
E07000031,South Lakeland,1982-83,130,10,40,170,150,20,40,210
E07000032,Amber Valley,1982-83,240,80,140,460,180,0,90,270
E07000033,Bolsover,1982-83,290,0,0,290,300,0,0,300
E07000034,Chesterfield,1982-83,140,0,60,190,100,70,50,210
E07000035,Derbyshire Dales,1982-83,190,0,70,260,120,0,10,130
E07000036,Erewash,1982-83,420,20,70,500,320,0,30,360
E07000037,High Peak,1982-83,60,0,0,60,60,0,30,90
E07000038,North East Derbyshire,1982-83,320,0,40,360,240,0,30,270
E07000039,South Derbyshire,1982-83,280,0,40,320,270,0,40,310
E07000040,East Devon,1982-83,420,0,50,460,280,40,0,320
E07000041,Exeter,1982-83,0,0,50,50,0,0,50,50
E07000042,Mid Devon,1982-83,170,10,30,210,120,0,70,190
E07000043,North Devon,1982-83,300,10,10,310,180,0,40,220
E07000044,South Hams,1982-83,440,60,90,580,370,10,40,420
E07000045,Teignbridge,1982-83,570,70,60,700,400,0,90,490
E07000046,Torridge,1982-83,150,10,50,200,140,0,0,150
E07000047,West Devon,1982-83,110,0,50,160,70,0,10,80
E07000048,Christchurch,1982-83,380,0,10,400,430,0,10,430
E07000049,East Dorset,1982-83,650,0,120,770,600,0,30,630
E07000050,North Dorset,1982-83,260,0,100,370,160,20,70,240
E07000051,Purbeck,1982-83,220,0,60,280,190,0,30,220
E07000052,West Dorset,1982-83,280,0,70,350,160,40,0,200
E07000053,Weymouth and Portland,1982-83,160,0,30,200,130,0,80,210
E07000054,Chester-le-Street,1982-83,90,0,0,90,160,0,0,160
E07000056,County Durham,1982-83,160,0,30,190,170,0,30,200
E07000055,Derwentside,1982-83,80,0,40,120,50,0,90,150
E07000057,Easington,1982-83,180,40,0,220,130,0,50,180
E07000058,Sedgefield,1982-83,200,0,10,210,100,0,10,110
E07000059,Teesdale,1982-83,20,0,0,20,20,0,0,20
E07000060,Wear Valley,1982-83,110,0,20,130,80,0,40,120
E07000061,Eastbourne,1982-83,290,0,190,470,160,0,50,220
E07000062,Hastings,1982-83,300,0,60,360,280,0,90,370
E07000063,Lewes,1982-83,310,0,60,370,300,20,40,360
E07000064,Rother,1982-83,300,20,50,370,220,0,30,250
E07000065,Wealden,1982-83,370,110,110,590,370,20,20,410
E07000066,Basildon,1982-83,870,0,110,970,740,0,130,860
E07000067,Braintree,1982-83,490,10,60,550,610,0,100,710
E07000068,Brentwood,1982-83,70,30,20,120,90,10,60,160
E07000069,Castle Point,1982-83,240,0,10,240,230,0,10,240
E07000070,Chelmsford,1982-83,1170,0,200,1360,850,0,80,940
E07000071,Colchester,1982-83,640,0,60,700,510,0,100,610
E07000072,Epping Forest,1982-83,240,0,50,290,290,0,20,300
E07000073,Harlow,1982-83,10,20,50,80,10,0,30,40
E07000074,Maldon,1982-83,310,0,0,310,230,0,0,230
E07000075,Rochford,1982-83,270,20,40,330,250,20,10,280
E07000076,Tendring,1982-83,510,30,20,560,350,0,0,350
E07000077,Uttlesford,1982-83,140,0,0,140,130,0,30,160
E07000078,Cheltenham,1982-83,500,20,80,600,440,50,40,530
E07000079,Cotswold,1982-83,210,40,0,250,150,50,30,230
E07000080,Forest of Dean,1982-83,60,40,10,110,100,0,20,120
E07000081,Gloucester,1982-83,300,30,130,460,230,50,90,360
E07000082,Stroud,1982-83,410,0,70,480,520,0,80,600
E07000083,Tewkesbury,1982-83,350,40,30,410,270,0,30,290
E07000084,Basingstoke and Deane,1982-83,1400,90,0,1490,810,90,50,950
E07000085,East Hampshire,1982-83,520,0,40,560,660,0,130,800
E07000086,Eastleigh,1982-83,640,30,70,730,630,0,50,680
E07000087,Fareham,1982-83,640,20,60,720,570,20,40,630
E07000088,Gosport,1982-83,150,50,80,280,30,0,50,80
E07000089,Hart,1982-83,280,0,60,330,280,0,0,280
E07000090,Havant,1982-83,760,0,140,900,420,0,40,460
E07000091,New Forest,1982-83,1060,0,90,1150,1040,0,100,1140
E07000092,Rushmoor,1982-83,170,0,70,240,140,0,40,170
E07000093,Test Valley,1982-83,550,0,190,740,390,0,90,480
E07000094,Winchester,1982-83,340,0,90,430,280,10,30,320
E07000095,Broxbourne,1982-83,390,0,10,400,300,0,100,400
E07000096,Dacorum,1982-83,530,50,100,680,530,110,90,730
E07000242,East Hertfordshire,1982-83,610,0,80,700,620,0,40,670
E07000098,Hertsmere,1982-83,150,0,0,150,170,0,0,170
E07000099,North Hertfordshire,1982-83,490,20,30,540,460,0,10,470
E07000240,St Albans,1982-83,570,0,80,640,560,0,60,620
E07000243,Stevenage,1982-83,30,90,120,230,110,0,170,280
E07000102,Three Rivers,1982-83,160,0,40,190,170,0,30,200
E07000103,Watford,1982-83,80,0,20,100,10,40,50,100
E07000241,Welwyn Hatfield,1982-83,260,0,280,540,160,10,110,280
E07000105,Ashford,1982-83,450,0,90,530,510,50,60,620
E07000106,Canterbury,1982-83,500,80,120,700,440,0,60,500
E07000107,Dartford,1982-83,40,0,50,90,50,0,60,110
E07000108,Dover,1982-83,180,130,60,370,110,110,0,220
E07000112,Folkestone and Hythe,1982-83,280,190,100,580,170,20,120,300
E07000109,Gravesham,1982-83,210,20,110,330,90,10,110,200
E07000110,Maidstone,1982-83,470,10,50,530,480,0,40,510
E07000111,Sevenoaks,1982-83,310,0,40,340,90,0,90,180
E07000113,Swale,1982-83,120,0,70,190,120,0,10,130
E07000114,Thanet,1982-83,250,0,60,310,270,0,90,360
E07000115,Tonbridge and Malling,1982-83,500,0,80,580,480,0,100,580
E07000116,Tunbridge Wells,1982-83,210,0,60,270,180,40,40,260
E07000117,Burnley,1982-83,210,0,50,270,180,40,70,290
E07000118,Chorley,1982-83,120,0,30,160,80,0,20,100
E07000119,Fylde,1982-83,140,0,10,150,180,0,40,210
E07000120,Hyndburn,1982-83,180,0,40,220,110,10,40,160
E07000121,Lancaster,1982-83,300,80,180,560,280,0,10,290
E07000122,Pendle,1982-83,110,0,60,170,70,60,70,210
E07000123,Preston,1982-83,30,50,220,300,60,160,80,300
E07000124,Ribble Valley,1982-83,60,0,0,60,50,40,0,90
E07000125,Rossendale,1982-83,70,0,30,90,80,0,50,130
E07000126,South Ribble,1982-83,150,140,0,290,150,0,0,150
E07000127,West Lancashire,1982-83,200,0,50,250,150,0,20,170
E07000128,Wyre,1982-83,160,0,50,210,170,0,60,240
E07000129,Blaby,1982-83,350,0,70,420,270,40,20,330
E07000130,Charnwood,1982-83,610,80,60,750,520,0,60,580
E07000131,Harborough,1982-83,170,0,40,210,150,0,40,190
E07000132,Hinckley and Bosworth,1982-83,500,0,60,560,610,0,60,670
E07000133,Melton,1982-83,70,0,0,70,120,0,70,190
E07000134,North West Leicestershire,1982-83,120,0,60,180,160,10,30,200
E07000135,Oadby and Wigston,1982-83,230,30,50,310,190,0,40,230
E07000136,Boston,1982-83,70,0,80,160,120,0,70,190
E07000137,East Lindsey,1982-83,410,0,60,470,340,0,40,380
E07000138,Lincoln,1982-83,530,70,70,670,360,0,30,380
E07000139,North Kesteven,1982-83,330,30,50,410,270,0,70,340
E07000140,South Holland,1982-83,300,0,0,300,350,0,0,350
E07000141,South Kesteven,1982-83,420,0,140,560,420,0,70,490
E07000142,West Lindsey,1982-83,200,0,10,210,170,0,0,170
E07000143,Breckland,1982-83,470,30,10,510,280,0,10,290
E07000144,Broadland,1982-83,360,0,100,460,340,0,30,370
E07000145,Great Yarmouth,1982-83,310,0,60,370,220,0,60,290
E07000146,King's Lynn and West Norfolk,1982-83,520,0,20,540,310,0,0,310
E07000147,North Norfolk,1982-83,410,0,80,480,170,0,30,210
E07000148,Norwich,1982-83,140,0,130,270,70,0,90,160
E07000149,South Norfolk,1982-83,600,40,20,650,590,10,0,600
E07000150,Corby,1982-83,30,0,0,30,30,0,0,30
E07000151,Daventry,1982-83,440,0,70,510,420,0,60,480
E07000152,East Northamptonshire,1982-83,160,0,60,220,160,0,40,200
E07000153,Kettering,1982-83,130,70,40,240,170,0,40,210
E07000154,Northampton,1982-83,600,30,20,650,500,20,100,610
E07000155,South Northamptonshire,1982-83,380,10,10,410,320,0,20,340
E07000156,Wellingborough,1982-83,210,30,110,340,160,80,40,280
E07000157,Alnwick,1982-83,100,30,20,150,60,0,0,60
E07000158,Berwick-upon-Tweed,1982-83,40,0,0,40,30,0,30,60
E07000159,Blyth Valley,1982-83,110,90,70,270,150,90,30,270
E07000160,Castle Morpeth,1982-83,350,0,0,350,170,0,40,210
E07000161,Tynedale,1982-83,110,60,20,190,110,10,50,170
E07000162,Wansbeck,1982-83,100,30,30,160,110,0,60,170
E07000163,Craven,1982-83,120,0,10,130,120,20,30,170
E07000164,Hambleton,1982-83,250,0,70,320,280,0,60,350
E07000166,Richmondshire,1982-83,80,0,30,110,150,0,50,190
E07000168,Scarborough,1982-83,320,10,30,360,300,30,10,340
E07000170,Ashfield,1982-83,250,20,40,320,210,0,50,260
E07000171,Bassetlaw,1982-83,360,20,100,490,250,0,170,420
E07000172,Broxtowe,1982-83,280,60,110,460,230,0,130,360
E07000173,Gedling,1982-83,330,170,60,570,280,190,170,650
E07000174,Mansfield,1982-83,350,0,140,490,210,0,180,390
E07000175,Newark and Sherwood,1982-83,410,0,80,490,360,0,40,410
E07000176,Rushcliffe,1982-83,210,30,60,300,190,0,20,210
E07000177,Cherwell,1982-83,710,0,80,790,690,0,70,760
E07000178,Oxford,1982-83,60,180,220,460,80,20,130,230
E07000179,South Oxfordshire,1982-83,570,10,50,630,300,40,60,400
E07000180,Vale of White Horse,1982-83,480,0,60,550,480,0,60,530
E07000181,West Oxfordshire,1982-83,450,0,40,490,420,0,60,480
E07000182,Bridgnorth,1982-83,30,0,30,50,100,30,0,120
E07000188,Sedgemoor,1982-83,200,0,10,210,190,0,40,220
E07000185,Shrewsbury and Atcham,1982-83,440,0,130,570,460,0,40,510
E07000191,South Shropshire,1982-83,80,0,0,80,140,0,20,160
E07000189,South Somerset,1982-83,120,0,10,140,70,0,30,110
E07000187,Mendip,1982-83,370,0,190,560,400,0,160,560
E07000188,Sedgemoor,1982-83,540,20,0,560,290,0,80,370
E07000189,South Somerset,1982-83,680,0,170,850,680,0,80,760
E07000190,Taunton Deane,1982-83,560,140,80,770,310,0,100,410
E07000191,West Somerset,1982-83,90,0,80,170,70,0,0,70
E07000192,Cannock Chase,1982-83,210,0,20,230,240,40,50,330
E07000193,East Staffordshire,1982-83,310,30,90,420,300,0,10,310
E07000194,Lichfield,1982-83,400,70,10,480,260,90,40,390
E07000195,Newcastle-under-Lyme,1982-83,250,60,80,380,230,60,50,340
E07000196,South Staffordshire,1982-83,740,0,110,840,650,0,50,710
E07000197,Stafford,1982-83,230,0,20,250,220,0,10,230
E07000198,Staffordshire Moorlands,1982-83,260,0,20,280,270,0,20,290
E07000199,Tamworth,1982-83,310,0,0,310,380,0,30,400
E07000200,Babergh,1982-83,410,0,10,420,380,0,50,420
E07000201,Forest Heath,1982-83,240,0,60,300,160,0,20,170
E07000202,Ipswich,1982-83,160,50,50,270,70,120,90,280
E07000203,Mid Suffolk,1982-83,260,0,0,260,150,0,50,200
E07000204,St Edmundsbury,1982-83,240,0,20,260,220,0,10,230
E07000205,Suffolk Coastal,1982-83,760,0,70,830,660,0,30,690
E07000206,Waveney,1982-83,510,60,160,720,410,90,80,570
E07000207,Elmbridge,1982-83,430,0,140,560,370,10,30,410
E07000208,Epsom and Ewell,1982-83,90,0,40,130,20,60,10,100
E07000209,Guildford,1982-83,440,0,90,520,500,0,50,540
E07000210,Mole Valley,1982-83,200,0,20,220,170,50,60,280
E07000211,Reigate and Banstead,1982-83,420,10,90,520,250,90,0,340
E07000212,Runnymede,1982-83,290,0,90,370,250,0,50,300
E07000213,Spelthorne,1982-83,140,0,100,240,200,20,170,380
E07000214,Surrey Heath,1982-83,260,80,40,380,190,0,20,210
E07000215,Tandridge,1982-83,120,0,40,160,160,0,40,200
E07000216,Waverley,1982-83,460,120,70,650,520,70,20,610
E07000217,Woking,1982-83,780,0,130,910,550,20,120,700
E07000218,North Warwickshire,1982-83,150,0,0,150,140,0,40,170
E07000219,Nuneaton and Bedworth,1982-83,270,0,60,330,260,0,130,380
E07000220,Rugby,1982-83,170,50,40,270,200,0,90,280
E07000221,Stratford-on-Avon,1982-83,560,0,100,660,490,0,40,530
E07000222,Warwick,1982-83,340,80,90,510,250,30,150,430
E07000223,Adur,1982-83,40,0,0,40,30,0,10,40
E07000224,Arun,1982-83,670,60,110,840,680,140,40,860
E07000225,Chichester,1982-83,250,0,100,360,260,0,100,360
E07000226,Crawley,1982-83,150,40,390,590,90,80,50,220
E07000227,Horsham,1982-83,550,0,30,580,520,70,30,620
E07000228,Mid Sussex,1982-83,470,30,70,570,590,20,10,610
E07000229,Worthing,1982-83,80,0,30,110,90,30,40,160
E07000230,Kennet,1982-83,190,0,50,240,140,0,70,210
E07000231,North Wiltshire,1982-83,820,30,0,850,600,0,0,600
E07000232,Salisbury,1982-83,220,40,90,340,240,0,70,310
E07000233,West Wiltshire,1982-83,320,0,90,410,230,20,40,280
E07000234,Bromsgrove,1982-83,310,0,0,310,180,60,50,290
E07000236,Redditch,1982-83,440,0,0,440,360,0,20,380
E07000237,Worcester,1982-83,280,30,60,370,220,0,10,240
E07000238,Wychavon,1982-83,500,0,100,600,220,0,30,260
E07000239,Wyre Forest,1982-83,280,0,50,340,270,0,60,330
E06000053,Isles of Scilly,1983-84,0,0,0,0,0,0,0,0
E09000002,Barking and Dagenham,1983-84,250,0,0,250,0,0,0,0
E09000003,Barnet,1983-84,420,20,100,530,760,40,140,930
E09000004,Bexley,1983-84,440,0,60,500,280,100,40,420
E09000005,Brent,1983-84,40,130,10,180,180,0,300,480
E09000006,Bromley,1983-84,530,10,10,550,290,120,70,480
E09000007,Camden,1983-84,140,60,20,210,10,30,150,190
E09000001,City of London,1983-84,10,0,0,10,10,0,0,10
E09000008,Croydon,1983-84,610,20,170,790,610,0,260,870
E09000009,Ealing,1983-84,260,70,140,470,390,20,120,530
E09000010,Enfield,1983-84,80,0,20,100,80,50,140,270
E09000011,Greenwich,1983-84,10,0,0,10,40,0,300,330
E09000012,Hackney,1983-84,0,0,190,200,50,0,60,110
E09000013,Hammersmith and Fulham,1983-84,0,150,130,290,0,130,20,150
E09000014,Haringey,1983-84,200,30,70,300,180,20,270,470
E09000015,Harrow,1983-84,510,60,30,600,200,40,100,340
E09000016,Havering,1983-84,220,0,70,280,340,50,60,450
E09000017,Hillingdon,1983-84,1000,90,0,1090,960,0,0,960
E09000018,Hounslow,1983-84,540,290,70,900,410,50,60,530
E09000019,Islington,1983-84,100,0,100,200,140,0,120,260
E09000020,Kensington and Chelsea,1983-84,140,110,30,280,60,100,0,160
E09000021,Kingston upon Thames,1983-84,80,0,20,100,150,40,20,210
E09000022,Lambeth,1983-84,60,20,470,550,30,0,400,430
E09000023,Lewisham,1983-84,60,50,80,190,40,80,130,250
E09000024,Merton,1983-84,330,0,20,350,250,0,80,330
E09000025,Newham,1983-84,540,0,450,990,230,10,100,350
E09000026,Redbridge,1983-84,290,20,70,380,120,0,0,120
E09000027,Richmond upon Thames,1983-84,180,40,120,340,260,50,80,390
E09000028,Southwark,1983-84,620,20,50,690,330,240,170,730
E09000029,Sutton,1983-84,330,90,60,490,400,60,50,520
E09000030,Tower Hamlets,1983-84,950,0,10,950,10,0,30,40
E09000031,Waltham Forest,1983-84,410,80,160,650,90,10,190,290
E09000032,Wandsworth,1983-84,350,130,0,480,260,50,390,700
E09000033,Westminster,1983-84,100,80,10,190,70,80,40,180
E08000001,Bolton,1983-84,510,170,120,800,760,130,170,1060
E08000002,Bury,1983-84,300,160,0,460,370,110,0,480
E08000003,Manchester,1983-84,410,320,240,970,790,360,480,1630
E08000004,Oldham,1983-84,360,190,10,560,370,80,140,580
E08000005,Rochdale,1983-84,440,180,70,690,370,200,240,810
E08000006,Salford,1983-84,330,70,0,400,280,260,40,580
E08000007,Stockport,1983-84,530,120,20,670,510,230,30,770
E08000008,Tameside,1983-84,190,60,160,420,160,30,60,250
E08000009,Trafford,1983-84,220,60,100,380,250,40,30,310
E08000010,Wigan,1983-84,640,0,120,750,730,40,120,890
E08000011,Knowsley,1983-84,270,0,0,270,180,0,0,180
E08000012,Liverpool,1983-84,890,750,480,2110,880,750,280,1910
E08000014,Sefton,1983-84,650,60,170,870,580,210,170,950
E08000013,St. Helens,1983-84,260,60,0,320,220,160,70,450
E08000015,Wirral,1983-84,870,130,60,1060,730,190,130,1050
E08000016,Barnsley,1983-84,600,20,10,630,520,0,20,530
E08000017,Doncaster,1983-84,390,0,520,920,510,0,160,670
E08000018,Rotherham,1983-84,840,0,60,900,840,50,0,890
E08000019,Sheffield,1983-84,1320,110,340,1770,1140,100,470,1710
E08000037,Gateshead,1983-84,660,100,90,850,480,60,0,540
E08000021,Newcastle upon Tyne,1983-84,430,40,210,680,570,200,180,940
E08000022,North Tyneside,1983-84,490,120,150,760,460,130,40,630
E08000023,South Tyneside,1983-84,350,140,110,600,300,100,180,580
E08000024,Sunderland,1983-84,390,60,10,450,280,160,20,460
E08000025,Birmingham,1983-84,1870,650,150,2660,1550,720,300,2570
E08000026,Coventry,1983-84,530,120,30,680,490,190,150,830
E08000027,Dudley,1983-84,830,140,40,1010,670,330,40,1040
E08000028,Sandwell,1983-84,520,120,300,940,360,120,160,640
E08000029,Solihull,1983-84,1290,70,70,1420,980,140,150,1270
E08000030,Walsall,1983-84,480,90,0,570,290,90,0,380
E08000031,Wolverhampton,1983-84,540,0,90,630,490,0,60,550
E08000032,Bradford,1983-84,570,120,60,740,650,170,30,850
E08000033,Calderdale,1983-84,170,80,20,270,210,20,40,270
E08000034,Kirklees,1983-84,610,90,50,750,670,80,210,960
E08000035,Leeds,1983-84,1500,170,220,1890,1370,290,530,2200
E08000036,Wakefield,1983-84,650,190,110,950,530,40,220,790
E07000002,Bedford,1983-84,550,30,80,670,550,50,50,650
E07000001,Mid Bedfordshire,1983-84,400,0,70,470,450,0,80,530
E07000003,South Bedfordshire,1983-84,390,40,60,490,380,20,20,420
E07000004,Aylesbury Vale,1983-84,930,0,90,1020,900,0,70,970
E07000005,Chiltern,1983-84,210,0,50,260,200,0,20,220
E07000006,South Bucks,1983-84,140,0,30,170,230,0,50,280
E07000007,Wycombe,1983-84,490,0,60,540,390,0,40,440
E07000008,Cambridge,1983-84,430,0,180,610,270,70,100,430
E07000009,East Cambridgeshire,1983-84,310,0,20,330,210,0,20,240
E07000010,Fenland,1983-84,420,0,80,500,450,10,40,510
E07000011,Huntingdonshire,1983-84,750,30,30,810,660,90,130,890
E07000012,South Cambridgeshire,1983-84,680,0,110,780,630,0,160,790
E07000013,Chester,1983-84,270,20,50,330,300,70,0,380
E07000014,Congleton,1983-84,340,0,50,400,410,0,20,430
E07000015,Crewe and Nantwich,1983-84,270,30,20,320,240,30,20,290
E07000016,Ellesmere Port & Neston,1983-84,190,60,0,240,250,0,10,260
E07000017,Macclesfield,1983-84,520,100,20,630,360,80,70,510
E07000018,Vale Royal,1983-84,380,0,10,400,360,0,20,380
E07000019,Caradon,1983-84,390,0,90,480,360,0,100,460
E07000020,Carrick,1983-84,450,0,50,500,380,30,40,460
E07000021,Kerrier,1983-84,170,0,50,220,330,0,30,360
E07000022,North Cornwall,1983-84,230,0,50,280,270,0,50,320
E07000023,Penwith,1983-84,160,30,10,200,250,0,60,300
E07000024,Restormel,1983-84,240,0,100,340,260,0,100,370
E07000026,Allerdale,1983-84,150,50,50,250,150,40,30,220
E07000027,Barrow-in-Furness,1983-84,110,0,50,160,80,0,50,130
E07000028,Carlisle,1983-84,190,100,50,340,130,10,40,180
E07000029,Copeland,1983-84,90,70,40,200,90,120,30,240
E07000030,Eden,1983-84,90,0,0,90,90,60,0,160
E07000031,South Lakeland,1983-84,190,10,20,220,160,70,50,270
E07000032,Amber Valley,1983-84,270,10,80,360,210,60,90,360
E07000033,Bolsover,1983-84,290,0,0,290,280,0,0,280
E07000034,Chesterfield,1983-84,200,0,40,240,190,20,50,260
E07000035,Derbyshire Dales,1983-84,260,0,40,300,150,0,50,210
E07000036,Erewash,1983-84,390,0,20,420,330,20,80,420
E07000037,High Peak,1983-84,0,0,20,20,90,0,50,140
E07000038,North East Derbyshire,1983-84,200,0,50,260,190,0,30,220
E07000039,South Derbyshire,1983-84,360,0,40,410,370,0,30,400
E07000040,East Devon,1983-84,420,0,50,470,330,0,40,380
E07000041,Exeter,1983-84,0,0,40,40,0,0,40,40
E07000042,Mid Devon,1983-84,150,40,70,260,160,0,40,200
E07000043,North Devon,1983-84,330,30,20,370,220,20,80,310
E07000044,South Hams,1983-84,560,10,40,610,480,10,20,510
E07000045,Teignbridge,1983-84,810,40,30,880,790,30,40,860
E07000046,Torridge,1983-84,140,0,0,140,120,10,70,200
E07000047,West Devon,1983-84,170,10,20,200,130,0,30,170
E07000048,Christchurch,1983-84,330,0,60,390,390,0,80,470
E07000049,East Dorset,1983-84,770,0,60,830,700,0,90,780
E07000050,North Dorset,1983-84,220,0,70,290,160,0,100,270
E07000051,Purbeck,1983-84,220,0,40,260,240,0,10,240
E07000052,West Dorset,1983-84,430,0,0,430,320,0,0,320
E07000053,Weymouth and Portland,1983-84,230,0,110,340,190,0,40,230
E07000054,Chester-le-Street,1983-84,160,0,0,160,160,0,0,160
E07000056,County Durham,1983-84,90,0,70,160,150,0,30,180
E07000055,Derwentside,1983-84,110,0,100,200,90,0,70,160
E07000057,Easington,1983-84,140,0,20,160,150,40,60,250
E07000058,Sedgefield,1983-84,200,70,10,280,190,0,0,200
E07000059,Teesdale,1983-84,20,0,0,20,20,0,0,20
E07000060,Wear Valley,1983-84,130,0,0,130,100,0,20,130
E07000061,Eastbourne,1983-84,160,50,80,290,200,0,170,370
E07000062,Hastings,1983-84,390,100,50,540,360,0,60,410
E07000063,Lewes,1983-84,550,40,70,660,500,20,70,580
E07000064,Rother,1983-84,280,0,30,310,370,20,70,460
E07000065,Wealden,1983-84,510,40,30,590,350,60,100,500
E07000066,Basildon,1983-84,620,0,180,790,740,0,110,850
E07000067,Braintree,1983-84,590,0,100,690,620,0,30,650
E07000068,Brentwood,1983-84,110,0,20,130,100,30,10,130
E07000069,Castle Point,1983-84,230,0,40,270,210,0,10,220
E07000070,Chelmsford,1983-84,1200,0,90,1290,760,0,60,820
E07000071,Colchester,1983-84,620,0,140,760,600,0,90,690
E07000072,Epping Forest,1983-84,440,0,0,440,410,0,20,430
E07000073,Harlow,1983-84,10,0,60,60,20,20,30,70
E07000074,Maldon,1983-84,280,20,70,360,330,0,40,370
E07000075,Rochford,1983-84,310,0,40,350,320,20,40,380
E07000076,Tendring,1983-84,540,0,40,580,250,0,50,300
E07000077,Uttlesford,1983-84,250,20,30,300,120,0,0,120
E07000078,Cheltenham,1983-84,360,20,40,420,450,10,60,520
E07000079,Cotswold,1983-84,430,0,20,450,250,0,10,260
E07000080,Forest of Dean,1983-84,140,0,20,160,100,10,10,120
E07000081,Gloucester,1983-84,320,50,50,420,510,0,90,600
E07000082,Stroud,1983-84,640,0,20,660,510,0,30,530
E07000083,Tewkesbury,1983-84,460,0,70,530,400,40,40,480
E07000084,Basingstoke and Deane,1983-84,1260,10,30,1300,1770,90,0,1870
E07000085,East Hampshire,1983-84,900,20,40,960,650,0,20,670
E07000086,Eastleigh,1983-84,570,30,100,700,690,0,80,770
E07000087,Fareham,1983-84,930,0,80,1000,740,30,60,820
E07000088,Gosport,1983-84,240,0,0,240,210,0,50,270
E07000089,Hart,1983-84,410,0,70,490,370,0,20,390
E07000090,Havant,1983-84,650,30,70,750,770,0,120,890
E07000091,New Forest,1983-84,1140,0,230,1370,1240,0,80,1320
E07000092,Rushmoor,1983-84,340,0,0,340,170,20,0,190
E07000093,Test Valley,1983-84,690,0,40,730,460,0,120,580
E07000094,Winchester,1983-84,500,10,70,580,300,40,70,410
E07000095,Broxbourne,1983-84,470,0,100,570,390,0,150,530
E07000096,Dacorum,1983-84,420,0,120,540,410,0,40,440
E07000242,East Hertfordshire,1983-84,900,0,80,980,590,0,80,670
E07000098,Hertsmere,1983-84,190,0,240,430,190,0,0,190
E07000099,North Hertfordshire,1983-84,570,0,100,660,570,20,80,680
E07000240,St Albans,1983-84,470,0,50,520,420,0,80,490
E07000243,Stevenage,1983-84,170,0,0,170,30,90,70,190
E07000102,Three Rivers,1983-84,230,0,50,280,180,0,50,230
E07000103,Watford,1983-84,90,0,210,300,160,0,20,180
E07000241,Welwyn Hatfield,1983-84,270,0,270,540,230,30,310,570
E07000105,Ashford,1983-84,410,20,170,610,290,0,140,430
E07000106,Canterbury,1983-84,610,70,110,790,540,30,90,660
E07000107,Dartford,1983-84,160,0,30,190,90,0,40,130
E07000108,Dover,1983-84,170,0,110,280,150,130,40,310
E07000112,Folkestone and Hythe,1983-84,330,0,20,340,240,40,60,340
E07000109,Gravesham,1983-84,100,0,90,190,190,10,0,200
E07000110,Maidstone,1983-84,630,0,70,700,430,10,60,490
E07000111,Sevenoaks,1983-84,400,0,60,460,180,0,100,280
E07000113,Swale,1983-84,460,0,20,480,320,0,30,350
E07000114,Thanet,1983-84,290,0,50,340,240,0,20,250
E07000115,Tonbridge and Malling,1983-84,510,0,90,600,520,0,40,550
E07000116,Tunbridge Wells,1983-84,340,0,50,400,220,0,30,250
E07000117,Burnley,1983-84,200,0,0,200,180,0,30,220
E07000118,Chorley,1983-84,150,0,10,160,220,0,30,250
E07000119,Fylde,1983-84,220,0,60,280,170,0,10,190
E07000120,Hyndburn,1983-84,150,40,50,240,120,50,50,210
E07000121,Lancaster,1983-84,360,0,0,360,390,70,80,540
E07000122,Pendle,1983-84,90,0,30,120,70,0,60,130
E07000123,Preston,1983-84,130,50,40,220,80,120,210,410
E07000124,Ribble Valley,1983-84,20,0,0,20,90,0,30,110
E07000125,Rossendale,1983-84,60,0,0,60,60,0,0,60
E07000126,South Ribble,1983-84,200,0,80,280,100,110,70,280
E07000127,West Lancashire,1983-84,170,40,40,250,190,0,0,190
E07000128,Wyre,1983-84,280,0,10,290,120,0,60,170
E07000129,Blaby,1983-84,500,0,10,510,460,70,70,590
E07000130,Charnwood,1983-84,480,0,80,560,420,140,80,630
E07000131,Harborough,1983-84,210,50,60,320,190,0,40,230
E07000132,Hinckley and Bosworth,1983-84,650,0,20,670,570,0,50,620
E07000133,Melton,1983-84,80,0,60,140,40,0,0,40
E07000134,North West Leicestershire,1983-84,160,20,10,190,170,0,60,230
E07000135,Oadby and Wigston,1983-84,120,10,10,150,220,40,10,260
E07000136,Boston,1983-84,140,0,40,180,80,0,60,140
E07000137,East Lindsey,1983-84,550,0,20,570,680,0,70,740
E07000138,Lincoln,1983-84,570,100,160,840,330,20,100,460
E07000139,North Kesteven,1983-84,360,0,30,390,330,30,50,410
E07000140,South Holland,1983-84,320,0,0,320,180,0,0,180
E07000141,South Kesteven,1983-84,430,0,80,500,380,0,80,460
E07000142,West Lindsey,1983-84,160,0,0,160,190,0,10,200
E07000143,Breckland,1983-84,430,0,70,500,340,0,10,350
E07000144,Broadland,1983-84,310,0,30,340,480,0,100,580
E07000145,Great Yarmouth,1983-84,370,0,90,450,320,0,40,360
E07000146,King's Lynn and West Norfolk,1983-84,570,50,50,670,630,10,60,710
E07000147,North Norfolk,1983-84,450,0,110,560,610,0,50,660
E07000148,Norwich,1983-84,140,0,150,280,250,10,130,390
E07000149,South Norfolk,1983-84,950,90,40,1080,520,30,20,580
E07000150,Corby,1983-84,80,0,0,80,30,0,0,30
E07000151,Daventry,1983-84,270,0,0,270,390,0,40,430
E07000152,East Northamptonshire,1983-84,220,0,40,260,190,0,70,260
E07000153,Kettering,1983-84,210,0,10,230,150,20,50,220
E07000154,Northampton,1983-84,850,0,0,850,690,40,0,730
E07000155,South Northamptonshire,1983-84,400,0,40,440,470,10,0,480
E07000156,Wellingborough,1983-84,170,0,0,170,190,0,100,290
E07000157,Alnwick,1983-84,120,30,0,150,120,30,20,170
E07000158,Berwick-upon-Tweed,1983-84,40,0,0,40,50,0,0,50
E07000159,Blyth Valley,1983-84,140,0,0,140,130,0,0,130
E07000160,Castle Morpeth,1983-84,280,0,40,320,400,0,10,410
E07000161,Tynedale,1983-84,170,20,30,210,150,60,20,230
E07000162,Wansbeck,1983-84,100,0,20,120,130,30,30,190
E07000163,Craven,1983-84,140,0,10,150,160,0,20,180
E07000164,Hambleton,1983-84,260,0,50,300,250,0,60,310
E07000166,Richmondshire,1983-84,200,0,20,220,130,0,20,150
E07000168,Scarborough,1983-84,200,50,10,250,270,20,30,320
E07000170,Ashfield,1983-84,360,0,30,390,280,20,70,370
E07000171,Bassetlaw,1983-84,330,0,120,460,250,40,80,380
E07000172,Broxtowe,1983-84,360,0,20,380,270,40,50,360
E07000173,Gedling,1983-84,380,0,130,510,240,140,10,390
E07000174,Mansfield,1983-84,250,0,110,360,280,0,100,390
E07000175,Newark and Sherwood,1983-84,390,0,50,430,360,0,70,440
E07000176,Rushcliffe,1983-84,190,0,0,190,170,30,60,260
E07000177,Cherwell,1983-84,750,0,40,800,650,0,90,730
E07000178,Oxford,1983-84,270,70,60,400,70,50,60,180
E07000179,South Oxfordshire,1983-84,440,160,30,630,500,80,70,650
E07000180,Vale of White Horse,1983-84,730,0,110,830,510,0,100,610
E07000181,West Oxfordshire,1983-84,570,0,90,670,570,0,70,640
E07000182,Bridgnorth,1983-84,110,0,20,140,70,0,30,90
E07000188,Sedgemoor,1983-84,190,0,10,200,220,0,10,230
E07000185,Shrewsbury and Atcham,1983-84,180,0,120,300,210,0,110,320
E07000191,South Shropshire,1983-84,100,0,20,120,140,0,0,140
E07000189,South Somerset,1983-84,140,0,20,160,70,0,10,90
E07000187,Mendip,1983-84,290,0,140,420,310,20,140,480
E07000188,Sedgemoor,1983-84,490,0,40,530,450,20,10,480
E07000189,South Somerset,1983-84,600,0,70,660,670,0,130,790
E07000190,Taunton Deane,1983-84,500,50,20,570,650,160,10,820
E07000191,West Somerset,1983-84,110,0,10,120,40,0,80,120
E07000192,Cannock Chase,1983-84,260,10,0,280,210,0,30,230
E07000193,East Staffordshire,1983-84,340,30,140,510,290,30,120,440
E07000194,Lichfield,1983-84,370,80,10,460,280,20,10,300
E07000195,Newcastle-under-Lyme,1983-84,380,0,120,500,300,50,60,410
E07000196,South Staffordshire,1983-84,740,20,30,790,530,0,110,640
E07000197,Stafford,1983-84,370,70,90,530,270,0,100,360
E07000198,Staffordshire Moorlands,1983-84,260,0,20,280,260,0,20,270
E07000199,Tamworth,1983-84,170,50,0,210,200,10,0,210
E07000200,Babergh,1983-84,490,0,50,550,540,0,10,550
E07000201,Forest Heath,1983-84,260,0,20,280,240,0,50,290
E07000202,Ipswich,1983-84,220,20,70,300,150,90,100,340
E07000203,Mid Suffolk,1983-84,400,0,90,480,170,0,40,210
E07000204,St Edmundsbury,1983-84,350,0,20,370,270,0,90,370
E07000205,Suffolk Coastal,1983-84,560,40,30,620,680,0,70,760
E07000206,Waveney,1983-84,360,70,100,540,360,60,130,550
E07000207,Elmbridge,1983-84,470,10,60,540,410,50,160,620
E07000208,Epsom and Ewell,1983-84,40,0,0,40,90,0,40,120
E07000209,Guildford,1983-84,720,0,50,770,540,20,100,660
E07000210,Mole Valley,1983-84,460,0,0,460,350,10,70,420
E07000211,Reigate and Banstead,1983-84,380,40,30,450,350,10,110,470
E07000212,Runnymede,1983-84,360,0,80,440,350,0,140,490
E07000213,Spelthorne,1983-84,220,30,0,250,130,0,90,220
E07000214,Surrey Heath,1983-84,360,0,10,380,440,80,30,550
E07000215,Tandridge,1983-84,220,0,30,240,190,0,40,230
E07000216,Waverley,1983-84,260,0,120,390,290,90,40,430
E07000217,Woking,1983-84,360,0,130,490,720,0,90,810
E07000218,North Warwickshire,1983-84,160,0,20,180,50,0,20,70
E07000219,Nuneaton and Bedworth,1983-84,380,0,30,410,330,0,60,390
E07000220,Rugby,1983-84,150,120,60,330,180,50,100,330
E07000221,Stratford-on-Avon,1983-84,580,0,80,660,540,0,90,630
E07000222,Warwick,1983-84,540,30,150,730,500,60,50,600
E07000223,Adur,1983-84,120,0,50,170,40,0,40,80
E07000224,Arun,1983-84,600,10,90,710,580,70,90,740
E07000225,Chichester,1983-84,410,0,40,440,230,0,70,290
E07000226,Crawley,1983-84,710,40,190,930,450,100,130,670
E07000227,Horsham,1983-84,710,0,110,820,450,0,60,510
E07000228,Mid Sussex,1983-84,460,0,110,570,500,10,80,580
E07000229,Worthing,1983-84,180,40,50,260,100,0,70,160
E07000230,Kennet,1983-84,340,0,70,410,260,0,30,280
E07000231,North Wiltshire,1983-84,650,70,0,720,490,0,0,490
E07000232,Salisbury,1983-84,140,0,30,170,240,20,40,290
E07000233,West Wiltshire,1983-84,350,20,30,400,240,10,50,310
E07000234,Bromsgrove,1983-84,320,0,40,360,330,0,0,330
E07000236,Redditch,1983-84,290,0,20,310,330,0,0,330
E07000237,Worcester,1983-84,180,0,80,260,280,70,50,390
E07000238,Wychavon,1983-84,410,0,130,540,570,0,130,700
E07000239,Wyre Forest,1983-84,290,0,50,340,190,0,0,190
E06000053,Isles of Scilly,1984-85,0,10,0,10,0,0,0,0
E09000002,Barking and Dagenham,1984-85,10,0,0,10,20,0,0,20
E09000003,Barnet,1984-85,240,30,80,350,470,20,100,580
E09000004,Bexley,1984-85,620,40,60,710,190,120,60,360
E09000005,Brent,1984-85,300,130,30,460,50,70,60,180
E09000006,Bromley,1984-85,510,60,40,610,400,90,20,510
E09000007,Camden,1984-85,70,80,100,260,30,120,30,190
E09000001,City of London,1984-85,0,0,0,0,10,0,0,10
E09000008,Croydon,1984-85,650,70,150,870,430,60,140,620
E09000009,Ealing,1984-85,140,90,140,370,460,0,30,490
E09000010,Enfield,1984-85,390,0,30,420,100,0,70,170
E09000011,Greenwich,1984-85,80,0,0,80,30,0,190,230
E09000012,Hackney,1984-85,210,0,130,340,70,0,20,90
E09000013,Hammersmith and Fulham,1984-85,0,100,0,100,0,230,140,380
E09000014,Haringey,1984-85,40,30,30,90,120,10,140,270
E09000015,Harrow,1984-85,430,0,40,470,420,0,30,450
E09000016,Havering,1984-85,260,0,80,330,210,0,40,260
E09000017,Hillingdon,1984-85,870,0,0,870,910,0,0,910
E09000018,Hounslow,1984-85,70,160,70,300,140,90,40,280
E09000019,Islington,1984-85,30,0,170,210,10,0,80,90
E09000020,Kensington and Chelsea,1984-85,80,40,30,150,80,130,120,330
E09000021,Kingston upon Thames,1984-85,280,0,20,300,290,0,20,310
E09000022,Lambeth,1984-85,0,0,230,230,0,0,540,540
E09000023,Lewisham,1984-85,10,70,50,130,30,70,230,330
E09000024,Merton,1984-85,320,0,0,320,260,0,10,280
E09000025,Newham,1984-85,140,70,210,410,330,0,250,580
E09000026,Redbridge,1984-85,70,0,0,70,10,0,0,10
E09000027,Richmond upon Thames,1984-85,460,0,30,490,500,0,0,500
E09000028,Southwark,1984-85,450,90,80,620,90,60,70,210
E09000029,Sutton,1984-85,250,50,20,310,280,0,70,360
E09000030,Tower Hamlets,1984-85,1030,0,0,1030,180,0,0,180
E09000031,Waltham Forest,1984-85,130,0,140,270,300,80,170,550
E09000032,Wandsworth,1984-85,190,100,0,290,430,30,120,580
E09000033,Westminster,1984-85,70,30,10,120,40,10,10,60
E08000001,Bolton,1984-85,490,310,100,900,450,90,160,700
E08000002,Bury,1984-85,320,30,0,350,300,140,0,440
E08000003,Manchester,1984-85,480,180,280,940,430,270,370,1080
E08000004,Oldham,1984-85,410,100,0,510,310,320,100,730
E08000005,Rochdale,1984-85,370,100,40,520,360,220,180,770
E08000006,Salford,1984-85,180,130,0,310,320,80,380,780
E08000007,Stockport,1984-85,630,240,20,880,580,110,20,710
E08000008,Tameside,1984-85,160,40,70,270,80,70,240,390
E08000009,Trafford,1984-85,260,20,70,350,220,60,100,380
E08000010,Wigan,1984-85,540,10,0,550,610,0,90,700
E08000011,Knowsley,1984-85,370,60,0,420,240,0,0,240
E08000012,Liverpool,1984-85,560,250,1170,1980,570,740,670,1980
E08000014,Sefton,1984-85,530,80,100,710,500,190,200,880
E08000013,St. Helens,1984-85,190,10,40,240,200,60,0,260
E08000015,Wirral,1984-85,890,130,80,1110,750,150,140,1030
E08000016,Barnsley,1984-85,430,100,110,630,480,30,30,550
E08000017,Doncaster,1984-85,530,0,130,660,380,0,450,830
E08000018,Rotherham,1984-85,550,160,90,800,750,70,60,880
E08000019,Sheffield,1984-85,920,150,240,1310,1100,110,320,1520
E08000037,Gateshead,1984-85,340,80,100,520,540,120,70,740
E08000021,Newcastle upon Tyne,1984-85,520,80,20,630,470,60,150,670
E08000022,North Tyneside,1984-85,330,200,50,580,370,200,190,750
E08000023,South Tyneside,1984-85,240,80,110,430,380,90,80,550
E08000024,Sunderland,1984-85,260,0,10,270,450,30,10,490
E08000025,Birmingham,1984-85,1310,690,130,2130,1630,790,250,2670
E08000026,Coventry,1984-85,440,90,110,640,490,120,10,610
E08000027,Dudley,1984-85,860,0,0,860,990,200,0,1180
E08000028,Sandwell,1984-85,470,120,220,810,680,170,330,1180
E08000029,Solihull,1984-85,970,0,30,1000,1270,60,50,1390
E08000030,Walsall,1984-85,350,50,0,400,380,60,0,440
E08000031,Wolverhampton,1984-85,350,30,0,390,590,0,90,680
E08000032,Bradford,1984-85,780,230,50,1050,580,220,30,830
E08000033,Calderdale,1984-85,250,40,40,330,210,50,20,280
E08000034,Kirklees,1984-85,540,40,20,590,690,30,50,770
E08000035,Leeds,1984-85,1390,210,130,1730,1740,150,280,2170
E08000036,Wakefield,1984-85,590,70,170,830,600,130,100,840
E07000002,Bedford,1984-85,240,10,20,270,500,0,20,520
E07000001,Mid Bedfordshire,1984-85,510,0,10,520,580,0,50,620
E07000003,South Bedfordshire,1984-85,330,20,40,390,410,60,50,510
E07000004,Aylesbury Vale,1984-85,890,0,160,1040,850,0,120,970
E07000005,Chiltern,1984-85,90,20,30,140,200,0,10,200
E07000006,South Bucks,1984-85,180,0,30,210,190,0,60,250
E07000007,Wycombe,1984-85,560,0,70,630,540,0,50,590
E07000008,Cambridge,1984-85,180,20,20,220,350,60,80,490
E07000009,East Cambridgeshire,1984-85,400,0,30,430,310,0,70,380
E07000010,Fenland,1984-85,380,0,30,410,430,0,90,520
E07000011,Huntingdonshire,1984-85,750,80,110,940,980,50,50,1090
E07000012,South Cambridgeshire,1984-85,620,0,160,790,690,0,100,790
E07000013,Chester,1984-85,510,60,60,620,520,20,50,580
E07000014,Congleton,1984-85,330,0,40,370,420,80,40,540
E07000015,Crewe and Nantwich,1984-85,250,10,30,300,220,10,20,250
E07000016,Ellesmere Port & Neston,1984-85,240,0,0,240,160,70,10,240
E07000017,Macclesfield,1984-85,480,40,50,570,540,60,0,610
E07000018,Vale Royal,1984-85,230,0,50,280,360,0,10,370
E07000019,Caradon,1984-85,400,0,90,490,400,0,80,480
E07000020,Carrick,1984-85,380,0,20,400,400,0,70,470
E07000021,Kerrier,1984-85,250,0,70,320,160,0,110,260
E07000022,North Cornwall,1984-85,320,0,20,340,250,0,60,310
E07000023,Penwith,1984-85,120,40,120,270,120,0,20,140
E07000024,Restormel,1984-85,330,0,10,340,300,0,80,380
E07000026,Allerdale,1984-85,230,40,10,280,190,40,30,250
E07000027,Barrow-in-Furness,1984-85,120,0,30,150,140,0,60,190
E07000028,Carlisle,1984-85,210,80,0,290,190,100,20,320
E07000029,Copeland,1984-85,180,20,0,200,160,70,40,270
E07000030,Eden,1984-85,110,30,50,180,130,0,50,180
E07000031,South Lakeland,1984-85,310,30,40,380,280,10,20,310
E07000032,Amber Valley,1984-85,240,10,60,310,140,0,120,260
E07000033,Bolsover,1984-85,170,30,0,200,230,30,0,260
E07000034,Chesterfield,1984-85,260,0,100,360,360,0,40,400
E07000035,Derbyshire Dales,1984-85,190,0,10,200,220,0,60,280
E07000036,Erewash,1984-85,310,60,10,380,390,0,30,420
E07000037,High Peak,1984-85,10,100,0,120,180,20,0,200
E07000038,North East Derbyshire,1984-85,140,0,30,170,250,0,70,320
E07000039,South Derbyshire,1984-85,330,0,30,360,340,0,40,380
E07000040,East Devon,1984-85,550,70,30,650,730,20,70,830
E07000041,Exeter,1984-85,0,0,50,50,0,0,50,50
E07000042,Mid Devon,1984-85,290,30,40,360,170,30,90,290
E07000043,North Devon,1984-85,250,40,70,360,330,40,0,370
E07000044,South Hams,1984-85,580,10,40,630,580,60,70,710
E07000045,Teignbridge,1984-85,750,40,80,870,720,90,60,860
E07000046,Torridge,1984-85,90,0,10,100,190,0,30,220
E07000047,West Devon,1984-85,160,0,70,230,130,0,40,170
E07000048,Christchurch,1984-85,180,0,20,200,270,0,10,280
E07000049,East Dorset,1984-85,480,0,60,530,580,0,30,610
E07000050,North Dorset,1984-85,300,0,30,340,220,0,40,270
E07000051,Purbeck,1984-85,210,0,0,210,210,0,100,300
E07000052,West Dorset,1984-85,820,0,0,820,340,0,0,340
E07000053,Weymouth and Portland,1984-85,510,0,130,640,360,0,40,410
E07000054,Chester-le-Street,1984-85,130,0,0,130,140,0,0,140
E07000056,County Durham,1984-85,200,0,20,220,130,0,60,190
E07000055,Derwentside,1984-85,90,30,70,180,70,0,80,150
E07000057,Easington,1984-85,150,0,10,160,130,0,10,140
E07000058,Sedgefield,1984-85,360,0,10,360,350,40,10,390
E07000059,Teesdale,1984-85,30,0,20,40,20,0,20,40
E07000060,Wear Valley,1984-85,80,0,0,80,150,0,0,150
E07000061,Eastbourne,1984-85,350,30,100,480,260,0,110,370
E07000062,Hastings,1984-85,360,40,210,610,380,10,50,440
E07000063,Lewes,1984-85,550,40,10,600,510,50,110,670
E07000064,Rother,1984-85,390,0,0,390,270,0,20,290
E07000065,Wealden,1984-85,550,0,100,650,390,70,100,560
E07000066,Basildon,1984-85,760,0,140,910,730,0,200,930
E07000067,Braintree,1984-85,530,0,170,700,510,0,130,640
E07000068,Brentwood,1984-85,330,0,0,330,160,0,30,190
E07000069,Castle Point,1984-85,210,0,10,220,220,0,30,250
E07000070,Chelmsford,1984-85,1060,0,130,1190,1010,0,190,1200
E07000071,Colchester,1984-85,330,0,90,420,510,0,110,620
E07000072,Epping Forest,1984-85,400,0,30,420,360,0,50,410
E07000073,Harlow,1984-85,170,0,110,270,40,0,30,70
E07000074,Maldon,1984-85,290,0,0,290,260,0,20,280
E07000075,Rochford,1984-85,180,0,20,200,220,40,40,300
E07000076,Tendring,1984-85,520,0,10,530,220,0,40,260
E07000077,Uttlesford,1984-85,280,0,40,320,190,20,30,240
E07000078,Cheltenham,1984-85,290,10,40,330,200,20,90,310
E07000079,Cotswold,1984-85,390,0,0,400,360,0,10,370
E07000080,Forest of Dean,1984-85,170,0,30,200,70,0,30,100
E07000081,Gloucester,1984-85,270,0,40,310,260,70,60,400
E07000082,Stroud,1984-85,520,20,100,630,430,0,50,480
E07000083,Tewkesbury,1984-85,260,0,10,270,310,0,30,340
E07000084,Basingstoke and Deane,1984-85,450,0,60,510,870,20,10,910
E07000085,East Hampshire,1984-85,800,0,100,900,840,20,30,890
E07000086,Eastleigh,1984-85,510,0,10,520,570,0,50,620
E07000087,Fareham,1984-85,740,0,20,760,710,0,20,730
E07000088,Gosport,1984-85,370,0,80,450,150,110,60,330
E07000089,Hart,1984-85,540,0,40,580,540,0,110,650
E07000090,Havant,1984-85,660,40,120,820,550,0,20,580
E07000091,New Forest,1984-85,1260,0,90,1350,1370,0,70,1440
E07000092,Rushmoor,1984-85,270,30,50,350,400,0,0,400
E07000093,Test Valley,1984-85,810,10,80,900,790,0,100,880
E07000094,Winchester,1984-85,520,0,40,560,530,20,50,600
E07000095,Broxbourne,1984-85,270,0,20,280,410,0,110,520
E07000096,Dacorum,1984-85,500,0,110,610,480,50,150,680
E07000242,East Hertfordshire,1984-85,800,0,20,810,980,0,70,1050
E07000098,Hertsmere,1984-85,250,0,30,280,250,0,240,490
E07000099,North Hertfordshire,1984-85,420,30,20,460,370,10,10,390
E07000240,St Albans,1984-85,320,0,60,380,470,0,0,470
E07000243,Stevenage,1984-85,340,30,110,480,240,0,100,340
E07000102,Three Rivers,1984-85,400,80,30,510,260,0,40,300
E07000103,Watford,1984-85,60,0,90,150,90,0,40,130
E07000241,Welwyn Hatfield,1984-85,300,0,160,470,300,0,300,600
E07000105,Ashford,1984-85,290,40,170,500,360,20,120,500
E07000106,Canterbury,1984-85,430,10,20,470,600,120,80,800
E07000107,Dartford,1984-85,230,50,40,320,180,0,30,210
E07000108,Dover,1984-85,250,80,10,330,170,20,90,270
E07000112,Folkestone and Hythe,1984-85,320,20,40,380,390,50,80,520
E07000109,Gravesham,1984-85,80,10,10,100,70,0,170,250
E07000110,Maidstone,1984-85,590,0,110,700,500,10,50,550
E07000111,Sevenoaks,1984-85,530,0,30,560,450,0,40,490
E07000113,Swale,1984-85,280,0,50,330,370,0,50,420
E07000114,Thanet,1984-85,350,0,40,390,180,0,70,250
E07000115,Tonbridge and Malling,1984-85,450,0,30,490,450,0,180,630
E07000116,Tunbridge Wells,1984-85,300,0,0,300,370,0,50,420
E07000117,Burnley,1984-85,100,0,50,140,180,0,0,180
E07000118,Chorley,1984-85,570,0,20,590,270,0,10,280
E07000119,Fylde,1984-85,260,0,0,260,190,0,20,200
E07000120,Hyndburn,1984-85,180,70,10,250,170,0,50,220
E07000121,Lancaster,1984-85,340,0,60,400,320,20,150,490
E07000122,Pendle,1984-85,100,0,0,100,120,0,20,140
E07000123,Preston,1984-85,50,10,20,70,80,60,70,200
E07000124,Ribble Valley,1984-85,70,30,30,130,60,30,0,80
E07000125,Rossendale,1984-85,20,0,0,20,80,0,30,100
E07000126,South Ribble,1984-85,210,0,30,250,230,30,50,310
E07000127,West Lancashire,1984-85,180,20,40,240,160,40,70,270
E07000128,Wyre,1984-85,180,40,50,270,220,0,20,230
E07000129,Blaby,1984-85,380,0,0,390,340,0,10,350
E07000130,Charnwood,1984-85,410,10,30,450,570,0,50,620
E07000131,Harborough,1984-85,320,0,10,330,220,40,50,310
E07000132,Hinckley and Bosworth,1984-85,490,0,50,540,560,0,20,580
E07000133,Melton,1984-85,100,0,0,100,90,0,0,90
E07000134,North West Leicestershire,1984-85,140,0,30,180,120,20,40,190
E07000135,Oadby and Wigston,1984-85,240,0,0,240,140,0,10,150
E07000136,Boston,1984-85,180,0,0,180,140,0,50,190
E07000137,East Lindsey,1984-85,520,30,0,550,520,30,50,600
E07000138,Lincoln,1984-85,490,20,0,510,640,90,30,750
E07000139,North Kesteven,1984-85,320,0,30,350,420,0,40,460
E07000140,South Holland,1984-85,330,0,0,330,330,0,0,330
E07000141,South Kesteven,1984-85,440,0,60,500,480,0,40,520
E07000142,West Lindsey,1984-85,200,0,0,200,180,0,0,180
E07000143,Breckland,1984-85,490,30,40,560,580,40,110,730
E07000144,Broadland,1984-85,370,0,70,440,570,0,60,630
E07000145,Great Yarmouth,1984-85,440,0,30,470,410,0,110,520
E07000146,King's Lynn and West Norfolk,1984-85,710,50,20,780,610,130,30,770
E07000147,North Norfolk,1984-85,420,0,70,490,480,0,70,550
E07000148,Norwich,1984-85,250,50,140,440,250,20,160,430
E07000149,South Norfolk,1984-85,270,80,20,370,280,170,50,500
E07000150,Corby,1984-85,100,0,0,100,90,0,0,90
E07000151,Daventry,1984-85,270,0,30,300,280,0,40,310
E07000152,East Northamptonshire,1984-85,150,0,20,170,170,0,40,210
E07000153,Kettering,1984-85,290,0,0,290,250,50,0,300
E07000154,Northampton,1984-85,430,0,50,490,300,120,30,440
E07000155,South Northamptonshire,1984-85,270,30,0,300,320,30,40,390
E07000156,Wellingborough,1984-85,200,40,0,230,190,30,0,210
E07000157,Alnwick,1984-85,60,40,0,100,80,30,0,110
E07000158,Berwick-upon-Tweed,1984-85,60,0,10,60,20,0,0,20
E07000159,Blyth Valley,1984-85,170,40,50,260,160,0,40,200
E07000160,Castle Morpeth,1984-85,110,0,0,110,210,0,0,210
E07000161,Tynedale,1984-85,110,20,60,190,110,40,20,170
E07000162,Wansbeck,1984-85,80,0,0,80,60,0,20,80
E07000163,Craven,1984-85,110,40,0,150,140,0,10,150
E07000164,Hambleton,1984-85,210,0,20,230,240,0,50,280
E07000166,Richmondshire,1984-85,90,0,30,110,160,0,20,180
E07000168,Scarborough,1984-85,170,60,0,230,160,40,10,220
E07000170,Ashfield,1984-85,240,0,0,240,290,0,0,290
E07000171,Bassetlaw,1984-85,330,0,70,400,190,0,110,300
E07000172,Broxtowe,1984-85,360,0,90,450,350,30,0,380
E07000173,Gedling,1984-85,270,0,0,270,230,0,160,390
E07000174,Mansfield,1984-85,170,0,30,190,210,0,60,270
E07000175,Newark and Sherwood,1984-85,320,0,0,320,360,0,50,410
E07000176,Rushcliffe,1984-85,230,30,50,310,170,0,0,170
E07000177,Cherwell,1984-85,610,20,150,790,500,0,70,570
E07000178,Oxford,1984-85,80,20,220,310,260,180,260,700
E07000179,South Oxfordshire,1984-85,430,0,160,590,360,40,40,440
E07000180,Vale of White Horse,1984-85,530,20,80,630,680,0,40,720
E07000181,West Oxfordshire,1984-85,910,0,50,950,780,0,80,860
E07000182,Bridgnorth,1984-85,50,0,20,70,100,0,10,110
E07000188,Sedgemoor,1984-85,150,0,30,180,200,0,10,210
E07000185,Shrewsbury and Atcham,1984-85,200,10,70,290,170,0,160,330
E07000191,South Shropshire,1984-85,60,0,0,60,100,0,20,120
E07000189,South Somerset,1984-85,170,0,10,180,140,0,0,140
E07000187,Mendip,1984-85,310,0,40,350,270,0,140,420
E07000188,Sedgemoor,1984-85,510,0,90,600,600,0,50,660
E07000189,South Somerset,1984-85,860,0,90,950,660,0,100,760
E07000190,Taunton Deane,1984-85,430,20,40,490,310,30,90,430
E07000191,West Somerset,1984-85,90,0,50,140,50,0,0,50
E07000192,Cannock Chase,1984-85,150,30,30,210,230,10,30,280
E07000193,East Staffordshire,1984-85,420,10,20,440,310,0,120,430
E07000194,Lichfield,1984-85,500,0,40,540,860,50,40,950
E07000195,Newcastle-under-Lyme,1984-85,270,30,60,350,440,60,100,600
E07000196,South Staffordshire,1984-85,670,0,80,740,560,20,30,610
E07000197,Stafford,1984-85,420,0,0,420,480,70,70,620
E07000198,Staffordshire Moorlands,1984-85,230,0,10,240,340,0,10,350
E07000199,Tamworth,1984-85,170,50,0,220,160,40,0,200
E07000200,Babergh,1984-85,400,0,80,470,370,0,10,390
E07000201,Forest Heath,1984-85,280,0,40,310,340,0,20,360
E07000202,Ipswich,1984-85,160,110,20,300,220,60,80,360
E07000203,Mid Suffolk,1984-85,360,0,20,380,860,0,70,930
E07000204,St Edmundsbury,1984-85,380,0,0,380,450,0,20,470
E07000205,Suffolk Coastal,1984-85,530,0,30,560,400,0,20,420
E07000206,Waveney,1984-85,320,10,40,370,330,70,150,550
E07000207,Elmbridge,1984-85,360,0,210,560,400,0,200,590
E07000208,Epsom and Ewell,1984-85,130,0,10,140,80,0,0,80
E07000209,Guildford,1984-85,480,0,110,600,450,0,70,520
E07000210,Mole Valley,1984-85,450,10,30,480,310,0,0,310
E07000211,Reigate and Banstead,1984-85,250,20,50,320,360,60,50,470
E07000212,Runnymede,1984-85,140,0,100,240,260,0,60,320
E07000213,Spelthorne,1984-85,150,0,60,210,220,10,0,230
E07000214,Surrey Heath,1984-85,540,0,0,540,320,0,10,330
E07000215,Tandridge,1984-85,160,0,10,170,180,0,30,200
E07000216,Waverley,1984-85,500,50,40,580,410,0,150,560
E07000217,Woking,1984-85,560,0,50,600,380,0,40,420
E07000218,North Warwickshire,1984-85,120,0,10,130,110,0,0,110
E07000219,Nuneaton and Bedworth,1984-85,350,10,50,400,340,0,40,380
E07000220,Rugby,1984-85,110,0,50,160,110,120,10,240
E07000221,Stratford-on-Avon,1984-85,410,0,40,450,420,0,80,500
E07000222,Warwick,1984-85,310,0,40,350,480,0,170,640
E07000223,Adur,1984-85,170,0,0,170,170,0,40,210
E07000224,Arun,1984-85,420,120,110,640,450,30,150,630
E07000225,Chichester,1984-85,520,0,140,660,370,0,70,440
E07000226,Crawley,1984-85,510,20,290,820,450,10,80,540
E07000227,Horsham,1984-85,500,0,40,540,620,0,90,710
E07000228,Mid Sussex,1984-85,410,0,10,420,520,20,100,630
E07000229,Worthing,1984-85,220,0,70,290,140,40,40,210
E07000230,Kennet,1984-85,150,30,0,180,220,0,90,310
E07000231,North Wiltshire,1984-85,480,0,0,480,670,20,0,690
E07000232,Salisbury,1984-85,450,30,0,480,370,20,70,460
E07000233,West Wiltshire,1984-85,380,0,20,400,350,10,80,440
E07000234,Bromsgrove,1984-85,330,30,0,360,320,0,40,360
E07000236,Redditch,1984-85,210,0,110,310,190,0,60,260
E07000237,Worcester,1984-85,360,0,110,470,210,30,90,320
E07000238,Wychavon,1984-85,490,0,90,580,280,0,130,410
E07000239,Wyre Forest,1984-85,150,0,0,150,210,0,70,280
E06000053,Isles of Scilly,1985-86,0,0,0,0,0,10,0,10
E09000002,Barking and Dagenham,1985-86,30,0,50,80,200,0,0,200
E09000003,Barnet,1985-86,440,0,140,580,490,0,50,540
E09000004,Bexley,1985-86,580,160,50,800,40,0,70,110
E09000005,Brent,1985-86,150,150,10,300,30,70,10,110
E09000006,Bromley,1985-86,790,130,20,930,510,100,30,640
E09000007,Camden,1985-86,20,20,0,40,20,50,10,70
E09000001,City of London,1985-86,0,0,0,0,0,0,0,0
E09000008,Croydon,1985-86,760,40,100,890,470,20,120,600
E09000009,Ealing,1985-86,510,40,40,580,10,30,160,200
E09000010,Enfield,1985-86,900,0,0,900,410,0,20,430
E09000011,Greenwich,1985-86,30,0,40,70,20,0,60,80
E09000012,Hackney,1985-86,370,0,50,420,120,0,130,250
E09000013,Hammersmith and Fulham,1985-86,0,0,0,0,0,100,80,180
E09000014,Haringey,1985-86,180,0,80,260,80,20,40,130
E09000015,Harrow,1985-86,230,0,0,230,410,60,50,520
E09000016,Havering,1985-86,310,0,0,310,180,0,100,280
E09000017,Hillingdon,1985-86,940,0,0,940,780,0,0,780
E09000018,Hounslow,1985-86,370,30,0,400,140,170,70,380
E09000019,Islington,1985-86,120,0,50,170,20,0,40,60
E09000020,Kensington and Chelsea,1985-86,10,0,0,10,0,70,40,110
E09000021,Kingston upon Thames,1985-86,30,0,100,130,240,20,60,310
E09000022,Lambeth,1985-86,0,0,130,130,20,0,520,540
E09000023,Lewisham,1985-86,0,0,0,0,40,50,130,220
E09000024,Merton,1985-86,70,0,30,100,90,0,10,100
E09000025,Newham,1985-86,260,80,90,420,300,50,360,710
E09000026,Redbridge,1985-86,470,0,0,470,100,60,70,230
E09000027,Richmond upon Thames,1985-86,160,0,0,160,250,0,80,330
E09000028,Southwark,1985-86,680,110,110,900,560,40,40,640
E09000029,Sutton,1985-86,430,20,20,470,210,0,10,220
E09000030,Tower Hamlets,1985-86,860,0,0,860,520,0,0,520
E09000031,Waltham Forest,1985-86,330,0,110,450,230,0,120,340
E09000032,Wandsworth,1985-86,320,120,0,440,370,100,0,470
E09000033,Westminster,1985-86,170,170,0,340,20,70,200,290
E08000001,Bolton,1985-86,530,320,20,870,490,330,100,920
E08000002,Bury,1985-86,450,60,0,500,390,50,0,440
E08000003,Manchester,1985-86,550,50,80,680,460,130,250,840
E08000004,Oldham,1985-86,280,140,0,420,380,160,0,530
E08000005,Rochdale,1985-86,370,110,50,530,410,250,20,680
E08000006,Salford,1985-86,220,130,0,350,200,60,50,320
E08000007,Stockport,1985-86,910,160,20,1080,540,150,30,720
E08000008,Tameside,1985-86,290,30,0,320,180,40,50,260
E08000009,Trafford,1985-86,330,40,50,410,290,70,50,410
E08000010,Wigan,1985-86,700,170,0,870,630,20,10,660
E08000011,Knowsley,1985-86,210,0,0,210,290,50,0,340
E08000012,Liverpool,1985-86,520,380,1370,2260,550,380,1110,2030
E08000014,Sefton,1985-86,490,180,160,830,430,80,170,690
E08000013,St. Helens,1985-86,190,90,0,280,200,10,40,260
E08000015,Wirral,1985-86,720,280,20,1020,770,230,30,1020
E08000016,Barnsley,1985-86,340,80,30,440,480,50,70,590
E08000017,Doncaster,1985-86,650,80,110,840,520,0,200,720
E08000018,Rotherham,1985-86,600,230,140,970,540,50,90,680
E08000019,Sheffield,1985-86,950,130,60,1130,940,120,240,1300
E08000037,Gateshead,1985-86,380,0,120,500,420,30,120,560
E08000021,Newcastle upon Tyne,1985-86,460,130,0,590,350,130,60,550
E08000022,North Tyneside,1985-86,200,90,50,340,230,180,100,510
E08000023,South Tyneside,1985-86,270,60,30,350,290,50,130,470
E08000024,Sunderland,1985-86,320,80,100,500,170,20,10,190
E08000025,Birmingham,1985-86,1290,770,60,2120,1250,750,170,2170
E08000026,Coventry,1985-86,390,20,60,470,430,100,40,570
E08000027,Dudley,1985-86,990,0,0,990,750,0,40,790
E08000028,Sandwell,1985-86,210,60,10,280,330,40,230,590
E08000029,Solihull,1985-86,900,100,100,1100,1080,30,60,1170
E08000030,Walsall,1985-86,350,110,0,460,410,130,0,540
E08000031,Wolverhampton,1985-86,390,60,0,450,250,0,0,250
E08000032,Bradford,1985-86,610,90,50,750,760,120,40,910
E08000033,Calderdale,1985-86,210,0,0,210,170,80,40,300
E08000034,Kirklees,1985-86,570,10,20,610,590,40,0,620
E08000035,Leeds,1985-86,1320,230,190,1730,1630,220,120,1960
E08000036,Wakefield,1985-86,500,30,40,570,710,140,170,1020
E07000002,Bedford,1985-86,760,10,40,810,750,30,90,870
E07000001,Mid Bedfordshire,1985-86,630,0,50,680,530,0,30,560
E07000003,South Bedfordshire,1985-86,450,0,80,540,350,30,60,430
E07000004,Aylesbury Vale,1985-86,710,0,170,870,590,0,170,760
E07000005,Chiltern,1985-86,260,0,40,300,160,20,70,250
E07000006,South Bucks,1985-86,190,0,110,300,160,0,30,190
E07000007,Wycombe,1985-86,600,0,30,630,530,0,40,570
E07000008,Cambridge,1985-86,190,50,40,280,250,0,140,390
E07000009,East Cambridgeshire,1985-86,360,0,90,440,290,20,50,360
E07000010,Fenland,1985-86,450,0,20,470,370,0,10,370
E07000011,Huntingdonshire,1985-86,1120,60,200,1380,950,40,110,1090
E07000012,South Cambridgeshire,1985-86,630,0,80,720,760,0,150,900
E07000013,Chester,1985-86,360,60,30,450,280,20,60,360
E07000014,Congleton,1985-86,290,0,0,290,380,0,40,420
E07000015,Crewe and Nantwich,1985-86,320,20,20,370,210,0,20,230
E07000016,Ellesmere Port & Neston,1985-86,210,0,20,220,220,60,0,270
E07000017,Macclesfield,1985-86,640,10,30,680,670,40,70,780
E07000018,Vale Royal,1985-86,250,0,80,320,210,0,20,230
E07000019,Caradon,1985-86,340,0,70,410,310,0,130,440
E07000020,Carrick,1985-86,390,0,60,460,380,0,10,400
E07000021,Kerrier,1985-86,340,0,10,350,190,0,60,250
E07000022,North Cornwall,1985-86,320,0,40,350,280,0,60,330
E07000023,Penwith,1985-86,350,50,0,400,290,80,100,470
E07000024,Restormel,1985-86,380,0,30,410,430,0,30,470
E07000026,Allerdale,1985-86,210,70,20,290,190,30,40,250
E07000027,Barrow-in-Furness,1985-86,150,0,30,180,160,0,60,210
E07000028,Carlisle,1985-86,200,30,10,230,200,30,30,270
E07000029,Copeland,1985-86,120,10,40,160,140,0,0,140
E07000030,Eden,1985-86,150,50,0,190,120,30,10,160
E07000031,South Lakeland,1985-86,280,20,30,330,240,20,10,280
E07000032,Amber Valley,1985-86,220,0,30,250,300,0,60,360
E07000033,Bolsover,1985-86,160,0,0,160,160,0,0,160
E07000034,Chesterfield,1985-86,230,30,80,340,180,0,100,290
E07000035,Derbyshire Dales,1985-86,190,0,50,240,150,0,10,160
E07000036,Erewash,1985-86,300,0,50,350,390,0,40,420
E07000037,High Peak,1985-86,380,0,10,390,180,90,10,280
E07000038,North East Derbyshire,1985-86,170,0,40,210,280,0,20,300
E07000039,South Derbyshire,1985-86,340,0,20,370,380,0,30,410
E07000040,East Devon,1985-86,610,40,60,720,1100,30,40,1170
E07000041,Exeter,1985-86,10,0,70,80,0,0,50,50
E07000042,Mid Devon,1985-86,360,10,20,390,310,30,20,350
E07000043,North Devon,1985-86,410,0,0,410,360,0,60,420
E07000044,South Hams,1985-86,540,0,40,580,590,10,70,670
E07000045,Teignbridge,1985-86,910,0,10,910,910,30,60,1000
E07000046,Torridge,1985-86,200,0,10,210,130,0,10,140
E07000047,West Devon,1985-86,160,0,0,160,160,10,20,190
E07000048,Christchurch,1985-86,180,0,0,180,220,0,20,240
E07000049,East Dorset,1985-86,520,0,20,540,720,0,90,800
E07000050,North Dorset,1985-86,220,0,50,260,240,0,50,290
E07000051,Purbeck,1985-86,200,0,40,240,180,0,0,180
E07000052,West Dorset,1985-86,620,0,0,620,430,0,10,440
E07000053,Weymouth and Portland,1985-86,430,0,0,430,470,0,80,550
E07000054,Chester-le-Street,1985-86,80,40,10,120,120,0,0,120
E07000056,County Durham,1985-86,130,40,20,180,180,10,20,210
E07000055,Derwentside,1985-86,120,0,50,170,100,0,110,210
E07000057,Easington,1985-86,130,0,10,140,140,0,0,140
E07000058,Sedgefield,1985-86,270,30,0,300,260,30,10,300
E07000059,Teesdale,1985-86,20,0,0,20,20,0,0,20
E07000060,Wear Valley,1985-86,70,0,0,70,110,0,0,110
E07000061,Eastbourne,1985-86,340,0,160,500,240,40,60,340
E07000062,Hastings,1985-86,310,20,40,370,270,100,100,470
E07000063,Lewes,1985-86,550,20,120,690,670,30,20,720
E07000064,Rother,1985-86,360,0,80,440,320,0,30,350
E07000065,Wealden,1985-86,840,0,70,900,670,0,100,760
E07000066,Basildon,1985-86,640,0,60,710,730,0,210,940
E07000067,Braintree,1985-86,710,0,40,750,600,0,140,740
E07000068,Brentwood,1985-86,380,0,20,400,180,0,0,180
E07000069,Castle Point,1985-86,220,0,20,230,160,0,30,190
E07000070,Chelmsford,1985-86,920,0,260,1170,910,0,230,1140
E07000071,Colchester,1985-86,700,0,150,850,690,0,140,830
E07000072,Epping Forest,1985-86,370,0,30,400,310,0,30,330
E07000073,Harlow,1985-86,60,80,110,260,80,0,70,150
E07000074,Maldon,1985-86,250,40,10,300,200,20,50,260
E07000075,Rochford,1985-86,180,30,80,290,170,0,0,170
E07000076,Tendring,1985-86,590,0,70,660,340,30,10,380
E07000077,Uttlesford,1985-86,300,0,40,330,320,0,50,370
E07000078,Cheltenham,1985-86,370,0,60,430,350,10,0,360
E07000079,Cotswold,1985-86,410,20,60,490,420,0,0,420
E07000080,Forest of Dean,1985-86,230,20,20,280,180,30,10,220
E07000081,Gloucester,1985-86,350,70,150,570,240,0,40,280
E07000082,Stroud,1985-86,820,30,0,850,730,20,20,770
E07000083,Tewkesbury,1985-86,640,0,0,640,660,0,0,660
E07000084,Basingstoke and Deane,1985-86,770,0,50,810,760,0,20,780
E07000085,East Hampshire,1985-86,750,0,40,800,590,0,40,630
E07000086,Eastleigh,1985-86,580,0,40,620,420,60,70,550
E07000087,Fareham,1985-86,970,40,20,1020,960,0,50,1010
E07000088,Gosport,1985-86,220,0,10,220,250,0,30,280
E07000089,Hart,1985-86,770,0,10,780,650,0,40,690
E07000090,Havant,1985-86,650,20,70,730,560,30,140,730
E07000091,New Forest,1985-86,1400,0,100,1500,1520,0,160,1680
E07000092,Rushmoor,1985-86,220,0,100,320,240,70,50,360
E07000093,Test Valley,1985-86,510,0,50,560,530,10,30,570
E07000094,Winchester,1985-86,630,0,100,730,530,10,80,620
E07000095,Broxbourne,1985-86,490,0,50,530,340,0,10,350
E07000096,Dacorum,1985-86,220,0,150,370,460,0,110,570
E07000242,East Hertfordshire,1985-86,730,0,90,820,860,0,10,870
E07000098,Hertsmere,1985-86,270,0,290,560,280,0,290,570
E07000099,North Hertfordshire,1985-86,760,0,0,760,630,20,100,750
E07000240,St Albans,1985-86,0,0,100,100,0,0,50,50
E07000243,Stevenage,1985-86,160,0,210,370,270,30,60,360
E07000102,Three Rivers,1985-86,100,100,70,270,190,50,0,240
E07000103,Watford,1985-86,230,40,0,260,30,0,170,200
E07000241,Welwyn Hatfield,1985-86,360,0,30,400,270,0,70,340
E07000105,Ashford,1985-86,320,0,30,350,360,30,110,500
E07000106,Canterbury,1985-86,520,70,190,780,460,10,140,610
E07000107,Dartford,1985-86,210,10,30,250,210,50,40,300
E07000108,Dover,1985-86,320,40,0,350,260,70,40,370
E07000112,Folkestone and Hythe,1985-86,430,100,30,560,310,100,10,430
E07000109,Gravesham,1985-86,300,0,40,340,180,10,40,230
E07000110,Maidstone,1985-86,630,0,70,700,480,0,110,590
E07000111,Sevenoaks,1985-86,510,110,110,730,710,30,30,770
E07000113,Swale,1985-86,800,0,40,840,340,0,50,390
E07000114,Thanet,1985-86,460,0,80,540,350,0,40,390
E07000115,Tonbridge and Malling,1985-86,580,0,0,580,410,0,0,410
E07000116,Tunbridge Wells,1985-86,260,0,40,300,250,0,30,280
E07000117,Burnley,1985-86,160,0,0,160,150,0,50,200
E07000118,Chorley,1985-86,160,0,0,160,190,0,0,190
E07000119,Fylde,1985-86,250,0,20,280,330,0,40,370
E07000120,Hyndburn,1985-86,110,10,40,160,220,70,20,310
E07000121,Lancaster,1985-86,440,30,110,580,300,0,30,330
E07000122,Pendle,1985-86,130,10,0,140,90,0,20,110
E07000123,Preston,1985-86,370,80,0,450,150,50,10,210
E07000124,Ribble Valley,1985-86,70,0,30,110,100,10,40,140
E07000125,Rossendale,1985-86,80,10,0,90,80,0,0,80
E07000126,South Ribble,1985-86,300,0,0,300,230,0,30,270
E07000127,West Lancashire,1985-86,180,0,0,180,70,20,70,160
E07000128,Wyre,1985-86,320,40,20,380,230,40,20,290
E07000129,Blaby,1985-86,370,0,10,390,380,0,10,390
E07000130,Charnwood,1985-86,600,30,120,760,660,30,40,730
E07000131,Harborough,1985-86,420,0,50,470,350,10,10,370
E07000132,Hinckley and Bosworth,1985-86,500,0,40,540,530,0,40,570
E07000133,Melton,1985-86,90,0,0,90,110,0,60,180
E07000134,North West Leicestershire,1985-86,270,0,10,280,220,0,30,250
E07000135,Oadby and Wigston,1985-86,180,0,0,180,210,0,0,210
E07000136,Boston,1985-86,130,0,50,170,140,0,10,150
E07000137,East Lindsey,1985-86,540,0,50,590,560,0,0,560
E07000138,Lincoln,1985-86,480,0,20,510,450,80,120,640
E07000139,North Kesteven,1985-86,350,0,30,380,250,0,30,280
E07000140,South Holland,1985-86,300,0,0,300,220,0,0,220
E07000141,South Kesteven,1985-86,610,0,0,610,480,0,70,550
E07000142,West Lindsey,1985-86,230,0,20,250,170,0,0,170
E07000143,Breckland,1985-86,540,0,90,630,990,0,80,1070
E07000144,Broadland,1985-86,600,0,80,680,360,0,50,400
E07000145,Great Yarmouth,1985-86,410,20,20,450,430,0,30,460
E07000146,King's Lynn and West Norfolk,1985-86,800,0,70,870,730,0,30,760
E07000147,North Norfolk,1985-86,470,0,20,490,380,0,130,510
E07000148,Norwich,1985-86,180,20,100,300,130,20,120,260
E07000149,South Norfolk,1985-86,340,70,30,430,440,60,0,490
E07000150,Corby,1985-86,100,0,0,100,70,0,0,70
E07000151,Daventry,1985-86,230,0,0,230,180,0,0,180
E07000152,East Northamptonshire,1985-86,270,0,60,330,210,0,20,230
E07000153,Kettering,1985-86,370,30,30,430,300,0,10,310
E07000154,Northampton,1985-86,1530,100,10,1640,1160,50,20,1240
E07000155,South Northamptonshire,1985-86,220,20,50,290,250,0,0,250
E07000156,Wellingborough,1985-86,230,0,50,280,170,0,0,170
E07000157,Alnwick,1985-86,60,30,0,90,90,40,0,120
E07000158,Berwick-upon-Tweed,1985-86,40,0,30,70,40,0,40,80
E07000159,Blyth Valley,1985-86,160,30,0,190,230,60,50,340
E07000160,Castle Morpeth,1985-86,160,0,40,200,110,0,30,140
E07000161,Tynedale,1985-86,100,0,0,100,130,20,40,190
E07000162,Wansbeck,1985-86,180,0,0,180,110,0,0,110
E07000163,Craven,1985-86,110,0,10,110,150,30,10,190
E07000164,Hambleton,1985-86,280,0,20,300,240,0,10,250
E07000166,Richmondshire,1985-86,70,10,0,80,160,0,20,180
E07000168,Scarborough,1985-86,240,20,10,270,190,50,0,240
E07000170,Ashfield,1985-86,270,0,0,270,270,0,0,270
E07000171,Bassetlaw,1985-86,250,0,60,310,290,0,70,360
E07000172,Broxtowe,1985-86,290,0,60,350,200,0,110,310
E07000173,Gedling,1985-86,340,0,50,390,240,0,0,240
E07000174,Mansfield,1985-86,160,0,0,160,130,0,110,240
E07000175,Newark and Sherwood,1985-86,390,20,0,410,290,10,0,290
E07000176,Rushcliffe,1985-86,470,0,20,500,350,0,30,380
E07000177,Cherwell,1985-86,590,60,30,680,490,0,70,560
E07000178,Oxford,1985-86,110,20,200,330,120,60,60,240
E07000179,South Oxfordshire,1985-86,450,0,80,530,300,0,120,420
E07000180,Vale of White Horse,1985-86,710,0,30,740,470,0,100,570
E07000181,West Oxfordshire,1985-86,990,0,50,1040,900,0,50,950
E07000182,Bridgnorth,1985-86,90,0,10,100,50,0,30,80
E07000188,Sedgemoor,1985-86,280,0,10,290,160,0,30,190
E07000185,Shrewsbury and Atcham,1985-86,260,0,40,290,240,0,30,270
E07000191,South Shropshire,1985-86,70,40,30,140,80,10,0,90
E07000189,South Somerset,1985-86,120,0,10,130,150,0,30,180
E07000187,Mendip,1985-86,310,0,70,380,260,0,40,300
E07000188,Sedgemoor,1985-86,550,0,40,590,530,0,10,540
E07000189,South Somerset,1985-86,600,0,30,630,670,0,70,740
E07000190,Taunton Deane,1985-86,570,10,20,600,590,60,20,680
E07000191,West Somerset,1985-86,70,0,0,70,120,0,20,140
E07000192,Cannock Chase,1985-86,280,0,90,370,210,0,20,230
E07000193,East Staffordshire,1985-86,370,0,50,420,310,40,20,360
E07000194,Lichfield,1985-86,430,0,90,520,370,10,0,380
E07000195,Newcastle-under-Lyme,1985-86,340,40,80,460,330,0,90,420
E07000196,South Staffordshire,1985-86,570,0,100,670,690,0,80,770
E07000197,Stafford,1985-86,320,100,90,510,390,0,10,410
E07000198,Staffordshire Moorlands,1985-86,130,0,20,150,170,0,20,190
E07000199,Tamworth,1985-86,260,20,0,280,170,10,0,180
E07000200,Babergh,1985-86,420,0,30,450,290,0,120,410
E07000201,Forest Heath,1985-86,250,0,0,250,280,0,40,320
E07000202,Ipswich,1985-86,300,40,10,350,190,20,20,230
E07000203,Mid Suffolk,1985-86,510,0,70,580,490,0,40,530
E07000204,St Edmundsbury,1985-86,390,40,60,480,370,0,0,370
E07000205,Suffolk Coastal,1985-86,740,0,30,770,370,40,30,430
E07000206,Waveney,1985-86,370,40,70,480,630,30,40,700
E07000207,Elmbridge,1985-86,410,70,50,540,420,40,50,510
E07000208,Epsom and Ewell,1985-86,160,0,0,160,200,50,10,270
E07000209,Guildford,1985-86,420,0,80,500,460,0,120,580
E07000210,Mole Valley,1985-86,580,0,70,650,440,10,10,450
E07000211,Reigate and Banstead,1985-86,450,0,40,490,370,0,70,440
E07000212,Runnymede,1985-86,440,0,0,440,170,0,50,220
E07000213,Spelthorne,1985-86,340,20,20,370,330,10,20,370
E07000214,Surrey Heath,1985-86,760,0,40,800,590,0,0,590
E07000215,Tandridge,1985-86,330,0,30,360,210,0,20,230
E07000216,Waverley,1985-86,430,0,80,510,390,0,30,420
E07000217,Woking,1985-86,340,30,80,440,480,0,160,640
E07000218,North Warwickshire,1985-86,120,0,20,140,310,0,10,320
E07000219,Nuneaton and Bedworth,1985-86,630,0,40,670,540,0,40,570
E07000220,Rugby,1985-86,230,0,30,260,160,0,50,210
E07000221,Stratford-on-Avon,1985-86,500,40,60,600,560,0,10,580
E07000222,Warwick,1985-86,220,0,110,330,220,0,40,260
E07000223,Adur,1985-86,150,0,40,200,130,0,30,160
E07000224,Arun,1985-86,670,50,50,770,490,40,20,550
E07000225,Chichester,1985-86,370,0,70,440,370,0,80,450
E07000226,Crawley,1985-86,440,20,250,700,580,0,160,740
E07000227,Horsham,1985-86,510,0,170,680,420,0,80,490
E07000228,Mid Sussex,1985-86,500,0,60,560,700,0,30,730
E07000229,Worthing,1985-86,140,0,70,210,200,0,70,260
E07000230,Kennet,1985-86,280,0,20,300,220,30,0,260
E07000231,North Wiltshire,1985-86,560,0,0,560,640,0,0,640
E07000232,Salisbury,1985-86,310,40,20,360,320,0,0,320
E07000233,West Wiltshire,1985-86,370,30,40,450,360,0,20,380
E07000234,Bromsgrove,1985-86,100,0,60,170,70,0,0,70
E07000236,Redditch,1985-86,410,0,40,450,350,0,80,430
E07000237,Worcester,1985-86,560,20,40,620,480,0,50,530
E07000238,Wychavon,1985-86,350,0,80,430,700,0,90,780
E07000239,Wyre Forest,1985-86,280,10,60,350,240,0,20,260
E06000053,Isles of Scilly,1986-87,0,0,10,10,0,0,0,0
E09000002,Barking and Dagenham,1986-87,190,0,0,190,90,0,50,140
E09000003,Barnet,1986-87,720,60,70,860,640,30,30,700
E09000004,Bexley,1986-87,640,30,0,670,400,60,40,500
E09000005,Brent,1986-87,280,0,0,280,80,0,0,80
E09000006,Bromley,1986-87,1300,20,0,1320,530,0,20,550
E09000007,Camden,1986-87,60,0,40,100,60,0,60,120
E09000001,City of London,1986-87,20,0,0,20,0,0,0,0
E09000008,Croydon,1986-87,640,70,110,830,590,100,150,840
E09000009,Ealing,1986-87,230,80,90,400,130,20,120,260
E09000010,Enfield,1986-87,570,70,0,640,310,0,30,340
E09000011,Greenwich,1986-87,70,0,100,170,70,0,90,160
E09000012,Hackney,1986-87,300,0,140,440,230,0,120,350
E09000013,Hammersmith and Fulham,1986-87,310,30,0,340,70,20,0,80
E09000014,Haringey,1986-87,60,60,40,160,100,30,70,200
E09000015,Harrow,1986-87,300,80,30,410,370,0,0,370
E09000016,Havering,1986-87,350,0,30,370,520,0,0,520
E09000017,Hillingdon,1986-87,930,0,0,930,970,0,0,970
E09000018,Hounslow,1986-87,270,0,50,310,70,130,170,370
E09000019,Islington,1986-87,150,140,30,320,40,40,140,210
E09000020,Kensington and Chelsea,1986-87,140,30,0,170,60,0,60,120
E09000021,Kingston upon Thames,1986-87,110,0,0,110,130,0,0,130
E09000022,Lambeth,1986-87,0,60,450,500,60,10,230,300
E09000023,Lewisham,1986-87,60,0,0,70,60,20,20,100
E09000024,Merton,1986-87,670,60,0,730,70,0,10,90
E09000025,Newham,1986-87,440,40,200,680,280,50,140,460
E09000026,Redbridge,1986-87,550,20,0,560,400,20,0,420
E09000027,Richmond upon Thames,1986-87,130,0,0,130,40,0,70,110
E09000028,Southwark,1986-87,570,100,170,840,360,60,140,560
E09000029,Sutton,1986-87,610,0,0,610,430,0,20,450
E09000030,Tower Hamlets,1986-87,880,100,30,1010,980,190,0,1170
E09000031,Waltham Forest,1986-87,830,140,50,1010,390,10,100,500
E09000032,Wandsworth,1986-87,300,190,0,500,150,20,0,170
E09000033,Westminster,1986-87,160,70,0,230,330,30,10,370
E08000001,Bolton,1986-87,530,100,60,690,540,260,100,900
E08000002,Bury,1986-87,420,50,0,470,530,70,0,590
E08000003,Manchester,1986-87,380,60,220,660,660,280,80,1010
E08000004,Oldham,1986-87,420,200,0,610,370,90,0,460
E08000005,Rochdale,1986-87,350,190,110,640,390,30,60,480
E08000006,Salford,1986-87,270,170,20,450,190,90,0,290
E08000007,Stockport,1986-87,850,120,0,970,960,380,0,1330
E08000008,Tameside,1986-87,470,80,30,580,390,80,10,480
E08000009,Trafford,1986-87,520,60,90,660,300,40,50,390
E08000010,Wigan,1986-87,690,20,0,710,710,80,0,780
E08000011,Knowsley,1986-87,190,40,0,230,290,0,0,290
E08000012,Liverpool,1986-87,530,220,680,1430,470,250,1070,1800
E08000014,Sefton,1986-87,450,160,0,610,360,140,70,570
E08000013,St. Helens,1986-87,130,100,0,220,150,90,0,240
E08000015,Wirral,1986-87,600,150,50,790,720,80,60,860
E08000016,Barnsley,1986-87,250,240,0,490,310,120,50,480
E08000017,Doncaster,1986-87,710,20,0,740,690,0,20,720
E08000018,Rotherham,1986-87,530,90,50,670,640,140,140,920
E08000019,Sheffield,1986-87,1040,140,120,1300,1010,150,90,1260
E08000037,Gateshead,1986-87,280,80,0,370,250,40,110,390
E08000021,Newcastle upon Tyne,1986-87,380,70,0,440,480,70,0,540
E08000022,North Tyneside,1986-87,190,140,0,330,280,140,40,450
E08000023,South Tyneside,1986-87,270,60,100,430,180,90,30,290
E08000024,Sunderland,1986-87,270,80,10,370,520,100,60,670
E08000025,Birmingham,1986-87,990,410,0,1400,1040,630,60,1730
E08000026,Coventry,1986-87,200,90,0,300,280,60,100,440
E08000027,Dudley,1986-87,1050,0,0,1050,1010,0,0,1010
E08000028,Sandwell,1986-87,280,250,20,550,280,130,10,420
E08000029,Solihull,1986-87,660,110,60,830,650,110,60,820
E08000030,Walsall,1986-87,350,30,0,380,340,60,0,410
E08000031,Wolverhampton,1986-87,410,50,0,460,940,110,0,1050
E08000032,Bradford,1986-87,800,60,30,890,940,290,80,1310
E08000033,Calderdale,1986-87,190,50,30,260,440,40,0,480
E08000034,Kirklees,1986-87,740,80,20,830,530,50,40,610
E08000035,Leeds,1986-87,1410,190,250,1850,1490,250,140,1880
E08000036,Wakefield,1986-87,610,30,60,700,630,90,60,770
E07000002,Bedford,1986-87,370,60,90,530,330,0,40,370
E07000001,Mid Bedfordshire,1986-87,470,30,50,560,530,0,50,580
E07000003,South Bedfordshire,1986-87,520,10,60,590,580,0,40,620
E07000004,Aylesbury Vale,1986-87,790,0,170,960,550,0,130,680
E07000005,Chiltern,1986-87,300,0,30,330,280,0,40,320
E07000006,South Bucks,1986-87,300,0,70,370,250,0,30,280
E07000007,Wycombe,1986-87,840,0,140,990,550,0,60,600
E07000008,Cambridge,1986-87,290,130,30,450,270,60,30,360
E07000009,East Cambridgeshire,1986-87,480,0,0,480,370,0,50,410
E07000010,Fenland,1986-87,660,40,20,720,480,0,20,500
E07000011,Huntingdonshire,1986-87,1150,10,100,1260,940,100,200,1240
E07000012,South Cambridgeshire,1986-87,900,0,160,1060,700,0,120,820
E07000013,Chester,1986-87,510,30,40,580,580,60,30,680
E07000014,Congleton,1986-87,280,0,60,340,320,0,10,330
E07000015,Crewe and Nantwich,1986-87,350,0,0,360,350,10,40,400
E07000016,Ellesmere Port & Neston,1986-87,340,0,0,340,300,0,0,300
E07000017,Macclesfield,1986-87,570,40,30,640,620,30,0,650
E07000018,Vale Royal,1986-87,240,40,20,310,290,0,100,390
E07000019,Caradon,1986-87,350,30,70,450,390,0,70,460
E07000020,Carrick,1986-87,520,0,60,570,410,0,50,460
E07000021,Kerrier,1986-87,290,0,30,320,250,0,20,270
E07000022,North Cornwall,1986-87,380,30,180,580,340,0,30,370
E07000023,Penwith,1986-87,290,0,20,310,230,30,0,260
E07000024,Restormel,1986-87,510,0,40,540,430,0,40,470
E07000026,Allerdale,1986-87,250,20,0,270,210,70,10,290
E07000027,Barrow-in-Furness,1986-87,150,80,70,290,170,80,20,270
E07000028,Carlisle,1986-87,270,50,0,320,230,90,0,310
E07000029,Copeland,1986-87,150,40,0,190,140,10,10,160
E07000030,Eden,1986-87,150,10,10,160,100,50,40,190
E07000031,South Lakeland,1986-87,580,10,50,640,320,10,40,370
E07000032,Amber Valley,1986-87,310,60,110,480,210,0,30,230
E07000033,Bolsover,1986-87,230,0,40,270,200,0,0,200
E07000034,Chesterfield,1986-87,140,40,30,210,180,40,80,300
E07000035,Derbyshire Dales,1986-87,270,0,60,330,210,0,50,260
E07000036,Erewash,1986-87,450,30,30,520,370,60,10,440
E07000037,High Peak,1986-87,240,0,10,260,210,0,20,240
E07000038,North East Derbyshire,1986-87,660,0,40,690,310,0,40,340
E07000039,South Derbyshire,1986-87,230,0,20,260,280,0,10,290
E07000040,East Devon,1986-87,630,10,70,700,560,10,70,630
E07000041,Exeter,1986-87,20,0,90,110,30,20,60,120
E07000042,Mid Devon,1986-87,470,0,50,520,360,10,30,400
E07000043,North Devon,1986-87,430,0,30,460,350,0,30,380
E07000044,South Hams,1986-87,720,0,50,770,610,0,20,630
E07000045,Teignbridge,1986-87,740,0,30,770,960,10,20,990
E07000046,Torridge,1986-87,230,0,10,230,170,0,0,170
E07000047,West Devon,1986-87,180,0,20,210,140,0,50,190
E07000048,Christchurch,1986-87,220,0,20,240,160,0,0,160
E07000049,East Dorset,1986-87,490,0,50,540,510,0,50,560
E07000050,North Dorset,1986-87,360,10,60,430,170,0,50,220
E07000051,Purbeck,1986-87,180,0,20,200,180,0,30,210
E07000052,West Dorset,1986-87,740,0,40,770,950,0,50,990
E07000053,Weymouth and Portland,1986-87,290,0,20,310,330,0,40,370
E07000054,Chester-le-Street,1986-87,130,0,30,170,70,0,40,110
E07000056,County Durham,1986-87,250,0,30,280,240,20,10,280
E07000055,Derwentside,1986-87,90,0,40,130,130,30,30,190
E07000057,Easington,1986-87,160,10,0,170,190,0,10,200
E07000058,Sedgefield,1986-87,240,0,10,250,320,0,0,320
E07000059,Teesdale,1986-87,70,0,0,70,30,0,0,30
E07000060,Wear Valley,1986-87,80,0,0,80,100,0,0,100
E07000061,Eastbourne,1986-87,340,0,130,470,400,50,110,550
E07000062,Hastings,1986-87,330,60,60,450,200,40,130,360
E07000063,Lewes,1986-87,470,40,80,590,630,0,80,710
E07000064,Rother,1986-87,520,0,0,520,340,0,60,400
E07000065,Wealden,1986-87,550,0,70,620,820,40,50,910
E07000066,Basildon,1986-87,1040,0,240,1280,810,0,0,810
E07000067,Braintree,1986-87,620,0,80,700,570,0,80,650
E07000068,Brentwood,1986-87,330,50,20,400,400,0,20,410
E07000069,Castle Point,1986-87,380,0,50,440,220,0,20,240
E07000070,Chelmsford,1986-87,1150,0,110,1250,1840,0,50,1900
E07000071,Colchester,1986-87,590,0,110,700,680,0,150,830
E07000072,Epping Forest,1986-87,190,0,30,230,320,0,20,340
E07000073,Harlow,1986-87,60,0,10,70,130,0,170,300
E07000074,Maldon,1986-87,400,0,30,430,220,40,20,280
E07000075,Rochford,1986-87,330,0,0,330,160,30,20,210
E07000076,Tendring,1986-87,810,0,40,850,1010,0,60,1060
E07000077,Uttlesford,1986-87,350,0,50,400,260,0,40,300
E07000078,Cheltenham,1986-87,370,50,90,500,360,0,60,420
E07000079,Cotswold,1986-87,360,20,0,380,410,20,60,480
E07000080,Forest of Dean,1986-87,330,0,40,360,380,20,40,440
E07000081,Gloucester,1986-87,260,0,110,370,330,0,160,480
E07000082,Stroud,1986-87,770,30,0,800,900,20,50,960
E07000083,Tewkesbury,1986-87,580,0,0,580,570,0,0,570
E07000084,Basingstoke and Deane,1986-87,630,0,70,700,760,0,10,760
E07000085,East Hampshire,1986-87,740,0,140,880,680,0,110,780
E07000086,Eastleigh,1986-87,440,0,120,560,440,0,60,500
E07000087,Fareham,1986-87,880,50,60,990,710,10,30,750
E07000088,Gosport,1986-87,300,0,100,400,330,0,60,380
E07000089,Hart,1986-87,1080,0,0,1080,880,0,10,900
E07000090,Havant,1986-87,380,0,70,450,560,60,110,730
E07000091,New Forest,1986-87,1280,0,80,1360,1330,0,150,1480
E07000092,Rushmoor,1986-87,240,0,30,270,190,0,100,300
E07000093,Test Valley,1986-87,810,0,50,860,950,0,60,1000
E07000094,Winchester,1986-87,630,10,40,680,430,0,100,530
E07000095,Broxbourne,1986-87,280,0,0,280,420,0,50,470
E07000096,Dacorum,1986-87,270,0,80,350,160,0,120,290
E07000242,East Hertfordshire,1986-87,690,0,60,760,750,0,80,830
E07000098,Hertsmere,1986-87,440,0,110,550,420,0,140,560
E07000099,North Hertfordshire,1986-87,530,0,90,620,650,0,0,650
E07000240,St Albans,1986-87,110,0,120,220,130,0,40,170
E07000243,Stevenage,1986-87,50,30,20,90,110,0,120,230
E07000102,Three Rivers,1986-87,190,0,0,190,180,20,100,300
E07000103,Watford,1986-87,130,0,50,190,230,40,90,360
E07000241,Welwyn Hatfield,1986-87,660,0,120,780,500,0,100,600
E07000105,Ashford,1986-87,440,0,40,480,340,10,130,480
E07000106,Canterbury,1986-87,550,100,200,840,440,60,140,640
E07000107,Dartford,1986-87,220,0,70,290,200,0,0,200
E07000108,Dover,1986-87,400,60,10,470,300,40,10,350
E07000112,Folkestone and Hythe,1986-87,370,20,60,450,460,40,50,560
E07000109,Gravesham,1986-87,210,0,40,250,260,0,40,300
E07000110,Maidstone,1986-87,960,0,70,1030,850,0,110,970
E07000111,Sevenoaks,1986-87,270,0,50,330,450,50,110,620
E07000113,Swale,1986-87,600,0,30,630,390,0,0,400
E07000114,Thanet,1986-87,300,0,30,330,530,0,40,570
E07000115,Tonbridge and Malling,1986-87,750,0,80,830,750,0,40,790
E07000116,Tunbridge Wells,1986-87,430,0,10,430,310,0,50,360
E07000117,Burnley,1986-87,120,0,20,140,110,0,0,110
E07000118,Chorley,1986-87,200,0,0,200,190,0,0,190
E07000119,Fylde,1986-87,230,0,40,270,290,0,20,310
E07000120,Hyndburn,1986-87,130,40,0,170,140,40,0,180
E07000121,Lancaster,1986-87,360,40,30,430,280,0,110,390
E07000122,Pendle,1986-87,110,0,0,110,130,10,0,140
E07000123,Preston,1986-87,550,60,0,610,450,0,0,450
E07000124,Ribble Valley,1986-87,60,0,0,60,80,0,0,80
E07000125,Rossendale,1986-87,170,0,0,170,80,10,0,90
E07000126,South Ribble,1986-87,410,70,0,480,330,0,0,330
E07000127,West Lancashire,1986-87,240,70,40,350,280,10,40,320
E07000128,Wyre,1986-87,370,0,30,400,360,40,30,430
E07000129,Blaby,1986-87,460,10,40,510,540,0,10,550
E07000130,Charnwood,1986-87,560,80,20,660,570,0,120,690
E07000131,Harborough,1986-87,480,30,40,540,420,0,0,420
E07000132,Hinckley and Bosworth,1986-87,570,0,30,600,560,0,40,610
E07000133,Melton,1986-87,230,0,40,270,240,0,0,240
E07000134,North West Leicestershire,1986-87,180,0,30,210,230,0,10,240
E07000135,Oadby and Wigston,1986-87,220,0,50,280,220,0,0,220
E07000136,Boston,1986-87,130,0,40,170,60,0,50,110
E07000137,East Lindsey,1986-87,760,70,40,870,680,0,30,710
E07000138,Lincoln,1986-87,670,0,20,680,670,0,30,710
E07000139,North Kesteven,1986-87,350,0,0,350,470,0,30,490
E07000140,South Holland,1986-87,550,0,0,550,430,0,0,430
E07000141,South Kesteven,1986-87,670,0,120,780,720,0,60,780
E07000142,West Lindsey,1986-87,270,0,10,280,260,0,30,290
E07000143,Breckland,1986-87,660,50,50,760,820,20,50,890
E07000144,Broadland,1986-87,860,0,60,920,600,0,50,660
E07000145,Great Yarmouth,1986-87,510,50,50,620,350,0,20,370
E07000146,King's Lynn and West Norfolk,1986-87,980,0,30,1020,1130,120,30,1270
E07000147,North Norfolk,1986-87,550,0,90,640,490,0,20,500
E07000148,Norwich,1986-87,330,0,80,420,340,0,140,480
E07000149,South Norfolk,1986-87,490,20,30,530,460,30,30,520
E07000150,Corby,1986-87,150,0,60,210,130,0,0,130
E07000151,Daventry,1986-87,360,0,70,430,220,0,30,250
E07000152,East Northamptonshire,1986-87,340,0,70,410,280,0,60,340
E07000153,Kettering,1986-87,470,10,40,510,410,0,30,440
E07000154,Northampton,1986-87,1900,140,110,2150,1580,50,90,1710
E07000155,South Northamptonshire,1986-87,210,0,10,220,200,20,60,280
E07000156,Wellingborough,1986-87,460,0,10,470,290,40,50,370
E07000157,Alnwick,1986-87,80,0,0,80,70,20,0,90
E07000158,Berwick-upon-Tweed,1986-87,80,0,0,80,70,0,0,70
E07000159,Blyth Valley,1986-87,290,20,0,310,260,10,0,270
E07000160,Castle Morpeth,1986-87,120,0,0,120,160,0,40,200
E07000161,Tynedale,1986-87,210,100,40,350,180,70,20,260
E07000162,Wansbeck,1986-87,180,0,40,220,90,0,0,90
E07000163,Craven,1986-87,150,0,10,160,100,10,0,110
E07000164,Hambleton,1986-87,380,0,0,380,300,0,30,330
E07000166,Richmondshire,1986-87,80,40,90,210,170,0,0,170
E07000168,Scarborough,1986-87,260,10,10,280,240,20,10,270
E07000170,Ashfield,1986-87,270,0,0,270,220,0,0,220
E07000171,Bassetlaw,1986-87,260,20,130,410,780,0,110,890
E07000172,Broxtowe,1986-87,600,0,90,690,670,0,50,720
E07000173,Gedling,1986-87,250,30,0,290,460,0,0,460
E07000174,Mansfield,1986-87,230,0,0,230,100,0,0,100
E07000175,Newark and Sherwood,1986-87,410,10,0,430,330,20,0,340
E07000176,Rushcliffe,1986-87,610,0,90,700,480,30,60,570
E07000177,Cherwell,1986-87,680,0,50,730,1000,70,70,1140
E07000178,Oxford,1986-87,110,90,210,410,70,10,280,360
E07000179,South Oxfordshire,1986-87,530,0,40,570,340,10,80,430
E07000180,Vale of White Horse,1986-87,720,0,50,770,500,0,40,540
E07000181,West Oxfordshire,1986-87,670,0,50,720,610,0,50,660
E07000182,Bridgnorth,1986-87,80,0,40,120,70,0,10,80
E07000188,Sedgemoor,1986-87,350,0,0,350,230,0,10,240
E07000185,Shrewsbury and Atcham,1986-87,180,60,10,250,220,10,40,270
E07000191,South Shropshire,1986-87,210,30,0,240,80,30,30,130
E07000189,South Somerset,1986-87,200,0,10,210,160,0,0,160
E07000187,Mendip,1986-87,460,0,30,500,320,0,70,390
E07000188,Sedgemoor,1986-87,550,0,80,620,600,0,60,670
E07000189,South Somerset,1986-87,540,0,90,630,640,0,50,690
E07000190,Taunton Deane,1986-87,690,0,10,690,630,0,20,660
E07000191,West Somerset,1986-87,120,0,50,170,100,0,30,140
E07000192,Cannock Chase,1986-87,410,0,50,450,380,30,100,520
E07000193,East Staffordshire,1986-87,400,40,50,490,460,10,50,530
E07000194,Lichfield,1986-87,560,20,20,590,330,0,40,370
E07000195,Newcastle-under-Lyme,1986-87,390,50,40,480,370,80,80,520
E07000196,South Staffordshire,1986-87,490,10,10,510,640,0,60,700
E07000197,Stafford,1986-87,280,10,40,320,250,40,30,330
E07000198,Staffordshire Moorlands,1986-87,190,30,20,240,170,0,30,190
E07000199,Tamworth,1986-87,350,0,20,370,370,60,0,430
E07000200,Babergh,1986-87,720,0,30,740,510,0,30,540
E07000201,Forest Heath,1986-87,370,0,0,370,340,0,0,340
E07000202,Ipswich,1986-87,300,10,60,370,220,90,20,330
E07000203,Mid Suffolk,1986-87,490,0,60,550,610,0,50,660
E07000204,St Edmundsbury,1986-87,390,70,20,480,370,70,60,510
E07000205,Suffolk Coastal,1986-87,940,0,70,1010,810,0,30,840
E07000206,Waveney,1986-87,330,0,80,410,460,20,70,550
E07000207,Elmbridge,1986-87,480,20,30,540,580,60,90,730
E07000208,Epsom and Ewell,1986-87,170,0,50,220,100,0,0,100
E07000209,Guildford,1986-87,350,0,150,490,410,0,20,430
E07000210,Mole Valley,1986-87,490,0,40,540,690,0,30,720
E07000211,Reigate and Banstead,1986-87,530,10,60,600,420,0,0,420
E07000212,Runnymede,1986-87,880,0,0,880,640,0,80,710
E07000213,Spelthorne,1986-87,500,0,60,560,230,20,60,300
E07000214,Surrey Heath,1986-87,640,0,10,660,870,0,10,880
E07000215,Tandridge,1986-87,220,0,0,220,150,0,20,170
E07000216,Waverley,1986-87,420,0,50,480,390,10,80,480
E07000217,Woking,1986-87,190,0,20,210,370,30,40,430
E07000218,North Warwickshire,1986-87,170,0,0,170,150,0,10,160
E07000219,Nuneaton and Bedworth,1986-87,790,0,0,790,660,10,40,710
E07000220,Rugby,1986-87,190,0,80,270,210,0,30,240
E07000221,Stratford-on-Avon,1986-87,500,10,30,540,410,0,90,500
E07000222,Warwick,1986-87,390,0,0,390,480,10,90,570
E07000223,Adur,1986-87,130,0,60,190,170,0,40,210
E07000224,Arun,1986-87,480,20,0,510,690,0,100,800
E07000225,Chichester,1986-87,440,90,110,630,550,0,130,680
E07000226,Crawley,1986-87,260,0,180,450,280,50,250,580
E07000227,Horsham,1986-87,820,0,30,850,640,0,160,800
E07000228,Mid Sussex,1986-87,600,0,80,690,430,0,50,480
E07000229,Worthing,1986-87,380,0,60,440,320,0,50,370
E07000230,Kennet,1986-87,350,10,30,400,160,0,20,180
E07000231,North Wiltshire,1986-87,840,0,0,840,700,0,0,700
E07000232,Salisbury,1986-87,260,0,10,260,370,30,20,420
E07000233,West Wiltshire,1986-87,540,30,10,580,680,30,40,740
E07000234,Bromsgrove,1986-87,820,0,0,820,660,30,60,750
E07000236,Redditch,1986-87,430,0,80,510,500,0,80,590
E07000237,Worcester,1986-87,470,0,50,510,430,10,90,530
E07000238,Wychavon,1986-87,540,0,10,550,350,0,70,410
E07000239,Wyre Forest,1986-87,370,10,60,440,330,0,40,380
E06000053,Isles of Scilly,1987-88,0,10,0,10,0,0,10,10
E09000002,Barking and Dagenham,1987-88,230,0,40,270,190,0,0,190
E09000003,Barnet,1987-88,610,70,30,710,640,90,170,900
E09000004,Bexley,1987-88,1290,10,0,1300,330,60,0,380
E09000005,Brent,1987-88,530,50,0,580,400,0,10,410
E09000006,Bromley,1987-88,900,20,70,980,1270,80,20,1370
E09000007,Camden,1987-88,50,20,0,60,50,0,10,60
E09000001,City of London,1987-88,0,0,0,0,0,0,0,0
E09000008,Croydon,1987-88,740,20,140,900,940,40,90,1080
E09000009,Ealing,1987-88,350,210,80,640,100,0,50,150
E09000010,Enfield,1987-88,670,20,30,720,830,70,0,890
E09000011,Greenwich,1987-88,180,0,0,180,70,0,40,110
E09000012,Hackney,1987-88,220,0,0,230,90,0,40,130
E09000013,Hammersmith and Fulham,1987-88,210,90,0,300,440,20,0,460
E09000014,Haringey,1987-88,180,130,30,340,130,90,50,280
E09000015,Harrow,1987-88,390,0,0,390,480,80,0,560
E09000016,Havering,1987-88,470,50,20,540,410,10,30,450
E09000017,Hillingdon,1987-88,1260,0,10,1270,940,0,10,940
E09000018,Hounslow,1987-88,290,50,30,370,240,30,30,300
E09000019,Islington,1987-88,180,70,90,340,150,90,90,330
E09000020,Kensington and Chelsea,1987-88,130,80,10,220,120,10,0,130
E09000021,Kingston upon Thames,1987-88,240,10,80,330,90,0,50,140
E09000022,Lambeth,1987-88,50,0,60,110,0,0,70,70
E09000023,Lewisham,1987-88,60,0,20,80,50,0,20,60
E09000024,Merton,1987-88,880,0,0,880,610,0,20,630
E09000025,Newham,1987-88,400,40,60,490,270,40,150,460
E09000026,Redbridge,1987-88,570,0,0,570,190,30,0,220
E09000027,Richmond upon Thames,1987-88,230,0,0,230,110,0,0,110
E09000028,Southwark,1987-88,890,90,40,1020,660,50,130,850
E09000029,Sutton,1987-88,520,10,20,560,600,90,0,690
E09000030,Tower Hamlets,1987-88,1120,70,0,1190,680,80,0,760
E09000031,Waltham Forest,1987-88,310,0,190,500,640,40,110,800
E09000032,Wandsworth,1987-88,120,50,0,160,130,70,0,190
E09000033,Westminster,1987-88,260,20,0,270,360,200,0,560
E08000001,Bolton,1987-88,530,200,0,740,620,260,50,930
E08000002,Bury,1987-88,520,0,40,550,420,70,0,490
E08000003,Manchester,1987-88,470,110,360,940,510,20,230,750
E08000004,Oldham,1987-88,450,80,0,530,560,240,0,800
E08000005,Rochdale,1987-88,340,40,200,570,310,160,110,580
E08000006,Salford,1987-88,400,90,20,510,300,170,40,510
E08000007,Stockport,1987-88,730,50,20,800,760,90,20,870
E08000008,Tameside,1987-88,240,100,0,340,160,80,20,260
E08000009,Trafford,1987-88,480,30,40,560,380,60,50,480
E08000010,Wigan,1987-88,1040,0,0,1040,960,100,0,1050
E08000011,Knowsley,1987-88,240,90,0,330,230,50,0,270
E08000012,Liverpool,1987-88,410,250,300,960,450,430,730,1600
E08000014,Sefton,1987-88,610,60,80,750,600,170,30,790
E08000013,St. Helens,1987-88,270,150,0,420,190,60,0,240
E08000015,Wirral,1987-88,450,140,30,630,660,300,20,980
E08000016,Barnsley,1987-88,310,220,20,550,270,160,0,430
E08000017,Doncaster,1987-88,960,0,40,1010,860,30,0,890
E08000018,Rotherham,1987-88,700,90,90,880,710,140,110,960
E08000019,Sheffield,1987-88,880,200,0,1080,1040,180,20,1240
E08000037,Gateshead,1987-88,280,100,0,380,390,80,30,500
E08000021,Newcastle upon Tyne,1987-88,330,80,0,400,440,90,0,530
E08000022,North Tyneside,1987-88,290,50,40,370,240,110,10,360
E08000023,South Tyneside,1987-88,390,70,30,490,280,100,100,480
E08000024,Sunderland,1987-88,230,40,30,300,170,50,60,270
E08000025,Birmingham,1987-88,830,880,70,1780,1270,660,0,1930
E08000026,Coventry,1987-88,300,210,0,510,230,60,30,320
E08000027,Dudley,1987-88,1090,0,40,1140,1070,0,0,1070
E08000028,Sandwell,1987-88,290,110,0,400,310,110,10,430
E08000029,Solihull,1987-88,500,40,50,590,620,70,60,740
E08000030,Walsall,1987-88,980,20,0,1010,570,40,0,620
E08000031,Wolverhampton,1987-88,490,20,0,500,450,50,0,490
E08000032,Bradford,1987-88,710,120,40,870,780,120,40,940
E08000033,Calderdale,1987-88,340,10,10,360,290,0,30,320
E08000034,Kirklees,1987-88,750,80,20,850,600,50,20,670
E08000035,Leeds,1987-88,1370,310,290,1980,1550,250,350,2150
E08000036,Wakefield,1987-88,840,60,80,970,890,20,40,950
E07000002,Bedford,1987-88,500,10,20,540,270,40,50,360
E07000001,Mid Bedfordshire,1987-88,610,0,40,650,420,30,60,510
E07000003,South Bedfordshire,1987-88,340,0,80,420,330,10,90,420
E07000004,Aylesbury Vale,1987-88,1110,0,30,1140,810,0,100,910
E07000005,Chiltern,1987-88,160,0,50,200,220,0,30,250
E07000006,South Bucks,1987-88,330,0,10,340,210,0,140,360
E07000007,Wycombe,1987-88,650,0,30,680,580,0,40,610
E07000008,Cambridge,1987-88,290,10,160,460,230,80,0,310
E07000009,East Cambridgeshire,1987-88,490,0,40,530,510,20,10,530
E07000010,Fenland,1987-88,1060,0,40,1100,690,20,20,730
E07000011,Huntingdonshire,1987-88,1440,60,160,1660,1150,10,120,1290
E07000012,South Cambridgeshire,1987-88,1140,10,50,1210,860,0,90,950
E07000013,Chester,1987-88,360,10,70,440,500,10,40,550
E07000014,Congleton,1987-88,420,30,40,490,300,0,50,340
E07000015,Crewe and Nantwich,1987-88,610,20,10,630,640,10,0,650
E07000016,Ellesmere Port & Neston,1987-88,210,0,0,210,310,0,0,310
E07000017,Macclesfield,1987-88,840,20,0,860,640,50,30,730
E07000018,Vale Royal,1987-88,320,0,50,370,270,40,30,340
E07000019,Caradon,1987-88,530,0,50,580,390,30,60,480
E07000020,Carrick,1987-88,250,0,70,310,390,0,50,440
E07000021,Kerrier,1987-88,290,0,30,320,340,0,30,370
E07000022,North Cornwall,1987-88,610,0,40,650,460,30,80,560
E07000023,Penwith,1987-88,250,0,10,260,310,0,20,330
E07000024,Restormel,1987-88,590,20,30,630,460,0,20,480
E07000026,Allerdale,1987-88,250,20,10,290,240,0,20,260
E07000027,Barrow-in-Furness,1987-88,150,0,0,150,190,0,20,210
E07000028,Carlisle,1987-88,310,50,0,360,280,60,0,340
E07000029,Copeland,1987-88,240,30,0,280,260,30,30,310
E07000030,Eden,1987-88,200,20,10,220,160,10,10,170
E07000031,South Lakeland,1987-88,500,40,20,560,430,20,20,470
E07000032,Amber Valley,1987-88,240,20,80,330,360,40,80,480
E07000033,Bolsover,1987-88,320,0,0,320,230,0,40,270
E07000034,Chesterfield,1987-88,180,80,0,260,180,20,30,230
E07000035,Derbyshire Dales,1987-88,160,0,30,190,250,0,50,300
E07000036,Erewash,1987-88,440,0,40,490,430,10,60,500
E07000037,High Peak,1987-88,280,20,40,350,220,0,0,220
E07000038,North East Derbyshire,1987-88,350,0,20,370,370,0,50,420
E07000039,South Derbyshire,1987-88,350,0,10,360,290,0,40,330
E07000040,East Devon,1987-88,790,0,60,850,630,0,40,670
E07000041,Exeter,1987-88,200,0,80,290,210,130,20,360
E07000042,Mid Devon,1987-88,530,0,20,550,510,0,20,530
E07000043,North Devon,1987-88,420,0,20,440,350,20,30,400
E07000044,South Hams,1987-88,630,20,10,650,630,0,30,660
E07000045,Teignbridge,1987-88,1040,20,30,1090,910,10,30,950
E07000046,Torridge,1987-88,230,0,40,270,330,0,30,360
E07000047,West Devon,1987-88,240,0,10,250,120,0,20,140
E07000048,Christchurch,1987-88,200,0,0,200,180,0,20,200
E07000049,East Dorset,1987-88,590,30,0,620,560,0,90,640
E07000050,North Dorset,1987-88,430,40,20,480,390,10,50,450
E07000051,Purbeck,1987-88,290,40,30,370,240,0,0,240
E07000052,West Dorset,1987-88,650,0,0,650,960,0,50,1010
E07000053,Weymouth and Portland,1987-88,270,0,80,350,280,0,40,320
E07000054,Chester-le-Street,1987-88,190,10,10,200,130,40,10,170
E07000056,County Durham,1987-88,90,0,20,100,120,0,50,170
E07000055,Derwentside,1987-88,110,10,60,180,100,10,60,160
E07000057,Easington,1987-88,270,60,0,330,240,0,0,240
E07000058,Sedgefield,1987-88,210,0,0,210,300,0,10,310
E07000059,Teesdale,1987-88,30,0,0,30,40,0,0,40
E07000060,Wear Valley,1987-88,130,0,0,130,100,0,0,100
E07000061,Eastbourne,1987-88,530,0,0,530,250,0,110,360
E07000062,Hastings,1987-88,400,0,40,440,330,50,60,450
E07000063,Lewes,1987-88,730,70,60,870,390,70,60,520
E07000064,Rother,1987-88,520,0,30,550,480,0,20,500
E07000065,Wealden,1987-88,490,0,80,570,730,0,30,750
E07000066,Basildon,1987-88,920,0,0,920,1020,0,140,1150
E07000067,Braintree,1987-88,1260,0,120,1380,710,0,90,790
E07000068,Brentwood,1987-88,270,0,10,290,270,0,10,280
E07000069,Castle Point,1987-88,360,0,0,360,310,0,60,360
E07000070,Chelmsford,1987-88,760,0,200,950,1010,0,290,1300
E07000071,Colchester,1987-88,860,0,90,950,690,0,50,740
E07000072,Epping Forest,1987-88,430,0,10,450,370,0,20,380
E07000073,Harlow,1987-88,100,0,0,100,140,80,40,260
E07000074,Maldon,1987-88,320,0,40,360,370,0,20,390
E07000075,Rochford,1987-88,230,50,20,300,360,10,80,450
E07000076,Tendring,1987-88,1010,0,100,1110,1180,0,50,1230
E07000077,Uttlesford,1987-88,240,0,60,300,250,0,40,290
E07000078,Cheltenham,1987-88,220,0,70,300,280,50,80,400
E07000079,Cotswold,1987-88,340,20,60,420,360,30,0,400
E07000080,Forest of Dean,1987-88,300,0,30,330,260,0,0,260
E07000081,Gloucester,1987-88,930,0,60,990,460,0,90,550
E07000082,Stroud,1987-88,650,90,10,740,600,40,40,680
E07000083,Tewkesbury,1987-88,1020,0,0,1020,570,0,0,570
E07000084,Basingstoke and Deane,1987-88,1260,0,50,1310,520,0,90,610
E07000085,East Hampshire,1987-88,860,0,100,960,1240,0,100,1340
E07000086,Eastleigh,1987-88,880,0,60,950,520,0,90,620
E07000087,Fareham,1987-88,960,30,20,1010,850,40,20,910
E07000088,Gosport,1987-88,190,0,0,190,260,0,40,310
E07000089,Hart,1987-88,920,0,40,960,1270,0,0,1270
E07000090,Havant,1987-88,410,0,40,450,390,0,70,460
E07000091,New Forest,1987-88,1060,40,40,1150,1210,20,80,1310
E07000092,Rushmoor,1987-88,340,100,300,740,160,30,350,540
E07000093,Test Valley,1987-88,890,0,140,1030,1080,0,70,1150
E07000094,Winchester,1987-88,610,30,30,670,610,10,50,670
E07000095,Broxbourne,1987-88,460,0,40,500,260,0,0,260
E07000096,Dacorum,1987-88,500,0,70,580,260,0,110,360
E07000242,East Hertfordshire,1987-88,600,0,110,720,810,0,60,870
E07000098,Hertsmere,1987-88,500,0,0,500,250,0,0,250
E07000099,North Hertfordshire,1987-88,570,0,0,570,560,0,20,570
E07000240,St Albans,1987-88,570,0,0,570,470,0,30,500
E07000243,Stevenage,1987-88,260,10,50,320,220,30,130,380
E07000102,Three Rivers,1987-88,360,0,0,360,370,100,0,470
E07000103,Watford,1987-88,210,130,10,350,120,30,40,180
E07000241,Welwyn Hatfield,1987-88,390,0,140,530,470,0,50,520
E07000105,Ashford,1987-88,450,0,70,520,460,0,70,520
E07000106,Canterbury,1987-88,630,0,20,650,440,40,150,630
E07000107,Dartford,1987-88,360,30,30,420,260,10,20,300
E07000108,Dover,1987-88,340,10,0,350,230,0,0,230
E07000112,Folkestone and Hythe,1987-88,430,60,20,510,310,30,40,380
E07000109,Gravesham,1987-88,130,0,40,170,170,0,40,210
E07000110,Maidstone,1987-88,880,0,70,950,720,0,60,780
E07000111,Sevenoaks,1987-88,270,0,100,370,320,0,0,320
E07000113,Swale,1987-88,820,0,60,870,480,0,60,540
E07000114,Thanet,1987-88,280,0,140,410,320,0,70,390
E07000115,Tonbridge and Malling,1987-88,560,0,80,640,640,0,40,680
E07000116,Tunbridge Wells,1987-88,590,20,100,710,300,10,10,320
E07000117,Burnley,1987-88,180,30,0,210,180,0,20,200
E07000118,Chorley,1987-88,160,0,0,160,170,0,0,170
E07000119,Fylde,1987-88,200,0,0,200,230,0,0,230
E07000120,Hyndburn,1987-88,140,20,0,150,150,10,30,200
E07000121,Lancaster,1987-88,290,20,60,360,370,30,30,420
E07000122,Pendle,1987-88,170,70,0,240,150,0,0,150
E07000123,Preston,1987-88,420,20,0,430,550,130,0,690
E07000124,Ribble Valley,1987-88,130,0,10,140,30,0,30,60
E07000125,Rossendale,1987-88,110,90,0,200,100,0,0,100
E07000126,South Ribble,1987-88,470,0,0,470,370,70,30,470
E07000127,West Lancashire,1987-88,350,10,30,380,220,10,40,280
E07000128,Wyre,1987-88,380,40,10,440,230,0,30,250
E07000129,Blaby,1987-88,540,0,0,550,510,10,40,560
E07000130,Charnwood,1987-88,570,40,80,690,550,70,20,640
E07000131,Harborough,1987-88,680,0,30,710,590,30,90,700
E07000132,Hinckley and Bosworth,1987-88,690,20,30,740,620,0,30,650
E07000133,Melton,1987-88,260,0,0,260,270,0,0,270
E07000134,North West Leicestershire,1987-88,350,0,30,390,240,0,30,270
E07000135,Oadby and Wigston,1987-88,170,40,0,220,160,0,60,220
E07000136,Boston,1987-88,210,0,0,210,190,0,10,200
E07000137,East Lindsey,1987-88,1120,0,50,1170,870,30,60,960
E07000138,Lincoln,1987-88,530,0,20,550,670,0,30,700
E07000139,North Kesteven,1987-88,450,0,0,450,330,0,0,330
E07000140,South Holland,1987-88,380,0,0,380,520,0,0,520
E07000141,South Kesteven,1987-88,1080,0,60,1150,650,0,80,730
E07000142,West Lindsey,1987-88,450,0,50,500,240,0,0,240
E07000143,Breckland,1987-88,880,50,130,1060,510,0,40,540
E07000144,Broadland,1987-88,1080,0,60,1150,1020,0,100,1120
E07000145,Great Yarmouth,1987-88,540,0,20,570,500,30,60,590
E07000146,King's Lynn and West Norfolk,1987-88,910,30,0,930,770,0,70,840
E07000147,North Norfolk,1987-88,660,0,50,710,480,0,50,530
E07000148,Norwich,1987-88,150,0,70,220,190,30,30,250
E07000149,South Norfolk,1987-88,770,30,40,840,500,10,30,540
E07000150,Corby,1987-88,180,0,20,210,150,0,60,210
E07000151,Daventry,1987-88,290,0,20,320,430,0,30,460
E07000152,East Northamptonshire,1987-88,400,0,20,420,390,0,30,420
E07000153,Kettering,1987-88,630,10,10,640,490,40,40,560
E07000154,Northampton,1987-88,1370,50,130,1550,1830,90,120,2030
E07000155,South Northamptonshire,1987-88,430,30,0,450,260,0,0,270
E07000156,Wellingborough,1987-88,680,0,50,720,670,0,40,710
E07000157,Alnwick,1987-88,110,40,0,150,80,30,0,110
E07000158,Berwick-upon-Tweed,1987-88,60,0,0,60,100,0,0,100
E07000159,Blyth Valley,1987-88,280,0,10,290,320,20,10,350
E07000160,Castle Morpeth,1987-88,110,0,0,110,120,0,0,120
E07000161,Tynedale,1987-88,240,0,30,270,190,40,30,260
E07000162,Wansbeck,1987-88,170,30,0,200,120,0,40,160
E07000163,Craven,1987-88,210,30,30,270,180,30,10,220
E07000164,Hambleton,1987-88,500,0,80,580,480,0,0,480
E07000166,Richmondshire,1987-88,110,10,100,210,140,40,180,360
E07000168,Scarborough,1987-88,230,80,40,350,240,30,20,280
E07000170,Ashfield,1987-88,310,0,0,310,350,0,0,350
E07000171,Bassetlaw,1987-88,400,0,90,490,200,20,50,270
E07000172,Broxtowe,1987-88,520,0,50,570,390,0,20,410
E07000173,Gedling,1987-88,360,0,0,360,310,30,50,390
E07000174,Mansfield,1987-88,210,0,0,210,300,0,0,300
E07000175,Newark and Sherwood,1987-88,390,0,0,400,420,10,0,440
E07000176,Rushcliffe,1987-88,520,50,50,620,520,50,40,610
E07000177,Cherwell,1987-88,730,0,90,810,1030,0,60,1090
E07000178,Oxford,1987-88,150,10,20,180,80,60,100,230
E07000179,South Oxfordshire,1987-88,630,0,20,650,530,0,50,580
E07000180,Vale of White Horse,1987-88,450,0,50,500,880,20,0,900
E07000181,West Oxfordshire,1987-88,760,0,10,770,590,0,50,630
E07000182,Bridgnorth,1987-88,170,0,20,190,110,0,30,130
E07000188,Sedgemoor,1987-88,170,0,0,170,90,0,0,90
E07000185,Shrewsbury and Atcham,1987-88,210,0,70,270,250,60,0,310
E07000191,South Shropshire,1987-88,170,0,0,180,160,30,0,190
E07000189,South Somerset,1987-88,240,0,10,250,170,0,20,190
E07000187,Mendip,1987-88,520,0,0,520,440,0,0,440
E07000188,Sedgemoor,1987-88,850,0,10,870,650,0,70,720
E07000189,South Somerset,1987-88,870,0,110,980,780,0,10,790
E07000190,Taunton Deane,1987-88,790,0,20,810,740,0,20,750
E07000191,West Somerset,1987-88,110,0,0,110,80,0,50,130
E07000192,Cannock Chase,1987-88,330,30,0,360,290,0,10,300
E07000193,East Staffordshire,1987-88,430,20,130,580,430,30,60,520
E07000194,Lichfield,1987-88,480,30,30,540,490,40,60,580
E07000195,Newcastle-under-Lyme,1987-88,290,20,20,330,340,30,40,410
E07000196,South Staffordshire,1987-88,300,10,60,370,380,20,40,440
E07000197,Stafford,1987-88,400,0,10,400,380,60,90,530
E07000198,Staffordshire Moorlands,1987-88,270,0,20,300,230,0,10,230
E07000199,Tamworth,1987-88,330,0,0,330,310,0,0,310
E07000200,Babergh,1987-88,650,0,60,710,680,0,30,710
E07000201,Forest Heath,1987-88,230,0,20,260,330,0,0,330
E07000202,Ipswich,1987-88,180,10,70,260,310,10,50,360
E07000203,Mid Suffolk,1987-88,860,0,30,890,550,0,0,550
E07000204,St Edmundsbury,1987-88,470,0,70,540,460,0,30,490
E07000205,Suffolk Coastal,1987-88,700,0,0,700,740,0,70,810
E07000206,Waveney,1987-88,510,0,100,610,370,0,80,450
E07000207,Elmbridge,1987-88,380,0,160,530,320,0,90,400
E07000208,Epsom and Ewell,1987-88,210,0,0,210,160,0,0,160
E07000209,Guildford,1987-88,400,0,70,470,370,0,90,450
E07000210,Mole Valley,1987-88,520,0,40,560,450,0,60,500
E07000211,Reigate and Banstead,1987-88,670,0,0,670,610,10,60,680
E07000212,Runnymede,1987-88,610,0,0,610,550,0,0,550
E07000213,Spelthorne,1987-88,280,0,10,290,400,0,40,440
E07000214,Surrey Heath,1987-88,650,0,0,650,730,0,50,780
E07000215,Tandridge,1987-88,300,0,60,360,360,0,0,360
E07000216,Waverley,1987-88,550,10,20,590,420,50,30,500
E07000217,Woking,1987-88,270,0,150,410,230,0,80,310
E07000218,North Warwickshire,1987-88,220,0,50,270,100,0,10,120
E07000219,Nuneaton and Bedworth,1987-88,780,30,0,820,810,0,0,810
E07000220,Rugby,1987-88,280,40,50,370,250,40,80,370
E07000221,Stratford-on-Avon,1987-88,590,0,0,590,580,50,0,620
E07000222,Warwick,1987-88,320,0,180,500,510,0,30,550
E07000223,Adur,1987-88,130,0,100,230,130,0,60,190
E07000224,Arun,1987-88,550,20,0,580,620,0,20,650
E07000225,Chichester,1987-88,500,100,70,670,360,70,100,530
E07000226,Crawley,1987-88,210,0,90,300,230,0,240,470
E07000227,Horsham,1987-88,850,0,90,940,820,0,80,900
E07000228,Mid Sussex,1987-88,460,0,140,600,400,0,80,480
E07000229,Worthing,1987-88,420,0,50,470,390,0,120,500
E07000230,Kennet,1987-88,320,0,50,370,240,0,30,270
E07000231,North Wiltshire,1987-88,790,20,10,820,790,0,0,790
E07000232,Salisbury,1987-88,270,0,70,340,340,0,20,360
E07000233,West Wiltshire,1987-88,750,70,50,870,710,0,10,720
E07000234,Bromsgrove,1987-88,390,0,40,430,460,0,0,460
E07000236,Redditch,1987-88,480,0,50,540,440,0,90,530
E07000237,Worcester,1987-88,460,0,80,540,550,10,0,560
E07000238,Wychavon,1987-88,990,0,30,1020,680,0,20,710
E07000239,Wyre Forest,1987-88,440,20,20,470,680,0,80,760
E06000053,Isles of Scilly,1988-89,0,0,0,0,10,10,0,10
E09000002,Barking and Dagenham,1988-89,530,50,80,660,250,0,40,290
E09000003,Barnet,1988-89,480,40,100,630,220,0,30,260
E09000004,Bexley,1988-89,430,20,0,450,1170,80,0,1240
E09000005,Brent,1988-89,650,110,0,760,660,50,60,770
E09000006,Bromley,1988-89,860,150,80,1090,1330,230,60,1620
E09000007,Camden,1988-89,0,60,30,90,0,0,50,50
E09000001,City of London,1988-89,150,0,0,150,0,0,0,0
E09000008,Croydon,1988-89,660,110,220,990,530,90,50,680
E09000009,Ealing,1988-89,390,160,0,550,100,160,90,350
E09000010,Enfield,1988-89,330,20,0,360,430,50,0,480
E09000011,Greenwich,1988-89,100,0,10,120,130,0,50,180
E09000012,Hackney,1988-89,220,0,0,220,420,0,10,430
E09000013,Hammersmith and Fulham,1988-89,110,0,0,110,70,0,0,70
E09000014,Haringey,1988-89,250,140,20,410,70,120,10,200
E09000015,Harrow,1988-89,670,0,70,740,330,0,30,350
E09000016,Havering,1988-89,560,0,10,580,410,0,40,450
E09000017,Hillingdon,1988-89,1180,0,20,1200,1170,0,30,1200
E09000018,Hounslow,1988-89,780,300,20,1100,260,60,30,350
E09000019,Islington,1988-89,340,190,20,550,170,60,80,310
E09000020,Kensington and Chelsea,1988-89,180,40,0,220,150,60,10,220
E09000021,Kingston upon Thames,1988-89,90,0,0,90,210,10,50,260
E09000022,Lambeth,1988-89,110,0,20,130,60,60,220,350
E09000023,Lewisham,1988-89,150,0,20,170,40,0,30,60
E09000024,Merton,1988-89,640,10,0,650,1250,60,0,1310
E09000025,Newham,1988-89,310,20,70,410,270,40,230,530
E09000026,Redbridge,1988-89,470,0,0,470,790,0,0,790
E09000027,Richmond upon Thames,1988-89,100,20,0,110,30,0,0,30
E09000028,Southwark,1988-89,1100,160,60,1320,750,160,0,900
E09000029,Sutton,1988-89,780,0,120,900,560,20,20,610
E09000030,Tower Hamlets,1988-89,540,90,0,630,320,90,50,460
E09000031,Waltham Forest,1988-89,380,40,50,470,480,80,120,690
E09000032,Wandsworth,1988-89,250,40,0,280,10,0,0,10
E09000033,Westminster,1988-89,570,0,0,570,30,30,0,50
E08000001,Bolton,1988-89,870,150,10,1040,560,130,0,680
E08000002,Bury,1988-89,590,0,0,590,450,0,0,450
E08000003,Manchester,1988-89,570,70,100,740,310,100,320,720
E08000004,Oldham,1988-89,520,100,0,610,500,70,0,570
E08000005,Rochdale,1988-89,530,10,0,540,460,130,190,770
E08000006,Salford,1988-89,610,200,0,810,510,190,0,700
E08000007,Stockport,1988-89,530,60,0,590,530,30,0,560
E08000008,Tameside,1988-89,600,90,0,690,530,130,0,650
E08000009,Trafford,1988-89,320,60,0,390,410,30,80,530
E08000010,Wigan,1988-89,1100,140,0,1240,1100,10,0,1120
E08000011,Knowsley,1988-89,280,140,0,420,240,150,0,390
E08000012,Liverpool,1988-89,450,90,210,750,520,170,320,1010
E08000014,Sefton,1988-89,510,90,10,610,670,60,50,780
E08000013,St. Helens,1988-89,460,100,0,560,280,130,0,420
E08000015,Wirral,1988-89,430,160,10,600,700,110,20,830
E08000016,Barnsley,1988-89,670,200,20,890,480,260,20,750
E08000017,Doncaster,1988-89,1130,0,0,1130,1160,0,40,1200
E08000018,Rotherham,1988-89,710,100,50,850,700,190,30,920
E08000019,Sheffield,1988-89,780,280,90,1150,1020,150,100,1260
E08000037,Gateshead,1988-89,250,140,0,380,290,90,0,380
E08000021,Newcastle upon Tyne,1988-89,420,220,0,640,380,20,0,410
E08000022,North Tyneside,1988-89,630,50,0,670,410,40,0,450
E08000023,South Tyneside,1988-89,720,220,40,980,680,90,30,790
E08000024,Sunderland,1988-89,590,50,0,630,530,40,0,560
E08000025,Birmingham,1988-89,1210,760,30,1990,1360,660,10,2030
E08000026,Coventry,1988-89,230,100,0,330,380,130,0,510
E08000027,Dudley,1988-89,880,0,0,880,1210,0,50,1250
E08000028,Sandwell,1988-89,690,50,0,740,330,140,0,480
E08000029,Solihull,1988-89,520,40,40,600,460,100,60,630
E08000030,Walsall,1988-89,990,110,0,1110,1050,30,0,1070
E08000031,Wolverhampton,1988-89,400,70,0,470,280,10,0,300
E08000032,Bradford,1988-89,860,110,0,970,640,20,50,700
E08000033,Calderdale,1988-89,450,30,10,490,370,70,10,450
E08000034,Kirklees,1988-89,1000,90,10,1100,910,60,40,1010
E08000035,Leeds,1988-89,1330,310,110,1750,1260,320,180,1750
E08000036,Wakefield,1988-89,970,20,0,990,930,60,80,1070
E07000002,Bedford,1988-89,520,30,20,580,520,0,50,570
E07000001,Mid Bedfordshire,1988-89,720,0,30,750,560,0,10,570
E07000003,South Bedfordshire,1988-89,580,0,50,640,520,0,70,600
E07000004,Aylesbury Vale,1988-89,1130,0,190,1310,690,0,70,760
E07000005,Chiltern,1988-89,240,0,20,260,120,0,30,150
E07000006,South Bucks,1988-89,180,0,40,220,320,0,40,360
E07000007,Wycombe,1988-89,770,0,100,870,460,0,120,580
E07000008,Cambridge,1988-89,290,50,40,370,220,80,90,390
E07000009,East Cambridgeshire,1988-89,640,90,10,740,620,60,40,720
E07000010,Fenland,1988-89,960,10,30,1000,910,20,30,970
E07000011,Huntingdonshire,1988-89,1350,20,140,1510,1130,80,110,1310
E07000012,South Cambridgeshire,1988-89,1040,0,150,1190,1110,10,100,1210
E07000013,Chester,1988-89,580,20,0,600,290,80,30,390
E07000014,Congleton,1988-89,490,0,0,490,300,30,10,340
E07000015,Crewe and Nantwich,1988-89,910,30,0,940,830,40,10,880
E07000016,Ellesmere Port & Neston,1988-89,160,10,0,170,130,10,0,140
E07000017,Macclesfield,1988-89,620,10,60,700,500,10,30,530
E07000018,Vale Royal,1988-89,480,0,50,530,270,0,50,310
E07000019,Caradon,1988-89,400,0,70,470,450,0,60,510
E07000020,Carrick,1988-89,400,0,10,410,320,0,50,370
E07000021,Kerrier,1988-89,410,0,80,480,320,0,30,350
E07000022,North Cornwall,1988-89,790,30,40,860,870,0,90,960
E07000023,Penwith,1988-89,370,10,10,390,140,0,10,140
E07000024,Restormel,1988-89,490,110,60,660,420,20,30,460
E07000026,Allerdale,1988-89,400,80,0,480,240,40,0,280
E07000027,Barrow-in-Furness,1988-89,230,0,10,240,180,0,50,230
E07000028,Carlisle,1988-89,420,60,0,480,370,20,0,390
E07000029,Copeland,1988-89,230,90,20,340,190,90,0,290
E07000030,Eden,1988-89,280,10,10,300,150,10,0,160
E07000031,South Lakeland,1988-89,630,30,60,720,480,40,60,580
E07000032,Amber Valley,1988-89,340,0,50,390,350,30,100,490
E07000033,Bolsover,1988-89,330,0,0,330,320,0,0,330
E07000034,Chesterfield,1988-89,310,0,20,330,180,60,0,240
E07000035,Derbyshire Dales,1988-89,140,0,20,160,150,0,40,190
E07000036,Erewash,1988-89,380,0,30,410,430,20,30,480
E07000037,High Peak,1988-89,370,0,0,370,340,20,10,370
E07000038,North East Derbyshire,1988-89,310,0,0,310,320,0,10,330
E07000039,South Derbyshire,1988-89,450,0,0,450,500,0,10,510
E07000040,East Devon,1988-89,870,0,40,910,680,60,80,820
E07000041,Exeter,1988-89,220,0,20,240,330,100,70,500
E07000042,Mid Devon,1988-89,520,0,20,540,450,0,30,490
E07000043,North Devon,1988-89,360,0,50,410,720,80,20,820
E07000044,South Hams,1988-89,760,100,50,900,740,20,60,810
E07000045,Teignbridge,1988-89,1460,60,60,1580,750,40,20,800
E07000046,Torridge,1988-89,460,0,0,460,400,0,10,410
E07000047,West Devon,1988-89,310,0,0,310,150,0,10,160
E07000048,Christchurch,1988-89,280,0,0,280,250,0,0,250
E07000049,East Dorset,1988-89,580,0,0,580,520,0,0,520
E07000050,North Dorset,1988-89,370,20,80,470,190,40,10,230
E07000051,Purbeck,1988-89,320,10,30,370,280,0,60,340
E07000052,West Dorset,1988-89,700,0,60,760,930,0,60,990
E07000053,Weymouth and Portland,1988-89,290,0,20,310,250,0,20,260
E07000054,Chester-le-Street,1988-89,180,0,10,190,90,10,10,100
E07000056,County Durham,1988-89,310,20,30,360,190,0,10,200
E07000055,Derwentside,1988-89,130,0,40,170,150,0,50,200
E07000057,Easington,1988-89,250,0,0,250,350,70,0,410
E07000058,Sedgefield,1988-89,270,40,0,310,220,40,0,260
E07000059,Teesdale,1988-89,60,20,10,90,30,0,10,40
E07000060,Wear Valley,1988-89,150,0,0,150,170,0,0,170
E07000061,Eastbourne,1988-89,630,0,50,680,390,0,120,510
E07000062,Hastings,1988-89,550,20,70,640,330,0,100,430
E07000063,Lewes,1988-89,550,30,20,600,460,50,80,590
E07000064,Rother,1988-89,510,0,0,510,380,0,20,400
E07000065,Wealden,1988-89,1050,0,90,1140,860,0,130,990
E07000066,Basildon,1988-89,880,0,140,1030,760,0,260,1020
E07000067,Braintree,1988-89,740,40,130,910,1290,40,130,1460
E07000068,Brentwood,1988-89,310,0,0,310,320,20,20,360
E07000069,Castle Point,1988-89,320,0,0,320,200,0,0,200
E07000070,Chelmsford,1988-89,1100,0,120,1220,1040,0,110,1150
E07000071,Colchester,1988-89,1200,0,80,1280,870,0,140,1020
E07000072,Epping Forest,1988-89,200,50,40,290,280,0,10,300
E07000073,Harlow,1988-89,160,0,0,160,60,0,0,60
E07000074,Maldon,1988-89,480,0,0,480,290,0,10,300
E07000075,Rochford,1988-89,270,30,0,300,250,60,20,330
E07000076,Tendring,1988-89,1180,0,0,1180,1180,0,60,1240
E07000077,Uttlesford,1988-89,290,0,50,350,220,0,60,280
E07000078,Cheltenham,1988-89,220,30,80,330,210,0,130,350
E07000079,Cotswold,1988-89,560,0,10,580,410,0,10,420
E07000080,Forest of Dean,1988-89,480,10,20,510,310,0,60,370
E07000081,Gloucester,1988-89,790,0,10,800,1020,70,60,1160
E07000082,Stroud,1988-89,820,50,40,910,550,70,10,620
E07000083,Tewkesbury,1988-89,800,20,0,820,560,20,40,620
E07000084,Basingstoke and Deane,1988-89,990,0,20,1010,910,0,30,940
E07000085,East Hampshire,1988-89,1050,0,70,1110,620,0,130,760
E07000086,Eastleigh,1988-89,1300,0,40,1340,1050,0,30,1090
E07000087,Fareham,1988-89,850,10,80,940,1270,30,60,1360
E07000088,Gosport,1988-89,210,90,40,330,210,0,80,290
E07000089,Hart,1988-89,620,0,10,630,780,0,10,790
E07000090,Havant,1988-89,390,50,40,480,330,0,50,380
E07000091,New Forest,1988-89,940,0,100,1040,790,20,70,880
E07000092,Rushmoor,1988-89,160,0,290,450,220,0,100,320
E07000093,Test Valley,1988-89,840,0,50,890,830,0,130,960
E07000094,Winchester,1988-89,570,0,80,650,520,20,30,570
E07000095,Broxbourne,1988-89,290,0,0,290,470,0,30,500
E07000096,Dacorum,1988-89,340,0,120,460,360,0,90,450
E07000242,East Hertfordshire,1988-89,170,0,70,240,510,0,90,600
E07000098,Hertsmere,1988-89,230,0,90,320,400,0,70,470
E07000099,North Hertfordshire,1988-89,640,0,50,690,620,0,80,700
E07000240,St Albans,1988-89,450,0,0,450,590,0,100,690
E07000243,Stevenage,1988-89,640,40,150,820,370,10,20,400
E07000102,Three Rivers,1988-89,260,0,0,260,260,0,0,260
E07000103,Watford,1988-89,140,20,0,170,120,0,30,150
E07000241,Welwyn Hatfield,1988-89,440,0,70,510,380,0,110,490
E07000105,Ashford,1988-89,600,0,110,720,640,0,90,730
E07000106,Canterbury,1988-89,400,0,20,420,420,0,20,440
E07000107,Dartford,1988-89,580,0,0,590,340,30,20,390
E07000108,Dover,1988-89,470,0,0,470,270,10,0,280
E07000112,Folkestone and Hythe,1988-89,800,20,120,950,340,90,40,470
E07000109,Gravesham,1988-89,430,0,0,430,210,0,0,210
E07000110,Maidstone,1988-89,580,0,40,620,920,0,80,1000
E07000111,Sevenoaks,1988-89,250,0,40,300,200,20,100,320
E07000113,Swale,1988-89,1150,60,20,1230,1200,40,70,1310
E07000114,Thanet,1988-89,440,60,120,620,230,0,120,340
E07000115,Tonbridge and Malling,1988-89,550,40,40,640,530,0,80,600
E07000116,Tunbridge Wells,1988-89,420,0,50,480,590,10,60,650
E07000117,Burnley,1988-89,300,0,0,300,200,30,0,230
E07000118,Chorley,1988-89,260,0,10,270,170,0,10,180
E07000119,Fylde,1988-89,310,0,40,350,200,0,40,240
E07000120,Hyndburn,1988-89,160,30,10,200,200,50,0,250
E07000121,Lancaster,1988-89,440,20,0,470,420,60,0,470
E07000122,Pendle,1988-89,150,0,0,150,180,70,0,250
E07000123,Preston,1988-89,260,160,0,420,510,30,0,540
E07000124,Ribble Valley,1988-89,140,0,30,170,160,0,10,180
E07000125,Rossendale,1988-89,80,0,0,80,190,30,0,220
E07000126,South Ribble,1988-89,520,0,0,520,530,0,0,530
E07000127,West Lancashire,1988-89,310,0,20,330,210,20,30,260
E07000128,Wyre,1988-89,460,40,0,500,470,40,10,530
E07000129,Blaby,1988-89,430,0,0,430,570,0,0,570
E07000130,Charnwood,1988-89,560,100,20,680,490,100,80,680
E07000131,Harborough,1988-89,530,0,0,530,530,0,0,530
E07000132,Hinckley and Bosworth,1988-89,630,10,20,660,640,30,30,690
E07000133,Melton,1988-89,340,0,0,340,220,0,0,220
E07000134,North West Leicestershire,1988-89,360,0,0,360,350,0,30,390
E07000135,Oadby and Wigston,1988-89,190,50,20,250,220,70,0,290
E07000136,Boston,1988-89,240,0,20,260,150,0,30,180
E07000137,East Lindsey,1988-89,1380,10,10,1400,1070,30,30,1130
E07000138,Lincoln,1988-89,370,0,20,390,380,0,20,400
E07000139,North Kesteven,1988-89,550,0,0,550,440,0,0,440
E07000140,South Holland,1988-89,450,0,0,450,310,0,0,310
E07000141,South Kesteven,1988-89,1320,20,40,1380,1000,0,80,1080
E07000142,West Lindsey,1988-89,460,0,0,460,450,0,10,460
E07000143,Breckland,1988-89,810,0,30,840,620,90,170,870
E07000144,Broadland,1988-89,910,0,30,940,820,0,50,870
E07000145,Great Yarmouth,1988-89,410,0,80,480,580,40,20,630
E07000146,King's Lynn and West Norfolk,1988-89,1140,0,80,1220,830,40,10,880
E07000147,North Norfolk,1988-89,830,0,30,860,590,0,70,660
E07000148,Norwich,1988-89,300,0,100,400,190,0,20,210
E07000149,South Norfolk,1988-89,730,30,40,800,670,30,0,700
E07000150,Corby,1988-89,280,0,60,340,200,0,20,220
E07000151,Daventry,1988-89,410,0,0,410,380,0,50,430
E07000152,East Northamptonshire,1988-89,710,0,20,730,470,0,60,530
E07000153,Kettering,1988-89,590,10,0,600,460,10,10,480
E07000154,Northampton,1988-89,1050,20,60,1120,920,60,80,1060
E07000155,South Northamptonshire,1988-89,300,0,30,340,340,0,0,340
E07000156,Wellingborough,1988-89,420,80,70,580,410,0,40,450
E07000157,Alnwick,1988-89,150,0,10,170,140,10,10,160
E07000158,Berwick-upon-Tweed,1988-89,90,0,0,90,40,0,0,40
E07000159,Blyth Valley,1988-89,450,0,10,460,400,0,0,410
E07000160,Castle Morpeth,1988-89,260,10,0,270,160,0,0,160
E07000161,Tynedale,1988-89,330,0,10,340,280,0,50,320
E07000162,Wansbeck,1988-89,200,0,30,230,350,30,0,380
E07000163,Craven,1988-89,220,10,0,220,210,0,0,210
E07000164,Hambleton,1988-89,580,0,190,770,480,0,180,650
E07000166,Richmondshire,1988-89,190,0,20,200,160,10,10,170
E07000168,Scarborough,1988-89,250,60,40,340,240,40,40,320
E07000170,Ashfield,1988-89,390,30,0,420,350,0,0,350
E07000171,Bassetlaw,1988-89,520,0,60,580,300,0,140,450
E07000172,Broxtowe,1988-89,690,0,0,690,490,0,140,630
E07000173,Gedling,1988-89,430,0,0,430,490,0,0,490
E07000174,Mansfield,1988-89,350,0,0,350,290,0,0,290
E07000175,Newark and Sherwood,1988-89,290,0,0,290,290,0,0,290
E07000176,Rushcliffe,1988-89,740,0,10,740,500,0,90,590
E07000177,Cherwell,1988-89,680,0,30,720,600,0,80,670
E07000178,Oxford,1988-89,280,30,130,440,70,0,210,280
E07000179,South Oxfordshire,1988-89,900,10,20,930,590,0,40,630
E07000180,Vale of White Horse,1988-89,820,0,60,880,650,0,110,760
E07000181,West Oxfordshire,1988-89,500,20,20,550,900,0,10,910
E07000182,Bridgnorth,1988-89,240,0,20,260,190,0,20,200
E07000188,Sedgemoor,1988-89,290,0,0,290,200,0,0,200
E07000185,Shrewsbury and Atcham,1988-89,110,0,10,110,150,0,40,200
E07000191,South Shropshire,1988-89,150,10,20,180,270,0,0,270
E07000189,South Somerset,1988-89,210,20,10,240,190,0,0,190
E07000187,Mendip,1988-89,660,0,30,680,420,0,30,450
E07000188,Sedgemoor,1988-89,450,20,50,520,340,0,50,380
E07000189,South Somerset,1988-89,800,0,10,810,870,0,140,1010
E07000190,Taunton Deane,1988-89,500,0,80,580,430,10,30,470
E07000191,West Somerset,1988-89,70,20,0,90,110,0,0,110
E07000192,Cannock Chase,1988-89,380,0,0,380,430,30,0,460
E07000193,East Staffordshire,1988-89,410,50,30,490,480,40,130,650
E07000194,Lichfield,1988-89,570,10,10,580,670,10,40,720
E07000195,Newcastle-under-Lyme,1988-89,300,40,20,360,260,30,40,330
E07000196,South Staffordshire,1988-89,360,20,30,410,290,0,70,370
E07000197,Stafford,1988-89,550,0,120,670,430,0,20,450
E07000198,Staffordshire Moorlands,1988-89,230,0,0,230,230,30,20,280
E07000199,Tamworth,1988-89,370,30,10,400,440,0,20,450
E07000200,Babergh,1988-89,390,0,0,390,580,0,60,640
E07000201,Forest Heath,1988-89,400,0,20,420,260,0,20,280
E07000202,Ipswich,1988-89,160,0,80,240,210,10,60,280
E07000203,Mid Suffolk,1988-89,920,0,40,960,570,0,90,660
E07000204,St Edmundsbury,1988-89,540,90,30,660,370,40,30,430
E07000205,Suffolk Coastal,1988-89,680,0,50,730,520,0,0,520
E07000206,Waveney,1988-89,590,0,20,600,400,0,30,440
E07000207,Elmbridge,1988-89,390,0,0,390,520,0,40,560
E07000208,Epsom and Ewell,1988-89,280,0,0,280,170,0,50,220
E07000209,Guildford,1988-89,730,0,110,840,450,0,170,610
E07000210,Mole Valley,1988-89,160,10,90,260,350,0,40,380
E07000211,Reigate and Banstead,1988-89,700,0,30,730,570,0,20,590
E07000212,Runnymede,1988-89,470,0,0,470,650,0,0,650
E07000213,Spelthorne,1988-89,330,0,80,410,300,0,30,320
E07000214,Surrey Heath,1988-89,530,0,90,620,540,0,10,560
E07000215,Tandridge,1988-89,190,0,20,210,200,0,50,260
E07000216,Waverley,1988-89,360,0,50,400,550,0,50,600
E07000217,Woking,1988-89,370,30,20,420,320,10,20,350
E07000218,North Warwickshire,1988-89,250,30,20,300,130,0,70,200
E07000219,Nuneaton and Bedworth,1988-89,520,0,0,520,570,30,0,600
E07000220,Rugby,1988-89,340,60,20,420,250,0,0,250
E07000221,Stratford-on-Avon,1988-89,470,0,60,530,450,0,30,470
E07000222,Warwick,1988-89,460,10,60,540,350,0,180,530
E07000223,Adur,1988-89,280,30,0,310,140,20,0,150
E07000224,Arun,1988-89,1070,30,30,1130,840,0,0,840
E07000225,Chichester,1988-89,260,10,140,410,290,70,100,460
E07000226,Crawley,1988-89,260,0,70,330,180,0,240,420
E07000227,Horsham,1988-89,780,30,140,950,800,0,50,850
E07000228,Mid Sussex,1988-89,500,0,20,520,150,0,110,270
E07000229,Worthing,1988-89,330,0,60,390,330,0,0,330
E07000230,Kennet,1988-89,300,60,0,360,340,10,30,390
E07000231,North Wiltshire,1988-89,670,0,40,710,570,90,0,670
E07000232,Salisbury,1988-89,660,0,70,730,600,20,70,690
E07000233,West Wiltshire,1988-89,920,90,10,1020,760,30,50,840
E07000234,Bromsgrove,1988-89,500,0,0,500,410,0,0,410
E07000236,Redditch,1988-89,370,30,40,440,370,0,30,400
E07000237,Worcester,1988-89,510,20,0,540,410,0,50,460
E07000238,Wychavon,1988-89,810,0,80,900,700,0,40,730
E07000239,Wyre Forest,1988-89,470,10,60,530,350,0,20,370
E06000053,Isles of Scilly,1989-90,0,10,0,10,0,0,0,0
E09000002,Barking and Dagenham,1989-90,0,0,70,70,110,0,20,130
E09000003,Barnet,1989-90,300,110,20,430,530,40,40,610
E09000004,Bexley,1989-90,330,70,40,440,1200,80,0,1270
E09000005,Brent,1989-90,490,110,0,600,790,310,0,1100
E09000006,Bromley,1989-90,650,100,50,800,870,190,70,1130
E09000007,Camden,1989-90,0,0,0,0,0,0,70,70
E09000001,City of London,1989-90,0,0,0,0,20,0,0,20
E09000008,Croydon,1989-90,220,20,140,370,560,110,140,800
E09000009,Ealing,1989-90,300,180,0,480,60,140,40,240
E09000010,Enfield,1989-90,690,60,20,780,830,0,30,860
E09000011,Greenwich,1989-90,70,0,40,110,290,0,100,390
E09000012,Hackney,1989-90,30,0,100,120,80,0,20,100
E09000013,Hammersmith and Fulham,1989-90,90,0,0,90,340,0,0,340
E09000014,Haringey,1989-90,90,60,40,180,150,0,110,260
E09000015,Harrow,1989-90,270,30,0,300,430,0,0,430
E09000016,Havering,1989-90,350,0,50,400,400,0,0,400
E09000017,Hillingdon,1989-90,590,0,50,650,1120,0,70,1190
E09000018,Hounslow,1989-90,280,60,40,380,370,280,40,690
E09000019,Islington,1989-90,240,110,0,350,310,240,0,550
E09000020,Kensington and Chelsea,1989-90,130,30,0,160,90,50,0,140
E09000021,Kingston upon Thames,1989-90,240,0,30,280,100,0,40,150
E09000022,Lambeth,1989-90,30,0,10,40,50,0,170,230
E09000023,Lewisham,1989-90,330,0,160,500,120,0,230,350
E09000024,Merton,1989-90,940,0,0,940,1020,10,0,1030
E09000025,Newham,1989-90,30,40,230,290,490,120,190,800
E09000026,Redbridge,1989-90,180,10,0,190,680,0,0,680
E09000027,Richmond upon Thames,1989-90,310,0,0,310,170,40,20,230
E09000028,Southwark,1989-90,20,330,0,350,1060,250,60,1370
E09000029,Sutton,1989-90,620,50,100,770,580,0,70,650
E09000030,Tower Hamlets,1989-90,10,40,0,50,940,80,0,1020
E09000031,Waltham Forest,1989-90,420,50,0,470,430,20,140,590
E09000032,Wandsworth,1989-90,40,60,0,100,40,0,0,40
E09000033,Westminster,1989-90,140,10,0,150,140,20,0,160
E08000001,Bolton,1989-90,850,100,0,950,870,60,10,940
E08000002,Bury,1989-90,620,0,0,620,550,0,40,590
E08000003,Manchester,1989-90,860,90,40,990,530,20,120,670
E08000004,Oldham,1989-90,520,120,0,640,380,60,0,440
E08000005,Rochdale,1989-90,460,30,0,490,420,0,0,420
E08000006,Salford,1989-90,740,30,0,770,390,30,0,420
E08000007,Stockport,1989-90,490,80,0,560,370,60,0,430
E08000008,Tameside,1989-90,620,120,30,770,860,140,0,1000
E08000009,Trafford,1989-90,260,40,50,350,450,60,0,520
E08000010,Wigan,1989-90,840,150,0,990,950,110,0,1060
E08000011,Knowsley,1989-90,220,20,0,250,300,70,0,370
E08000012,Liverpool,1989-90,680,640,150,1470,930,170,230,1330
E08000014,Sefton,1989-90,460,50,30,540,490,80,50,620
E08000013,St. Helens,1989-90,350,110,0,460,440,110,0,550
E08000015,Wirral,1989-90,450,80,0,520,420,170,10,600
E08000016,Barnsley,1989-90,680,70,10,750,590,180,20,780
E08000017,Doncaster,1989-90,780,40,20,840,720,90,10,830
E08000018,Rotherham,1989-90,460,70,70,600,550,70,50,660
E08000019,Sheffield,1989-90,540,620,0,1160,610,270,50,930
E08000037,Gateshead,1989-90,260,50,0,310,140,90,0,230
E08000021,Newcastle upon Tyne,1989-90,480,60,0,540,300,240,0,540
E08000022,North Tyneside,1989-90,570,20,0,600,620,0,40,660
E08000023,South Tyneside,1989-90,470,200,40,700,600,100,50,750
E08000024,Sunderland,1989-90,640,120,0,760,730,40,30,800
E08000025,Birmingham,1989-90,600,520,50,1170,710,410,80,1200
E08000026,Coventry,1989-90,270,80,0,350,220,100,0,320
E08000027,Dudley,1989-90,820,0,40,860,580,10,10,600
E08000028,Sandwell,1989-90,1010,150,0,1160,620,130,0,740
E08000029,Solihull,1989-90,290,20,60,370,350,0,50,410
E08000030,Walsall,1989-90,770,50,0,820,970,90,0,1060
E08000031,Wolverhampton,1989-90,300,130,20,450,450,20,10,480
E08000032,Bradford,1989-90,860,130,0,1000,770,90,0,860
E08000033,Calderdale,1989-90,540,100,0,640,410,40,10,470
E08000034,Kirklees,1989-90,910,140,0,1050,670,90,0,760
E08000035,Leeds,1989-90,1210,190,170,1560,1260,300,210,1770
E08000036,Wakefield,1989-90,840,30,40,910,730,30,0,750
E07000002,Bedford,1989-90,230,20,10,260,360,60,20,440
E07000001,Mid Bedfordshire,1989-90,450,90,30,560,440,10,30,470
E07000003,South Bedfordshire,1989-90,420,0,30,460,340,0,50,390
E07000004,Aylesbury Vale,1989-90,750,0,220,970,580,0,220,790
E07000005,Chiltern,1989-90,120,40,0,160,120,20,30,170
E07000006,South Bucks,1989-90,150,10,40,200,180,10,40,230
E07000007,Wycombe,1989-90,570,0,50,620,870,0,80,950
E07000008,Cambridge,1989-90,330,60,150,540,270,70,170,510
E07000009,East Cambridgeshire,1989-90,350,0,30,380,490,40,10,540
E07000010,Fenland,1989-90,640,0,0,640,830,0,40,860
E07000011,Huntingdonshire,1989-90,720,0,100,810,1300,0,130,1430
E07000012,South Cambridgeshire,1989-90,420,0,110,520,820,0,130,950
E07000013,Chester,1989-90,240,100,60,400,500,40,60,590
E07000014,Congleton,1989-90,400,0,60,470,420,0,40,460
E07000015,Crewe and Nantwich,1989-90,630,10,0,630,510,0,0,510
E07000016,Ellesmere Port & Neston,1989-90,140,40,0,180,160,0,0,160
E07000017,Macclesfield,1989-90,350,0,30,380,220,10,60,300
E07000018,Vale Royal,1989-90,630,20,70,720,420,0,80,500
E07000019,Caradon,1989-90,490,10,80,580,240,0,70,310
E07000020,Carrick,1989-90,370,0,20,390,320,0,30,350
E07000021,Kerrier,1989-90,230,0,70,290,320,0,70,400
E07000022,North Cornwall,1989-90,410,50,170,630,540,30,100,670
E07000023,Penwith,1989-90,80,10,10,100,140,10,20,170
E07000024,Restormel,1989-90,530,10,0,530,370,80,30,480
E07000026,Allerdale,1989-90,360,50,0,410,250,60,0,310
E07000027,Barrow-in-Furness,1989-90,390,20,10,430,240,0,30,280
E07000028,Carlisle,1989-90,430,40,0,470,300,60,0,350
E07000029,Copeland,1989-90,290,0,0,290,180,10,20,200
E07000030,Eden,1989-90,220,10,10,230,190,10,20,220
E07000031,South Lakeland,1989-90,370,30,30,430,630,10,20,650
E07000032,Amber Valley,1989-90,340,0,40,370,240,0,60,300
E07000033,Bolsover,1989-90,480,0,0,480,320,0,0,320
E07000034,Chesterfield,1989-90,360,10,30,400,260,30,20,310
E07000035,Derbyshire Dales,1989-90,200,0,20,210,100,0,30,130
E07000036,Erewash,1989-90,270,30,20,330,280,0,20,290
E07000037,High Peak,1989-90,310,30,10,350,390,0,40,430
E07000038,North East Derbyshire,1989-90,390,0,0,390,350,0,0,350
E07000039,South Derbyshire,1989-90,510,0,20,530,280,0,0,280
E07000040,East Devon,1989-90,370,10,0,380,440,0,0,440
E07000041,Exeter,1989-90,130,30,20,180,80,0,110,180
E07000042,Mid Devon,1989-90,350,30,80,460,380,0,40,430
E07000043,North Devon,1989-90,290,0,0,290,330,0,0,330
E07000044,South Hams,1989-90,390,50,70,500,550,100,30,670
E07000045,Teignbridge,1989-90,570,20,20,610,690,20,60,770
E07000046,Torridge,1989-90,300,0,40,340,200,0,0,200
E07000047,West Devon,1989-90,210,0,0,210,190,0,0,190
E07000048,Christchurch,1989-90,250,0,50,300,230,0,0,230
E07000049,East Dorset,1989-90,300,20,0,310,350,0,0,350
E07000050,North Dorset,1989-90,190,30,0,220,220,10,40,270
E07000051,Purbeck,1989-90,140,10,50,200,310,50,20,380
E07000052,West Dorset,1989-90,400,0,30,430,580,0,30,610
E07000053,Weymouth and Portland,1989-90,160,0,90,250,160,0,90,250
E07000054,Chester-le-Street,1989-90,140,0,0,140,120,0,0,120
E07000056,County Durham,1989-90,340,10,30,380,320,20,30,360
E07000055,Derwentside,1989-90,170,0,10,180,130,0,50,180
E07000057,Easington,1989-90,130,0,0,130,180,0,0,180
E07000058,Sedgefield,1989-90,390,0,0,390,400,20,0,420
E07000059,Teesdale,1989-90,150,0,0,150,50,20,0,70
E07000060,Wear Valley,1989-90,230,0,0,230,190,0,0,190
E07000061,Eastbourne,1989-90,240,0,90,330,460,0,50,500
E07000062,Hastings,1989-90,350,50,0,400,340,20,40,400
E07000063,Lewes,1989-90,330,10,90,420,400,20,60,480
E07000064,Rother,1989-90,310,0,40,350,400,0,10,410
E07000065,Wealden,1989-90,590,0,40,630,700,0,100,800
E07000066,Basildon,1989-90,290,0,60,350,510,0,100,600
E07000067,Braintree,1989-90,430,0,110,540,360,0,150,510
E07000068,Brentwood,1989-90,100,0,0,100,140,20,0,160
E07000069,Castle Point,1989-90,170,0,0,170,210,0,0,210
E07000070,Chelmsford,1989-90,220,0,180,400,850,0,170,1010
E07000071,Colchester,1989-90,870,0,50,920,960,0,70,1030
E07000072,Epping Forest,1989-90,370,20,10,400,120,50,0,170
E07000073,Harlow,1989-90,30,30,0,60,140,0,0,140
E07000074,Maldon,1989-90,460,0,0,460,310,0,20,330
E07000075,Rochford,1989-90,180,0,0,180,210,10,0,220
E07000076,Tendring,1989-90,640,30,80,750,660,0,50,710
E07000077,Uttlesford,1989-90,160,0,40,200,190,0,30,230
E07000078,Cheltenham,1989-90,220,0,90,320,240,30,30,290
E07000079,Cotswold,1989-90,360,0,70,440,430,0,90,520
E07000080,Forest of Dean,1989-90,190,10,30,230,220,10,0,230
E07000081,Gloucester,1989-90,320,0,0,320,440,0,0,440
E07000082,Stroud,1989-90,400,70,0,460,440,90,0,520
E07000083,Tewkesbury,1989-90,210,40,0,250,340,20,0,350
E07000084,Basingstoke and Deane,1989-90,460,0,20,470,720,0,50,770
E07000085,East Hampshire,1989-90,330,0,40,370,440,0,50,490
E07000086,Eastleigh,1989-90,500,70,0,570,800,0,70,870
E07000087,Fareham,1989-90,560,60,70,690,520,0,90,610
E07000088,Gosport,1989-90,100,0,80,180,60,10,30,100
E07000089,Hart,1989-90,280,20,30,330,340,10,40,390
E07000090,Havant,1989-90,180,20,80,280,340,0,50,380
E07000091,New Forest,1989-90,870,30,110,1000,710,0,20,730
E07000092,Rushmoor,1989-90,130,0,80,210,180,70,240,490
E07000093,Test Valley,1989-90,310,0,20,320,410,0,60,470
E07000094,Winchester,1989-90,460,20,20,500,580,10,90,680
E07000095,Broxbourne,1989-90,260,0,0,260,240,0,10,250
E07000096,Dacorum,1989-90,90,20,240,350,160,0,100,260
E07000242,East Hertfordshire,1989-90,270,0,50,320,210,0,50,260
E07000098,Hertsmere,1989-90,120,0,50,180,190,0,20,210
E07000099,North Hertfordshire,1989-90,840,0,140,980,800,0,70,860
E07000240,St Albans,1989-90,210,0,30,240,240,0,70,310
E07000243,Stevenage,1989-90,140,0,50,190,310,40,130,480
E07000102,Three Rivers,1989-90,190,0,0,190,130,0,0,130
E07000103,Watford,1989-90,340,0,50,390,160,0,0,160
E07000241,Welwyn Hatfield,1989-90,230,0,20,250,300,0,50,350
E07000105,Ashford,1989-90,310,0,0,310,410,0,30,440
E07000106,Canterbury,1989-90,180,40,60,280,420,120,60,600
E07000107,Dartford,1989-90,970,0,0,970,380,0,90,470
E07000108,Dover,1989-90,360,50,0,420,860,80,10,950
E07000112,Folkestone and Hythe,1989-90,250,0,0,250,520,20,0,540
E07000109,Gravesham,1989-90,190,0,50,240,250,0,50,300
E07000110,Maidstone,1989-90,420,10,0,430,700,0,40,740
E07000111,Sevenoaks,1989-90,140,40,30,200,230,0,100,330
E07000113,Swale,1989-90,290,0,20,300,350,0,30,380
E07000114,Thanet,1989-90,300,20,30,340,300,0,110,410
E07000115,Tonbridge and Malling,1989-90,220,0,30,250,470,40,0,510
E07000116,Tunbridge Wells,1989-90,140,0,30,170,210,0,30,240
E07000117,Burnley,1989-90,250,0,0,250,180,0,0,180
E07000118,Chorley,1989-90,290,0,0,290,300,0,0,300
E07000119,Fylde,1989-90,240,0,0,240,250,0,0,250
E07000120,Hyndburn,1989-90,170,80,0,240,120,30,10,160
E07000121,Lancaster,1989-90,240,0,30,270,320,20,60,400
E07000122,Pendle,1989-90,150,40,0,190,130,0,0,130
E07000123,Preston,1989-90,300,0,0,300,80,110,0,190
E07000124,Ribble Valley,1989-90,80,0,10,90,100,0,30,130
E07000125,Rossendale,1989-90,200,0,10,200,170,70,10,240
E07000126,South Ribble,1989-90,400,0,0,400,550,0,0,550
E07000127,West Lancashire,1989-90,370,0,0,370,220,0,20,250
E07000128,Wyre,1989-90,350,0,0,350,380,10,0,390
E07000129,Blaby,1989-90,330,0,10,330,270,0,0,270
E07000130,Charnwood,1989-90,400,60,10,470,400,60,20,470
E07000131,Harborough,1989-90,350,0,10,350,340,0,30,370
E07000132,Hinckley and Bosworth,1989-90,600,0,0,610,560,0,20,580
E07000133,Melton,1989-90,120,0,0,120,50,0,0,50
E07000134,North West Leicestershire,1989-90,310,30,20,360,270,20,0,290
E07000135,Oadby and Wigston,1989-90,50,20,0,70,80,40,20,130
E07000136,Boston,1989-90,220,0,50,270,80,0,30,110
E07000137,East Lindsey,1989-90,760,0,80,840,700,10,30,740
E07000138,Lincoln,1989-90,150,50,0,190,200,0,0,200
E07000139,North Kesteven,1989-90,520,0,20,540,500,0,10,510
E07000140,South Holland,1989-90,390,0,0,390,500,0,0,500
E07000141,South Kesteven,1989-90,710,0,70,780,970,30,60,1050
E07000142,West Lindsey,1989-90,330,10,0,340,300,0,50,340
E07000143,Breckland,1989-90,640,30,130,800,580,0,40,610
E07000144,Broadland,1989-90,390,0,10,400,700,0,40,740
E07000145,Great Yarmouth,1989-90,180,0,40,220,280,0,80,360
E07000146,King's Lynn and West Norfolk,1989-90,210,0,0,210,310,40,20,370
E07000147,North Norfolk,1989-90,420,0,60,470,540,0,70,610
E07000148,Norwich,1989-90,130,60,70,260,160,10,160,330
E07000149,South Norfolk,1989-90,500,10,10,510,590,20,80,690
E07000150,Corby,1989-90,220,0,0,220,210,0,60,270
E07000151,Daventry,1989-90,280,0,50,330,240,0,10,250
E07000152,East Northamptonshire,1989-90,330,0,30,360,340,0,20,360
E07000153,Kettering,1989-90,310,10,30,340,430,10,30,470
E07000154,Northampton,1989-90,560,20,170,750,750,40,30,830
E07000155,South Northamptonshire,1989-90,100,0,0,100,220,30,30,280
E07000156,Wellingborough,1989-90,260,0,30,290,310,80,60,450
E07000157,Alnwick,1989-90,170,0,40,200,180,0,0,180
E07000158,Berwick-upon-Tweed,1989-90,110,0,0,110,60,0,0,60
E07000159,Blyth Valley,1989-90,410,0,20,430,390,0,30,420
E07000160,Castle Morpeth,1989-90,170,0,0,170,230,10,0,240
E07000161,Tynedale,1989-90,230,20,20,260,270,0,20,290
E07000162,Wansbeck,1989-90,310,20,0,340,240,0,30,270
E07000163,Craven,1989-90,120,0,10,140,130,10,30,170
E07000164,Hambleton,1989-90,330,0,160,490,370,0,230,600
E07000166,Richmondshire,1989-90,180,0,0,180,120,0,10,130
E07000168,Scarborough,1989-90,330,30,0,370,230,50,40,310
E07000170,Ashfield,1989-90,270,0,0,270,230,0,0,230
E07000171,Bassetlaw,1989-90,430,0,70,500,280,0,30,310
E07000172,Broxtowe,1989-90,300,0,0,300,460,0,0,460
E07000173,Gedling,1989-90,260,30,0,280,250,0,0,250
E07000174,Mansfield,1989-90,290,0,10,300,370,0,0,380
E07000175,Newark and Sherwood,1989-90,110,0,0,110,130,0,0,130
E07000176,Rushcliffe,1989-90,530,0,70,600,640,0,20,660
E07000177,Cherwell,1989-90,490,0,90,580,540,0,50,590
E07000178,Oxford,1989-90,200,0,90,290,300,10,130,440
E07000179,South Oxfordshire,1989-90,200,0,40,240,620,0,10,630
E07000180,Vale of White Horse,1989-90,390,0,20,410,430,0,50,480
E07000181,West Oxfordshire,1989-90,350,0,40,390,510,20,20,550
E07000182,Bridgnorth,1989-90,110,0,20,130,90,0,40,120
E07000188,Sedgemoor,1989-90,190,20,0,210,430,20,0,450
E07000185,Shrewsbury and Atcham,1989-90,170,0,60,240,150,0,30,180
E07000191,South Shropshire,1989-90,170,0,0,170,100,10,20,130
E07000189,South Somerset,1989-90,180,0,0,180,170,0,10,170
E07000187,Mendip,1989-90,350,20,0,370,400,0,30,430
E07000188,Sedgemoor,1989-90,120,20,30,170,280,20,90,390
E07000189,South Somerset,1989-90,620,0,40,660,670,0,40,710
E07000190,Taunton Deane,1989-90,240,0,30,270,460,0,80,540
E07000191,West Somerset,1989-90,120,50,10,190,60,30,0,90
E07000192,Cannock Chase,1989-90,610,0,0,610,370,0,0,370
E07000193,East Staffordshire,1989-90,420,50,20,500,330,60,30,410
E07000194,Lichfield,1989-90,240,10,0,240,350,20,0,370
E07000195,Newcastle-under-Lyme,1989-90,290,10,30,330,250,30,10,290
E07000196,South Staffordshire,1989-90,400,0,0,400,300,20,20,340
E07000197,Stafford,1989-90,440,0,40,480,400,0,120,530
E07000198,Staffordshire Moorlands,1989-90,210,10,10,230,180,0,10,200
E07000199,Tamworth,1989-90,220,0,150,380,240,0,40,290
E07000200,Babergh,1989-90,310,0,60,370,360,0,20,390
E07000201,Forest Heath,1989-90,240,0,40,280,310,0,40,350
E07000202,Ipswich,1989-90,40,60,30,130,150,0,100,250
E07000203,Mid Suffolk,1989-90,460,0,100,570,820,0,40,860
E07000204,St Edmundsbury,1989-90,380,10,40,430,380,70,20,470
E07000205,Suffolk Coastal,1989-90,720,0,0,720,460,0,50,520
E07000206,Waveney,1989-90,460,0,60,520,520,0,80,610
E07000207,Elmbridge,1989-90,470,0,90,560,380,0,140,520
E07000208,Epsom and Ewell,1989-90,30,0,0,30,220,0,0,220
E07000209,Guildford,1989-90,380,0,90,470,440,0,80,520
E07000210,Mole Valley,1989-90,140,0,0,140,190,10,60,250
E07000211,Reigate and Banstead,1989-90,510,0,60,570,420,0,20,440
E07000212,Runnymede,1989-90,210,0,0,210,590,0,0,590
E07000213,Spelthorne,1989-90,220,0,80,300,340,0,60,400
E07000214,Surrey Heath,1989-90,410,0,60,460,360,0,30,390
E07000215,Tandridge,1989-90,150,0,0,150,240,0,30,270
E07000216,Waverley,1989-90,150,0,0,150,310,0,10,320
E07000217,Woking,1989-90,160,0,40,210,260,0,150,400
E07000218,North Warwickshire,1989-90,310,20,30,370,140,50,20,210
E07000219,Nuneaton and Bedworth,1989-90,220,0,30,250,420,0,0,420
E07000220,Rugby,1989-90,250,0,120,370,260,30,90,380
E07000221,Stratford-on-Avon,1989-90,330,0,100,430,360,0,20,390
E07000222,Warwick,1989-90,180,0,30,210,400,80,0,480
E07000223,Adur,1989-90,90,0,20,110,150,20,40,210
E07000224,Arun,1989-90,510,10,30,550,910,0,40,940
E07000225,Chichester,1989-90,410,40,100,550,250,10,110,370
E07000226,Crawley,1989-90,280,0,210,480,320,0,100,420
E07000227,Horsham,1989-90,440,0,40,480,550,10,160,720
E07000228,Mid Sussex,1989-90,410,0,120,530,280,0,70,340
E07000229,Worthing,1989-90,160,0,0,160,360,0,60,420
E07000230,Kennet,1989-90,200,0,0,210,270,10,0,290
E07000231,North Wiltshire,1989-90,560,0,80,640,470,0,40,500
E07000232,Salisbury,1989-90,150,0,50,190,180,0,60,240
E07000233,West Wiltshire,1989-90,420,20,20,470,720,150,20,880
E07000234,Bromsgrove,1989-90,390,0,50,440,270,0,40,310
E07000236,Redditch,1989-90,190,0,80,260,310,30,40,380
E07000237,Worcester,1989-90,510,120,20,650,510,30,80,610
E07000238,Wychavon,1989-90,490,20,80,590,570,10,50,630
E07000239,Wyre Forest,1989-90,560,10,80,650,390,0,60,450
E06000053,Isles of Scilly,1990-91,10,0,0,10,0,10,0,10
E09000002,Barking and Dagenham,1990-91,60,0,20,70,360,0,130,480
E09000003,Barnet,1990-91,330,70,20,420,670,150,130,960
E09000004,Bexley,1990-91,240,170,0,410,600,80,40,720
E09000005,Brent,1990-91,260,140,0,390,390,90,0,480
E09000006,Bromley,1990-91,290,40,0,320,590,260,40,890
E09000007,Camden,1990-91,0,290,0,300,0,210,130,350
E09000001,City of London,1990-91,0,0,0,0,20,0,0,20
E09000008,Croydon,1990-91,200,40,40,270,580,40,250,870
E09000009,Ealing,1990-91,150,120,0,270,220,300,0,520
E09000010,Enfield,1990-91,790,480,0,1270,360,110,20,490
E09000011,Greenwich,1990-91,170,0,0,170,120,0,40,170
E09000012,Hackney,1990-91,10,70,0,80,200,0,50,250
E09000013,Hammersmith and Fulham,1990-91,20,0,0,20,110,0,0,110
E09000014,Haringey,1990-91,150,260,0,410,160,120,0,280
E09000015,Harrow,1990-91,260,90,20,370,510,20,60,590
E09000016,Havering,1990-91,150,0,0,150,180,40,50,270
E09000017,Hillingdon,1990-91,350,-10,10,350,720,0,130,850
E09000018,Hounslow,1990-91,300,60,0,370,760,160,30,950
E09000019,Islington,1990-91,90,50,0,140,100,40,90,230
E09000020,Kensington and Chelsea,1990-91,300,30,0,330,110,10,0,120
E09000021,Kingston upon Thames,1990-91,150,0,0,150,360,0,40,390
E09000022,Lambeth,1990-91,50,10,0,50,60,0,90,150
E09000023,Lewisham,1990-91,690,150,0,840,440,10,40,480
E09000024,Merton,1990-91,520,10,0,530,1310,0,0,1310
E09000025,Newham,1990-91,80,60,0,140,340,80,130,550
E09000026,Redbridge,1990-91,130,10,0,140,230,0,0,230
E09000027,Richmond upon Thames,1990-91,300,60,0,360,450,20,20,480
E09000028,Southwark,1990-91,320,440,0,760,930,280,60,1280
E09000029,Sutton,1990-91,260,0,20,280,670,0,170,840
E09000030,Tower Hamlets,1990-91,10,240,0,250,1040,50,0,1090
E09000031,Waltham Forest,1990-91,180,100,0,270,190,30,10,230
E09000032,Wandsworth,1990-91,80,0,0,80,160,160,0,310
E09000033,Westminster,1990-91,70,20,0,90,280,10,0,290
E08000001,Bolton,1990-91,970,110,0,1080,720,220,0,950
E08000002,Bury,1990-91,560,40,0,600,510,10,0,520
E08000003,Manchester,1990-91,640,570,40,1250,880,260,90,1230
E08000004,Oldham,1990-91,410,140,0,550,410,140,0,550
E08000005,Rochdale,1990-91,400,100,0,500,410,70,0,480
E08000006,Salford,1990-91,580,90,10,680,610,200,10,820
E08000007,Stockport,1990-91,310,90,0,400,410,50,0,460
E08000008,Tameside,1990-91,650,70,0,720,630,60,30,720
E08000009,Trafford,1990-91,200,20,0,230,140,20,50,210
E08000010,Wigan,1990-91,850,80,0,930,740,230,0,960
E08000011,Knowsley,1990-91,240,90,0,330,270,110,0,390
E08000012,Liverpool,1990-91,1260,90,130,1480,850,480,240,1580
E08000014,Sefton,1990-91,290,10,50,350,490,90,20,600
E08000013,St. Helens,1990-91,310,130,0,430,360,80,0,440
E08000015,Wirral,1990-91,490,190,0,680,530,160,0,690
E08000016,Barnsley,1990-91,680,130,10,820,610,130,10,750
E08000017,Doncaster,1990-91,390,20,40,440,540,20,30,590
E08000018,Rotherham,1990-91,400,30,90,510,340,50,70,460
E08000019,Sheffield,1990-91,320,320,0,630,400,480,30,910
E08000037,Gateshead,1990-91,210,140,0,350,220,90,0,310
E08000021,Newcastle upon Tyne,1990-91,310,60,0,370,370,50,0,420
E08000022,North Tyneside,1990-91,730,90,0,820,570,50,0,620
E08000023,South Tyneside,1990-91,290,40,10,340,330,220,20,570
E08000024,Sunderland,1990-91,420,70,0,490,660,190,0,840
E08000025,Birmingham,1990-91,880,820,0,1710,1120,1270,30,2420
E08000026,Coventry,1990-91,170,40,0,210,220,80,0,300
E08000027,Dudley,1990-91,680,0,20,710,740,0,30,770
E08000028,Sandwell,1990-91,820,40,110,980,840,180,30,1050
E08000029,Solihull,1990-91,460,30,10,510,250,50,40,340
E08000030,Walsall,1990-91,590,60,0,650,580,90,0,670
E08000031,Wolverhampton,1990-91,250,60,0,310,350,90,10,450
E08000032,Bradford,1990-91,580,190,0,770,620,220,0,840
E08000033,Calderdale,1990-91,220,50,0,270,310,100,0,410
E08000034,Kirklees,1990-91,770,40,0,810,690,80,0,770
E08000035,Leeds,1990-91,1190,280,10,1470,1190,170,120,1480
E08000036,Wakefield,1990-91,740,70,0,810,720,60,40,810
E07000002,Bedford,1990-91,160,30,0,180,220,40,20,280
E07000001,Mid Bedfordshire,1990-91,480,50,30,560,740,80,80,890
E07000003,South Bedfordshire,1990-91,400,0,0,400,460,0,30,480
E07000004,Aylesbury Vale,1990-91,580,0,20,590,360,0,190,550
E07000005,Chiltern,1990-91,160,50,0,210,240,20,-10,240
E07000006,South Bucks,1990-91,200,50,10,260,220,50,20,290
E07000007,Wycombe,1990-91,380,30,60,470,940,0,80,1010
E07000008,Cambridge,1990-91,120,0,0,120,200,30,120,360
E07000009,East Cambridgeshire,1990-91,260,0,20,280,630,0,30,650
E07000010,Fenland,1990-91,550,20,40,600,730,10,0,740
E07000011,Huntingdonshire,1990-91,560,0,90,650,740,0,120,860
E07000012,South Cambridgeshire,1990-91,340,0,90,430,420,0,130,550
E07000013,Chester,1990-91,150,90,40,270,150,40,50,230
E07000014,Congleton,1990-91,490,0,20,500,380,0,60,440
E07000015,Crewe and Nantwich,1990-91,310,10,0,320,600,20,0,620
E07000016,Ellesmere Port & Neston,1990-91,270,10,0,290,160,40,0,210
E07000017,Macclesfield,1990-91,290,30,0,320,620,30,30,680
E07000018,Vale Royal,1990-91,340,20,0,360,470,20,40,520
E07000019,Caradon,1990-91,400,20,70,490,310,30,110,450
E07000020,Carrick,1990-91,110,0,0,110,250,0,20,270
E07000021,Kerrier,1990-91,180,0,40,210,210,0,20,230
E07000022,North Cornwall,1990-91,730,70,40,830,560,80,120,750
E07000023,Penwith,1990-91,140,0,10,150,210,20,0,220
E07000024,Restormel,1990-91,360,10,40,410,300,0,30,330
E07000026,Allerdale,1990-91,290,20,0,300,220,40,0,260
E07000027,Barrow-in-Furness,1990-91,270,20,0,290,140,20,20,180
E07000028,Carlisle,1990-91,230,90,0,320,290,20,0,310
E07000029,Copeland,1990-91,180,0,0,180,100,0,0,100
E07000030,Eden,1990-91,240,10,0,250,180,10,0,190
E07000031,South Lakeland,1990-91,310,50,0,360,440,80,40,560
E07000032,Amber Valley,1990-91,380,0,20,410,300,0,30,320
E07000033,Bolsover,1990-91,240,0,0,240,360,0,0,360
E07000034,Chesterfield,1990-91,260,20,10,280,260,0,30,290
E07000035,Derbyshire Dales,1990-91,140,0,0,140,150,0,10,160
E07000036,Erewash,1990-91,300,20,10,330,320,60,20,400
E07000037,High Peak,1990-91,110,20,0,130,160,30,10,200
E07000038,North East Derbyshire,1990-91,290,0,0,290,330,0,0,330
E07000039,South Derbyshire,1990-91,430,60,10,510,410,0,20,430
E07000040,East Devon,1990-91,360,190,0,550,530,30,10,570
E07000041,Exeter,1990-91,90,0,30,120,110,30,20,160
E07000042,Mid Devon,1990-91,250,0,10,260,290,10,60,360
E07000043,North Devon,1990-91,210,0,0,210,430,10,0,440
E07000044,South Hams,1990-91,410,0,0,410,470,40,40,550
E07000045,Teignbridge,1990-91,710,30,30,770,910,30,0,930
E07000046,Torridge,1990-91,230,0,0,230,300,0,0,300
E07000047,West Devon,1990-91,140,0,0,140,110,0,0,110
E07000048,Christchurch,1990-91,130,0,0,130,220,0,50,270
E07000049,East Dorset,1990-91,140,0,0,140,380,40,0,420
E07000050,North Dorset,1990-91,170,10,20,200,160,0,40,200
E07000051,Purbeck,1990-91,90,10,0,110,140,20,0,160
E07000052,West Dorset,1990-91,310,0,10,310,280,0,60,340
E07000053,Weymouth and Portland,1990-91,130,0,0,130,190,0,90,280
E07000054,Chester-le-Street,1990-91,240,20,0,270,270,10,0,280
E07000056,County Durham,1990-91,150,0,20,170,180,0,30,200
E07000055,Derwentside,1990-91,170,0,0,170,90,0,0,90
E07000057,Easington,1990-91,110,0,0,110,50,0,0,50
E07000058,Sedgefield,1990-91,200,50,0,250,280,0,0,280
E07000059,Teesdale,1990-91,120,20,0,140,130,0,0,130
E07000060,Wear Valley,1990-91,140,0,0,140,200,0,0,200
E07000061,Eastbourne,1990-91,340,0,50,390,340,0,50,390
E07000062,Hastings,1990-91,220,30,0,250,300,0,30,330
E07000063,Lewes,1990-91,270,0,0,280,250,10,40,290
E07000064,Rother,1990-91,180,0,0,180,330,0,40,370
E07000065,Wealden,1990-91,420,0,80,500,440,0,30,460
E07000066,Basildon,1990-91,380,0,70,440,550,0,150,700
E07000067,Braintree,1990-91,660,0,70,730,290,10,80,380
E07000068,Brentwood,1990-91,80,0,0,80,260,0,0,260
E07000069,Castle Point,1990-91,140,0,0,140,190,0,0,190
E07000070,Chelmsford,1990-91,420,20,80,520,490,20,140,640
E07000071,Colchester,1990-91,740,0,30,770,580,0,70,650
E07000072,Epping Forest,1990-91,60,40,10,110,120,0,70,190
E07000073,Harlow,1990-91,120,30,30,180,30,60,0,90
E07000074,Maldon,1990-91,90,0,10,90,250,0,10,260
E07000075,Rochford,1990-91,270,0,0,270,120,0,0,120
E07000076,Tendring,1990-91,340,0,0,340,630,0,60,680
E07000077,Uttlesford,1990-91,140,20,0,160,330,0,60,400
E07000078,Cheltenham,1990-91,170,0,30,200,240,0,70,310
E07000079,Cotswold,1990-91,350,20,10,380,420,20,40,480
E07000080,Forest of Dean,1990-91,80,10,20,110,220,0,20,240
E07000081,Gloucester,1990-91,370,10,0,380,430,0,0,430
E07000082,Stroud,1990-91,360,20,0,380,400,30,40,470
E07000083,Tewkesbury,1990-91,400,0,0,400,380,20,0,410
E07000084,Basingstoke and Deane,1990-91,350,0,60,410,450,0,30,480
E07000085,East Hampshire,1990-91,240,0,30,270,460,0,80,540
E07000086,Eastleigh,1990-91,530,50,0,580,640,50,0,690
E07000087,Fareham,1990-91,270,0,10,280,580,50,90,720
E07000088,Gosport,1990-91,90,0,50,130,160,40,70,270
E07000089,Hart,1990-91,530,40,0,570,320,20,10,350
E07000090,Havant,1990-91,70,0,0,70,280,60,70,410
E07000091,New Forest,1990-91,420,40,0,460,610,10,170,790
E07000092,Rushmoor,1990-91,60,0,0,60,230,0,0,230
E07000093,Test Valley,1990-91,450,0,20,460,600,0,60,660
E07000094,Winchester,1990-91,300,30,10,350,340,10,90,440
E07000095,Broxbourne,1990-91,320,0,30,350,260,0,30,280
E07000096,Dacorum,1990-91,280,0,20,290,390,20,280,690
E07000242,East Hertfordshire,1990-91,230,10,0,230,400,0,80,470
E07000098,Hertsmere,1990-91,170,40,10,220,70,0,50,120
E07000099,North Hertfordshire,1990-91,240,0,10,250,400,0,80,490
E07000240,St Albans,1990-91,220,0,0,220,170,0,20,190
E07000243,Stevenage,1990-91,70,20,0,90,130,0,120,250
E07000102,Three Rivers,1990-91,50,0,0,50,70,0,0,70
E07000103,Watford,1990-91,160,0,0,160,50,0,50,100
E07000241,Welwyn Hatfield,1990-91,90,0,0,90,220,0,80,290
E07000105,Ashford,1990-91,210,40,10,260,320,20,60,410
E07000106,Canterbury,1990-91,100,50,40,180,440,140,60,630
E07000107,Dartford,1990-91,460,0,10,460,740,0,0,740
E07000108,Dover,1990-91,260,0,0,260,230,40,0,260
E07000112,Folkestone and Hythe,1990-91,90,0,0,90,220,0,0,220
E07000109,Gravesham,1990-91,90,0,10,100,230,0,20,250
E07000110,Maidstone,1990-91,230,0,20,240,400,0,0,410
E07000111,Sevenoaks,1990-91,160,10,0,170,160,40,20,220
E07000113,Swale,1990-91,170,40,0,220,180,50,0,220
E07000114,Thanet,1990-91,130,0,30,160,250,20,70,330
E07000115,Tonbridge and Malling,1990-91,220,0,0,220,230,0,50,270
E07000116,Tunbridge Wells,1990-91,140,0,30,170,130,0,20,150
E07000117,Burnley,1990-91,170,130,0,300,260,10,0,270
E07000118,Chorley,1990-91,210,0,0,210,220,0,0,220
E07000119,Fylde,1990-91,160,0,30,180,210,0,40,240
E07000120,Hyndburn,1990-91,220,70,0,300,170,100,0,260
E07000121,Lancaster,1990-91,240,40,0,280,180,0,30,200
E07000122,Pendle,1990-91,80,30,0,110,70,40,0,110
E07000123,Preston,1990-91,250,70,0,320,340,40,0,380
E07000124,Ribble Valley,1990-91,210,20,0,230,100,0,10,110
E07000125,Rossendale,1990-91,100,0,10,110,100,0,10,100
E07000126,South Ribble,1990-91,260,0,0,260,270,0,0,270
E07000127,West Lancashire,1990-91,360,0,0,360,250,0,0,250
E07000128,Wyre,1990-91,320,20,0,350,380,30,0,410
E07000129,Blaby,1990-91,550,0,0,550,430,0,10,440
E07000130,Charnwood,1990-91,290,50,40,390,470,80,20,570
E07000131,Harborough,1990-91,310,70,10,380,360,0,10,370
E07000132,Hinckley and Bosworth,1990-91,320,0,0,320,450,0,0,450
E07000133,Melton,1990-91,140,0,0,140,70,0,0,70
E07000134,North West Leicestershire,1990-91,260,40,10,310,290,10,20,320
E07000135,Oadby and Wigston,1990-91,150,20,0,170,90,20,0,100
E07000136,Boston,1990-91,240,0,30,260,230,0,50,290
E07000137,East Lindsey,1990-91,500,30,0,530,750,50,60,860
E07000138,Lincoln,1990-91,170,20,0,190,230,50,10,290
E07000139,North Kesteven,1990-91,710,0,20,730,530,0,20,560
E07000140,South Holland,1990-91,230,0,0,230,370,0,0,370
E07000141,South Kesteven,1990-91,520,0,40,550,770,0,30,800
E07000142,West Lindsey,1990-91,260,10,0,270,350,0,0,360
E07000143,Breckland,1990-91,630,0,20,640,610,20,90,720
E07000144,Broadland,1990-91,590,20,0,610,560,20,10,590
E07000145,Great Yarmouth,1990-91,300,0,10,310,290,0,0,290
E07000146,King's Lynn and West Norfolk,1990-91,510,0,0,510,710,10,40,760
E07000147,North Norfolk,1990-91,530,0,30,550,480,0,20,500
E07000148,Norwich,1990-91,90,0,30,110,150,60,110,320
E07000149,South Norfolk,1990-91,420,0,100,520,510,20,20,550
E07000150,Corby,1990-91,200,10,0,210,190,0,0,190
E07000151,Daventry,1990-91,230,20,0,240,190,0,0,190
E07000152,East Northamptonshire,1990-91,180,0,30,210,280,0,30,310
E07000153,Kettering,1990-91,250,10,90,340,300,0,10,310
E07000154,Northampton,1990-91,690,30,0,720,580,20,200,800
E07000155,South Northamptonshire,1990-91,290,0,10,300,260,0,10,260
E07000156,Wellingborough,1990-91,190,20,40,240,260,0,30,290
E07000157,Alnwick,1990-91,140,0,0,140,130,0,40,170
E07000158,Berwick-upon-Tweed,1990-91,100,10,0,110,130,0,0,130
E07000159,Blyth Valley,1990-91,350,0,10,360,350,0,0,350
E07000160,Castle Morpeth,1990-91,140,0,0,140,140,0,0,140
E07000161,Tynedale,1990-91,160,30,0,180,170,20,0,190
E07000162,Wansbeck,1990-91,230,0,20,250,250,20,0,270
E07000163,Craven,1990-91,80,60,0,140,130,10,10,150
E07000164,Hambleton,1990-91,360,0,40,400,290,0,10,300
E07000166,Richmondshire,1990-91,120,0,0,120,130,0,0,140
E07000168,Scarborough,1990-91,240,30,20,300,370,60,0,440
E07000170,Ashfield,1990-91,290,0,0,290,290,30,0,320
E07000171,Bassetlaw,1990-91,390,0,20,410,480,0,90,570
E07000172,Broxtowe,1990-91,210,0,30,250,230,0,0,230
E07000173,Gedling,1990-91,160,50,0,200,180,40,0,220
E07000174,Mansfield,1990-91,240,0,0,240,250,0,10,260
E07000175,Newark and Sherwood,1990-91,140,0,0,140,210,0,0,210
E07000176,Rushcliffe,1990-91,230,0,0,230,400,0,10,410
E07000177,Cherwell,1990-91,380,0,40,420,570,0,60,630
E07000178,Oxford,1990-91,120,0,0,120,190,80,90,360
E07000179,South Oxfordshire,1990-91,330,10,40,380,290,20,30,340
E07000180,Vale of White Horse,1990-91,460,0,10,470,580,0,10,580
E07000181,West Oxfordshire,1990-91,360,0,0,360,330,0,50,370
E07000182,Bridgnorth,1990-91,110,0,10,120,80,0,20,100
E07000188,Sedgemoor,1990-91,330,10,0,340,180,0,0,180
E07000185,Shrewsbury and Atcham,1990-91,160,0,30,190,160,0,20,190
E07000191,South Shropshire,1990-91,130,0,0,130,150,0,0,150
E07000189,South Somerset,1990-91,130,0,0,130,50,20,0,70
E07000187,Mendip,1990-91,130,0,0,140,180,20,0,200
E07000188,Sedgemoor,1990-91,120,20,50,180,150,20,0,170
E07000189,South Somerset,1990-91,530,0,0,530,640,0,40,680
E07000190,Taunton Deane,1990-91,220,10,60,290,370,0,30,410
E07000191,West Somerset,1990-91,40,30,0,70,80,0,10,90
E07000192,Cannock Chase,1990-91,440,0,0,440,460,0,0,460
E07000193,East Staffordshire,1990-91,230,0,10,240,320,30,0,360
E07000194,Lichfield,1990-91,250,0,30,280,270,0,0,270
E07000195,Newcastle-under-Lyme,1990-91,380,0,20,400,420,10,20,450
E07000196,South Staffordshire,1990-91,230,0,90,320,320,0,0,320
E07000197,Stafford,1990-91,340,0,30,370,360,0,40,400
E07000198,Staffordshire Moorlands,1990-91,220,0,0,220,190,10,10,200
E07000199,Tamworth,1990-91,250,20,30,300,260,30,20,310
E07000200,Babergh,1990-91,260,0,20,280,230,0,40,270
E07000201,Forest Heath,1990-91,310,0,10,320,290,0,30,320
E07000202,Ipswich,1990-91,40,0,90,130,60,60,20,140
E07000203,Mid Suffolk,1990-91,290,0,0,290,430,0,0,430
E07000204,St Edmundsbury,1990-91,330,10,0,340,450,30,0,480
E07000205,Suffolk Coastal,1990-91,870,0,0,870,1050,0,0,1050
E07000206,Waveney,1990-91,370,0,10,390,650,0,60,710
E07000207,Elmbridge,1990-91,380,10,50,440,370,10,70,450
E07000208,Epsom and Ewell,1990-91,20,0,40,70,60,0,0,60
E07000209,Guildford,1990-91,240,0,90,330,290,0,150,440
E07000210,Mole Valley,1990-91,100,0,40,130,90,0,80,170
E07000211,Reigate and Banstead,1990-91,430,20,0,440,560,0,60,610
E07000212,Runnymede,1990-91,160,0,0,160,290,0,0,290
E07000213,Spelthorne,1990-91,50,20,60,130,130,0,50,170
E07000214,Surrey Heath,1990-91,350,0,20,370,300,0,120,420
E07000215,Tandridge,1990-91,110,0,0,110,150,0,0,150
E07000216,Waverley,1990-91,200,0,70,280,200,0,30,240
E07000217,Woking,1990-91,160,10,0,170,130,20,40,200
E07000218,North Warwickshire,1990-91,250,40,0,290,260,50,10,320
E07000219,Nuneaton and Bedworth,1990-91,310,0,10,320,250,0,40,290
E07000220,Rugby,1990-91,220,0,50,280,280,0,100,370
E07000221,Stratford-on-Avon,1990-91,420,0,50,460,380,0,100,470
E07000222,Warwick,1990-91,200,0,20,220,310,50,80,450
E07000223,Adur,1990-91,30,0,0,30,60,0,30,90
E07000224,Arun,1990-91,410,0,0,410,540,40,20,590
E07000225,Chichester,1990-91,280,10,0,290,220,60,110,390
E07000226,Crawley,1990-91,270,30,70,370,280,20,210,510
E07000227,Horsham,1990-91,370,70,0,440,510,50,30,600
E07000228,Mid Sussex,1990-91,220,0,0,220,380,0,70,450
E07000229,Worthing,1990-91,40,70,0,110,80,0,50,120
E07000230,Kennet,1990-91,280,80,0,360,290,70,20,390
E07000231,North Wiltshire,1990-91,500,0,0,510,600,0,40,640
E07000232,Salisbury,1990-91,190,0,20,200,200,0,50,250
E07000233,West Wiltshire,1990-91,380,10,30,420,380,20,20,430
E07000234,Bromsgrove,1990-91,390,0,50,430,380,0,50,430
E07000236,Redditch,1990-91,120,0,100,220,180,0,100,270
E07000237,Worcester,1990-91,520,30,10,560,450,60,20,530
E07000238,Wychavon,1990-91,350,10,0,360,700,20,90,810
E07000239,Wyre Forest,1990-91,300,10,0,320,450,10,80,540
E06000053,Isles of Scilly,1991-92,0,0,0,0,10,0,0,10
E09000002,Barking and Dagenham,1991-92,140,0,0,150,100,20,20,150
E09000003,Barnet,1991-92,540,70,0,610,490,100,0,590
E09000004,Bexley,1991-92,420,70,10,500,820,240,0,1070
E09000005,Brent,1991-92,180,300,0,480,360,90,0,450
E09000006,Bromley,1991-92,410,160,0,570,710,130,0,840
E09000007,Camden,1991-92,40,200,0,230,200,170,0,370
E09000001,City of London,1991-92,0,0,0,0,0,0,0,0
E09000008,Croydon,1991-92,270,90,10,370,570,140,160,880
E09000009,Ealing,1991-92,300,290,0,590,240,30,0,270
E09000010,Enfield,1991-92,930,260,0,1180,460,590,0,1050
E09000011,Greenwich,1991-92,260,210,0,470,160,20,0,190
E09000012,Hackney,1991-92,50,270,0,310,100,50,100,240
E09000013,Hammersmith and Fulham,1991-92,10,0,0,10,150,0,0,150
E09000014,Haringey,1991-92,220,280,0,490,170,140,30,340
E09000015,Harrow,1991-92,180,0,0,180,160,20,20,200
E09000016,Havering,1991-92,150,10,0,160,400,0,0,400
E09000017,Hillingdon,1991-92,410,20,0,430,730,20,20,770
E09000018,Hounslow,1991-92,110,50,0,150,720,40,0,750
E09000019,Islington,1991-92,70,100,0,170,90,90,0,180
E09000020,Kensington and Chelsea,1991-92,20,50,0,80,230,20,0,250
E09000021,Kingston upon Thames,1991-92,290,0,0,290,60,0,0,60
E09000022,Lambeth,1991-92,190,80,0,270,60,20,110,180
E09000023,Lewisham,1991-92,240,110,0,350,570,170,0,740
E09000024,Merton,1991-92,540,10,0,550,930,10,0,940
E09000025,Newham,1991-92,110,160,0,260,80,80,0,160
E09000026,Redbridge,1991-92,380,30,0,410,250,0,0,250
E09000027,Richmond upon Thames,1991-92,220,0,0,220,530,60,0,580
E09000028,Southwark,1991-92,140,220,0,360,1130,470,60,1650
E09000029,Sutton,1991-92,400,20,0,410,490,0,0,490
E09000030,Tower Hamlets,1991-92,70,110,0,180,950,100,0,1060
E09000031,Waltham Forest,1991-92,260,240,90,590,360,130,60,550
E09000032,Wandsworth,1991-92,160,140,0,300,640,190,0,830
E09000033,Westminster,1991-92,80,20,0,100,440,20,0,460
E08000001,Bolton,1991-92,630,200,30,870,830,110,30,980
E08000002,Bury,1991-92,540,50,0,580,680,40,0,720
E08000003,Manchester,1991-92,180,470,10,660,650,430,30,1120
E08000004,Oldham,1991-92,260,120,0,380,450,170,0,620
E08000005,Rochdale,1991-92,430,210,10,640,440,150,0,580
E08000006,Salford,1991-92,420,160,0,580,580,110,0,690
E08000007,Stockport,1991-92,310,130,0,440,410,120,0,540
E08000008,Tameside,1991-92,580,130,0,720,610,120,0,740
E08000009,Trafford,1991-92,290,10,0,300,320,50,0,370
E08000010,Wigan,1991-92,900,170,0,1060,910,30,0,950
E08000011,Knowsley,1991-92,430,200,0,630,220,90,0,310
E08000012,Liverpool,1991-92,1600,260,0,1860,1280,210,160,1640
E08000014,Sefton,1991-92,320,110,30,460,320,20,30,370
E08000013,St. Helens,1991-92,290,80,0,370,270,160,0,430
E08000015,Wirral,1991-92,380,140,0,510,340,160,0,500
E08000016,Barnsley,1991-92,560,60,10,620,570,100,0,670
E08000017,Doncaster,1991-92,560,220,10,790,520,50,40,610
E08000018,Rotherham,1991-92,560,110,0,680,480,70,90,630
E08000019,Sheffield,1991-92,480,340,0,820,660,220,0,870
E08000037,Gateshead,1991-92,280,170,0,450,250,180,0,430
E08000021,Newcastle upon Tyne,1991-92,110,170,0,280,200,30,0,230
E08000022,North Tyneside,1991-92,480,90,0,570,620,120,0,740
E08000023,South Tyneside,1991-92,400,170,30,600,280,100,30,410
E08000024,Sunderland,1991-92,470,130,0,600,470,60,0,530
E08000025,Birmingham,1991-92,1140,800,40,1980,770,620,30,1430
E08000026,Coventry,1991-92,280,0,0,280,210,20,0,230
E08000027,Dudley,1991-92,630,0,0,630,550,0,20,560
E08000028,Sandwell,1991-92,610,70,30,710,900,10,60,970
E08000029,Solihull,1991-92,450,40,10,500,530,0,10,550
E08000030,Walsall,1991-92,500,160,0,660,550,50,0,610
E08000031,Wolverhampton,1991-92,210,320,0,530,200,230,0,430
E08000032,Bradford,1991-92,590,100,0,700,670,130,0,800
E08000033,Calderdale,1991-92,170,80,0,250,210,80,0,290
E08000034,Kirklees,1991-92,1220,160,0,1380,1540,110,0,1650
E08000035,Leeds,1991-92,1400,450,50,1910,1280,500,20,1790
E08000036,Wakefield,1991-92,620,180,10,800,690,90,10,790
E07000002,Bedford,1991-92,380,100,0,480,300,80,0,380
E07000001,Mid Bedfordshire,1991-92,540,0,0,540,520,50,20,590
E07000003,South Bedfordshire,1991-92,360,10,0,370,430,0,20,440
E07000004,Aylesbury Vale,1991-92,580,0,0,590,530,0,30,550
E07000005,Chiltern,1991-92,120,90,0,210,220,110,0,320
E07000006,South Bucks,1991-92,340,90,0,420,190,0,30,220
E07000007,Wycombe,1991-92,270,10,40,320,270,30,110,400
E07000008,Cambridge,1991-92,180,0,0,180,270,0,0,270
E07000009,East Cambridgeshire,1991-92,290,10,0,310,580,0,20,600
E07000010,Fenland,1991-92,680,40,30,750,690,10,60,760
E07000011,Huntingdonshire,1991-92,680,50,0,730,650,0,110,760
E07000012,South Cambridgeshire,1991-92,300,30,80,410,320,0,80,400
E07000013,Chester,1991-92,290,40,0,330,160,10,0,170
E07000014,Congleton,1991-92,360,0,10,370,490,0,20,500
E07000015,Crewe and Nantwich,1991-92,420,90,0,510,300,40,0,340
E07000016,Ellesmere Port & Neston,1991-92,340,0,0,350,290,10,0,300
E07000017,Macclesfield,1991-92,240,100,0,340,580,0,0,580
E07000018,Vale Royal,1991-92,400,20,0,430,590,10,0,590
E07000019,Caradon,1991-92,270,0,0,270,230,0,40,270
E07000020,Carrick,1991-92,160,30,30,210,150,20,20,190
E07000021,Kerrier,1991-92,180,10,0,190,200,0,40,240
E07000022,North Cornwall,1991-92,210,0,0,210,230,40,70,340
E07000023,Penwith,1991-92,100,20,0,110,190,10,10,220
E07000024,Restormel,1991-92,190,0,0,190,400,10,20,420
E07000026,Allerdale,1991-92,180,70,0,250,120,30,0,140
E07000027,Barrow-in-Furness,1991-92,90,20,0,100,150,10,0,170
E07000028,Carlisle,1991-92,200,80,0,280,240,100,0,330
E07000029,Copeland,1991-92,140,30,0,160,120,10,0,130
E07000030,Eden,1991-92,240,40,0,270,160,10,0,170
E07000031,South Lakeland,1991-92,220,30,0,250,340,0,30,380
E07000032,Amber Valley,1991-92,360,30,0,390,300,60,20,380
E07000033,Bolsover,1991-92,270,30,0,300,310,20,0,330
E07000034,Chesterfield,1991-92,270,30,0,310,440,20,0,470
E07000035,Derbyshire Dales,1991-92,160,0,10,170,160,0,0,170
E07000036,Erewash,1991-92,290,0,10,290,270,0,10,290
E07000037,High Peak,1991-92,120,30,0,150,70,0,0,70
E07000038,North East Derbyshire,1991-92,270,0,0,270,260,0,0,260
E07000039,South Derbyshire,1991-92,320,20,0,340,540,60,10,610
E07000040,East Devon,1991-92,380,70,0,450,410,140,0,560
E07000041,Exeter,1991-92,50,0,0,60,110,0,40,140
E07000042,Mid Devon,1991-92,310,20,0,340,350,0,10,350
E07000043,North Devon,1991-92,370,0,0,370,320,0,50,360
E07000044,South Hams,1991-92,340,50,0,390,430,30,40,500
E07000045,Teignbridge,1991-92,800,10,0,810,830,10,50,890
E07000046,Torridge,1991-92,230,0,0,230,260,0,40,300
E07000047,West Devon,1991-92,250,50,0,300,100,50,0,150
E07000048,Christchurch,1991-92,180,0,0,180,240,0,0,240
E07000049,East Dorset,1991-92,190,50,0,240,210,0,0,210
E07000050,North Dorset,1991-92,170,30,20,220,150,10,10,170
E07000051,Purbeck,1991-92,130,10,0,140,100,0,0,100
E07000052,West Dorset,1991-92,320,10,0,320,270,10,10,280
E07000053,Weymouth and Portland,1991-92,130,0,0,130,200,0,0,200
E07000054,Chester-le-Street,1991-92,220,0,0,220,320,20,0,340
E07000056,County Durham,1991-92,290,30,20,340,220,10,10,240
E07000055,Derwentside,1991-92,130,0,0,130,160,0,0,160
E07000057,Easington,1991-92,150,0,0,150,110,0,0,110
E07000058,Sedgefield,1991-92,240,20,0,260,210,50,0,270
E07000059,Teesdale,1991-92,80,0,0,80,80,20,0,100
E07000060,Wear Valley,1991-92,130,0,0,130,110,0,0,110
E07000061,Eastbourne,1991-92,260,0,20,270,330,0,100,430
E07000062,Hastings,1991-92,200,80,0,280,280,70,0,350
E07000063,Lewes,1991-92,210,10,10,230,370,10,50,430
E07000064,Rother,1991-92,220,10,0,230,310,0,0,320
E07000065,Wealden,1991-92,310,0,20,330,470,0,70,540
E07000066,Basildon,1991-92,520,140,0,650,500,60,20,580
E07000067,Braintree,1991-92,280,0,10,290,390,0,50,440
E07000068,Brentwood,1991-92,90,0,0,90,110,0,0,110
E07000069,Castle Point,1991-92,170,0,0,170,140,0,0,140
E07000070,Chelmsford,1991-92,390,20,20,420,350,0,90,440
E07000071,Colchester,1991-92,1150,0,0,1150,970,0,20,990
E07000072,Epping Forest,1991-92,250,0,0,250,350,40,10,400
E07000073,Harlow,1991-92,160,40,0,200,130,0,30,160
E07000074,Maldon,1991-92,190,0,0,190,150,0,0,150
E07000075,Rochford,1991-92,310,30,0,340,280,0,0,280
E07000076,Tendring,1991-92,370,0,0,370,370,30,20,420
E07000077,Uttlesford,1991-92,120,20,0,140,140,30,0,180
E07000078,Cheltenham,1991-92,210,0,20,230,280,0,80,360
E07000079,Cotswold,1991-92,260,80,20,350,350,0,0,350
E07000080,Forest of Dean,1991-92,230,70,10,310,180,30,50,270
E07000081,Gloucester,1991-92,600,60,0,660,600,60,0,660
E07000082,Stroud,1991-92,370,0,0,370,460,10,0,480
E07000083,Tewkesbury,1991-92,470,0,0,470,410,0,0,410
E07000084,Basingstoke and Deane,1991-92,390,0,0,390,320,0,110,430
E07000085,East Hampshire,1991-92,430,0,10,430,390,0,30,420
E07000086,Eastleigh,1991-92,470,0,0,470,470,40,0,510
E07000087,Fareham,1991-92,300,0,0,300,380,30,50,460
E07000088,Gosport,1991-92,90,10,20,110,160,10,50,210
E07000089,Hart,1991-92,500,10,10,520,620,30,10,670
E07000090,Havant,1991-92,90,10,0,100,80,10,0,90
E07000091,New Forest,1991-92,600,50,0,650,670,10,40,710
E07000092,Rushmoor,1991-92,180,0,0,180,250,0,80,340
E07000093,Test Valley,1991-92,380,10,0,380,650,0,20,670
E07000094,Winchester,1991-92,250,200,10,460,430,60,10,490
E07000095,Broxbourne,1991-92,230,50,0,280,300,0,0,310
E07000096,Dacorum,1991-92,390,80,0,470,400,0,30,420
E07000242,East Hertfordshire,1991-92,360,40,0,410,320,10,30,360
E07000098,Hertsmere,1991-92,240,30,0,270,200,10,10,220
E07000099,North Hertfordshire,1991-92,400,10,0,400,310,10,40,360
E07000240,St Albans,1991-92,310,0,10,310,270,0,10,280
E07000243,Stevenage,1991-92,120,50,80,240,140,40,10,190
E07000102,Three Rivers,1991-92,90,0,10,100,50,0,20,70
E07000103,Watford,1991-92,250,40,0,290,260,0,0,260
E07000241,Welwyn Hatfield,1991-92,330,0,0,330,360,0,50,410
E07000105,Ashford,1991-92,240,20,10,270,280,30,10,310
E07000106,Canterbury,1991-92,250,0,0,250,210,20,20,260
E07000107,Dartford,1991-92,170,0,10,180,330,0,10,330
E07000108,Dover,1991-92,120,50,0,170,120,0,0,120
E07000112,Folkestone and Hythe,1991-92,90,70,0,150,110,20,0,130
E07000109,Gravesham,1991-92,90,0,10,100,80,0,30,120
E07000110,Maidstone,1991-92,380,10,0,390,350,10,20,380
E07000111,Sevenoaks,1991-92,170,50,20,240,160,50,20,220
E07000113,Swale,1991-92,160,70,0,240,180,40,0,220
E07000114,Thanet,1991-92,190,0,20,210,280,0,30,320
E07000115,Tonbridge and Malling,1991-92,200,40,0,240,210,0,10,220
E07000116,Tunbridge Wells,1991-92,190,70,0,260,250,10,30,290
E07000117,Burnley,1991-92,120,20,0,140,150,110,0,260
E07000118,Chorley,1991-92,200,0,0,200,250,0,0,250
E07000119,Fylde,1991-92,340,20,0,360,260,0,30,290
E07000120,Hyndburn,1991-92,280,90,0,370,270,50,0,320
E07000121,Lancaster,1991-92,290,10,0,300,390,50,0,440
E07000122,Pendle,1991-92,100,70,0,170,100,30,0,130
E07000123,Preston,1991-92,160,110,0,260,120,30,0,150
E07000124,Ribble Valley,1991-92,110,0,0,110,180,10,0,180
E07000125,Rossendale,1991-92,140,10,0,150,70,0,0,70
E07000126,South Ribble,1991-92,220,20,0,240,260,0,0,260
E07000127,West Lancashire,1991-92,300,10,10,320,280,0,10,290
E07000128,Wyre,1991-92,260,20,0,280,570,20,0,600
E07000129,Blaby,1991-92,510,30,0,540,580,0,0,580
E07000130,Charnwood,1991-92,330,10,30,360,370,40,50,450
E07000131,Harborough,1991-92,260,20,20,300,390,80,20,490
E07000132,Hinckley and Bosworth,1991-92,260,0,0,260,330,0,0,330
E07000133,Melton,1991-92,200,0,0,200,320,0,0,320
E07000134,North West Leicestershire,1991-92,340,30,0,370,290,20,10,320
E07000135,Oadby and Wigston,1991-92,240,0,0,240,180,30,0,210
E07000136,Boston,1991-92,130,30,0,160,180,30,20,240
E07000137,East Lindsey,1991-92,560,20,100,680,560,10,10,570
E07000138,Lincoln,1991-92,200,60,0,260,180,30,0,210
E07000139,North Kesteven,1991-92,490,20,20,530,560,20,20,600
E07000140,South Holland,1991-92,320,0,0,320,340,0,0,340
E07000141,South Kesteven,1991-92,710,40,10,760,730,0,40,770
E07000142,West Lindsey,1991-92,250,50,0,300,300,30,0,330
E07000143,Breckland,1991-92,720,40,20,770,820,20,50,890
E07000144,Broadland,1991-92,990,160,0,1150,870,60,0,930
E07000145,Great Yarmouth,1991-92,260,10,10,280,290,10,60,360
E07000146,King's Lynn and West Norfolk,1991-92,640,20,20,680,430,0,0,440
E07000147,North Norfolk,1991-92,560,10,0,570,540,0,40,580
E07000148,Norwich,1991-92,130,80,0,210,100,0,20,120
E07000149,South Norfolk,1991-92,580,60,10,650,650,10,40,700
E07000150,Corby,1991-92,130,40,0,170,160,50,0,210
E07000151,Daventry,1991-92,280,0,10,290,260,20,50,330
E07000152,East Northamptonshire,1991-92,240,0,0,240,310,0,30,340
E07000153,Kettering,1991-92,250,20,0,270,330,10,70,410
E07000154,Northampton,1991-92,610,0,0,610,900,20,0,920
E07000155,South Northamptonshire,1991-92,250,0,0,250,250,0,0,250
E07000156,Wellingborough,1991-92,160,0,0,160,210,20,40,270
E07000157,Alnwick,1991-92,80,70,0,150,100,30,0,140
E07000158,Berwick-upon-Tweed,1991-92,110,10,0,120,60,10,0,70
E07000159,Blyth Valley,1991-92,400,0,0,400,410,0,0,410
E07000160,Castle Morpeth,1991-92,140,0,0,140,140,0,0,140
E07000161,Tynedale,1991-92,100,20,0,120,130,30,0,160
E07000162,Wansbeck,1991-92,260,0,0,260,250,0,20,270
E07000163,Craven,1991-92,130,0,0,130,100,30,0,120
E07000164,Hambleton,1991-92,430,20,0,450,370,0,0,370
E07000166,Richmondshire,1991-92,140,0,80,220,120,0,0,120
E07000168,Scarborough,1991-92,270,30,0,300,310,40,30,370
E07000170,Ashfield,1991-92,320,20,0,340,300,0,0,300
E07000171,Bassetlaw,1991-92,470,0,0,470,580,0,20,600
E07000172,Broxtowe,1991-92,200,0,0,200,230,0,30,260
E07000173,Gedling,1991-92,350,0,0,350,290,40,0,320
E07000174,Mansfield,1991-92,190,40,0,230,170,0,0,180
E07000175,Newark and Sherwood,1991-92,130,0,0,130,250,0,0,250
E07000176,Rushcliffe,1991-92,280,10,10,290,360,10,50,420
E07000177,Cherwell,1991-92,530,10,20,560,450,0,40,490
E07000178,Oxford,1991-92,150,70,0,230,210,0,0,210
E07000179,South Oxfordshire,1991-92,350,10,10,370,320,30,30,370
E07000180,Vale of White Horse,1991-92,360,10,0,370,440,0,20,460
E07000181,West Oxfordshire,1991-92,270,60,0,330,330,10,0,340
E07000182,Bridgnorth,1991-92,50,10,10,60,140,10,10,160
E07000188,Sedgemoor,1991-92,240,30,0,270,320,10,0,330
E07000185,Shrewsbury and Atcham,1991-92,310,20,60,380,260,20,90,370
E07000191,South Shropshire,1991-92,70,10,0,80,100,0,0,100
E07000189,South Somerset,1991-92,170,20,0,190,240,0,0,240
E07000187,Mendip,1991-92,160,0,0,160,150,0,0,150
E07000188,Sedgemoor,1991-92,190,40,10,240,120,20,10,150
E07000189,South Somerset,1991-92,530,30,0,570,580,0,20,600
E07000190,Taunton Deane,1991-92,250,70,30,350,330,30,60,410
E07000191,West Somerset,1991-92,40,0,0,40,90,30,0,120
E07000192,Cannock Chase,1991-92,410,0,0,410,420,0,0,420
E07000193,East Staffordshire,1991-92,360,0,20,380,330,0,0,340
E07000194,Lichfield,1991-92,340,40,0,380,240,10,30,280
E07000195,Newcastle-under-Lyme,1991-92,360,20,10,390,410,10,30,450
E07000196,South Staffordshire,1991-92,320,40,0,360,340,20,90,440
E07000197,Stafford,1991-92,520,80,30,630,400,30,30,450
E07000198,Staffordshire Moorlands,1991-92,240,0,0,240,160,0,0,160
E07000199,Tamworth,1991-92,360,0,0,360,320,20,120,460
E07000200,Babergh,1991-92,240,10,30,280,350,0,20,380
E07000201,Forest Heath,1991-92,230,20,0,240,460,0,10,460
E07000202,Ipswich,1991-92,50,180,20,250,80,60,50,200
E07000203,Mid Suffolk,1991-92,410,10,0,420,460,0,0,460
E07000204,St Edmundsbury,1991-92,320,40,0,350,500,0,0,500
E07000205,Suffolk Coastal,1991-92,570,40,0,620,860,20,0,880
E07000206,Waveney,1991-92,630,50,0,680,460,10,10,490
E07000207,Elmbridge,1991-92,300,0,0,300,350,0,50,400
E07000208,Epsom and Ewell,1991-92,100,40,0,140,120,0,20,140
E07000209,Guildford,1991-92,170,0,80,250,160,0,50,210
E07000210,Mole Valley,1991-92,90,0,0,90,150,0,40,190
E07000211,Reigate and Banstead,1991-92,310,0,10,320,510,20,10,530
E07000212,Runnymede,1991-92,100,0,0,100,210,0,0,210
E07000213,Spelthorne,1991-92,140,0,0,140,190,20,90,290
E07000214,Surrey Heath,1991-92,200,0,0,200,340,0,0,340
E07000215,Tandridge,1991-92,260,50,0,310,140,0,0,140
E07000216,Waverley,1991-92,150,0,0,150,200,0,70,270
E07000217,Woking,1991-92,170,0,0,170,160,10,0,170
E07000218,North Warwickshire,1991-92,120,0,10,130,100,0,0,100
E07000219,Nuneaton and Bedworth,1991-92,360,10,0,360,490,0,0,490
E07000220,Rugby,1991-92,290,80,0,380,220,20,0,230
E07000221,Stratford-on-Avon,1991-92,400,0,0,410,420,0,60,490
E07000222,Warwick,1991-92,200,0,20,220,260,60,20,330
E07000223,Adur,1991-92,40,40,0,80,120,0,40,160
E07000224,Arun,1991-92,320,0,10,330,440,10,10,470
E07000225,Chichester,1991-92,410,0,0,410,370,10,0,380
E07000226,Crawley,1991-92,230,0,70,300,290,10,140,450
E07000227,Horsham,1991-92,530,10,0,540,330,50,0,380
E07000228,Mid Sussex,1991-92,270,30,0,310,420,0,30,450
E07000229,Worthing,1991-92,40,0,0,40,80,70,0,150
E07000230,Kennet,1991-92,270,40,0,320,340,50,0,390
E07000231,North Wiltshire,1991-92,650,50,0,710,860,0,20,890
E07000232,Salisbury,1991-92,260,90,0,360,230,60,20,300
E07000233,West Wiltshire,1991-92,350,150,10,510,400,60,30,490
E07000234,Bromsgrove,1991-92,280,0,10,290,610,0,50,660
E07000236,Redditch,1991-92,200,0,0,200,120,0,80,200
E07000237,Worcester,1991-92,590,30,20,650,610,80,20,710
E07000238,Wychavon,1991-92,540,10,0,550,460,10,0,460
E07000239,Wyre Forest,1991-92,450,30,20,500,460,10,0,480
E06000053,Isles of Scilly,1992-93,0,0,0,0,0,0,0,0
E09000002,Barking and Dagenham,1992-93,50,10,0,60,180,30,0,210
E09000003,Barnet,1992-93,450,300,0,750,570,70,0,650
E09000004,Bexley,1992-93,160,270,0,430,430,70,0,510
E09000005,Brent,1992-93,370,250,0,620,210,430,0,640
E09000006,Bromley,1992-93,350,310,0,660,460,170,0,630
E09000007,Camden,1992-93,20,130,0,150,330,210,0,540
E09000001,City of London,1992-93,0,0,0,0,10,0,0,10
E09000008,Croydon,1992-93,270,420,0,680,270,80,0,350
E09000009,Ealing,1992-93,180,70,0,250,160,200,0,360
E09000010,Enfield,1992-93,600,230,0,830,390,130,0,530
E09000011,Greenwich,1992-93,30,100,0,130,220,210,0,430
E09000012,Hackney,1992-93,30,410,110,550,130,230,30,400
E09000013,Hammersmith and Fulham,1992-93,0,70,0,80,0,0,0,0
E09000014,Haringey,1992-93,320,380,0,700,120,360,0,490
E09000015,Harrow,1992-93,170,60,0,240,270,40,20,340
E09000016,Havering,1992-93,520,70,0,590,300,10,0,310
E09000017,Hillingdon,1992-93,440,110,10,560,580,0,0,580
E09000018,Hounslow,1992-93,330,40,30,400,310,40,0,360
E09000019,Islington,1992-93,30,270,0,300,130,50,0,180
E09000020,Kensington and Chelsea,1992-93,20,40,0,60,240,110,0,350
E09000021,Kingston upon Thames,1992-93,190,30,0,220,110,0,0,110
E09000022,Lambeth,1992-93,-10,250,0,240,160,150,0,310
E09000023,Lewisham,1992-93,210,180,0,390,280,200,0,480
E09000024,Merton,1992-93,500,90,0,580,580,30,0,610
E09000025,Newham,1992-93,190,240,0,430,180,340,0,520
E09000026,Redbridge,1992-93,320,260,0,580,340,80,0,420
E09000027,Richmond upon Thames,1992-93,170,0,0,170,340,0,0,340
E09000028,Southwark,1992-93,200,280,0,480,1110,350,60,1520
E09000029,Sutton,1992-93,380,30,0,410,540,60,0,600
E09000030,Tower Hamlets,1992-93,140,210,60,400,110,200,10,320
E09000031,Waltham Forest,1992-93,160,220,0,380,260,340,40,640
E09000032,Wandsworth,1992-93,280,280,0,560,350,210,0,560
E09000033,Westminster,1992-93,180,40,0,220,170,10,0,190
E08000001,Bolton,1992-93,610,320,0,930,840,220,0,1060
E08000002,Bury,1992-93,500,100,0,610,550,50,0,600
E08000003,Manchester,1992-93,850,600,10,1460,690,350,10,1050
E08000004,Oldham,1992-93,350,130,0,480,300,190,0,480
E08000005,Rochdale,1992-93,380,100,0,480,400,90,10,500
E08000006,Salford,1992-93,600,70,0,680,640,140,0,780
E08000007,Stockport,1992-93,180,210,0,390,570,180,0,750
E08000008,Tameside,1992-93,360,210,0,570,390,130,0,520
E08000009,Trafford,1992-93,320,80,0,400,380,30,0,410
E08000010,Wigan,1992-93,670,110,0,790,700,230,0,930
E08000011,Knowsley,1992-93,400,160,0,560,400,150,0,550
E08000012,Liverpool,1992-93,960,540,0,1500,1220,230,10,1460
E08000014,Sefton,1992-93,320,190,10,520,280,140,30,440
E08000013,St. Helens,1992-93,590,150,0,740,410,130,0,540
E08000015,Wirral,1992-93,470,230,0,700,410,240,0,650
E08000016,Barnsley,1992-93,500,80,0,580,450,30,10,490
E08000017,Doncaster,1992-93,520,80,0,600,570,160,0,720
E08000018,Rotherham,1992-93,480,80,0,560,440,110,0,560
E08000019,Sheffield,1992-93,610,440,0,1050,530,340,0,880
E08000037,Gateshead,1992-93,400,80,0,480,320,130,0,450
E08000021,Newcastle upon Tyne,1992-93,370,190,0,570,440,200,0,640
E08000022,North Tyneside,1992-93,330,320,0,650,410,170,0,580
E08000023,South Tyneside,1992-93,340,40,0,380,380,90,10,480
E08000024,Sunderland,1992-93,490,170,0,660,370,190,0,560
E08000025,Birmingham,1992-93,880,660,30,1570,1040,940,40,2020
E08000026,Coventry,1992-93,230,70,0,300,340,50,0,390
E08000027,Dudley,1992-93,620,80,0,700,430,20,0,450
E08000028,Sandwell,1992-93,450,110,10,580,620,110,50,780
E08000029,Solihull,1992-93,460,50,0,510,440,80,10,530
E08000030,Walsall,1992-93,220,190,30,440,400,240,0,640
E08000031,Wolverhampton,1992-93,140,260,0,400,210,410,0,620
E08000032,Bradford,1992-93,480,250,0,740,630,190,0,810
E08000033,Calderdale,1992-93,150,90,0,240,140,40,0,180
E08000034,Kirklees,1992-93,790,100,0,890,1150,190,0,1330
E08000035,Leeds,1992-93,1300,520,10,1830,1300,390,50,1740
E08000036,Wakefield,1992-93,430,120,0,550,480,150,0,630
E07000002,Bedford,1992-93,430,190,0,620,550,50,0,600
E07000001,Mid Bedfordshire,1992-93,590,120,0,710,660,30,0,690
E07000003,South Bedfordshire,1992-93,360,0,0,360,430,10,0,450
E07000004,Aylesbury Vale,1992-93,560,0,0,560,600,0,20,620
E07000005,Chiltern,1992-93,80,50,0,130,130,60,0,190
E07000006,South Bucks,1992-93,180,60,0,240,200,90,0,290
E07000007,Wycombe,1992-93,280,100,0,380,290,50,0,340
E07000008,Cambridge,1992-93,430,0,10,440,260,0,0,260
E07000009,East Cambridgeshire,1992-93,270,10,0,280,400,20,0,420
E07000010,Fenland,1992-93,590,70,10,670,680,100,10,780
E07000011,Huntingdonshire,1992-93,480,130,0,600,590,60,0,650
E07000012,South Cambridgeshire,1992-93,220,60,40,330,250,40,80,360
E07000013,Chester,1992-93,340,30,10,380,300,70,40,400
E07000014,Congleton,1992-93,370,30,0,400,480,0,10,490
E07000015,Crewe and Nantwich,1992-93,250,40,0,290,260,50,0,300
E07000016,Ellesmere Port & Neston,1992-93,320,0,0,320,330,0,0,340
E07000017,Macclesfield,1992-93,260,0,0,260,300,70,0,360
E07000018,Vale Royal,1992-93,390,60,0,450,340,20,0,360
E07000019,Caradon,1992-93,250,0,0,250,260,0,0,260
E07000020,Carrick,1992-93,100,80,0,170,120,30,10,150
E07000021,Kerrier,1992-93,250,10,0,250,240,10,0,250
E07000022,North Cornwall,1992-93,210,50,0,250,190,0,10,200
E07000023,Penwith,1992-93,30,20,10,60,120,0,0,130
E07000024,Restormel,1992-93,240,60,0,300,340,60,20,420
E07000026,Allerdale,1992-93,210,50,0,260,110,0,0,110
E07000027,Barrow-in-Furness,1992-93,40,20,0,50,110,20,0,130
E07000028,Carlisle,1992-93,230,20,0,240,230,90,0,320
E07000029,Copeland,1992-93,210,30,0,250,170,10,0,180
E07000030,Eden,1992-93,170,50,0,230,280,30,0,310
E07000031,South Lakeland,1992-93,160,130,0,280,270,70,0,340
E07000032,Amber Valley,1992-93,300,0,0,300,650,10,0,660
E07000033,Bolsover,1992-93,170,100,0,270,190,30,0,210
E07000034,Chesterfield,1992-93,230,20,0,240,240,0,0,240
E07000035,Derbyshire Dales,1992-93,220,10,0,240,100,0,10,110
E07000036,Erewash,1992-93,240,20,20,280,210,0,0,210
E07000037,High Peak,1992-93,170,10,0,180,150,0,0,150
E07000038,North East Derbyshire,1992-93,270,0,0,270,320,0,0,320
E07000039,South Derbyshire,1992-93,280,40,0,310,330,20,0,350
E07000040,East Devon,1992-93,300,60,0,360,320,40,30,400
E07000041,Exeter,1992-93,160,0,0,160,120,0,0,130
E07000042,Mid Devon,1992-93,220,30,10,260,230,50,10,290
E07000043,North Devon,1992-93,250,30,10,290,280,0,10,290
E07000044,South Hams,1992-93,180,90,10,280,180,40,0,220
E07000045,Teignbridge,1992-93,610,40,0,650,700,20,0,710
E07000046,Torridge,1992-93,210,0,0,210,290,0,0,290
E07000047,West Devon,1992-93,90,20,0,110,130,20,0,150
E07000048,Christchurch,1992-93,150,50,0,200,230,40,0,280
E07000049,East Dorset,1992-93,160,30,0,190,270,50,0,320
E07000050,North Dorset,1992-93,200,20,10,230,260,50,0,300
E07000051,Purbeck,1992-93,70,20,50,140,130,10,50,190
E07000052,West Dorset,1992-93,340,30,0,370,300,10,0,320
E07000053,Weymouth and Portland,1992-93,100,50,0,150,140,0,0,150
E07000054,Chester-le-Street,1992-93,230,0,0,230,210,0,0,210
E07000056,County Durham,1992-93,190,10,20,220,270,20,30,320
E07000055,Derwentside,1992-93,100,30,0,130,110,20,0,140
E07000057,Easington,1992-93,130,0,0,130,100,0,0,100
E07000058,Sedgefield,1992-93,160,30,0,180,190,20,0,210
E07000059,Teesdale,1992-93,70,20,0,100,90,0,0,100
E07000060,Wear Valley,1992-93,150,10,0,160,70,0,0,70
E07000061,Eastbourne,1992-93,150,0,0,150,210,30,0,240
E07000062,Hastings,1992-93,100,90,0,190,420,30,0,450
E07000063,Lewes,1992-93,100,30,10,150,70,0,0,70
E07000064,Rother,1992-93,170,150,0,320,240,90,0,330
E07000065,Wealden,1992-93,380,30,20,420,500,30,40,570
E07000066,Basildon,1992-93,620,150,0,760,520,170,0,680
E07000067,Braintree,1992-93,160,10,0,180,170,10,40,220
E07000068,Brentwood,1992-93,60,80,0,130,90,0,0,90
E07000069,Castle Point,1992-93,100,0,0,100,230,0,0,230
E07000070,Chelmsford,1992-93,280,190,0,470,400,110,50,560
E07000071,Colchester,1992-93,360,160,0,510,530,50,0,580
E07000072,Epping Forest,1992-93,220,10,0,230,230,0,0,230
E07000073,Harlow,1992-93,290,110,0,400,260,80,0,350
E07000074,Maldon,1992-93,200,30,0,230,220,10,0,240
E07000075,Rochford,1992-93,180,60,0,250,290,40,0,320
E07000076,Tendring,1992-93,180,40,0,220,310,0,0,310
E07000077,Uttlesford,1992-93,140,60,0,200,140,50,0,190
E07000078,Cheltenham,1992-93,130,100,0,230,170,40,0,200
E07000079,Cotswold,1992-93,310,70,10,390,280,140,30,450
E07000080,Forest of Dean,1992-93,240,110,0,340,200,70,0,270
E07000081,Gloucester,1992-93,480,40,0,520,530,10,0,550
E07000082,Stroud,1992-93,230,10,0,230,420,30,0,450
E07000083,Tewkesbury,1992-93,230,0,0,230,260,0,0,260
E07000084,Basingstoke and Deane,1992-93,370,80,0,450,340,20,0,350
E07000085,East Hampshire,1992-93,300,20,20,340,490,0,20,510
E07000086,Eastleigh,1992-93,530,50,0,580,480,10,0,480
E07000087,Fareham,1992-93,310,0,50,360,320,30,0,340
E07000088,Gosport,1992-93,100,80,30,210,40,0,30,60
E07000089,Hart,1992-93,210,40,0,240,420,50,30,490
E07000090,Havant,1992-93,50,110,0,160,90,10,0,110
E07000091,New Forest,1992-93,430,200,0,630,590,140,0,730
E07000092,Rushmoor,1992-93,160,80,0,250,240,0,0,240
E07000093,Test Valley,1992-93,310,40,10,370,530,0,0,530
E07000094,Winchester,1992-93,280,160,0,450,260,280,10,540
E07000095,Broxbourne,1992-93,130,50,0,180,300,60,0,360
E07000096,Dacorum,1992-93,390,30,0,420,390,90,0,480
E07000242,East Hertfordshire,1992-93,290,90,0,380,250,50,0,300
E07000098,Hertsmere,1992-93,320,50,10,370,320,50,0,380
E07000099,North Hertfordshire,1992-93,350,10,0,360,440,10,0,440
E07000240,St Albans,1992-93,250,150,0,390,270,70,10,350
E07000243,Stevenage,1992-93,200,100,0,300,200,40,70,310
E07000102,Three Rivers,1992-93,80,0,0,90,100,0,10,100
E07000103,Watford,1992-93,180,40,0,220,220,30,0,250
E07000241,Welwyn Hatfield,1992-93,140,60,0,200,270,0,0,270
E07000105,Ashford,1992-93,140,40,10,180,210,30,10,260
E07000106,Canterbury,1992-93,80,100,30,210,230,70,60,350
E07000107,Dartford,1992-93,370,110,0,480,350,0,10,360
E07000108,Dover,1992-93,100,70,0,160,230,60,0,290
E07000112,Folkestone and Hythe,1992-93,220,20,10,240,250,70,130,450
E07000109,Gravesham,1992-93,190,30,20,240,140,0,30,160
E07000110,Maidstone,1992-93,170,70,0,240,290,20,0,310
E07000111,Sevenoaks,1992-93,120,140,10,270,150,40,10,200
E07000113,Swale,1992-93,170,190,0,360,100,60,0,160
E07000114,Thanet,1992-93,110,30,10,140,230,0,20,250
E07000115,Tonbridge and Malling,1992-93,250,20,0,270,230,30,0,260
E07000116,Tunbridge Wells,1992-93,140,80,0,230,200,60,0,260
E07000117,Burnley,1992-93,190,70,0,260,180,30,0,210
E07000118,Chorley,1992-93,130,0,0,130,140,0,0,140
E07000119,Fylde,1992-93,360,40,0,400,350,30,0,380
E07000120,Hyndburn,1992-93,230,50,0,290,280,140,0,420
E07000121,Lancaster,1992-93,340,0,10,340,290,0,0,290
E07000122,Pendle,1992-93,50,60,0,110,60,70,0,130
E07000123,Preston,1992-93,130,120,0,250,170,210,0,380
E07000124,Ribble Valley,1992-93,170,30,0,200,130,40,0,160
E07000125,Rossendale,1992-93,130,70,0,200,130,10,0,140
E07000126,South Ribble,1992-93,160,30,0,190,250,50,0,300
E07000127,West Lancashire,1992-93,220,0,0,220,190,10,0,200
E07000128,Wyre,1992-93,280,120,0,400,240,50,0,290
E07000129,Blaby,1992-93,630,0,0,640,520,40,0,560
E07000130,Charnwood,1992-93,450,80,0,530,430,10,10,450
E07000131,Harborough,1992-93,270,20,40,320,280,30,10,320
E07000132,Hinckley and Bosworth,1992-93,360,0,0,360,280,0,0,280
E07000133,Melton,1992-93,180,0,0,180,210,0,0,210
E07000134,North West Leicestershire,1992-93,390,0,0,390,360,50,0,410
E07000135,Oadby and Wigston,1992-93,60,20,0,80,180,0,0,180
E07000136,Boston,1992-93,220,40,10,270,180,20,0,200
E07000137,East Lindsey,1992-93,430,70,0,500,540,10,100,650
E07000138,Lincoln,1992-93,190,50,0,240,130,50,0,180
E07000139,North Kesteven,1992-93,590,70,10,670,520,10,20,550
E07000140,South Holland,1992-93,380,0,0,380,410,0,0,410
E07000141,South Kesteven,1992-93,760,40,0,800,770,40,10,810
E07000142,West Lindsey,1992-93,200,50,0,250,360,40,0,390
E07000143,Breckland,1992-93,520,20,0,540,620,40,20,680
E07000144,Broadland,1992-93,600,110,0,720,730,160,0,900
E07000145,Great Yarmouth,1992-93,180,30,0,210,310,10,0,320
E07000146,King's Lynn and West Norfolk,1992-93,510,130,0,630,730,30,0,760
E07000147,North Norfolk,1992-93,530,60,0,600,470,30,0,490
E07000148,Norwich,1992-93,90,30,0,110,120,90,0,210
E07000149,South Norfolk,1992-93,430,50,0,480,450,80,60,590
E07000150,Corby,1992-93,110,70,0,180,160,10,0,170
E07000151,Daventry,1992-93,240,0,0,240,300,0,10,310
E07000152,East Northamptonshire,1992-93,210,0,0,210,310,0,0,310
E07000153,Kettering,1992-93,360,90,0,450,410,120,0,530
E07000154,Northampton,1992-93,690,30,0,720,740,10,0,750
E07000155,South Northamptonshire,1992-93,190,30,0,220,240,0,0,240
E07000156,Wellingborough,1992-93,110,50,0,150,160,0,0,160
E07000157,Alnwick,1992-93,130,10,30,170,60,20,0,80
E07000158,Berwick-upon-Tweed,1992-93,80,20,0,100,60,10,0,70
E07000159,Blyth Valley,1992-93,320,0,0,320,370,0,0,370
E07000160,Castle Morpeth,1992-93,50,0,0,50,90,0,0,90
E07000161,Tynedale,1992-93,80,70,20,160,100,30,10,140
E07000162,Wansbeck,1992-93,140,0,0,140,210,0,0,210
E07000163,Craven,1992-93,70,40,0,110,90,0,0,100
E07000164,Hambleton,1992-93,400,40,20,470,440,30,20,490
E07000166,Richmondshire,1992-93,130,10,0,150,90,0,80,170
E07000168,Scarborough,1992-93,120,60,0,190,120,60,0,180
E07000170,Ashfield,1992-93,270,70,0,350,290,40,0,330
E07000171,Bassetlaw,1992-93,290,40,0,330,280,10,0,290
E07000172,Broxtowe,1992-93,290,0,0,290,240,0,0,240
E07000173,Gedling,1992-93,260,100,0,360,330,40,0,370
E07000174,Mansfield,1992-93,170,60,0,230,160,80,0,240
E07000175,Newark and Sherwood,1992-93,130,0,0,130,210,0,0,210
E07000176,Rushcliffe,1992-93,300,0,30,330,500,0,0,510
E07000177,Cherwell,1992-93,540,10,20,560,390,20,20,420
E07000178,Oxford,1992-93,290,520,0,810,160,40,0,200
E07000179,South Oxfordshire,1992-93,520,170,0,690,460,30,40,530
E07000180,Vale of White Horse,1992-93,290,0,0,290,320,0,0,320
E07000181,West Oxfordshire,1992-93,360,40,10,410,280,90,0,370
E07000182,Bridgnorth,1992-93,80,60,10,150,80,20,10,110
E07000188,Sedgemoor,1992-93,240,10,0,250,250,30,0,280
E07000185,Shrewsbury and Atcham,1992-93,310,0,30,340,320,0,40,360
E07000191,South Shropshire,1992-93,80,30,0,110,120,20,0,130
E07000189,South Somerset,1992-93,170,30,0,200,280,20,0,300
E07000187,Mendip,1992-93,120,40,0,160,80,20,0,100
E07000188,Sedgemoor,1992-93,140,70,0,210,190,70,40,300
E07000189,South Somerset,1992-93,230,60,0,300,260,50,0,310
E07000190,Taunton Deane,1992-93,230,60,10,310,240,50,10,310
E07000191,West Somerset,1992-93,90,50,0,140,180,40,0,230
E07000192,Cannock Chase,1992-93,260,60,0,320,270,20,0,290
E07000193,East Staffordshire,1992-93,290,110,0,400,310,0,30,340
E07000194,Lichfield,1992-93,190,20,10,220,420,30,0,450
E07000195,Newcastle-under-Lyme,1992-93,220,40,0,270,310,10,10,330
E07000196,South Staffordshire,1992-93,160,40,20,210,210,30,20,260
E07000197,Stafford,1992-93,840,40,0,880,650,60,0,710
E07000198,Staffordshire Moorlands,1992-93,290,10,0,310,260,10,0,270
E07000199,Tamworth,1992-93,290,20,10,320,310,20,20,350
E07000200,Babergh,1992-93,200,60,0,250,290,20,0,320
E07000201,Forest Heath,1992-93,120,10,10,140,200,20,0,220
E07000202,Ipswich,1992-93,80,140,0,230,40,160,50,250
E07000203,Mid Suffolk,1992-93,310,40,0,340,410,10,0,430
E07000204,St Edmundsbury,1992-93,370,30,10,400,430,40,10,480
E07000205,Suffolk Coastal,1992-93,410,180,0,590,480,80,0,560
E07000206,Waveney,1992-93,350,40,0,390,270,40,0,320
E07000207,Elmbridge,1992-93,360,50,0,410,370,30,0,410
E07000208,Epsom and Ewell,1992-93,60,0,0,60,80,50,30,150
E07000209,Guildford,1992-93,120,0,0,120,130,0,20,150
E07000210,Mole Valley,1992-93,120,0,0,120,300,0,0,300
E07000211,Reigate and Banstead,1992-93,330,70,0,400,340,70,0,410
E07000212,Runnymede,1992-93,90,20,0,110,110,20,0,130
E07000213,Spelthorne,1992-93,230,50,0,280,250,10,20,280
E07000214,Surrey Heath,1992-93,140,10,0,150,170,0,0,170
E07000215,Tandridge,1992-93,180,90,0,270,200,80,0,280
E07000216,Waverley,1992-93,150,0,10,160,150,0,0,150
E07000217,Woking,1992-93,220,90,10,320,200,70,10,280
E07000218,North Warwickshire,1992-93,250,0,0,250,740,0,10,750
E07000219,Nuneaton and Bedworth,1992-93,370,70,0,440,310,10,0,320
E07000220,Rugby,1992-93,180,50,30,260,230,140,50,420
E07000221,Stratford-on-Avon,1992-93,430,10,0,440,480,0,30,500
E07000222,Warwick,1992-93,250,0,0,260,150,0,20,170
E07000223,Adur,1992-93,20,40,0,60,40,80,0,120
E07000224,Arun,1992-93,140,80,0,220,340,30,0,360
E07000225,Chichester,1992-93,320,40,60,420,480,0,20,500
E07000226,Crawley,1992-93,370,50,160,580,240,20,140,400
E07000227,Horsham,1992-93,470,130,20,610,550,20,10,570
E07000228,Mid Sussex,1992-93,180,110,0,290,240,30,0,270
E07000229,Worthing,1992-93,40,50,0,100,40,60,0,100
E07000230,Kennet,1992-93,230,60,20,310,260,20,10,300
E07000231,North Wiltshire,1992-93,610,100,0,710,720,70,0,780
E07000232,Salisbury,1992-93,280,130,0,410,250,70,0,320
E07000233,West Wiltshire,1992-93,410,100,0,500,370,170,0,530
E07000234,Bromsgrove,1992-93,450,10,0,470,260,0,0,260
E07000236,Redditch,1992-93,150,60,0,210,220,0,0,220
E07000237,Worcester,1992-93,650,30,0,680,560,60,0,620
E07000238,Wychavon,1992-93,540,10,0,550,930,10,0,950
E07000239,Wyre Forest,1992-93,210,150,10,370,330,50,30,400
E06000053,Isles of Scilly,1993-94,0,0,0,0,0,0,0,0
E09000002,Barking and Dagenham,1993-94,200,80,30,320,100,100,0,190
E09000003,Barnet,1993-94,290,690,0,980,480,430,0,900
E09000004,Bexley,1993-94,590,20,0,610,140,140,0,280
E09000005,Brent,1993-94,240,130,0,370,340,150,0,490
E09000006,Bromley,1993-94,280,120,0,400,310,230,0,530
E09000007,Camden,1993-94,70,830,0,900,80,340,0,410
E09000001,City of London,1993-94,0,0,0,0,90,0,0,90
E09000008,Croydon,1993-94,280,590,0,870,200,430,10,640
E09000009,Ealing,1993-94,470,340,0,810,260,110,0,370
E09000010,Enfield,1993-94,840,360,0,1200,780,220,0,1000
E09000011,Greenwich,1993-94,290,160,0,450,70,190,0,260
E09000012,Hackney,1993-94,140,490,0,630,50,340,0,390
E09000013,Hammersmith and Fulham,1993-94,140,20,0,160,10,70,0,80
E09000014,Haringey,1993-94,90,260,0,360,400,440,0,850
E09000015,Harrow,1993-94,170,60,0,230,190,100,0,280
E09000016,Havering,1993-94,210,130,0,330,420,100,0,520
E09000017,Hillingdon,1993-94,610,200,0,820,530,120,0,660
E09000018,Hounslow,1993-94,680,10,20,710,470,30,50,550
E09000019,Islington,1993-94,20,180,0,200,30,250,0,280
E09000020,Kensington and Chelsea,1993-94,120,80,0,200,140,30,0,170
E09000021,Kingston upon Thames,1993-94,160,70,0,220,90,60,0,150
E09000022,Lambeth,1993-94,130,220,0,350,20,220,0,240
E09000023,Lewisham,1993-94,130,70,0,190,270,70,0,340
E09000024,Merton,1993-94,430,80,0,500,650,100,0,750
E09000025,Newham,1993-94,-20,180,0,160,30,200,0,230
E09000026,Redbridge,1993-94,450,170,0,620,340,310,0,650
E09000027,Richmond upon Thames,1993-94,320,40,0,360,410,20,0,430
E09000028,Southwark,1993-94,370,290,0,660,1050,240,60,1350
E09000029,Sutton,1993-94,450,170,0,630,410,60,0,470
E09000030,Tower Hamlets,1993-94,210,130,10,350,130,140,20,290
E09000031,Waltham Forest,1993-94,190,140,0,330,10,170,0,180
E09000032,Wandsworth,1993-94,320,280,0,600,260,180,0,430
E09000033,Westminster,1993-94,320,130,0,450,160,50,0,220
E08000001,Bolton,1993-94,730,270,0,1010,640,350,0,990
E08000002,Bury,1993-94,350,70,0,420,450,110,0,550
E08000003,Manchester,1993-94,560,710,0,1270,410,680,0,1090
E08000004,Oldham,1993-94,380,120,0,510,330,130,0,460
E08000005,Rochdale,1993-94,630,170,0,800,410,190,0,600
E08000006,Salford,1993-94,740,100,0,830,750,150,0,900
E08000007,Stockport,1993-94,240,170,0,410,250,190,0,440
E08000008,Tameside,1993-94,340,100,0,440,250,210,0,470
E08000009,Trafford,1993-94,620,50,0,670,450,70,0,510
E08000010,Wigan,1993-94,910,30,0,940,770,40,0,810
E08000011,Knowsley,1993-94,570,110,0,680,540,160,0,700
E08000012,Liverpool,1993-94,1300,1030,0,2330,1300,700,0,2000
E08000014,Sefton,1993-94,300,220,10,530,350,230,0,570
E08000013,St. Helens,1993-94,510,250,0,760,620,170,0,790
E08000015,Wirral,1993-94,510,180,0,690,470,140,0,610
E08000016,Barnsley,1993-94,550,70,0,620,570,70,0,640
E08000017,Doncaster,1993-94,680,150,0,830,540,120,0,660
E08000018,Rotherham,1993-94,360,170,0,530,420,180,0,600
E08000019,Sheffield,1993-94,550,450,0,990,480,460,0,940
E08000037,Gateshead,1993-94,330,100,0,440,400,110,0,510
E08000021,Newcastle upon Tyne,1993-94,320,210,0,520,260,180,0,450
E08000022,North Tyneside,1993-94,480,140,0,630,500,250,0,750
E08000023,South Tyneside,1993-94,280,100,10,380,300,110,0,410
E08000024,Sunderland,1993-94,440,200,0,640,420,170,0,590
E08000025,Birmingham,1993-94,820,1150,60,2030,860,600,40,1500
E08000026,Coventry,1993-94,300,70,30,400,260,70,0,330
E08000027,Dudley,1993-94,480,50,0,530,880,60,0,940
E08000028,Sandwell,1993-94,700,120,40,850,520,150,0,660
E08000029,Solihull,1993-94,370,50,60,480,450,10,10,470
E08000030,Walsall,1993-94,220,270,0,490,200,200,30,440
E08000031,Wolverhampton,1993-94,450,160,0,620,200,170,0,360
E08000032,Bradford,1993-94,780,220,0,1000,740,200,0,940
E08000033,Calderdale,1993-94,200,100,0,300,210,90,0,290
E08000034,Kirklees,1993-94,1020,70,0,1080,730,140,0,870
E08000035,Leeds,1993-94,1400,630,0,2030,1560,540,10,2110
E08000036,Wakefield,1993-94,620,200,0,820,510,140,0,660
E07000002,Bedford,1993-94,580,70,0,650,620,250,0,870
E07000001,Mid Bedfordshire,1993-94,510,70,0,580,570,120,0,690
E07000003,South Bedfordshire,1993-94,630,0,0,630,580,0,0,580
E07000004,Aylesbury Vale,1993-94,570,30,0,600,980,0,0,980
E07000005,Chiltern,1993-94,60,60,0,120,80,60,0,130
E07000006,South Bucks,1993-94,130,80,0,210,220,90,0,310
E07000007,Wycombe,1993-94,210,220,0,430,220,100,0,310
E07000008,Cambridge,1993-94,210,140,0,350,490,100,10,590
E07000009,East Cambridgeshire,1993-94,290,60,0,340,330,0,0,330
E07000010,Fenland,1993-94,450,110,10,570,500,60,20,590
E07000011,Huntingdonshire,1993-94,690,100,0,780,650,90,0,740
E07000012,South Cambridgeshire,1993-94,370,30,40,440,320,20,40,370
E07000013,Chester,1993-94,290,20,40,350,240,30,10,270
E07000014,Congleton,1993-94,490,0,0,490,360,30,0,390
E07000015,Crewe and Nantwich,1993-94,280,20,0,300,280,50,0,330
E07000016,Ellesmere Port & Neston,1993-94,270,0,0,270,300,0,0,300
E07000017,Macclesfield,1993-94,300,20,0,320,390,20,0,410
E07000018,Vale Royal,1993-94,320,60,0,380,380,100,0,490
E07000019,Caradon,1993-94,290,0,0,290,230,0,0,230
E07000020,Carrick,1993-94,120,50,0,170,60,80,0,140
E07000021,Kerrier,1993-94,170,0,0,180,310,0,0,310
E07000022,North Cornwall,1993-94,170,30,0,200,200,50,0,240
E07000023,Penwith,1993-94,60,10,0,70,50,20,0,60
E07000024,Restormel,1993-94,230,80,0,310,280,50,0,330
E07000026,Allerdale,1993-94,220,60,0,280,140,20,0,160
E07000027,Barrow-in-Furness,1993-94,70,30,0,100,120,20,0,140
E07000028,Carlisle,1993-94,270,110,0,380,230,60,0,300
E07000029,Copeland,1993-94,150,40,0,190,140,50,0,180
E07000030,Eden,1993-94,170,10,0,180,150,20,0,180
E07000031,South Lakeland,1993-94,330,70,0,400,240,110,0,350
E07000032,Amber Valley,1993-94,480,30,0,510,370,0,0,370
E07000033,Bolsover,1993-94,230,40,0,270,160,100,0,260
E07000034,Chesterfield,1993-94,270,50,0,320,220,30,0,260
E07000035,Derbyshire Dales,1993-94,130,20,0,150,210,10,0,220
E07000036,Erewash,1993-94,250,80,0,330,230,50,20,290
E07000037,High Peak,1993-94,210,60,0,270,190,30,0,220
E07000038,North East Derbyshire,1993-94,200,0,0,200,190,0,0,190
E07000039,South Derbyshire,1993-94,340,100,0,430,290,50,0,340
E07000040,East Devon,1993-94,450,20,0,470,220,60,0,280
E07000041,Exeter,1993-94,240,0,0,240,240,0,0,240
E07000042,Mid Devon,1993-94,140,50,10,200,160,10,10,180
E07000043,North Devon,1993-94,190,0,0,190,240,30,0,270
E07000044,South Hams,1993-94,260,60,10,330,220,110,10,340
E07000045,Teignbridge,1993-94,490,80,0,570,560,120,0,680
E07000046,Torridge,1993-94,170,80,0,250,150,30,0,180
E07000047,West Devon,1993-94,80,0,0,80,180,0,0,180
E07000048,Christchurch,1993-94,230,60,0,290,180,0,0,190
E07000049,East Dorset,1993-94,240,70,0,300,340,0,0,340
E07000050,North Dorset,1993-94,270,40,0,310,290,70,0,360
E07000051,Purbeck,1993-94,130,40,0,170,100,50,50,200
E07000052,West Dorset,1993-94,420,30,0,440,340,0,0,340
E07000053,Weymouth and Portland,1993-94,140,40,0,180,80,110,0,190
E07000054,Chester-le-Street,1993-94,420,20,0,430,340,10,0,350
E07000056,County Durham,1993-94,250,20,20,290,210,10,20,240
E07000055,Derwentside,1993-94,180,20,0,200,120,10,0,140
E07000057,Easington,1993-94,130,0,0,130,100,0,0,100
E07000058,Sedgefield,1993-94,230,50,0,280,200,30,0,220
E07000059,Teesdale,1993-94,90,0,0,100,60,20,0,80
E07000060,Wear Valley,1993-94,150,10,0,160,100,0,0,100
E07000061,Eastbourne,1993-94,160,90,0,260,110,120,0,230
E07000062,Hastings,1993-94,130,80,0,210,70,140,0,210
E07000063,Lewes,1993-94,80,0,10,90,100,30,20,140
E07000064,Rother,1993-94,250,30,0,270,280,90,0,370
E07000065,Wealden,1993-94,370,10,0,390,480,10,0,500
E07000066,Basildon,1993-94,770,310,0,1090,680,280,0,960
E07000067,Braintree,1993-94,340,10,0,340,230,0,0,230
E07000068,Brentwood,1993-94,120,70,0,190,80,90,0,170
E07000069,Castle Point,1993-94,190,50,0,240,140,30,0,170
E07000070,Chelmsford,1993-94,340,140,0,480,370,180,0,550
E07000071,Colchester,1993-94,450,230,0,680,570,170,0,740
E07000072,Epping Forest,1993-94,350,160,0,510,260,110,0,370
E07000073,Harlow,1993-94,330,20,0,340,200,70,0,270
E07000074,Maldon,1993-94,240,0,0,240,230,20,0,250
E07000075,Rochford,1993-94,230,80,0,310,240,70,0,320
E07000076,Tendring,1993-94,220,180,0,400,230,80,0,310
E07000077,Uttlesford,1993-94,250,80,0,320,170,50,0,220
E07000078,Cheltenham,1993-94,180,50,0,220,140,60,0,200
E07000079,Cotswold,1993-94,340,100,10,450,330,60,10,400
E07000080,Forest of Dean,1993-94,190,30,0,220,190,120,0,300
E07000081,Gloucester,1993-94,550,60,0,610,420,40,0,460
E07000082,Stroud,1993-94,240,30,0,260,450,20,0,470
E07000083,Tewkesbury,1993-94,400,50,10,460,440,10,0,440
E07000084,Basingstoke and Deane,1993-94,400,170,0,570,380,120,0,510
E07000085,East Hampshire,1993-94,300,20,0,310,320,20,0,330
E07000086,Eastleigh,1993-94,550,140,0,690,590,50,0,640
E07000087,Fareham,1993-94,360,50,110,520,420,0,160,570
E07000088,Gosport,1993-94,120,20,20,150,40,50,30,120
E07000089,Hart,1993-94,260,0,0,260,270,0,0,270
E07000090,Havant,1993-94,90,60,0,140,110,80,0,200
E07000091,New Forest,1993-94,520,90,0,600,670,140,0,810
E07000092,Rushmoor,1993-94,250,30,0,280,170,90,0,260
E07000093,Test Valley,1993-94,290,0,30,320,180,40,20,240
E07000094,Winchester,1993-94,500,110,0,610,340,80,0,420
E07000095,Broxbourne,1993-94,190,50,0,240,210,60,0,270
E07000096,Dacorum,1993-94,500,20,0,520,270,20,0,290
E07000242,East Hertfordshire,1993-94,730,140,20,890,530,110,0,640
E07000098,Hertsmere,1993-94,400,30,-10,430,380,30,0,410
E07000099,North Hertfordshire,1993-94,360,30,0,380,450,20,0,470
E07000240,St Albans,1993-94,290,20,0,310,250,70,0,320
E07000243,Stevenage,1993-94,500,0,0,500,400,80,0,480
E07000102,Three Rivers,1993-94,180,0,0,180,120,0,0,120
E07000103,Watford,1993-94,530,80,0,610,230,10,0,240
E07000241,Welwyn Hatfield,1993-94,250,70,0,320,120,70,0,190
E07000105,Ashford,1993-94,180,80,10,270,190,20,0,210
E07000106,Canterbury,1993-94,160,90,0,250,110,30,0,140
E07000107,Dartford,1993-94,210,70,0,280,480,120,0,600
E07000108,Dover,1993-94,140,110,0,250,140,40,0,180
E07000112,Folkestone and Hythe,1993-94,160,30,0,190,200,0,0,200
E07000109,Gravesham,1993-94,-30,50,0,20,90,30,0,120
E07000110,Maidstone,1993-94,220,50,0,270,240,70,0,310
E07000111,Sevenoaks,1993-94,120,10,0,130,110,110,0,220
E07000113,Swale,1993-94,230,120,0,350,190,210,0,410
E07000114,Thanet,1993-94,220,100,0,320,240,120,10,360
E07000115,Tonbridge and Malling,1993-94,340,40,0,380,310,30,0,340
E07000116,Tunbridge Wells,1993-94,180,170,0,350,150,80,0,230
E07000117,Burnley,1993-94,150,110,0,260,180,60,0,250
E07000118,Chorley,1993-94,160,0,0,160,140,0,0,140
E07000119,Fylde,1993-94,290,10,0,300,340,40,0,380
E07000120,Hyndburn,1993-94,210,40,0,250,170,20,0,200
E07000121,Lancaster,1993-94,370,10,0,380,370,0,10,370
E07000122,Pendle,1993-94,90,70,0,160,120,100,0,220
E07000123,Preston,1993-94,420,90,0,500,450,70,0,520
E07000124,Ribble Valley,1993-94,210,20,0,230,160,0,0,160
E07000125,Rossendale,1993-94,90,0,0,90,150,30,0,180
E07000126,South Ribble,1993-94,230,0,0,230,220,0,0,220
E07000127,West Lancashire,1993-94,190,0,0,190,130,0,0,130
E07000128,Wyre,1993-94,250,90,0,340,300,110,0,410
E07000129,Blaby,1993-94,450,60,0,510,510,0,0,510
E07000130,Charnwood,1993-94,530,60,0,590,450,100,0,550
E07000131,Harborough,1993-94,380,60,0,440,360,60,30,450
E07000132,Hinckley and Bosworth,1993-94,440,0,0,440,350,0,0,350
E07000133,Melton,1993-94,170,0,0,170,100,0,0,100
E07000134,North West Leicestershire,1993-94,480,20,0,510,380,0,0,380
E07000135,Oadby and Wigston,1993-94,110,30,0,140,80,30,0,110
E07000136,Boston,1993-94,150,20,0,170,140,30,10,180
E07000137,East Lindsey,1993-94,440,60,0,500,670,120,0,790
E07000138,Lincoln,1993-94,120,60,0,180,200,60,0,260
E07000139,North Kesteven,1993-94,570,20,10,590,500,70,10,580
E07000140,South Holland,1993-94,640,0,0,640,490,0,0,490
E07000141,South Kesteven,1993-94,870,100,0,970,860,70,0,930
E07000142,West Lindsey,1993-94,300,30,0,330,220,30,0,240
E07000143,Breckland,1993-94,460,50,0,500,570,60,0,630
E07000144,Broadland,1993-94,810,100,0,900,790,130,0,920
E07000145,Great Yarmouth,1993-94,280,20,0,300,240,10,0,250
E07000146,King's Lynn and West Norfolk,1993-94,1000,220,10,1230,580,180,20,780
E07000147,North Norfolk,1993-94,560,20,0,580,600,70,0,670
E07000148,Norwich,1993-94,50,150,0,200,120,80,0,190
E07000149,South Norfolk,1993-94,500,20,10,530,790,20,0,810
E07000150,Corby,1993-94,120,80,0,200,160,90,0,250
E07000151,Daventry,1993-94,430,10,0,440,310,0,0,310
E07000152,East Northamptonshire,1993-94,280,20,0,300,200,20,0,210
E07000153,Kettering,1993-94,390,110,0,500,360,60,0,410
E07000154,Northampton,1993-94,740,30,0,770,900,40,0,940
E07000155,South Northamptonshire,1993-94,300,70,0,370,240,30,0,270
E07000156,Wellingborough,1993-94,170,20,0,200,190,50,0,240
E07000157,Alnwick,1993-94,80,50,0,130,70,60,0,120
E07000158,Berwick-upon-Tweed,1993-94,60,40,0,100,60,10,0,60
E07000159,Blyth Valley,1993-94,300,0,0,300,280,0,0,280
E07000160,Castle Morpeth,1993-94,100,0,0,100,90,0,0,90
E07000161,Tynedale,1993-94,50,30,0,90,80,60,10,160
E07000162,Wansbeck,1993-94,180,0,0,180,140,0,0,140
E07000163,Craven,1993-94,100,100,0,200,90,80,0,170
E07000164,Hambleton,1993-94,540,30,0,570,420,30,20,460
E07000166,Richmondshire,1993-94,110,0,0,110,100,10,0,120
E07000168,Scarborough,1993-94,180,60,0,230,190,50,0,230
E07000170,Ashfield,1993-94,330,70,0,400,290,20,0,310
E07000171,Bassetlaw,1993-94,230,70,0,300,310,40,0,340
E07000172,Broxtowe,1993-94,570,60,0,630,610,30,0,640
E07000173,Gedling,1993-94,200,50,0,250,250,90,0,340
E07000174,Mansfield,1993-94,200,180,0,380,220,100,0,320
E07000175,Newark and Sherwood,1993-94,260,0,0,270,280,0,0,280
E07000176,Rushcliffe,1993-94,290,40,20,340,290,0,30,310
E07000177,Cherwell,1993-94,580,90,0,660,630,40,20,680
E07000178,Oxford,1993-94,530,400,0,920,270,50,0,320
E07000179,South Oxfordshire,1993-94,650,90,0,740,940,200,0,1140
E07000180,Vale of White Horse,1993-94,290,10,0,300,300,20,0,320
E07000181,West Oxfordshire,1993-94,500,90,0,590,510,10,10,530
E07000182,Bridgnorth,1993-94,50,20,0,80,120,60,0,180
E07000188,Sedgemoor,1993-94,160,20,0,180,240,20,0,260
E07000185,Shrewsbury and Atcham,1993-94,370,30,0,400,260,20,20,300
E07000191,South Shropshire,1993-94,140,20,20,170,100,30,10,130
E07000189,South Somerset,1993-94,110,40,0,150,140,10,0,140
E07000187,Mendip,1993-94,250,10,0,260,180,30,0,210
E07000188,Sedgemoor,1993-94,200,30,0,230,140,40,0,190
E07000189,South Somerset,1993-94,370,110,0,480,270,130,0,390
E07000190,Taunton Deane,1993-94,210,190,0,400,250,70,10,330
E07000191,West Somerset,1993-94,80,20,0,100,70,40,0,110
E07000192,Cannock Chase,1993-94,270,0,0,270,290,40,0,330
E07000193,East Staffordshire,1993-94,430,70,0,510,400,80,0,480
E07000194,Lichfield,1993-94,230,40,40,310,260,20,20,310
E07000195,Newcastle-under-Lyme,1993-94,320,90,0,410,240,60,0,300
E07000196,South Staffordshire,1993-94,270,50,10,320,210,40,0,240
E07000197,Stafford,1993-94,540,10,0,550,540,50,0,590
E07000198,Staffordshire Moorlands,1993-94,310,0,0,320,290,10,0,300
E07000199,Tamworth,1993-94,270,90,0,350,270,50,0,310
E07000200,Babergh,1993-94,150,70,0,220,190,60,30,280
E07000201,Forest Heath,1993-94,240,50,0,290,200,10,10,220
E07000202,Ipswich,1993-94,80,90,10,170,110,120,10,240
E07000203,Mid Suffolk,1993-94,340,60,0,400,320,50,0,370
E07000204,St Edmundsbury,1993-94,460,20,0,480,470,30,60,570
E07000205,Suffolk Coastal,1993-94,590,60,0,650,450,150,0,600
E07000206,Waveney,1993-94,330,80,0,410,300,70,0,370
E07000207,Elmbridge,1993-94,540,120,0,660,510,60,0,570
E07000208,Epsom and Ewell,1993-94,60,50,0,110,90,20,0,110
E07000209,Guildford,1993-94,130,10,0,140,130,0,60,190
E07000210,Mole Valley,1993-94,140,0,0,140,120,0,0,120
E07000211,Reigate and Banstead,1993-94,410,140,0,550,430,30,0,460
E07000212,Runnymede,1993-94,150,90,0,230,50,40,0,90
E07000213,Spelthorne,1993-94,70,50,0,130,130,100,0,220
E07000214,Surrey Heath,1993-94,280,0,0,280,280,10,0,290
E07000215,Tandridge,1993-94,320,10,0,330,350,60,0,420
E07000216,Waverley,1993-94,250,30,0,280,180,20,10,200
E07000217,Woking,1993-94,160,20,0,180,260,50,0,310
E07000218,North Warwickshire,1993-94,280,0,10,290,210,0,10,230
E07000219,Nuneaton and Bedworth,1993-94,290,60,0,350,350,110,0,460
E07000220,Rugby,1993-94,270,50,0,320,160,20,0,180
E07000221,Stratford-on-Avon,1993-94,410,10,0,420,470,20,0,490
E07000222,Warwick,1993-94,310,10,0,320,190,0,0,190
E07000223,Adur,1993-94,30,70,0,90,50,30,0,80
E07000224,Arun,1993-94,240,220,0,460,300,150,0,450
E07000225,Chichester,1993-94,160,50,0,210,250,40,40,330
E07000226,Crawley,1993-94,610,0,50,660,430,30,110,570
E07000227,Horsham,1993-94,640,110,0,750,680,100,10,790
E07000228,Mid Sussex,1993-94,360,70,0,430,250,80,0,330
E07000229,Worthing,1993-94,110,0,0,110,80,0,0,80
E07000230,Kennet,1993-94,300,80,0,380,260,70,10,340
E07000231,North Wiltshire,1993-94,770,30,0,810,650,80,0,730
E07000232,Salisbury,1993-94,470,130,10,610,340,140,0,470
E07000233,West Wiltshire,1993-94,400,80,0,480,480,70,0,550
E07000234,Bromsgrove,1993-94,300,0,0,300,390,0,0,390
E07000236,Redditch,1993-94,180,0,0,180,120,60,0,180
E07000237,Worcester,1993-94,750,90,0,840,780,20,10,810
E07000238,Wychavon,1993-94,420,10,0,420,590,0,0,590
E07000239,Wyre Forest,1993-94,180,50,0,230,260,170,0,440
E06000053,Isles of Scilly,1994-95,0,0,0,0,0,0,0,0
E09000002,Barking and Dagenham,1994-95,230,10,10,250,210,50,30,290
E09000003,Barnet,1994-95,510,100,0,600,290,520,0,810
E09000004,Bexley,1994-95,210,110,0,310,380,170,0,550
E09000005,Brent,1994-95,110,220,0,330,320,130,0,450
E09000006,Bromley,1994-95,240,70,0,310,370,70,0,440
E09000007,Camden,1994-95,180,180,0,360,70,520,0,590
E09000001,City of London,1994-95,10,0,0,10,10,0,0,10
E09000008,Croydon,1994-95,160,340,0,500,380,650,0,1030
E09000009,Ealing,1994-95,230,130,0,370,250,70,0,310
E09000010,Enfield,1994-95,750,80,0,840,930,240,0,1170
E09000011,Greenwich,1994-95,370,110,0,480,210,130,0,330
E09000012,Hackney,1994-95,50,670,30,750,140,200,80,420
E09000013,Hammersmith and Fulham,1994-95,70,10,0,90,130,20,0,150
E09000014,Haringey,1994-95,130,280,0,410,150,340,0,480
E09000015,Harrow,1994-95,110,0,0,110,210,50,0,260
E09000016,Havering,1994-95,210,10,0,220,270,110,0,370
E09000017,Hillingdon,1994-95,470,90,0,560,550,180,10,740
E09000018,Hounslow,1994-95,1720,20,0,1740,410,10,0,420
E09000019,Islington,1994-95,20,130,0,160,30,200,10,230
E09000020,Kensington and Chelsea,1994-95,20,430,0,440,80,50,0,130
E09000021,Kingston upon Thames,1994-95,340,0,0,340,150,20,0,170
E09000022,Lambeth,1994-95,20,400,0,430,110,280,0,390
E09000023,Lewisham,1994-95,210,270,0,480,120,120,0,240
E09000024,Merton,1994-95,550,30,0,580,480,30,0,510
E09000025,Newham,1994-95,180,120,0,300,190,120,0,310
E09000026,Redbridge,1994-95,660,80,0,740,330,40,0,370
E09000027,Richmond upon Thames,1994-95,350,130,0,480,360,90,0,450
E09000028,Southwark,1994-95,370,200,0,570,1250,220,60,1530
E09000029,Sutton,1994-95,540,290,0,830,520,120,0,630
E09000030,Tower Hamlets,1994-95,100,100,10,210,200,230,30,450
E09000031,Waltham Forest,1994-95,70,630,0,700,30,120,0,140
E09000032,Wandsworth,1994-95,210,10,0,220,210,160,0,380
E09000033,Westminster,1994-95,340,620,0,960,160,190,0,350
E08000001,Bolton,1994-95,780,260,0,1040,720,250,0,980
E08000002,Bury,1994-95,440,60,0,500,390,110,0,500
E08000003,Manchester,1994-95,680,1180,0,1860,510,940,0,1450
E08000004,Oldham,1994-95,420,50,0,470,330,60,0,390
E08000005,Rochdale,1994-95,670,150,0,810,710,160,0,870
E08000006,Salford,1994-95,740,120,0,860,820,60,0,880
E08000007,Stockport,1994-95,260,130,0,390,290,130,0,420
E08000008,Tameside,1994-95,290,90,0,370,420,60,0,470
E08000009,Trafford,1994-95,360,190,0,550,540,70,0,610
E08000010,Wigan,1994-95,990,20,0,1010,940,30,0,970
E08000011,Knowsley,1994-95,750,120,0,870,660,80,0,740
E08000012,Liverpool,1994-95,1120,310,0,1430,1240,550,0,1790
E08000014,Sefton,1994-95,330,150,0,480,370,170,10,550
E08000013,St. Helens,1994-95,460,40,0,500,450,240,0,690
E08000015,Wirral,1994-95,360,140,0,500,430,190,0,610
E08000016,Barnsley,1994-95,700,50,0,740,600,60,0,660
E08000017,Doncaster,1994-95,670,160,0,830,600,160,0,760
E08000018,Rotherham,1994-95,550,50,0,600,520,90,0,610
E08000019,Sheffield,1994-95,1010,140,0,1150,510,90,0,590
E08000037,Gateshead,1994-95,260,70,0,330,370,90,0,460
E08000021,Newcastle upon Tyne,1994-95,450,100,0,540,490,160,0,650
E08000022,North Tyneside,1994-95,810,180,0,990,920,140,0,1060
E08000023,South Tyneside,1994-95,270,50,0,320,200,130,0,330
E08000024,Sunderland,1994-95,430,90,0,520,300,130,0,430
E08000025,Birmingham,1994-95,1130,1140,40,2320,1240,1540,50,2830
E08000026,Coventry,1994-95,430,40,0,470,390,100,0,490
E08000027,Dudley,1994-95,420,10,0,420,1320,60,0,1380
E08000028,Sandwell,1994-95,670,60,10,730,620,150,40,810
E08000029,Solihull,1994-95,640,100,0,740,470,120,50,640
E08000030,Walsall,1994-95,270,210,0,480,210,210,0,420
E08000031,Wolverhampton,1994-95,280,200,0,480,300,100,0,400
E08000032,Bradford,1994-95,940,370,0,1310,840,340,0,1190
E08000033,Calderdale,1994-95,270,130,0,400,220,160,0,380
E08000034,Kirklees,1994-95,850,150,0,1000,1010,70,0,1070
E08000035,Leeds,1994-95,1580,690,0,2280,1500,690,0,2180
E08000036,Wakefield,1994-95,940,190,10,1130,790,170,0,960
E07000002,Bedford,1994-95,490,130,0,620,500,80,0,580
E07000001,Mid Bedfordshire,1994-95,690,90,0,780,600,60,0,670
E07000003,South Bedfordshire,1994-95,270,130,0,400,470,80,0,550
E07000004,Aylesbury Vale,1994-95,760,0,0,760,1290,40,0,1330
E07000005,Chiltern,1994-95,170,30,0,200,100,30,0,130
E07000006,South Bucks,1994-95,140,30,0,160,160,70,0,230
E07000007,Wycombe,1994-95,220,80,0,300,170,140,0,310
E07000008,Cambridge,1994-95,230,80,0,310,170,60,0,230
E07000009,East Cambridgeshire,1994-95,430,20,0,450,400,70,0,470
E07000010,Fenland,1994-95,340,40,0,380,440,60,0,500
E07000011,Huntingdonshire,1994-95,710,220,0,930,600,120,0,730
E07000012,South Cambridgeshire,1994-95,410,50,30,490,340,50,50,450
E07000013,Chester,1994-95,250,30,0,280,530,110,40,670
E07000014,Congleton,1994-95,510,0,0,510,380,0,0,380
E07000015,Crewe and Nantwich,1994-95,430,60,0,490,410,30,0,440
E07000016,Ellesmere Port & Neston,1994-95,240,0,0,240,240,0,0,240
E07000017,Macclesfield,1994-95,520,30,0,560,270,0,0,270
E07000018,Vale Royal,1994-95,550,50,0,590,280,20,0,300
E07000019,Caradon,1994-95,230,0,0,230,100,0,0,100
E07000020,Carrick,1994-95,270,160,0,430,80,100,0,180
E07000021,Kerrier,1994-95,70,0,0,70,180,0,0,190
E07000022,North Cornwall,1994-95,210,80,0,290,220,90,0,310
E07000023,Penwith,1994-95,40,30,0,70,50,10,0,70
E07000024,Restormel,1994-95,180,40,0,210,210,80,0,290
E07000026,Allerdale,1994-95,270,100,0,370,220,160,0,390
E07000027,Barrow-in-Furness,1994-95,40,30,0,80,90,70,0,160
E07000028,Carlisle,1994-95,240,80,0,320,330,110,0,440
E07000029,Copeland,1994-95,210,120,0,330,130,40,0,170
E07000030,Eden,1994-95,210,20,0,230,270,30,10,300
E07000031,South Lakeland,1994-95,290,60,0,350,250,60,0,310
E07000032,Amber Valley,1994-95,490,0,0,500,480,20,0,500
E07000033,Bolsover,1994-95,250,100,0,350,260,100,0,360
E07000034,Chesterfield,1994-95,190,0,0,190,300,70,0,360
E07000035,Derbyshire Dales,1994-95,140,30,0,170,200,0,0,200
E07000036,Erewash,1994-95,300,90,0,400,280,60,0,340
E07000037,High Peak,1994-95,280,50,0,320,120,60,0,180
E07000038,North East Derbyshire,1994-95,410,0,0,410,270,0,0,270
E07000039,South Derbyshire,1994-95,420,40,0,460,360,80,0,440
E07000040,East Devon,1994-95,450,190,0,640,380,60,0,450
E07000041,Exeter,1994-95,220,0,0,220,230,0,0,230
E07000042,Mid Devon,1994-95,200,20,0,220,170,40,0,210
E07000043,North Devon,1994-95,220,60,0,280,180,10,0,180
E07000044,South Hams,1994-95,300,140,0,440,320,50,10,380
E07000045,Teignbridge,1994-95,470,110,0,580,490,60,0,550
E07000046,Torridge,1994-95,180,110,0,280,150,60,0,220
E07000047,West Devon,1994-95,150,40,0,190,310,10,0,310
E07000048,Christchurch,1994-95,150,0,0,150,150,60,0,210
E07000049,East Dorset,1994-95,290,30,0,320,240,20,0,250
E07000050,North Dorset,1994-95,330,20,0,350,360,0,0,370
E07000051,Purbeck,1994-95,130,20,0,150,110,20,0,130
E07000052,West Dorset,1994-95,280,0,0,280,220,40,0,260
E07000053,Weymouth and Portland,1994-95,120,20,0,140,160,0,0,160
E07000054,Chester-le-Street,1994-95,480,0,0,480,420,10,0,430
E07000056,County Durham,1994-95,260,10,20,290,170,0,20,190
E07000055,Derwentside,1994-95,100,0,0,110,160,10,0,180
E07000057,Easington,1994-95,120,0,0,120,170,0,0,170
E07000058,Sedgefield,1994-95,230,20,0,240,220,60,0,280
E07000059,Teesdale,1994-95,60,50,0,100,100,0,0,100
E07000060,Wear Valley,1994-95,140,0,0,140,120,10,0,140
E07000061,Eastbourne,1994-95,360,60,0,420,170,140,0,310
E07000062,Hastings,1994-95,50,30,0,80,30,30,0,70
E07000063,Lewes,1994-95,140,40,0,170,470,40,0,510
E07000064,Rother,1994-95,230,120,0,350,200,20,0,220
E07000065,Wealden,1994-95,810,0,0,810,500,0,0,510
E07000066,Basildon,1994-95,1030,200,0,1230,1000,120,0,1120
E07000067,Braintree,1994-95,540,50,0,590,500,10,0,510
E07000068,Brentwood,1994-95,90,10,0,90,90,70,0,150
E07000069,Castle Point,1994-95,130,40,0,180,200,80,0,270
E07000070,Chelmsford,1994-95,220,240,0,450,480,180,0,660
E07000071,Colchester,1994-95,480,160,0,640,470,170,0,640
E07000072,Epping Forest,1994-95,300,80,0,370,280,100,0,390
E07000073,Harlow,1994-95,540,120,0,650,380,70,0,460
E07000074,Maldon,1994-95,230,0,0,230,250,0,0,250
E07000075,Rochford,1994-95,310,0,10,320,260,60,0,320
E07000076,Tendring,1994-95,300,60,0,360,340,110,0,440
E07000077,Uttlesford,1994-95,330,80,0,410,330,80,0,410
E07000078,Cheltenham,1994-95,250,20,90,360,250,70,0,320
E07000079,Cotswold,1994-95,240,80,30,350,260,90,20,380
E07000080,Forest of Dean,1994-95,220,40,0,260,150,0,0,150
E07000081,Gloucester,1994-95,380,100,0,480,480,10,0,490
E07000082,Stroud,1994-95,350,160,0,510,160,110,0,260
E07000083,Tewkesbury,1994-95,230,0,0,230,640,40,0,680
E07000084,Basingstoke and Deane,1994-95,280,110,0,380,330,140,0,480
E07000085,East Hampshire,1994-95,440,10,0,450,380,20,0,410
E07000086,Eastleigh,1994-95,380,100,0,470,380,80,0,450
E07000087,Fareham,1994-95,450,30,0,470,480,60,0,540
E07000088,Gosport,1994-95,440,230,0,680,370,180,10,560
E07000089,Hart,1994-95,270,10,0,270,240,0,0,240
E07000090,Havant,1994-95,220,60,0,280,90,100,0,190
E07000091,New Forest,1994-95,510,180,0,690,490,180,0,670
E07000092,Rushmoor,1994-95,300,120,0,420,280,90,0,370
E07000093,Test Valley,1994-95,490,60,0,550,300,30,20,350
E07000094,Winchester,1994-95,330,20,0,350,510,50,0,550
E07000095,Broxbourne,1994-95,220,50,0,270,100,40,0,140
E07000096,Dacorum,1994-95,300,50,0,340,410,40,0,450
E07000242,East Hertfordshire,1994-95,700,30,20,740,700,110,20,820
E07000098,Hertsmere,1994-95,350,30,0,380,430,50,0,470
E07000099,North Hertfordshire,1994-95,390,0,0,390,390,0,0,390
E07000240,St Albans,1994-95,280,170,0,450,300,50,0,350
E07000243,Stevenage,1994-95,470,100,0,570,430,0,0,430
E07000102,Three Rivers,1994-95,230,0,0,230,190,0,0,190
E07000103,Watford,1994-95,340,160,0,500,300,100,0,400
E07000241,Welwyn Hatfield,1994-95,240,0,0,240,320,60,0,380
E07000105,Ashford,1994-95,500,40,0,540,300,90,10,400
E07000106,Canterbury,1994-95,130,100,0,230,170,50,30,240
E07000107,Dartford,1994-95,80,70,0,150,200,120,0,320
E07000108,Dover,1994-95,150,60,0,210,130,120,0,250
E07000112,Folkestone and Hythe,1994-95,150,10,0,160,60,10,0,70
E07000109,Gravesham,1994-95,160,30,0,180,120,50,0,170
E07000110,Maidstone,1994-95,410,110,0,520,250,50,0,300
E07000111,Sevenoaks,1994-95,170,20,0,200,100,20,0,120
E07000113,Swale,1994-95,200,150,0,350,160,40,0,200
E07000114,Thanet,1994-95,140,90,0,230,130,100,0,230
E07000115,Tonbridge and Malling,1994-95,320,230,0,550,390,110,0,510
E07000116,Tunbridge Wells,1994-95,150,90,0,230,110,180,0,290
E07000117,Burnley,1994-95,230,60,0,290,210,60,0,260
E07000118,Chorley,1994-95,310,0,0,310,210,0,0,210
E07000119,Fylde,1994-95,230,50,0,280,330,20,0,350
E07000120,Hyndburn,1994-95,290,30,0,320,160,20,0,180
E07000121,Lancaster,1994-95,490,40,0,530,400,30,0,430
E07000122,Pendle,1994-95,150,40,0,190,140,40,0,180
E07000123,Preston,1994-95,390,30,0,420,410,90,0,500
E07000124,Ribble Valley,1994-95,300,10,0,310,240,20,0,260
E07000125,Rossendale,1994-95,40,60,0,90,190,40,0,230
E07000126,South Ribble,1994-95,270,20,0,290,210,0,0,210
E07000127,West Lancashire,1994-95,350,0,0,350,200,0,0,200
E07000128,Wyre,1994-95,230,30,0,270,190,90,0,270
E07000129,Blaby,1994-95,330,0,0,330,400,70,0,470
E07000130,Charnwood,1994-95,630,90,0,720,570,50,0,630
E07000131,Harborough,1994-95,360,20,0,390,370,0,0,380
E07000132,Hinckley and Bosworth,1994-95,340,0,0,340,470,0,0,470
E07000133,Melton,1994-95,130,10,0,140,250,0,0,250
E07000134,North West Leicestershire,1994-95,310,40,0,350,420,40,0,460
E07000135,Oadby and Wigston,1994-95,110,0,0,110,50,10,0,60
E07000136,Boston,1994-95,210,20,0,230,190,40,0,230
E07000137,East Lindsey,1994-95,430,40,0,470,470,20,0,490
E07000138,Lincoln,1994-95,200,30,0,230,140,70,0,200
E07000139,North Kesteven,1994-95,550,70,0,620,540,20,0,560
E07000140,South Holland,1994-95,490,0,0,490,510,0,0,510
E07000141,South Kesteven,1994-95,790,70,0,860,900,70,0,980
E07000142,West Lindsey,1994-95,280,20,0,290,270,50,0,320
E07000143,Breckland,1994-95,550,80,0,630,450,40,0,490
E07000144,Broadland,1994-95,790,70,0,860,780,70,0,850
E07000145,Great Yarmouth,1994-95,240,70,0,310,280,30,0,310
E07000146,King's Lynn and West Norfolk,1994-95,710,110,0,820,660,190,0,840
E07000147,North Norfolk,1994-95,550,0,0,550,780,0,0,780
E07000148,Norwich,1994-95,60,120,0,180,40,70,0,110
E07000149,South Norfolk,1994-95,730,20,0,750,460,10,0,470
E07000150,Corby,1994-95,130,200,0,340,120,180,0,300
E07000151,Daventry,1994-95,370,80,0,450,490,30,0,520
E07000152,East Northamptonshire,1994-95,340,30,0,370,380,20,0,400
E07000153,Kettering,1994-95,300,10,0,300,300,50,0,350
E07000154,Northampton,1994-95,960,140,10,1110,1050,90,0,1140
E07000155,South Northamptonshire,1994-95,320,80,0,410,290,80,0,370
E07000156,Wellingborough,1994-95,270,100,0,370,200,50,0,250
E07000157,Alnwick,1994-95,80,0,0,80,50,20,0,70
E07000158,Berwick-upon-Tweed,1994-95,60,20,0,80,40,30,0,70
E07000159,Blyth Valley,1994-95,340,0,0,340,340,0,0,340
E07000160,Castle Morpeth,1994-95,110,0,0,110,100,0,0,100
E07000161,Tynedale,1994-95,100,40,0,140,80,60,0,140
E07000162,Wansbeck,1994-95,190,40,0,230,160,0,0,160
E07000163,Craven,1994-95,80,20,0,100,90,90,0,180
E07000164,Hambleton,1994-95,410,100,0,500,450,40,0,490
E07000166,Richmondshire,1994-95,50,10,0,60,60,0,0,60
E07000168,Scarborough,1994-95,250,70,0,320,150,40,0,190
E07000170,Ashfield,1994-95,360,100,0,460,350,60,0,410
E07000171,Bassetlaw,1994-95,320,30,0,350,370,90,0,460
E07000172,Broxtowe,1994-95,310,0,0,310,340,40,0,380
E07000173,Gedling,1994-95,220,90,0,310,210,50,0,260
E07000174,Mansfield,1994-95,220,60,0,280,210,120,0,320
E07000175,Newark and Sherwood,1994-95,250,150,0,400,260,30,0,290
E07000176,Rushcliffe,1994-95,350,60,30,430,320,90,20,420
E07000177,Cherwell,1994-95,700,40,0,740,660,50,0,710
E07000178,Oxford,1994-95,410,120,10,530,440,310,0,740
E07000179,South Oxfordshire,1994-95,680,70,0,750,1080,60,0,1150
E07000180,Vale of White Horse,1994-95,250,10,10,270,310,0,0,310
E07000181,West Oxfordshire,1994-95,370,40,0,420,430,100,0,520
E07000182,Bridgnorth,1994-95,80,20,0,100,120,30,0,140
E07000188,Sedgemoor,1994-95,130,10,0,140,240,10,0,250
E07000185,Shrewsbury and Atcham,1994-95,230,20,0,250,280,40,10,330
E07000191,South Shropshire,1994-95,130,40,0,180,90,50,10,150
E07000189,South Somerset,1994-95,220,20,0,240,150,50,0,200
E07000187,Mendip,1994-95,430,10,0,440,230,20,0,250
E07000188,Sedgemoor,1994-95,220,40,0,260,230,50,0,270
E07000189,South Somerset,1994-95,610,90,0,710,470,60,0,520
E07000190,Taunton Deane,1994-95,390,70,0,450,180,150,0,330
E07000191,West Somerset,1994-95,90,10,0,100,90,10,0,100
E07000192,Cannock Chase,1994-95,320,0,0,320,320,0,0,320
E07000193,East Staffordshire,1994-95,470,80,0,550,320,80,0,400
E07000194,Lichfield,1994-95,400,30,0,440,310,70,30,410
E07000195,Newcastle-under-Lyme,1994-95,280,20,0,300,300,70,0,370
E07000196,South Staffordshire,1994-95,190,80,0,280,190,50,10,250
E07000197,Stafford,1994-95,480,120,0,600,460,90,0,560
E07000198,Staffordshire Moorlands,1994-95,250,0,0,250,320,0,0,320
E07000199,Tamworth,1994-95,320,10,0,330,300,50,0,340
E07000200,Babergh,1994-95,190,120,0,300,170,110,0,280
E07000201,Forest Heath,1994-95,220,0,0,220,240,20,0,260
E07000202,Ipswich,1994-95,90,30,0,120,70,110,0,180
E07000203,Mid Suffolk,1994-95,310,80,0,390,320,70,0,390
E07000204,St Edmundsbury,1994-95,360,120,0,480,340,40,0,380
E07000205,Suffolk Coastal,1994-95,540,50,0,590,520,50,0,570
E07000206,Waveney,1994-95,250,100,0,360,370,90,0,470
E07000207,Elmbridge,1994-95,440,60,0,500,390,110,0,500
E07000208,Epsom and Ewell,1994-95,80,20,0,90,90,30,0,120
E07000209,Guildford,1994-95,230,0,10,240,110,10,0,120
E07000210,Mole Valley,1994-95,120,20,0,140,160,10,0,160
E07000211,Reigate and Banstead,1994-95,360,0,0,360,440,110,0,550
E07000212,Runnymede,1994-95,360,20,0,380,150,50,0,200
E07000213,Spelthorne,1994-95,230,120,0,350,130,70,0,200
E07000214,Surrey Heath,1994-95,310,0,0,310,330,0,0,330
E07000215,Tandridge,1994-95,230,0,0,230,280,0,0,280
E07000216,Waverley,1994-95,240,20,0,260,190,30,0,230
E07000217,Woking,1994-95,200,110,0,300,110,0,0,110
E07000218,North Warwickshire,1994-95,280,0,0,280,230,0,0,230
E07000219,Nuneaton and Bedworth,1994-95,270,50,0,310,330,50,0,390
E07000220,Rugby,1994-95,240,60,0,290,170,20,10,200
E07000221,Stratford-on-Avon,1994-95,370,90,0,470,410,50,10,470
E07000222,Warwick,1994-95,500,10,0,510,340,20,0,360
E07000223,Adur,1994-95,30,10,0,40,30,30,0,70
E07000224,Arun,1994-95,190,100,0,290,310,290,0,600
E07000225,Chichester,1994-95,240,10,0,250,180,20,0,200
E07000226,Crawley,1994-95,640,60,10,710,710,0,20,730
E07000227,Horsham,1994-95,590,80,0,670,520,50,0,580
E07000228,Mid Sussex,1994-95,490,40,0,530,380,80,0,460
E07000229,Worthing,1994-95,120,0,0,120,80,0,0,80
E07000230,Kennet,1994-95,230,110,10,350,260,150,0,410
E07000231,North Wiltshire,1994-95,910,50,0,970,890,50,20,960
E07000232,Salisbury,1994-95,420,30,10,460,420,80,0,510
E07000233,West Wiltshire,1994-95,520,180,0,700,510,140,0,650
E07000234,Bromsgrove,1994-95,380,0,0,380,320,0,0,320
E07000236,Redditch,1994-95,180,10,0,190,200,0,0,200
E07000237,Worcester,1994-95,800,40,0,840,810,110,0,920
E07000238,Wychavon,1994-95,500,30,0,530,320,20,0,350
E07000239,Wyre Forest,1994-95,180,100,0,280,140,90,0,240
E06000046,Isle of Wight,1995-96,240,40,0,290,300,120,0,420
E06000053,Isles of Scilly,1995-96,0,0,0,0,0,0,0,0
E09000002,Barking and Dagenham,1995-96,50,10,0,60,120,0,0,120
E09000003,Barnet,1995-96,490,130,0,620,660,350,0,1010
E09000004,Bexley,1995-96,90,0,0,90,160,70,0,230
E09000005,Brent,1995-96,40,10,0,50,140,50,0,190
E09000006,Bromley,1995-96,310,100,0,410,350,150,0,510
E09000007,Camden,1995-96,220,120,0,340,160,140,0,300
E09000001,City of London,1995-96,10,0,0,10,0,0,0,0
E09000008,Croydon,1995-96,160,220,0,380,240,340,0,580
E09000009,Ealing,1995-96,90,0,0,90,220,110,0,330
E09000010,Enfield,1995-96,550,210,0,760,1740,140,0,1870
E09000011,Greenwich,1995-96,150,80,0,230,350,150,0,490
E09000012,Hackney,1995-96,30,280,0,310,110,530,0,640
E09000013,Hammersmith and Fulham,1995-96,20,0,0,20,130,20,0,150
E09000014,Haringey,1995-96,50,250,0,300,250,270,0,510
E09000015,Harrow,1995-96,80,20,0,90,180,0,0,180
E09000016,Havering,1995-96,160,40,0,200,220,10,0,230
E09000017,Hillingdon,1995-96,360,60,0,420,690,130,0,820
E09000018,Hounslow,1995-96,660,0,0,660,980,50,0,1030
E09000019,Islington,1995-96,150,60,0,220,30,60,0,80
E09000020,Kensington and Chelsea,1995-96,270,0,0,270,40,240,0,270
E09000021,Kingston upon Thames,1995-96,550,50,0,600,420,20,0,440
E09000022,Lambeth,1995-96,110,620,0,730,50,410,0,470
E09000023,Lewisham,1995-96,150,90,0,230,130,240,0,370
E09000024,Merton,1995-96,370,110,0,480,570,110,0,680
E09000025,Newham,1995-96,110,140,0,250,140,260,0,400
E09000026,Redbridge,1995-96,210,20,0,230,530,50,0,580
E09000027,Richmond upon Thames,1995-96,260,10,0,270,210,90,0,300
E09000028,Southwark,1995-96,330,140,0,470,980,310,50,1340
E09000029,Sutton,1995-96,520,120,0,640,460,280,0,740
E09000030,Tower Hamlets,1995-96,260,190,0,450,160,60,0,220
E09000031,Waltham Forest,1995-96,170,270,0,440,130,80,0,210
E09000032,Wandsworth,1995-96,210,0,0,210,320,80,0,400
E09000033,Westminster,1995-96,310,300,0,610,360,230,0,590
E08000001,Bolton,1995-96,890,240,0,1130,640,490,0,1130
E08000002,Bury,1995-96,400,80,0,480,370,30,0,390
E08000003,Manchester,1995-96,590,650,0,1240,720,1200,0,1930
E08000004,Oldham,1995-96,480,40,0,520,330,60,0,390
E08000005,Rochdale,1995-96,560,90,0,650,690,150,0,850
E08000006,Salford,1995-96,530,30,0,560,720,100,0,820
E08000007,Stockport,1995-96,280,210,0,490,230,120,0,350
E08000008,Tameside,1995-96,240,90,0,330,240,120,0,360
E08000009,Trafford,1995-96,240,70,0,310,280,210,0,480
E08000010,Wigan,1995-96,900,20,0,920,810,0,0,810
E08000011,Knowsley,1995-96,650,200,0,850,640,240,0,880
E08000012,Liverpool,1995-96,890,580,10,1480,960,570,0,1540
E08000014,Sefton,1995-96,280,170,10,460,300,180,0,480
E08000013,St. Helens,1995-96,500,80,0,580,450,20,0,470
E08000015,Wirral,1995-96,330,130,0,460,430,130,0,560
E08000016,Barnsley,1995-96,500,20,0,520,700,50,0,750
E08000017,Doncaster,1995-96,650,80,0,730,710,190,0,900
E08000018,Rotherham,1995-96,580,80,40,700,550,10,40,610
E08000019,Sheffield,1995-96,660,150,0,810,700,350,0,1050
E08000037,Gateshead,1995-96,280,70,0,350,210,100,0,310
E08000021,Newcastle upon Tyne,1995-96,150,80,0,220,390,190,0,580
E08000022,North Tyneside,1995-96,610,50,0,670,670,190,0,860
E08000023,South Tyneside,1995-96,280,50,0,330,290,0,0,300
E08000024,Sunderland,1995-96,340,170,0,510,330,90,0,420
E08000025,Birmingham,1995-96,620,540,-40,1130,660,680,40,1370
E08000026,Coventry,1995-96,400,10,0,400,470,60,0,530
E08000027,Dudley,1995-96,350,20,0,370,400,50,0,450
E08000028,Sandwell,1995-96,690,110,10,810,760,80,20,860
E08000029,Solihull,1995-96,310,80,0,400,500,40,0,540
E08000030,Walsall,1995-96,380,110,0,490,400,170,0,570
E08000031,Wolverhampton,1995-96,200,220,0,420,310,170,0,480
E08000032,Bradford,1995-96,950,460,0,1410,920,350,0,1260
E08000033,Calderdale,1995-96,260,100,0,360,270,90,0,360
E08000034,Kirklees,1995-96,950,140,0,1090,890,160,0,1050
E08000035,Leeds,1995-96,1240,580,0,1820,1390,780,0,2160
E08000036,Wakefield,1995-96,680,190,0,870,940,220,10,1160
E07000002,Bedford,1995-96,290,110,0,400,350,100,0,450
E07000001,Mid Bedfordshire,1995-96,560,110,0,670,660,110,0,770
E07000003,South Bedfordshire,1995-96,220,40,0,260,180,80,0,270
E07000004,Aylesbury Vale,1995-96,540,0,0,540,1220,0,0,1220
E07000005,Chiltern,1995-96,90,10,0,100,150,30,0,180
E07000006,South Bucks,1995-96,120,50,0,170,90,60,0,150
E07000007,Wycombe,1995-96,160,50,0,210,280,110,0,390
E07000008,Cambridge,1995-96,190,140,0,330,140,70,0,220
E07000009,East Cambridgeshire,1995-96,500,120,0,620,400,80,0,470
E07000010,Fenland,1995-96,260,50,0,310,330,90,0,420
E07000011,Huntingdonshire,1995-96,630,120,0,750,670,190,0,860
E07000012,South Cambridgeshire,1995-96,480,60,10,550,390,30,30,450
E07000013,Chester,1995-96,320,30,0,340,260,20,0,280
E07000014,Congleton,1995-96,350,0,0,350,270,0,0,270
E07000015,Crewe and Nantwich,1995-96,400,80,0,480,440,30,0,480
E07000016,Ellesmere Port & Neston,1995-96,210,0,0,210,220,0,0,220
E07000017,Macclesfield,1995-96,480,20,0,500,490,30,0,520
E07000018,Vale Royal,1995-96,540,130,0,670,550,100,0,650
E07000019,Caradon,1995-96,120,10,0,120,180,0,0,180
E07000020,Carrick,1995-96,170,120,0,280,150,120,0,270
E07000021,Kerrier,1995-96,120,30,0,150,160,0,0,160
E07000022,North Cornwall,1995-96,190,80,0,270,150,40,0,190
E07000023,Penwith,1995-96,40,50,0,90,40,10,0,50
E07000024,Restormel,1995-96,180,20,0,210,250,60,0,310
E07000026,Allerdale,1995-96,140,20,0,160,270,60,0,320
E07000027,Barrow-in-Furness,1995-96,40,20,0,60,70,20,0,90
E07000028,Carlisle,1995-96,230,60,0,290,260,50,0,310
E07000029,Copeland,1995-96,130,70,0,200,100,140,0,240
E07000030,Eden,1995-96,220,0,0,220,230,10,0,240
E07000031,South Lakeland,1995-96,230,40,0,270,310,40,0,350
E07000032,Amber Valley,1995-96,510,20,0,530,510,0,0,510
E07000033,Bolsover,1995-96,230,60,0,290,280,80,0,350
E07000034,Chesterfield,1995-96,90,120,0,210,170,40,0,210
E07000035,Derbyshire Dales,1995-96,170,20,0,190,170,50,0,220
E07000036,Erewash,1995-96,330,30,0,360,320,120,0,430
E07000037,High Peak,1995-96,330,0,0,330,440,70,0,510
E07000038,North East Derbyshire,1995-96,200,80,0,280,220,70,0,290
E07000039,South Derbyshire,1995-96,490,0,0,490,490,30,0,530
E07000040,East Devon,1995-96,430,50,0,480,380,140,0,520
E07000041,Exeter,1995-96,140,20,0,160,180,0,0,180
E07000042,Mid Devon,1995-96,260,60,0,310,290,30,0,310
E07000043,North Devon,1995-96,220,30,0,260,240,60,0,300
E07000044,South Hams,1995-96,300,10,40,350,290,130,0,420
E07000045,Teignbridge,1995-96,490,20,0,510,510,60,0,570
E07000046,Torridge,1995-96,160,10,0,160,160,90,0,250
E07000047,West Devon,1995-96,90,0,0,100,300,40,0,340
E07000048,Christchurch,1995-96,110,0,0,110,150,0,0,150
E07000049,East Dorset,1995-96,240,40,0,280,370,100,0,470
E07000050,North Dorset,1995-96,220,30,10,250,270,40,0,310
E07000051,Purbeck,1995-96,140,40,0,190,90,10,0,100
E07000052,West Dorset,1995-96,320,30,0,350,210,0,0,210
E07000053,Weymouth and Portland,1995-96,140,50,0,190,110,20,0,130
E07000054,Chester-le-Street,1995-96,260,0,0,260,320,0,0,320
E07000056,County Durham,1995-96,170,40,0,220,240,30,10,280
E07000055,Derwentside,1995-96,150,40,10,190,180,20,0,200
E07000057,Easington,1995-96,130,0,0,130,170,0,0,170
E07000058,Sedgefield,1995-96,160,0,0,160,230,0,0,230
E07000059,Teesdale,1995-96,40,40,0,80,80,70,0,150
E07000060,Wear Valley,1995-96,120,0,0,120,290,10,0,300
E07000061,Eastbourne,1995-96,160,60,0,210,220,0,0,220
E07000062,Hastings,1995-96,160,130,0,290,130,70,0,200
E07000063,Lewes,1995-96,210,10,0,220,120,0,0,120
E07000064,Rother,1995-96,160,40,0,200,200,100,0,300
E07000065,Wealden,1995-96,480,40,0,510,660,30,0,690
E07000066,Basildon,1995-96,1220,340,0,1560,1010,210,0,1220
E07000067,Braintree,1995-96,740,0,0,740,610,10,0,620
E07000068,Brentwood,1995-96,50,30,0,70,60,0,0,60
E07000069,Castle Point,1995-96,100,0,0,100,180,0,0,180
E07000070,Chelmsford,1995-96,140,50,0,180,200,160,0,360
E07000071,Colchester,1995-96,390,80,0,470,430,150,0,580
E07000072,Epping Forest,1995-96,360,10,0,370,460,60,0,530
E07000073,Harlow,1995-96,340,20,0,360,480,80,0,560
E07000074,Maldon,1995-96,280,40,0,320,290,0,0,290
E07000075,Rochford,1995-96,310,50,0,360,260,0,10,270
E07000076,Tendring,1995-96,210,40,0,250,360,50,0,410
E07000077,Uttlesford,1995-96,110,40,0,140,260,70,0,330
E07000078,Cheltenham,1995-96,90,10,0,90,230,20,90,340
E07000079,Cotswold,1995-96,170,70,10,250,210,90,20,330
E07000080,Forest of Dean,1995-96,240,10,0,250,170,20,0,190
E07000081,Gloucester,1995-96,300,20,0,320,240,110,0,350
E07000082,Stroud,1995-96,190,50,0,240,160,110,0,270
E07000083,Tewkesbury,1995-96,220,10,0,220,460,0,0,460
E07000084,Basingstoke and Deane,1995-96,330,60,0,390,280,130,0,410
E07000085,East Hampshire,1995-96,310,110,0,420,300,60,0,360
E07000086,Eastleigh,1995-96,380,90,0,470,280,50,0,330
E07000087,Fareham,1995-96,520,10,0,520,550,10,0,560
E07000088,Gosport,1995-96,160,30,0,190,210,200,0,400
E07000089,Hart,1995-96,210,50,0,260,210,30,0,250
E07000090,Havant,1995-96,250,160,0,410,180,80,0,270
E07000091,New Forest,1995-96,400,40,0,450,440,100,0,540
E07000092,Rushmoor,1995-96,170,10,0,190,250,40,0,290
E07000093,Test Valley,1995-96,420,30,0,450,380,40,0,430
E07000094,Winchester,1995-96,260,60,0,320,250,60,0,310
E07000095,Broxbourne,1995-96,180,30,0,210,270,50,0,320
E07000096,Dacorum,1995-96,210,80,0,280,280,80,0,370
E07000242,East Hertfordshire,1995-96,600,80,20,710,650,60,20,730
E07000098,Hertsmere,1995-96,120,60,0,180,220,70,0,290
E07000099,North Hertfordshire,1995-96,370,0,0,370,330,0,0,330
E07000240,St Albans,1995-96,120,110,0,230,250,110,0,360
E07000243,Stevenage,1995-96,320,30,0,350,480,90,0,570
E07000102,Three Rivers,1995-96,270,0,0,270,240,0,0,240
E07000103,Watford,1995-96,680,10,0,680,370,40,0,410
E07000241,Welwyn Hatfield,1995-96,230,30,0,260,200,30,0,230
E07000105,Ashford,1995-96,420,100,0,520,440,20,10,460
E07000106,Canterbury,1995-96,230,0,20,250,200,100,10,300
E07000107,Dartford,1995-96,220,50,0,260,180,10,0,190
E07000108,Dover,1995-96,140,60,0,200,80,60,0,140
E07000112,Folkestone and Hythe,1995-96,190,110,0,300,540,110,0,640
E07000109,Gravesham,1995-96,90,50,0,150,110,40,0,150
E07000110,Maidstone,1995-96,280,90,0,360,390,170,0,560
E07000111,Sevenoaks,1995-96,220,170,0,390,110,20,0,130
E07000113,Swale,1995-96,180,150,0,330,200,220,0,420
E07000114,Thanet,1995-96,120,10,0,130,100,70,0,170
E07000115,Tonbridge and Malling,1995-96,240,20,0,260,280,160,0,440
E07000116,Tunbridge Wells,1995-96,140,120,0,260,160,150,0,310
E07000117,Burnley,1995-96,190,70,0,260,240,30,0,280
E07000118,Chorley,1995-96,290,0,0,290,290,10,0,290
E07000119,Fylde,1995-96,160,0,0,160,180,40,0,210
E07000120,Hyndburn,1995-96,200,10,0,200,300,30,0,330
E07000121,Lancaster,1995-96,220,120,0,330,270,70,0,340
E07000122,Pendle,1995-96,100,70,0,160,110,70,0,180
E07000123,Preston,1995-96,420,60,0,480,340,30,0,370
E07000124,Ribble Valley,1995-96,280,0,0,280,330,10,0,340
E07000125,Rossendale,1995-96,50,0,0,50,250,60,0,300
E07000126,South Ribble,1995-96,340,160,0,510,340,50,0,390
E07000127,West Lancashire,1995-96,220,0,0,220,150,0,0,150
E07000128,Wyre,1995-96,230,10,0,240,270,40,0,300
E07000129,Blaby,1995-96,420,10,0,420,330,40,0,360
E07000130,Charnwood,1995-96,340,0,0,340,470,70,0,540
E07000131,Harborough,1995-96,310,10,0,320,380,20,0,400
E07000132,Hinckley and Bosworth,1995-96,300,0,0,300,340,0,0,340
E07000133,Melton,1995-96,100,0,0,100,150,10,0,160
E07000134,North West Leicestershire,1995-96,300,20,0,320,350,40,0,390
E07000135,Oadby and Wigston,1995-96,100,20,0,110,130,0,0,130
E07000136,Boston,1995-96,290,0,0,290,470,0,0,470
E07000137,East Lindsey,1995-96,350,80,0,440,430,80,0,520
E07000138,Lincoln,1995-96,170,70,0,240,190,60,0,250
E07000139,North Kesteven,1995-96,440,50,10,500,550,80,20,640
E07000140,South Holland,1995-96,310,20,0,330,450,0,0,450
E07000141,South Kesteven,1995-96,590,0,0,590,710,70,0,780
E07000142,West Lindsey,1995-96,220,40,0,250,210,40,0,250
E07000143,Breckland,1995-96,460,100,0,570,590,110,0,700
E07000144,Broadland,1995-96,660,40,0,700,720,50,0,770
E07000145,Great Yarmouth,1995-96,180,10,0,190,220,70,0,280
E07000146,King's Lynn and West Norfolk,1995-96,560,100,0,660,570,90,0,670
E07000147,North Norfolk,1995-96,470,20,0,480,490,0,0,490
E07000148,Norwich,1995-96,160,70,0,230,310,80,0,390
E07000149,South Norfolk,1995-96,320,0,0,320,440,20,10,470
E07000150,Corby,1995-96,90,10,0,100,100,70,0,160
E07000151,Daventry,1995-96,490,110,0,600,300,40,0,340
E07000152,East Northamptonshire,1995-96,380,20,0,400,350,20,0,360
E07000153,Kettering,1995-96,280,70,0,350,270,10,0,280
E07000154,Northampton,1995-96,550,30,0,580,890,100,10,1000
E07000155,South Northamptonshire,1995-96,310,40,0,350,380,120,0,500
E07000156,Wellingborough,1995-96,240,50,0,290,240,120,0,360
E07000157,Alnwick,1995-96,60,30,0,90,40,10,0,50
E07000158,Berwick-upon-Tweed,1995-96,70,0,0,70,30,0,0,30
E07000159,Blyth Valley,1995-96,300,0,0,300,310,0,0,310
E07000160,Castle Morpeth,1995-96,130,10,0,140,110,10,0,120
E07000161,Tynedale,1995-96,80,10,0,90,80,0,0,90
E07000162,Wansbeck,1995-96,180,0,0,180,240,40,0,270
E07000163,Craven,1995-96,200,0,0,200,130,0,0,130
E07000164,Hambleton,1995-96,230,60,0,290,300,20,0,320
E07000166,Richmondshire,1995-96,70,40,0,110,90,30,0,130
E07000168,Scarborough,1995-96,220,90,0,300,270,110,0,380
E07000170,Ashfield,1995-96,200,40,0,230,310,40,0,340
E07000171,Bassetlaw,1995-96,330,110,0,440,360,20,0,380
E07000172,Broxtowe,1995-96,100,10,0,110,420,10,0,430
E07000173,Gedling,1995-96,190,20,0,210,200,70,0,270
E07000174,Mansfield,1995-96,280,70,0,340,270,90,0,370
E07000175,Newark and Sherwood,1995-96,210,10,0,220,220,120,0,340
E07000176,Rushcliffe,1995-96,280,0,0,280,380,0,30,410
E07000177,Cherwell,1995-96,530,10,0,540,640,0,0,640
E07000178,Oxford,1995-96,280,0,0,290,390,290,10,680
E07000179,South Oxfordshire,1995-96,540,120,0,660,600,90,0,690
E07000180,Vale of White Horse,1995-96,150,50,0,200,320,0,10,330
E07000181,West Oxfordshire,1995-96,300,30,0,330,380,20,0,410
E07000182,Bridgnorth,1995-96,100,0,0,100,70,0,0,70
E07000188,Sedgemoor,1995-96,130,20,0,140,140,20,0,160
E07000185,Shrewsbury and Atcham,1995-96,300,40,0,340,190,30,0,220
E07000191,South Shropshire,1995-96,110,50,0,150,90,40,0,130
E07000189,South Somerset,1995-96,150,0,0,150,130,50,0,180
E07000187,Mendip,1995-96,260,0,0,260,310,0,0,310
E07000188,Sedgemoor,1995-96,200,230,0,430,250,90,0,340
E07000189,South Somerset,1995-96,360,60,0,430,380,70,0,450
E07000190,Taunton Deane,1995-96,190,40,0,240,290,90,0,380
E07000191,West Somerset,1995-96,70,10,0,90,80,30,0,110
E07000192,Cannock Chase,1995-96,290,0,0,290,320,0,0,320
E07000193,East Staffordshire,1995-96,360,10,0,370,410,20,50,470
E07000194,Lichfield,1995-96,210,30,0,240,320,30,0,350
E07000195,Newcastle-under-Lyme,1995-96,210,10,0,230,210,30,0,230
E07000196,South Staffordshire,1995-96,160,70,0,230,210,90,0,300
E07000197,Stafford,1995-96,350,0,0,350,440,30,0,470
E07000198,Staffordshire Moorlands,1995-96,190,30,0,220,260,10,0,270
E07000199,Tamworth,1995-96,230,10,0,240,290,10,0,300
E07000200,Babergh,1995-96,240,10,0,240,190,80,0,270
E07000201,Forest Heath,1995-96,130,0,0,130,210,30,0,240
E07000202,Ipswich,1995-96,210,90,0,300,120,110,0,230
E07000203,Mid Suffolk,1995-96,360,10,0,370,350,60,0,410
E07000204,St Edmundsbury,1995-96,450,140,0,580,370,160,0,520
E07000205,Suffolk Coastal,1995-96,460,30,0,490,570,50,0,620
E07000206,Waveney,1995-96,230,120,0,350,340,110,0,450
E07000207,Elmbridge,1995-96,330,10,0,340,420,40,0,460
E07000208,Epsom and Ewell,1995-96,80,80,0,160,20,50,0,80
E07000209,Guildford,1995-96,350,0,0,350,280,10,10,300
E07000210,Mole Valley,1995-96,160,20,0,180,90,30,0,110
E07000211,Reigate and Banstead,1995-96,270,90,10,360,360,40,10,410
E07000212,Runnymede,1995-96,250,100,0,350,210,10,0,220
E07000213,Spelthorne,1995-96,100,70,0,170,180,60,0,240
E07000214,Surrey Heath,1995-96,310,30,0,340,290,40,0,340
E07000215,Tandridge,1995-96,130,30,0,160,230,30,0,260
E07000216,Waverley,1995-96,180,0,0,180,430,0,0,430
E07000217,Woking,1995-96,450,50,0,500,170,110,0,280
E07000218,North Warwickshire,1995-96,200,20,0,220,200,20,0,220
E07000219,Nuneaton and Bedworth,1995-96,150,50,0,190,140,50,0,190
E07000220,Rugby,1995-96,70,20,0,80,240,50,0,290
E07000221,Stratford-on-Avon,1995-96,460,30,0,490,380,60,0,440
E07000222,Warwick,1995-96,350,0,0,350,530,0,0,530
E07000223,Adur,1995-96,30,30,0,60,40,40,0,80
E07000224,Arun,1995-96,180,80,0,260,160,100,0,250
E07000225,Chichester,1995-96,170,70,0,240,590,110,0,700
E07000226,Crawley,1995-96,390,40,10,450,510,90,10,610
E07000227,Horsham,1995-96,530,70,0,600,490,40,0,540
E07000228,Mid Sussex,1995-96,420,130,0,550,420,110,0,530
E07000229,Worthing,1995-96,80,100,0,170,110,10,0,120
E07000230,Kennet,1995-96,250,100,0,350,220,50,10,290
E07000231,North Wiltshire,1995-96,610,20,0,630,940,30,10,980
E07000232,Salisbury,1995-96,300,20,0,320,390,40,0,430
E07000233,West Wiltshire,1995-96,340,60,0,400,380,110,0,490
E07000234,Bromsgrove,1995-96,270,20,0,290,350,20,0,370
E07000236,Redditch,1995-96,160,50,0,210,180,80,0,260
E07000237,Worcester,1995-96,590,20,0,610,700,30,0,730
E07000238,Wychavon,1995-96,640,40,0,670,560,20,0,580
E07000239,Wyre Forest,1995-96,120,40,0,160,190,120,0,310
E06000022,Bath and North East Somerset,1996-97,350,100,0,440,360,130,0,490
E06000023,"Bristol, City of",1996-97,710,230,0,940,510,180,0,690
E06000011,East Riding of Yorkshire,1996-97,1310,60,0,1360,1000,60,0,1060
E06000001,Hartlepool,1996-97,260,90,0,350,230,50,0,280
E06000046,Isle of Wight,1996-97,380,70,0,450,240,100,0,340
E06000053,Isles of Scilly,1996-97,0,0,0,0,0,0,0,0
E06000010,"Kingston upon Hull, City of",1996-97,570,110,0,680,280,260,0,540
E06000002,Middlesbrough,1996-97,320,140,0,460,230,80,0,310
E06000012,North East Lincolnshire,1996-97,310,70,0,380,150,60,0,210
E06000013,North Lincolnshire,1996-97,940,30,0,970,800,60,0,860
E06000024,North Somerset,1996-97,1180,0,50,1230,1110,90,50,1240
E06000003,Redcar and Cleveland,1996-97,300,70,0,370,260,100,0,360
E06000025,South Gloucestershire,1996-97,1510,0,0,1510,1330,160,10,1500
E06000004,Stockton-on-Tees,1996-97,1070,90,0,1160,1210,130,30,1370
E06000014,York,1996-97,970,130,0,1100,610,50,0,660
E09000002,Barking and Dagenham,1996-97,110,40,0,150,90,50,0,140
E09000003,Barnet,1996-97,480,130,0,600,430,120,0,550
E09000004,Bexley,1996-97,190,100,0,290,400,90,0,480
E09000005,Brent,1996-97,40,0,0,40,60,0,0,60
E09000006,Bromley,1996-97,260,50,0,300,320,140,0,460
E09000007,Camden,1996-97,190,200,0,390,230,280,0,510
E09000001,City of London,1996-97,230,0,0,230,0,0,0,0
E09000008,Croydon,1996-97,180,330,0,510,240,200,0,440
E09000009,Ealing,1996-97,310,30,0,330,260,0,0,260
E09000010,Enfield,1996-97,430,0,0,430,330,260,0,580
E09000011,Greenwich,1996-97,560,160,0,720,160,70,0,230
E09000012,Hackney,1996-97,400,530,0,930,70,430,20,520
E09000013,Hammersmith and Fulham,1996-97,160,40,0,200,30,10,0,40
E09000014,Haringey,1996-97,60,90,0,140,60,200,0,260
E09000015,Harrow,1996-97,70,110,0,180,50,80,0,130
E09000016,Havering,1996-97,120,30,0,160,240,70,0,310
E09000017,Hillingdon,1996-97,280,270,0,550,250,260,0,510
E09000018,Hounslow,1996-97,320,10,0,330,590,0,0,590
E09000019,Islington,1996-97,120,0,0,120,50,20,0,70
E09000020,Kensington and Chelsea,1996-97,110,0,0,110,210,260,0,460
E09000021,Kingston upon Thames,1996-97,510,50,0,560,170,80,0,250
E09000022,Lambeth,1996-97,190,610,0,800,170,350,0,520
E09000023,Lewisham,1996-97,280,190,0,470,130,170,0,300
E09000024,Merton,1996-97,170,110,0,280,190,130,0,320
E09000025,Newham,1996-97,280,170,0,450,110,300,0,400
E09000026,Redbridge,1996-97,470,40,0,510,450,50,0,500
E09000027,Richmond upon Thames,1996-97,500,0,0,500,50,20,0,80
E09000028,Southwark,1996-97,590,220,0,810,360,140,0,500
E09000029,Sutton,1996-97,300,0,0,310,420,200,0,620
E09000030,Tower Hamlets,1996-97,320,70,0,390,410,130,0,530
E09000031,Waltham Forest,1996-97,160,410,0,570,370,440,0,810
E09000032,Wandsworth,1996-97,360,50,0,410,330,0,0,330
E09000033,Westminster,1996-97,720,230,0,950,510,390,0,910
E08000001,Bolton,1996-97,670,190,0,860,720,370,0,1090
E08000002,Bury,1996-97,270,80,0,350,330,110,0,450
E08000003,Manchester,1996-97,710,550,0,1260,580,430,0,1010
E08000004,Oldham,1996-97,510,110,0,620,390,20,0,400
E08000005,Rochdale,1996-97,450,100,0,550,540,40,0,580
E08000006,Salford,1996-97,690,40,0,730,580,10,0,590
E08000007,Stockport,1996-97,190,130,0,320,200,190,0,390
E08000008,Tameside,1996-97,290,50,0,340,310,50,0,370
E08000009,Trafford,1996-97,290,60,0,350,280,60,0,340
E08000010,Wigan,1996-97,1210,0,0,1210,1070,30,0,1100
E08000011,Knowsley,1996-97,620,80,0,700,600,140,0,740
E08000012,Liverpool,1996-97,1120,310,0,1420,1020,470,0,1490
E08000014,Sefton,1996-97,420,120,0,540,330,140,0,470
E08000013,St. Helens,1996-97,450,80,0,520,360,100,0,450
E08000015,Wirral,1996-97,370,160,0,530,330,150,0,480
E08000016,Barnsley,1996-97,600,0,0,600,680,40,0,710
E08000017,Doncaster,1996-97,940,100,0,1040,710,120,0,830
E08000018,Rotherham,1996-97,760,70,0,820,770,90,0,850
E08000019,Sheffield,1996-97,680,50,0,730,660,210,0,870
E08000037,Gateshead,1996-97,160,70,0,230,250,60,0,310
E08000021,Newcastle upon Tyne,1996-97,190,50,0,250,200,70,0,280
E08000022,North Tyneside,1996-97,580,220,0,800,610,60,0,670
E08000023,South Tyneside,1996-97,160,20,10,190,410,60,0,470
E08000024,Sunderland,1996-97,460,90,0,560,340,140,0,480
E08000025,Birmingham,1996-97,720,890,0,1620,750,620,0,1360
E08000026,Coventry,1996-97,480,40,0,520,440,20,0,460
E08000027,Dudley,1996-97,340,20,0,360,270,20,0,280
E08000028,Sandwell,1996-97,960,30,30,1020,860,60,10,940
E08000029,Solihull,1996-97,450,10,0,460,390,90,0,470
E08000030,Walsall,1996-97,730,120,0,850,530,150,0,680
E08000031,Wolverhampton,1996-97,350,150,0,500,320,120,0,440
E08000032,Bradford,1996-97,1030,310,0,1340,920,450,0,1380
E08000033,Calderdale,1996-97,280,30,0,310,230,130,0,360
E08000034,Kirklees,1996-97,1100,110,0,1210,1120,180,0,1300
E08000035,Leeds,1996-97,1690,400,20,2110,1500,530,0,2030
E08000036,Wakefield,1996-97,950,80,0,1030,870,120,0,990
E07000002,Bedford,1996-97,390,150,0,530,340,120,0,460
E07000001,Mid Bedfordshire,1996-97,710,150,0,860,630,40,0,670
E07000003,South Bedfordshire,1996-97,260,0,0,260,230,20,0,250
E07000004,Aylesbury Vale,1996-97,660,0,0,660,750,0,0,750
E07000005,Chiltern,1996-97,150,10,0,150,110,20,0,130
E07000006,South Bucks,1996-97,140,30,0,160,80,30,0,110
E07000007,Wycombe,1996-97,150,100,10,250,220,100,10,320
E07000008,Cambridge,1996-97,190,30,0,220,260,130,0,390
E07000009,East Cambridgeshire,1996-97,510,70,0,580,420,40,0,460
E07000010,Fenland,1996-97,360,0,0,360,270,10,0,280
E07000011,Huntingdonshire,1996-97,780,50,0,830,830,150,0,970
E07000012,South Cambridgeshire,1996-97,830,40,30,900,460,50,10,510
E07000013,Chester,1996-97,340,20,0,350,340,30,0,370
E07000014,Congleton,1996-97,410,0,0,410,390,0,0,390
E07000015,Crewe and Nantwich,1996-97,310,10,0,320,490,60,0,560
E07000016,Ellesmere Port & Neston,1996-97,180,0,0,180,170,70,0,230
E07000017,Macclesfield,1996-97,530,40,0,560,530,40,0,570
E07000018,Vale Royal,1996-97,410,20,0,430,430,10,0,450
E07000019,Caradon,1996-97,190,0,0,190,170,10,0,180
E07000020,Carrick,1996-97,270,130,0,400,230,80,0,310
E07000021,Kerrier,1996-97,120,20,0,130,200,50,0,250
E07000022,North Cornwall,1996-97,140,80,0,220,130,120,0,250
E07000023,Penwith,1996-97,20,120,0,140,40,70,0,110
E07000024,Restormel,1996-97,200,40,0,240,230,80,0,310
E07000026,Allerdale,1996-97,160,40,0,190,120,40,0,150
E07000027,Barrow-in-Furness,1996-97,60,0,0,60,90,0,0,90
E07000028,Carlisle,1996-97,290,70,0,360,270,90,0,350
E07000029,Copeland,1996-97,100,10,0,110,130,80,0,210
E07000030,Eden,1996-97,170,0,0,170,130,10,0,140
E07000031,South Lakeland,1996-97,220,10,0,220,270,30,0,300
E07000032,Amber Valley,1996-97,380,0,0,380,400,10,0,410
E07000033,Bolsover,1996-97,320,10,0,330,290,0,0,290
E07000034,Chesterfield,1996-97,120,130,0,250,80,120,0,210
E07000035,Derbyshire Dales,1996-97,180,10,0,190,260,0,0,260
E07000036,Erewash,1996-97,400,0,10,410,340,0,0,340
E07000037,High Peak,1996-97,230,0,0,230,100,0,0,100
E07000038,North East Derbyshire,1996-97,200,0,0,210,220,20,0,240
E07000039,South Derbyshire,1996-97,670,0,0,670,510,0,0,510
E07000040,East Devon,1996-97,530,40,0,570,380,40,0,420
E07000041,Exeter,1996-97,310,90,0,410,200,20,0,220
E07000042,Mid Devon,1996-97,370,50,0,420,350,50,0,400
E07000043,North Devon,1996-97,270,40,0,310,310,40,0,360
E07000044,South Hams,1996-97,260,60,10,340,330,0,40,370
E07000045,Teignbridge,1996-97,640,30,0,670,530,40,0,560
E07000046,Torridge,1996-97,230,40,0,270,170,20,0,190
E07000047,West Devon,1996-97,100,40,0,140,80,30,0,110
E07000048,Christchurch,1996-97,250,50,0,300,100,20,0,120
E07000049,East Dorset,1996-97,250,10,0,250,260,20,0,290
E07000050,North Dorset,1996-97,260,30,0,290,300,60,0,360
E07000051,Purbeck,1996-97,140,0,0,140,160,30,0,190
E07000052,West Dorset,1996-97,300,0,0,300,270,30,0,300
E07000053,Weymouth and Portland,1996-97,80,70,0,150,150,90,0,240
E07000054,Chester-le-Street,1996-97,180,30,0,200,270,10,0,280
E07000056,County Durham,1996-97,370,0,0,370,300,40,0,350
E07000055,Derwentside,1996-97,200,30,0,230,140,30,0,170
E07000057,Easington,1996-97,150,0,0,150,130,0,0,130
E07000058,Sedgefield,1996-97,290,20,0,310,180,20,0,200
E07000059,Teesdale,1996-97,50,0,0,50,100,10,0,110
E07000060,Wear Valley,1996-97,100,20,0,120,90,0,0,90
E07000061,Eastbourne,1996-97,130,290,10,420,170,80,0,250
E07000062,Hastings,1996-97,130,30,0,150,170,90,0,260
E07000063,Lewes,1996-97,160,30,0,190,200,40,0,240
E07000064,Rother,1996-97,150,30,0,180,210,60,0,270
E07000065,Wealden,1996-97,460,60,0,520,560,10,0,570
E07000066,Basildon,1996-97,870,330,0,1200,1090,280,0,1370
E07000067,Braintree,1996-97,800,140,20,960,1100,90,20,1210
E07000068,Brentwood,1996-97,50,80,0,130,130,90,0,220
E07000069,Castle Point,1996-97,110,20,0,130,140,0,0,140
E07000070,Chelmsford,1996-97,170,160,0,330,180,120,0,300
E07000071,Colchester,1996-97,590,50,0,640,470,80,0,550
E07000072,Epping Forest,1996-97,190,10,0,200,300,50,0,350
E07000073,Harlow,1996-97,560,90,0,650,440,60,0,500
E07000074,Maldon,1996-97,290,0,10,300,370,40,10,430
E07000075,Rochford,1996-97,320,0,10,340,370,50,0,420
E07000076,Tendring,1996-97,240,40,0,280,290,50,0,340
E07000077,Uttlesford,1996-97,200,50,0,250,110,30,0,130
E07000078,Cheltenham,1996-97,160,50,0,210,120,30,0,150
E07000079,Cotswold,1996-97,140,50,10,210,110,30,0,140
E07000080,Forest of Dean,1996-97,320,30,0,350,150,0,0,150
E07000081,Gloucester,1996-97,540,90,0,630,490,40,0,530
E07000082,Stroud,1996-97,180,100,20,310,160,30,10,200
E07000083,Tewkesbury,1996-97,280,20,0,300,360,10,0,370
E07000084,Basingstoke and Deane,1996-97,280,240,0,530,220,80,0,310
E07000085,East Hampshire,1996-97,260,110,0,380,270,50,0,320
E07000086,Eastleigh,1996-97,400,140,0,540,350,130,0,480
E07000087,Fareham,1996-97,540,10,0,550,560,0,0,560
E07000088,Gosport,1996-97,120,90,0,210,220,30,0,250
E07000089,Hart,1996-97,310,40,0,350,270,70,0,330
E07000090,Havant,1996-97,190,110,0,300,170,130,0,300
E07000091,New Forest,1996-97,490,0,0,490,450,50,0,500
E07000092,Rushmoor,1996-97,400,90,0,490,240,40,0,280
E07000093,Test Valley,1996-97,1040,0,0,1040,680,10,0,690
E07000094,Winchester,1996-97,530,20,0,550,370,60,0,430
E07000095,Broxbourne,1996-97,450,20,0,460,280,30,0,310
E07000096,Dacorum,1996-97,250,20,0,270,220,20,0,250
E07000242,East Hertfordshire,1996-97,820,70,10,900,660,80,30,770
E07000098,Hertsmere,1996-97,180,150,0,330,140,20,0,160
E07000099,North Hertfordshire,1996-97,320,30,0,350,310,0,0,310
E07000240,St Albans,1996-97,350,10,0,350,210,140,0,360
E07000243,Stevenage,1996-97,410,10,0,410,340,50,0,380
E07000102,Three Rivers,1996-97,370,0,0,370,320,0,0,320
E07000103,Watford,1996-97,340,0,0,340,780,130,0,910
E07000241,Welwyn Hatfield,1996-97,150,0,0,150,230,10,0,240
E07000105,Ashford,1996-97,370,30,0,400,410,10,0,430
E07000106,Canterbury,1996-97,450,10,0,460,220,30,0,260
E07000107,Dartford,1996-97,220,40,0,260,350,30,0,380
E07000108,Dover,1996-97,130,20,0,150,140,40,0,180
E07000112,Folkestone and Hythe,1996-97,190,10,0,200,390,20,0,410
E07000109,Gravesham,1996-97,30,0,0,30,110,60,0,170
E07000110,Maidstone,1996-97,260,30,0,290,320,60,0,380
E07000111,Sevenoaks,1996-97,340,160,0,500,300,60,0,370
E07000113,Swale,1996-97,280,80,0,360,200,70,0,270
E07000114,Thanet,1996-97,180,0,0,180,210,0,0,210
E07000115,Tonbridge and Malling,1996-97,390,10,0,400,280,30,0,300
E07000116,Tunbridge Wells,1996-97,110,220,0,320,150,80,0,230
E07000117,Burnley,1996-97,340,0,0,340,230,160,0,400
E07000118,Chorley,1996-97,460,20,0,480,340,40,0,390
E07000119,Fylde,1996-97,390,30,0,420,270,40,0,300
E07000120,Hyndburn,1996-97,230,0,0,230,280,10,0,280
E07000121,Lancaster,1996-97,160,50,0,220,200,50,0,250
E07000122,Pendle,1996-97,130,0,0,130,100,20,0,130
E07000123,Preston,1996-97,370,30,0,400,580,50,0,630
E07000124,Ribble Valley,1996-97,230,0,0,230,270,0,0,270
E07000125,Rossendale,1996-97,110,30,0,140,110,0,0,110
E07000126,South Ribble,1996-97,300,40,0,340,320,140,0,460
E07000127,West Lancashire,1996-97,300,0,0,300,580,30,0,610
E07000128,Wyre,1996-97,210,40,0,250,250,20,0,260
E07000129,Blaby,1996-97,480,20,0,500,460,10,0,470
E07000130,Charnwood,1996-97,550,70,0,620,390,10,0,400
E07000131,Harborough,1996-97,440,30,0,470,370,10,0,380
E07000132,Hinckley and Bosworth,1996-97,320,10,0,330,350,0,0,350
E07000133,Melton,1996-97,150,0,0,150,190,0,0,190
E07000134,North West Leicestershire,1996-97,400,40,0,430,370,40,0,410
E07000135,Oadby and Wigston,1996-97,90,0,0,90,150,30,0,170
E07000136,Boston,1996-97,220,20,0,240,170,0,0,170
E07000137,East Lindsey,1996-97,430,60,0,500,440,70,0,510
E07000138,Lincoln,1996-97,200,0,0,210,230,30,0,260
E07000139,North Kesteven,1996-97,720,20,0,740,660,40,0,700
E07000140,South Holland,1996-97,420,0,0,420,360,20,0,370
E07000141,South Kesteven,1996-97,670,20,0,690,600,20,0,620
E07000142,West Lindsey,1996-97,310,40,0,350,320,10,0,330
E07000143,Breckland,1996-97,470,30,0,500,460,70,0,530
E07000144,Broadland,1996-97,1340,90,0,1430,820,70,0,890
E07000145,Great Yarmouth,1996-97,190,10,0,200,190,0,0,190
E07000146,King's Lynn and West Norfolk,1996-97,630,60,0,680,490,70,0,560
E07000147,North Norfolk,1996-97,490,20,0,510,510,20,0,530
E07000148,Norwich,1996-97,100,130,0,230,130,50,0,180
E07000149,South Norfolk,1996-97,490,0,0,490,370,0,0,370
E07000150,Corby,1996-97,180,0,0,180,130,10,0,150
E07000151,Daventry,1996-97,340,50,0,390,270,80,0,350
E07000152,East Northamptonshire,1996-97,490,20,0,510,490,10,0,500
E07000153,Kettering,1996-97,310,40,0,350,340,70,0,410
E07000154,Northampton,1996-97,830,70,0,900,640,30,0,660
E07000155,South Northamptonshire,1996-97,580,20,0,610,430,20,0,440
E07000156,Wellingborough,1996-97,250,10,0,260,270,10,0,290
E07000157,Alnwick,1996-97,100,10,0,110,70,40,0,110
E07000158,Berwick-upon-Tweed,1996-97,50,0,0,50,30,40,0,70
E07000159,Blyth Valley,1996-97,280,20,0,300,290,20,0,300
E07000160,Castle Morpeth,1996-97,220,10,0,220,180,10,0,190
E07000161,Tynedale,1996-97,150,20,0,170,140,10,0,150
E07000162,Wansbeck,1996-97,140,40,0,180,90,10,0,110
E07000163,Craven,1996-97,150,0,0,150,180,0,0,180
E07000164,Hambleton,1996-97,220,40,0,250,550,160,20,730
E07000165,Harrogate,1996-97,500,70,0,570,720,120,0,840
E07000166,Richmondshire,1996-97,110,30,0,130,90,0,0,90
E07000167,Ryedale,1996-97,190,0,0,190,220,20,0,240
E07000168,Scarborough,1996-97,230,30,0,270,270,40,0,310
E07000169,Selby,1996-97,240,50,0,290,270,20,0,290
E07000170,Ashfield,1996-97,320,40,0,360,200,40,0,240
E07000171,Bassetlaw,1996-97,380,40,0,410,320,80,0,410
E07000172,Broxtowe,1996-97,180,0,0,180,190,0,0,190
E07000173,Gedling,1996-97,210,50,0,260,170,30,0,200
E07000174,Mansfield,1996-97,240,50,0,290,220,30,0,240
E07000175,Newark and Sherwood,1996-97,260,30,0,290,230,10,0,240
E07000176,Rushcliffe,1996-97,640,90,20,750,420,0,10,430
E07000177,Cherwell,1996-97,460,40,0,500,410,40,0,450
E07000178,Oxford,1996-97,470,550,0,1030,430,40,0,470
E07000179,South Oxfordshire,1996-97,460,80,0,550,570,110,0,680
E07000180,Vale of White Horse,1996-97,160,10,0,170,190,70,0,250
E07000181,West Oxfordshire,1996-97,290,30,10,330,250,50,10,310
E07000182,Bridgnorth,1996-97,150,10,0,160,150,0,0,150
E07000188,Sedgemoor,1996-97,160,20,0,180,140,20,0,160
E07000185,Shrewsbury and Atcham,1996-97,430,30,0,460,400,20,0,420
E07000191,South Shropshire,1996-97,190,70,0,260,90,50,0,140
E07000189,South Somerset,1996-97,180,20,0,200,130,0,0,130
E07000187,Mendip,1996-97,240,20,0,260,170,0,0,170
E07000188,Sedgemoor,1996-97,220,20,0,240,210,190,0,400
E07000189,South Somerset,1996-97,400,60,0,460,310,20,0,330
E07000190,Taunton Deane,1996-97,340,40,0,380,290,20,0,310
E07000191,West Somerset,1996-97,50,0,0,50,60,0,0,70
E07000192,Cannock Chase,1996-97,330,0,0,330,330,0,0,330
E07000193,East Staffordshire,1996-97,470,10,0,480,310,10,0,320
E07000194,Lichfield,1996-97,250,10,0,260,200,0,0,200
E07000195,Newcastle-under-Lyme,1996-97,250,20,0,270,250,10,0,260
E07000196,South Staffordshire,1996-97,320,20,0,350,140,60,0,200
E07000197,Stafford,1996-97,260,0,0,260,430,0,0,430
E07000198,Staffordshire Moorlands,1996-97,140,0,0,140,160,30,0,180
E07000199,Tamworth,1996-97,360,10,0,370,250,10,0,260
E07000200,Babergh,1996-97,270,70,0,340,270,0,0,270
E07000201,Forest Heath,1996-97,120,10,0,130,110,0,0,110
E07000202,Ipswich,1996-97,90,40,0,130,130,40,0,170
E07000203,Mid Suffolk,1996-97,540,10,0,550,420,10,0,430
E07000204,St Edmundsbury,1996-97,610,10,0,610,550,20,0,570
E07000205,Suffolk Coastal,1996-97,440,40,0,480,420,20,0,440
E07000206,Waveney,1996-97,220,40,0,270,220,90,0,310
E07000207,Elmbridge,1996-97,380,50,0,440,360,10,0,370
E07000208,Epsom and Ewell,1996-97,90,20,0,110,110,40,0,150
E07000209,Guildford,1996-97,260,0,0,260,360,10,0,360
E07000210,Mole Valley,1996-97,200,0,0,200,200,10,0,210
E07000211,Reigate and Banstead,1996-97,190,20,0,210,270,30,0,300
E07000212,Runnymede,1996-97,200,40,0,240,310,120,0,430
E07000213,Spelthorne,1996-97,80,30,0,100,100,70,0,170
E07000214,Surrey Heath,1996-97,250,40,0,280,270,40,0,300
E07000215,Tandridge,1996-97,320,40,0,360,150,10,0,160
E07000216,Waverley,1996-97,150,10,0,160,440,0,0,440
E07000217,Woking,1996-97,290,0,0,290,440,50,0,490
E07000218,North Warwickshire,1996-97,140,0,0,140,150,0,0,150
E07000219,Nuneaton and Bedworth,1996-97,340,40,0,380,210,50,0,250
E07000220,Rugby,1996-97,130,40,0,170,220,60,0,270
E07000221,Stratford-on-Avon,1996-97,440,50,0,490,480,80,0,560
E07000222,Warwick,1996-97,430,40,0,470,560,40,0,600
E07000223,Adur,1996-97,60,20,0,80,20,10,0,30
E07000224,Arun,1996-97,240,90,0,330,130,110,0,240
E07000225,Chichester,1996-97,380,140,0,520,420,110,0,520
E07000226,Crawley,1996-97,660,30,20,710,580,20,10,610
E07000227,Horsham,1996-97,610,160,0,770,540,50,0,590
E07000228,Mid Sussex,1996-97,740,10,0,750,630,40,0,670
E07000229,Worthing,1996-97,40,30,0,70,70,90,0,150
E07000230,Kennet,1996-97,210,100,0,310,230,90,0,320
E07000231,North Wiltshire,1996-97,830,110,0,940,590,20,0,610
E07000232,Salisbury,1996-97,600,10,0,620,380,0,0,380
E07000233,West Wiltshire,1996-97,410,50,0,460,370,60,0,430
E07000234,Bromsgrove,1996-97,290,20,0,310,320,0,0,320
E07000236,Redditch,1996-97,170,120,0,290,190,70,0,260
E07000237,Worcester,1996-97,640,10,0,650,680,0,0,680
E07000238,Wychavon,1996-97,510,10,0,520,540,50,0,590
E07000239,Wyre Forest,1996-97,130,10,0,140,150,30,0,180
E06000022,Bath and North East Somerset,1997-98,510,50,0,560,400,10,0,410
E06000028,Bournemouth,1997-98,310,70,0,370,260,120,0,380
E06000043,Brighton and Hove,1997-98,250,130,0,380,410,270,0,680
E06000023,"Bristol, City of",1997-98,620,330,0,960,690,200,0,890
E06000005,Darlington,1997-98,400,10,0,410,390,10,0,400
E06000015,Derby,1997-98,470,80,0,550,490,150,0,640
E06000011,East Riding of Yorkshire,1997-98,1760,20,0,1770,1680,100,0,1790
E06000001,Hartlepool,1997-98,490,0,0,490,320,0,0,320
E06000046,Isle of Wight,1997-98,610,80,0,690,490,70,0,560
E06000053,Isles of Scilly,1997-98,0,0,0,0,0,0,0,0
E06000010,"Kingston upon Hull, City of",1997-98,740,100,0,840,420,110,0,520
E06000016,Leicester,1997-98,380,270,80,730,340,100,70,510
E06000032,Luton,1997-98,50,130,0,180,210,60,0,270
E06000002,Middlesbrough,1997-98,260,30,0,290,350,120,0,470
E06000042,Milton Keynes,1997-98,1560,410,0,1970,1490,330,0,1820
E06000012,North East Lincolnshire,1997-98,290,20,0,310,200,40,0,240
E06000013,North Lincolnshire,1997-98,1690,10,0,1700,1530,50,0,1580
E06000024,North Somerset,1997-98,2010,150,10,2170,1600,100,0,1700
E06000029,Poole,1997-98,300,20,0,320,370,30,0,400
E06000044,Portsmouth,1997-98,250,170,0,420,340,100,0,440
E06000003,Redcar and Cleveland,1997-98,250,10,0,260,260,90,0,350
E06000017,Rutland,1997-98,40,10,0,50,50,20,0,70
E06000025,South Gloucestershire,1997-98,2580,80,0,2660,2290,60,0,2340
E06000045,Southampton,1997-98,320,90,0,410,550,30,0,580
E06000004,Stockton-on-Tees,1997-98,1670,0,0,1670,1270,130,0,1400
E06000021,Stoke-on-Trent,1997-98,300,70,0,370,330,100,0,430
E06000030,Swindon,1997-98,930,0,0,930,920,0,0,920
E06000014,York,1997-98,1380,140,0,1520,1170,50,0,1220
E09000002,Barking and Dagenham,1997-98,230,10,0,240,30,10,0,50
E09000003,Barnet,1997-98,580,130,0,700,460,180,0,640
E09000004,Bexley,1997-98,390,0,0,400,410,50,0,460
E09000005,Brent,1997-98,110,0,0,110,30,0,0,30
E09000006,Bromley,1997-98,210,50,0,260,140,30,0,170
E09000007,Camden,1997-98,220,60,0,280,100,170,0,270
E09000001,City of London,1997-98,150,30,0,180,240,0,0,240
E09000008,Croydon,1997-98,170,230,0,400,210,360,0,580
E09000009,Ealing,1997-98,210,70,0,280,760,10,0,770
E09000010,Enfield,1997-98,510,180,0,680,550,50,0,600
E09000011,Greenwich,1997-98,180,350,0,530,210,230,0,430
E09000012,Hackney,1997-98,140,430,0,570,160,550,30,740
E09000013,Hammersmith and Fulham,1997-98,80,50,0,130,150,70,0,220
E09000014,Haringey,1997-98,10,80,0,80,70,130,0,200
E09000015,Harrow,1997-98,210,10,0,220,120,70,0,190
E09000016,Havering,1997-98,170,50,0,220,100,40,0,140
E09000017,Hillingdon,1997-98,40,70,50,170,100,290,0,390
E09000018,Hounslow,1997-98,600,20,0,620,370,40,0,410
E09000019,Islington,1997-98,400,70,0,470,150,0,0,150
E09000020,Kensington and Chelsea,1997-98,250,40,0,290,180,0,0,180
E09000021,Kingston upon Thames,1997-98,270,0,0,270,820,20,0,840
E09000022,Lambeth,1997-98,90,420,0,510,240,290,0,530
E09000023,Lewisham,1997-98,200,130,0,330,110,350,0,450
E09000024,Merton,1997-98,150,140,0,290,70,40,0,110
E09000025,Newham,1997-98,220,150,0,360,260,100,0,360
E09000026,Redbridge,1997-98,220,0,0,220,360,20,0,380
E09000027,Richmond upon Thames,1997-98,350,60,0,410,200,10,0,200
E09000028,Southwark,1997-98,710,120,0,830,750,130,10,890
E09000029,Sutton,1997-98,340,30,0,370,310,30,0,340
E09000030,Tower Hamlets,1997-98,1330,120,0,1450,720,170,0,890
E09000031,Waltham Forest,1997-98,200,760,0,960,100,740,0,850
E09000032,Wandsworth,1997-98,830,80,0,910,230,30,0,260
E09000033,Westminster,1997-98,800,150,0,950,560,110,0,670
E08000001,Bolton,1997-98,570,90,0,670,630,130,0,760
E08000002,Bury,1997-98,370,80,0,460,300,60,0,350
E08000003,Manchester,1997-98,1170,350,0,1520,640,690,0,1330
E08000004,Oldham,1997-98,530,10,0,540,710,110,0,820
E08000005,Rochdale,1997-98,410,70,0,480,280,120,0,400
E08000006,Salford,1997-98,650,110,0,750,580,80,0,660
E08000007,Stockport,1997-98,210,50,0,250,160,60,0,230
E08000008,Tameside,1997-98,230,70,0,310,250,50,0,300
E08000009,Trafford,1997-98,260,20,0,280,230,60,0,300
E08000010,Wigan,1997-98,1230,10,0,1240,1180,20,0,1200
E08000011,Knowsley,1997-98,490,70,0,560,590,110,0,700
E08000012,Liverpool,1997-98,900,420,0,1320,1060,260,0,1320
E08000014,Sefton,1997-98,570,120,0,690,390,190,0,570
E08000013,St. Helens,1997-98,450,70,0,510,500,40,0,540
E08000015,Wirral,1997-98,560,150,0,710,420,110,0,530
E08000016,Barnsley,1997-98,770,0,0,770,630,10,0,640
E08000017,Doncaster,1997-98,720,40,0,760,770,60,0,820
E08000018,Rotherham,1997-98,580,60,0,650,590,50,0,630
E08000019,Sheffield,1997-98,530,150,0,680,560,20,0,580
E08000037,Gateshead,1997-98,290,100,0,380,210,80,0,300
E08000021,Newcastle upon Tyne,1997-98,260,100,0,360,160,40,0,210
E08000022,North Tyneside,1997-98,750,20,0,770,670,80,0,740
E08000023,South Tyneside,1997-98,80,40,0,120,140,50,0,190
E08000024,Sunderland,1997-98,460,200,0,660,370,190,0,560
E08000025,Birmingham,1997-98,1030,670,0,1700,660,770,0,1420
E08000026,Coventry,1997-98,430,80,0,510,310,110,0,410
E08000027,Dudley,1997-98,450,20,0,460,520,0,0,520
E08000028,Sandwell,1997-98,690,50,0,730,660,10,20,690
E08000029,Solihull,1997-98,270,60,0,330,320,20,0,330
E08000030,Walsall,1997-98,690,120,0,810,680,110,0,790
E08000031,Wolverhampton,1997-98,210,90,0,300,250,140,0,390
E08000032,Bradford,1997-98,870,200,0,1070,850,260,0,1110
E08000033,Calderdale,1997-98,350,100,0,450,300,70,0,370
E08000034,Kirklees,1997-98,1150,130,0,1270,1000,80,0,1080
E08000035,Leeds,1997-98,1490,200,0,1690,1650,370,20,2030
E08000036,Wakefield,1997-98,940,190,0,1130,700,110,0,810
E07000002,Bedford,1997-98,520,140,0,660,290,140,0,430
E07000001,Mid Bedfordshire,1997-98,500,150,0,650,630,220,0,840
E07000003,South Bedfordshire,1997-98,250,50,0,290,300,20,0,320
E07000004,Aylesbury Vale,1997-98,970,0,0,970,900,10,0,910
E07000005,Chiltern,1997-98,140,0,0,140,110,0,0,120
E07000006,South Bucks,1997-98,120,10,0,120,200,10,0,210
E07000007,Wycombe,1997-98,110,70,0,180,200,100,0,310
E07000008,Cambridge,1997-98,100,80,0,180,230,60,0,290
E07000009,East Cambridgeshire,1997-98,380,20,0,400,380,90,0,470
E07000010,Fenland,1997-98,470,0,0,470,420,10,0,430
E07000011,Huntingdonshire,1997-98,680,60,0,750,790,60,0,850
E07000012,South Cambridgeshire,1997-98,780,50,0,840,1040,40,30,1110
E07000013,Chester,1997-98,280,10,0,290,450,10,0,460
E07000014,Congleton,1997-98,460,0,0,460,700,0,0,700
E07000015,Crewe and Nantwich,1997-98,330,120,0,440,250,30,0,280
E07000016,Ellesmere Port & Neston,1997-98,300,0,0,310,160,0,0,160
E07000017,Macclesfield,1997-98,470,0,0,470,440,10,0,450
E07000018,Vale Royal,1997-98,380,50,0,430,250,0,0,250
E07000019,Caradon,1997-98,220,0,0,220,200,0,0,200
E07000020,Carrick,1997-98,160,0,0,160,200,100,0,300
E07000021,Kerrier,1997-98,450,0,0,450,350,0,0,350
E07000022,North Cornwall,1997-98,240,30,0,260,190,50,0,240
E07000023,Penwith,1997-98,30,50,0,90,20,110,0,130
E07000024,Restormel,1997-98,310,80,0,390,290,20,0,310
E07000026,Allerdale,1997-98,180,100,0,280,160,70,0,230
E07000027,Barrow-in-Furness,1997-98,140,0,0,140,100,0,0,100
E07000028,Carlisle,1997-98,350,20,0,370,280,30,0,310
E07000029,Copeland,1997-98,90,20,0,100,90,0,0,90
E07000030,Eden,1997-98,240,0,0,240,220,10,0,230
E07000031,South Lakeland,1997-98,370,0,0,370,270,0,0,270
E07000032,Amber Valley,1997-98,460,10,0,470,300,0,0,300
E07000033,Bolsover,1997-98,260,20,0,270,260,30,0,290
E07000034,Chesterfield,1997-98,140,0,0,140,110,70,0,170
E07000035,Derbyshire Dales,1997-98,200,20,0,220,90,30,0,110
E07000036,Erewash,1997-98,530,60,0,590,380,40,0,420
E07000037,High Peak,1997-98,170,0,0,170,140,0,0,140
E07000038,North East Derbyshire,1997-98,130,0,0,130,140,0,0,140
E07000039,South Derbyshire,1997-98,640,0,0,640,550,0,0,550
E07000040,East Devon,1997-98,380,30,0,410,380,30,0,410
E07000041,Exeter,1997-98,370,80,0,440,330,80,0,410
E07000042,Mid Devon,1997-98,270,50,0,310,350,60,0,400
E07000043,North Devon,1997-98,260,70,0,330,230,0,0,230
E07000044,South Hams,1997-98,310,100,0,410,240,80,20,330
E07000045,Teignbridge,1997-98,480,40,0,520,610,20,0,630
E07000046,Torridge,1997-98,380,10,0,390,320,40,0,350
E07000047,West Devon,1997-98,250,0,0,250,180,20,0,200
E07000048,Christchurch,1997-98,130,30,0,160,160,40,0,190
E07000049,East Dorset,1997-98,320,0,0,320,200,40,0,240
E07000050,North Dorset,1997-98,180,20,0,190,200,20,0,220
E07000051,Purbeck,1997-98,190,70,0,250,140,40,0,180
E07000052,West Dorset,1997-98,360,0,0,360,390,0,0,390
E07000053,Weymouth and Portland,1997-98,230,10,0,240,70,60,0,130
E07000054,Chester-le-Street,1997-98,30,20,0,60,120,20,0,150
E07000056,County Durham,1997-98,520,10,0,530,460,10,0,470
E07000055,Derwentside,1997-98,190,20,0,210,260,20,0,280
E07000057,Easington,1997-98,100,0,0,100,180,0,0,180
E07000058,Sedgefield,1997-98,330,0,0,330,290,0,0,290
E07000059,Teesdale,1997-98,60,0,0,60,50,0,0,50
E07000060,Wear Valley,1997-98,110,20,0,130,70,10,0,80
E07000061,Eastbourne,1997-98,120,10,0,120,140,70,10,210
E07000062,Hastings,1997-98,130,20,0,140,90,40,0,130
E07000063,Lewes,1997-98,130,0,0,130,170,10,0,180
E07000064,Rother,1997-98,270,50,0,320,160,30,0,190
E07000065,Wealden,1997-98,660,60,0,720,480,80,0,560
E07000066,Basildon,1997-98,860,300,0,1150,990,170,0,1160
E07000067,Braintree,1997-98,920,20,0,940,880,70,0,950
E07000068,Brentwood,1997-98,50,0,0,50,10,0,0,10
E07000069,Castle Point,1997-98,190,0,0,190,160,20,0,180
E07000070,Chelmsford,1997-98,420,90,0,510,230,140,0,360
E07000071,Colchester,1997-98,720,90,0,820,600,60,0,660
E07000072,Epping Forest,1997-98,210,30,0,230,210,20,0,230
E07000073,Harlow,1997-98,710,10,0,720,620,40,0,660
E07000074,Maldon,1997-98,360,40,0,400,400,0,0,400
E07000075,Rochford,1997-98,320,10,0,330,260,0,0,260
E07000076,Tendring,1997-98,300,30,0,330,280,70,0,350
E07000077,Uttlesford,1997-98,310,50,0,360,200,40,0,240
E07000078,Cheltenham,1997-98,70,60,0,130,90,30,0,120
E07000079,Cotswold,1997-98,160,100,20,280,180,50,20,250
E07000080,Forest of Dean,1997-98,280,0,0,290,260,20,0,280
E07000081,Gloucester,1997-98,680,40,0,720,570,70,0,640
E07000082,Stroud,1997-98,200,20,50,270,160,90,30,270
E07000083,Tewkesbury,1997-98,390,0,0,390,280,20,0,300
E07000084,Basingstoke and Deane,1997-98,320,200,0,510,220,210,0,440
E07000085,East Hampshire,1997-98,220,50,0,270,190,60,0,250
E07000086,Eastleigh,1997-98,340,80,0,420,400,100,0,500
E07000087,Fareham,1997-98,490,20,0,500,480,20,0,490
E07000088,Gosport,1997-98,50,20,0,80,140,110,0,250
E07000089,Hart,1997-98,250,30,0,270,260,50,0,310
E07000090,Havant,1997-98,360,40,0,390,220,90,0,310
E07000091,New Forest,1997-98,290,50,0,340,290,10,0,300
E07000092,Rushmoor,1997-98,400,30,0,430,350,100,0,450
E07000093,Test Valley,1997-98,760,30,0,790,810,30,0,850
E07000094,Winchester,1997-98,610,40,0,650,630,30,0,660
E07000095,Broxbourne,1997-98,540,30,0,570,410,30,0,440
E07000096,Dacorum,1997-98,210,70,0,280,210,30,0,240
E07000242,East Hertfordshire,1997-98,510,20,0,530,680,80,0,760
E07000098,Hertsmere,1997-98,300,40,0,340,300,90,0,390
E07000099,North Hertfordshire,1997-98,220,0,0,220,360,30,0,390
E07000240,St Albans,1997-98,420,0,0,430,230,0,0,230
E07000243,Stevenage,1997-98,150,80,0,230,320,30,0,340
E07000102,Three Rivers,1997-98,210,0,0,210,240,0,0,240
E07000103,Watford,1997-98,80,0,0,80,80,0,0,80
E07000241,Welwyn Hatfield,1997-98,190,10,0,200,100,10,0,110
E07000105,Ashford,1997-98,640,0,0,640,380,0,0,380
E07000106,Canterbury,1997-98,410,0,0,410,460,0,0,460
E07000107,Dartford,1997-98,510,40,0,540,340,30,0,370
E07000108,Dover,1997-98,140,10,0,150,130,30,0,150
E07000112,Folkestone and Hythe,1997-98,230,10,0,240,160,10,0,170
E07000109,Gravesham,1997-98,90,40,0,130,50,20,0,60
E07000110,Maidstone,1997-98,240,30,0,260,290,60,0,350
E07000111,Sevenoaks,1997-98,170,60,0,230,320,110,0,430
E07000113,Swale,1997-98,430,10,0,440,230,0,0,230
E07000114,Thanet,1997-98,150,40,0,190,190,10,0,200
E07000115,Tonbridge and Malling,1997-98,390,70,0,460,400,10,0,420
E07000116,Tunbridge Wells,1997-98,260,40,0,300,120,150,0,270
E07000117,Burnley,1997-98,300,0,0,300,280,0,0,280
E07000118,Chorley,1997-98,430,0,0,430,470,0,0,470
E07000119,Fylde,1997-98,250,0,0,250,310,30,0,340
E07000120,Hyndburn,1997-98,170,0,0,170,180,0,0,180
E07000121,Lancaster,1997-98,400,30,0,430,530,110,0,630
E07000122,Pendle,1997-98,200,40,0,240,160,30,0,190
E07000123,Preston,1997-98,540,90,0,630,480,0,0,480
E07000124,Ribble Valley,1997-98,190,0,0,190,200,0,0,200
E07000125,Rossendale,1997-98,260,20,0,290,140,50,0,180
E07000126,South Ribble,1997-98,440,90,0,530,350,30,0,380
E07000127,West Lancashire,1997-98,380,0,0,380,700,0,0,700
E07000128,Wyre,1997-98,200,30,0,230,210,20,0,240
E07000129,Blaby,1997-98,350,0,0,350,330,0,0,330
E07000130,Charnwood,1997-98,520,30,0,550,590,40,0,630
E07000131,Harborough,1997-98,410,20,0,430,340,30,0,370
E07000132,Hinckley and Bosworth,1997-98,230,20,0,250,260,20,0,290
E07000133,Melton,1997-98,160,0,0,160,230,0,0,230
E07000134,North West Leicestershire,1997-98,330,70,0,400,340,10,0,340
E07000135,Oadby and Wigston,1997-98,70,20,0,80,60,0,0,60
E07000136,Boston,1997-98,190,30,0,220,190,20,0,210
E07000137,East Lindsey,1997-98,400,0,0,400,440,30,0,460
E07000138,Lincoln,1997-98,220,10,0,220,190,10,0,200
E07000139,North Kesteven,1997-98,870,20,0,890,630,30,0,660
E07000140,South Holland,1997-98,470,0,0,470,580,0,0,580
E07000141,South Kesteven,1997-98,640,0,0,640,630,20,0,650
E07000142,West Lindsey,1997-98,300,60,0,360,250,90,0,340
E07000143,Breckland,1997-98,620,150,0,770,420,150,0,570
E07000144,Broadland,1997-98,740,140,0,880,760,140,0,900
E07000145,Great Yarmouth,1997-98,250,80,0,320,230,30,0,250
E07000146,King's Lynn and West Norfolk,1997-98,440,40,0,480,610,80,0,700
E07000147,North Norfolk,1997-98,420,20,0,440,430,20,0,450
E07000148,Norwich,1997-98,160,40,0,190,120,60,0,180
E07000149,South Norfolk,1997-98,570,50,0,620,450,30,0,480
E07000150,Corby,1997-98,170,0,0,170,150,20,0,160
E07000151,Daventry,1997-98,340,50,10,400,370,150,0,520
E07000152,East Northamptonshire,1997-98,560,20,0,580,500,20,0,520
E07000153,Kettering,1997-98,350,10,0,370,310,20,0,340
E07000154,Northampton,1997-98,980,110,0,1090,890,60,0,950
E07000155,South Northamptonshire,1997-98,540,10,0,550,530,20,0,550
E07000156,Wellingborough,1997-98,210,30,0,240,230,20,0,240
E07000157,Alnwick,1997-98,80,0,0,80,90,0,0,90
E07000158,Berwick-upon-Tweed,1997-98,60,10,0,70,130,0,0,130
E07000159,Blyth Valley,1997-98,380,10,0,390,320,10,0,330
E07000160,Castle Morpeth,1997-98,140,10,0,150,180,10,0,180
E07000161,Tynedale,1997-98,140,10,0,150,130,20,0,150
E07000162,Wansbeck,1997-98,170,30,0,200,270,20,0,290
E07000163,Craven,1997-98,70,0,0,70,140,0,0,140
E07000164,Hambleton,1997-98,310,20,0,340,230,20,0,250
E07000165,Harrogate,1997-98,630,40,0,670,590,40,0,630
E07000166,Richmondshire,1997-98,210,30,0,240,60,30,0,90
E07000167,Ryedale,1997-98,190,0,0,200,250,10,0,260
E07000168,Scarborough,1997-98,130,20,0,150,240,40,0,280
E07000169,Selby,1997-98,360,10,0,370,340,50,0,380
E07000170,Ashfield,1997-98,350,70,0,420,310,70,0,380
E07000171,Bassetlaw,1997-98,340,0,0,340,250,30,0,280
E07000172,Broxtowe,1997-98,120,20,0,140,180,0,0,180
E07000173,Gedling,1997-98,230,0,0,230,250,20,0,260
E07000174,Mansfield,1997-98,100,20,10,130,210,50,10,270
E07000175,Newark and Sherwood,1997-98,320,60,0,380,240,40,0,280
E07000176,Rushcliffe,1997-98,410,30,0,440,500,90,20,600
E07000177,Cherwell,1997-98,370,20,0,390,330,10,0,340
E07000178,Oxford,1997-98,620,50,0,660,460,420,0,880
E07000179,South Oxfordshire,1997-98,430,70,0,500,330,110,0,430
E07000180,Vale of White Horse,1997-98,390,50,0,450,130,40,0,170
E07000181,West Oxfordshire,1997-98,310,10,0,310,280,10,0,290
E07000182,Bridgnorth,1997-98,90,10,0,110,120,10,0,130
E07000188,Sedgemoor,1997-98,200,20,0,220,200,10,0,220
E07000185,Shrewsbury and Atcham,1997-98,380,0,0,380,330,10,0,340
E07000191,South Shropshire,1997-98,170,30,0,200,150,60,0,210
E07000189,South Somerset,1997-98,140,0,0,140,160,0,0,170
E07000187,Mendip,1997-98,410,10,0,420,360,30,0,390
E07000188,Sedgemoor,1997-98,260,40,0,290,200,20,0,230
E07000189,South Somerset,1997-98,490,60,0,540,330,30,0,350
E07000190,Taunton Deane,1997-98,300,80,0,380,360,20,0,380
E07000191,West Somerset,1997-98,90,0,0,90,70,10,0,80
E07000192,Cannock Chase,1997-98,340,30,0,370,250,50,0,300
E07000193,East Staffordshire,1997-98,410,10,0,420,410,10,0,420
E07000194,Lichfield,1997-98,100,20,0,130,170,10,0,180
E07000195,Newcastle-under-Lyme,1997-98,230,90,0,320,270,50,0,320
E07000196,South Staffordshire,1997-98,230,40,0,270,270,40,0,320
E07000197,Stafford,1997-98,230,10,0,230,590,10,0,600
E07000198,Staffordshire Moorlands,1997-98,180,0,0,180,130,0,0,130
E07000199,Tamworth,1997-98,280,80,0,360,350,30,0,380
E07000200,Babergh,1997-98,260,10,0,270,260,70,0,340
E07000201,Forest Heath,1997-98,50,0,0,60,90,0,0,90
E07000202,Ipswich,1997-98,50,10,0,60,110,60,0,170
E07000203,Mid Suffolk,1997-98,450,40,0,490,550,30,0,580
E07000204,St Edmundsbury,1997-98,410,40,0,450,530,30,0,560
E07000205,Suffolk Coastal,1997-98,560,10,0,570,350,0,0,350
E07000206,Waveney,1997-98,250,20,0,270,210,30,0,230
E07000207,Elmbridge,1997-98,430,50,0,480,320,50,0,380
E07000208,Epsom and Ewell,1997-98,130,40,0,170,90,30,0,120
E07000209,Guildford,1997-98,230,10,0,230,150,0,0,150
E07000210,Mole Valley,1997-98,130,0,0,130,160,0,0,160
E07000211,Reigate and Banstead,1997-98,330,10,0,340,210,20,0,230
E07000212,Runnymede,1997-98,150,30,0,180,210,30,0,230
E07000213,Spelthorne,1997-98,110,90,0,200,80,20,0,90
E07000214,Surrey Heath,1997-98,380,30,0,410,210,40,0,250
E07000215,Tandridge,1997-98,390,30,0,420,280,30,0,310
E07000216,Waverley,1997-98,90,10,0,100,140,10,0,150
E07000217,Woking,1997-98,280,30,0,310,340,10,0,350
E07000218,North Warwickshire,1997-98,170,0,0,170,80,0,0,80
E07000219,Nuneaton and Bedworth,1997-98,290,10,0,300,280,10,0,290
E07000220,Rugby,1997-98,190,10,0,200,160,30,0,190
E07000221,Stratford-on-Avon,1997-98,480,10,0,490,400,20,0,420
E07000222,Warwick,1997-98,390,40,0,430,270,30,0,290
E07000223,Adur,1997-98,40,80,0,120,60,10,0,70
E07000224,Arun,1997-98,410,70,0,470,250,70,0,320
E07000225,Chichester,1997-98,460,10,0,470,410,60,0,470
E07000226,Crawley,1997-98,380,30,0,400,450,0,10,460
E07000227,Horsham,1997-98,380,40,0,420,570,220,0,780
E07000228,Mid Sussex,1997-98,380,80,0,460,550,60,0,610
E07000229,Worthing,1997-98,90,60,0,150,80,0,0,80
E07000230,Kennet,1997-98,170,50,0,210,160,130,0,280
E07000231,North Wiltshire,1997-98,620,20,0,640,720,100,0,820
E07000232,Salisbury,1997-98,480,40,0,530,430,30,0,470
E07000233,West Wiltshire,1997-98,390,90,0,470,430,70,0,500
E07000234,Bromsgrove,1997-98,130,50,0,180,200,30,0,230
E07000236,Redditch,1997-98,320,40,0,360,320,80,0,390
E07000237,Worcester,1997-98,620,0,0,620,510,10,0,520
E07000238,Wychavon,1997-98,470,60,0,520,480,10,0,490
E07000239,Wyre Forest,1997-98,190,70,0,260,170,20,0,190
E06000022,Bath and North East Somerset,1998-99,430,30,0,450,550,0,0,550
E06000008,Blackburn with Darwen,1998-99,500,40,0,540,500,50,0,550
E06000009,Blackpool,1998-99,120,30,0,150,250,0,0,250
E06000028,Bournemouth,1998-99,320,60,0,380,170,40,0,210
E06000036,Bracknell Forest,1998-99,190,0,0,200,270,20,0,290
E06000043,Brighton and Hove,1998-99,470,60,0,540,220,40,0,260
E06000023,"Bristol, City of",1998-99,250,50,10,310,270,50,0,320
E06000005,Darlington,1998-99,480,50,0,520,480,0,0,480
E06000015,Derby,1998-99,530,40,0,570,550,40,0,580
E06000011,East Riding of Yorkshire,1998-99,1210,40,0,1250,1230,30,0,1260
E06000006,Halton,1998-99,380,0,0,380,400,0,0,400
E06000001,Hartlepool,1998-99,420,0,0,420,380,20,0,400
E06000019,"Herefordshire, County of",1998-99,530,130,0,660,360,90,0,450
E06000046,Isle of Wight,1998-99,310,90,0,390,300,40,0,340
E06000053,Isles of Scilly,1998-99,0,0,0,0,0,0,0,0
E06000010,"Kingston upon Hull, City of",1998-99,490,70,0,560,330,80,0,410
E06000016,Leicester,1998-99,510,290,0,800,470,260,60,790
E06000032,Luton,1998-99,180,20,0,190,90,20,0,110
E06000035,Medway,1998-99,630,120,0,750,450,210,0,660
E06000002,Middlesbrough,1998-99,230,90,0,320,340,70,0,410
E06000042,Milton Keynes,1998-99,1270,250,0,1520,1150,280,0,1430
E06000012,North East Lincolnshire,1998-99,230,10,0,250,120,0,0,120
E06000013,North Lincolnshire,1998-99,720,0,0,720,520,0,0,520
E06000024,North Somerset,1998-99,650,10,0,650,530,0,0,530
E06000018,Nottingham,1998-99,340,40,0,370,410,70,10,480
E06000031,Peterborough,1998-99,610,70,0,680,420,70,0,490
E06000026,Plymouth,1998-99,220,80,0,290,200,60,0,260
E06000029,Poole,1998-99,170,30,0,200,260,0,0,260
E06000044,Portsmouth,1998-99,120,70,0,190,180,280,0,460
E06000038,Reading,1998-99,330,60,0,390,190,210,0,400
E06000003,Redcar and Cleveland,1998-99,130,70,0,200,90,50,0,140
E06000017,Rutland,1998-99,140,0,0,140,100,0,0,100
E06000039,Slough,1998-99,510,0,0,510,340,0,0,340
E06000025,South Gloucestershire,1998-99,1510,90,0,1600,1510,50,0,1560
E06000045,Southampton,1998-99,510,30,0,540,270,70,0,340
E06000033,Southend-on-Sea,1998-99,110,80,0,190,100,40,0,150
E06000004,Stockton-on-Tees,1998-99,880,80,0,960,970,20,0,990
E06000021,Stoke-on-Trent,1998-99,640,10,0,640,600,240,0,840
E06000030,Swindon,1998-99,540,20,0,560,870,10,0,880
E06000020,Telford and Wrekin,1998-99,890,150,0,1040,770,60,0,830
E06000034,Thurrock,1998-99,500,60,0,560,630,40,0,670
E06000027,Torbay,1998-99,320,70,0,390,290,90,0,380
E06000007,Warrington,1998-99,510,0,0,510,390,10,0,400
E06000037,West Berkshire,1998-99,380,40,0,420,350,60,0,410
E06000040,Windsor and Maidenhead,1998-99,220,160,0,370,220,140,0,360
E06000041,Wokingham,1998-99,580,30,0,610,580,60,0,640
E06000014,York,1998-99,610,110,0,720,670,200,0,860
E09000002,Barking and Dagenham,1998-99,120,30,0,150,170,40,0,210
E09000003,Barnet,1998-99,730,330,0,1060,650,80,0,730
E09000004,Bexley,1998-99,350,20,0,380,190,20,0,210
E09000005,Brent,1998-99,90,210,0,300,70,200,0,270
E09000006,Bromley,1998-99,180,80,0,250,250,30,0,280
E09000007,Camden,1998-99,210,190,0,400,370,90,0,450
E09000001,City of London,1998-99,700,0,0,700,160,0,0,160
E09000008,Croydon,1998-99,200,110,0,310,160,220,0,380
E09000009,Ealing,1998-99,180,100,0,280,330,130,0,460
E09000010,Enfield,1998-99,450,140,0,590,240,150,0,390
E09000011,Greenwich,1998-99,1040,110,0,1150,410,140,0,550
E09000012,Hackney,1998-99,590,230,0,820,520,140,0,660
E09000013,Hammersmith and Fulham,1998-99,110,0,0,110,120,20,0,140
E09000014,Haringey,1998-99,40,100,0,140,30,60,0,90
E09000015,Harrow,1998-99,80,10,0,90,150,10,0,150
E09000016,Havering,1998-99,280,40,0,330,230,30,0,250
E09000017,Hillingdon,1998-99,490,270,0,760,210,170,40,420
E09000018,Hounslow,1998-99,350,30,0,380,610,20,0,630
E09000019,Islington,1998-99,250,0,0,250,310,70,0,370
E09000020,Kensington and Chelsea,1998-99,110,30,0,140,160,40,0,200
E09000021,Kingston upon Thames,1998-99,370,50,0,410,440,0,0,450
E09000022,Lambeth,1998-99,370,250,0,620,280,150,0,430
E09000023,Lewisham,1998-99,110,130,0,240,190,170,0,360
E09000024,Merton,1998-99,210,90,0,290,130,130,0,260
E09000025,Newham,1998-99,420,120,0,530,190,200,0,390
E09000026,Redbridge,1998-99,280,40,0,330,100,10,0,100
E09000027,Richmond upon Thames,1998-99,310,0,0,310,620,10,0,630
E09000028,Southwark,1998-99,340,20,0,350,750,40,0,790
E09000029,Sutton,1998-99,190,290,0,480,280,20,0,300
E09000030,Tower Hamlets,1998-99,1610,580,0,2190,1320,280,0,1600
E09000031,Waltham Forest,1998-99,160,130,0,280,260,580,0,840
E09000032,Wandsworth,1998-99,710,40,0,750,520,40,0,550
E09000033,Westminster,1998-99,700,130,0,830,630,110,0,740
E08000001,Bolton,1998-99,360,140,0,500,450,70,0,520
E08000002,Bury,1998-99,310,40,0,350,300,10,0,310
E08000003,Manchester,1998-99,1000,350,0,1350,1030,340,0,1370
E08000004,Oldham,1998-99,490,20,0,510,610,30,0,630
E08000005,Rochdale,1998-99,510,100,0,610,470,60,0,530
E08000006,Salford,1998-99,510,110,0,610,490,100,0,590
E08000007,Stockport,1998-99,290,30,10,330,200,40,0,240
E08000008,Tameside,1998-99,220,70,0,290,230,60,0,290
E08000009,Trafford,1998-99,260,40,0,310,370,10,0,380
E08000010,Wigan,1998-99,1030,30,0,1060,1240,70,0,1310
E08000011,Knowsley,1998-99,590,80,0,680,530,70,0,600
E08000012,Liverpool,1998-99,1140,530,0,1670,970,380,0,1340
E08000014,Sefton,1998-99,350,90,0,430,620,50,0,670
E08000013,St. Helens,1998-99,410,70,0,480,470,90,0,560
E08000015,Wirral,1998-99,590,240,0,830,650,200,0,850
E08000016,Barnsley,1998-99,630,0,0,630,670,30,0,700
E08000017,Doncaster,1998-99,940,50,0,990,910,20,0,920
E08000018,Rotherham,1998-99,600,140,0,740,540,90,0,630
E08000019,Sheffield,1998-99,530,70,0,600,380,100,0,480
E08000037,Gateshead,1998-99,270,20,0,280,330,80,0,400
E08000021,Newcastle upon Tyne,1998-99,190,100,0,290,220,100,0,320
E08000022,North Tyneside,1998-99,960,0,0,960,670,30,0,690
E08000023,South Tyneside,1998-99,60,60,20,140,80,30,10,110
E08000024,Sunderland,1998-99,570,40,0,610,370,80,0,440
E08000025,Birmingham,1998-99,1540,680,0,2220,840,720,0,1550
E08000026,Coventry,1998-99,460,50,0,520,480,100,0,570
E08000027,Dudley,1998-99,260,160,0,420,430,50,0,480
E08000028,Sandwell,1998-99,680,20,0,700,630,40,0,660
E08000029,Solihull,1998-99,370,60,0,430,320,60,0,380
E08000030,Walsall,1998-99,420,90,0,510,530,110,0,640
E08000031,Wolverhampton,1998-99,160,100,0,260,130,170,0,300
E08000032,Bradford,1998-99,1120,300,0,1420,890,230,0,1130
E08000033,Calderdale,1998-99,510,60,0,570,470,30,0,500
E08000034,Kirklees,1998-99,950,80,0,1030,920,160,0,1080
E08000035,Leeds,1998-99,1750,160,0,1910,1460,280,0,1740
E08000036,Wakefield,1998-99,1160,90,0,1250,1090,160,0,1260
E07000002,Bedford,1998-99,440,160,0,600,420,230,0,650
E07000001,Mid Bedfordshire,1998-99,380,20,0,400,490,140,0,630
E07000003,South Bedfordshire,1998-99,340,0,0,340,240,20,0,270
E07000004,Aylesbury Vale,1998-99,720,50,0,770,720,10,0,730
E07000005,Chiltern,1998-99,90,10,0,100,130,0,0,130
E07000006,South Bucks,1998-99,160,10,0,180,150,0,0,150
E07000007,Wycombe,1998-99,100,80,0,180,120,60,0,180
E07000008,Cambridge,1998-99,80,0,0,80,50,60,0,110
E07000009,East Cambridgeshire,1998-99,370,30,0,400,340,20,0,360
E07000010,Fenland,1998-99,440,30,0,470,500,10,0,510
E07000011,Huntingdonshire,1998-99,750,60,0,810,560,50,0,610
E07000012,South Cambridgeshire,1998-99,570,40,10,620,610,60,10,670
E07000013,Chester,1998-99,230,10,0,240,180,20,0,200
E07000014,Congleton,1998-99,440,10,0,440,490,0,0,490
E07000015,Crewe and Nantwich,1998-99,550,40,0,590,600,130,0,730
E07000016,Ellesmere Port & Neston,1998-99,220,0,0,220,200,0,0,200
E07000017,Macclesfield,1998-99,300,0,0,300,330,0,0,330
E07000018,Vale Royal,1998-99,570,120,0,690,430,50,0,480
E07000019,Caradon,1998-99,290,0,0,290,480,0,0,480
E07000020,Carrick,1998-99,190,60,0,260,220,10,0,230
E07000021,Kerrier,1998-99,250,30,0,280,320,70,0,390
E07000022,North Cornwall,1998-99,230,50,0,280,310,50,0,360
E07000023,Penwith,1998-99,90,0,0,90,50,50,0,100
E07000024,Restormel,1998-99,400,80,0,470,290,80,0,370
E07000026,Allerdale,1998-99,150,60,0,210,160,110,0,270
E07000027,Barrow-in-Furness,1998-99,100,0,0,100,120,0,0,120
E07000028,Carlisle,1998-99,380,30,0,410,340,30,0,360
E07000029,Copeland,1998-99,150,30,0,180,120,10,0,120
E07000030,Eden,1998-99,190,0,0,190,170,0,0,170
E07000031,South Lakeland,1998-99,310,10,0,320,350,10,0,350
E07000032,Amber Valley,1998-99,380,0,0,380,190,0,0,190
E07000033,Bolsover,1998-99,360,0,0,360,250,0,0,250
E07000034,Chesterfield,1998-99,200,20,0,220,190,30,0,220
E07000035,Derbyshire Dales,1998-99,240,10,0,250,140,0,0,140
E07000036,Erewash,1998-99,310,60,0,370,380,80,10,470
E07000037,High Peak,1998-99,300,50,0,350,150,40,0,190
E07000038,North East Derbyshire,1998-99,250,20,0,270,180,0,0,180
E07000039,South Derbyshire,1998-99,590,0,0,590,610,0,0,610
E07000040,East Devon,1998-99,520,0,0,520,340,0,0,340
E07000041,Exeter,1998-99,150,30,0,190,260,80,0,340
E07000042,Mid Devon,1998-99,290,10,0,300,250,20,0,280
E07000043,North Devon,1998-99,230,80,0,300,300,40,0,340
E07000044,South Hams,1998-99,250,10,0,260,220,10,0,230
E07000045,Teignbridge,1998-99,460,50,0,500,450,80,0,530
E07000046,Torridge,1998-99,350,10,0,360,300,20,0,320
E07000047,West Devon,1998-99,180,0,0,180,120,0,0,120
E07000048,Christchurch,1998-99,110,10,0,120,60,30,0,90
E07000049,East Dorset,1998-99,260,0,0,260,290,30,0,320
E07000050,North Dorset,1998-99,220,240,0,460,160,50,0,210
E07000051,Purbeck,1998-99,80,40,0,120,120,20,0,150
E07000052,West Dorset,1998-99,360,20,0,380,470,0,0,470
E07000053,Weymouth and Portland,1998-99,100,20,0,120,130,10,0,130
E07000054,Chester-le-Street,1998-99,30,20,0,50,30,20,0,50
E07000056,County Durham,1998-99,350,0,0,350,320,0,0,320
E07000055,Derwentside,1998-99,200,20,0,220,180,30,0,210
E07000057,Easington,1998-99,180,20,0,200,150,20,0,170
E07000058,Sedgefield,1998-99,320,20,0,330,320,20,0,330
E07000059,Teesdale,1998-99,50,0,0,50,70,0,0,70
E07000060,Wear Valley,1998-99,150,0,0,150,160,30,0,180
E07000061,Eastbourne,1998-99,360,20,0,380,240,40,0,280
E07000062,Hastings,1998-99,150,20,0,170,120,20,0,140
E07000063,Lewes,1998-99,120,30,0,160,90,0,0,90
E07000064,Rother,1998-99,110,10,0,120,210,50,0,260
E07000065,Wealden,1998-99,620,20,0,640,710,10,0,720
E07000066,Basildon,1998-99,620,150,0,780,850,330,0,1180
E07000067,Braintree,1998-99,660,40,0,700,710,30,0,740
E07000068,Brentwood,1998-99,120,0,0,120,80,20,0,100
E07000069,Castle Point,1998-99,120,30,0,150,130,0,0,130
E07000070,Chelmsford,1998-99,410,50,0,460,340,120,0,460
E07000071,Colchester,1998-99,630,40,0,670,660,70,0,730
E07000072,Epping Forest,1998-99,220,30,0,240,130,30,0,160
E07000073,Harlow,1998-99,480,0,0,480,560,0,0,570
E07000074,Maldon,1998-99,370,60,0,430,290,50,0,330
E07000075,Rochford,1998-99,470,0,0,470,380,0,0,380
E07000076,Tendring,1998-99,290,30,0,320,270,60,0,330
E07000077,Uttlesford,1998-99,180,30,0,210,210,80,0,290
E07000078,Cheltenham,1998-99,260,40,0,310,110,70,0,170
E07000079,Cotswold,1998-99,160,50,0,210,220,90,20,330
E07000080,Forest of Dean,1998-99,110,10,0,120,210,0,0,210
E07000081,Gloucester,1998-99,320,180,0,500,460,30,0,490
E07000082,Stroud,1998-99,310,30,40,380,260,10,20,290
E07000083,Tewkesbury,1998-99,330,0,0,330,300,0,0,300
E07000084,Basingstoke and Deane,1998-99,630,50,0,680,350,60,0,410
E07000085,East Hampshire,1998-99,210,30,0,240,130,60,0,190
E07000086,Eastleigh,1998-99,290,60,0,350,300,60,0,360
E07000087,Fareham,1998-99,470,30,0,500,440,10,0,450
E07000088,Gosport,1998-99,40,10,0,60,40,0,0,40
E07000089,Hart,1998-99,140,80,0,210,210,40,0,250
E07000090,Havant,1998-99,130,10,0,150,290,20,0,310
E07000091,New Forest,1998-99,410,100,0,510,350,70,0,420
E07000092,Rushmoor,1998-99,110,10,0,120,200,20,0,220
E07000093,Test Valley,1998-99,820,10,0,830,630,10,0,640
E07000094,Winchester,1998-99,350,10,0,360,400,30,0,430
E07000095,Broxbourne,1998-99,390,120,0,500,400,50,0,460
E07000096,Dacorum,1998-99,90,0,0,90,170,60,0,230
E07000242,East Hertfordshire,1998-99,360,50,0,420,380,30,0,400
E07000098,Hertsmere,1998-99,360,20,0,380,340,50,0,390
E07000099,North Hertfordshire,1998-99,230,120,0,350,160,0,0,160
E07000240,St Albans,1998-99,410,0,0,410,240,20,0,270
E07000243,Stevenage,1998-99,340,30,0,380,190,80,0,270
E07000102,Three Rivers,1998-99,410,0,0,410,350,0,0,350
E07000103,Watford,1998-99,110,10,0,120,60,0,0,60
E07000241,Welwyn Hatfield,1998-99,90,20,0,100,140,0,0,140
E07000105,Ashford,1998-99,550,10,0,560,530,20,0,540
E07000106,Canterbury,1998-99,300,0,0,300,350,0,10,360
E07000107,Dartford,1998-99,270,20,0,290,420,20,0,440
E07000108,Dover,1998-99,110,0,0,110,140,0,0,140
E07000112,Folkestone and Hythe,1998-99,430,0,0,430,250,20,0,280
E07000109,Gravesham,1998-99,150,20,0,170,100,0,0,110
E07000110,Maidstone,1998-99,320,110,0,430,230,10,0,240
E07000111,Sevenoaks,1998-99,120,60,0,180,80,40,0,110
E07000113,Swale,1998-99,580,10,0,580,370,90,0,460
E07000114,Thanet,1998-99,170,0,0,170,120,40,0,160
E07000115,Tonbridge and Malling,1998-99,310,60,0,360,340,70,0,410
E07000116,Tunbridge Wells,1998-99,470,40,0,510,270,180,0,450
E07000117,Burnley,1998-99,190,0,0,190,230,0,0,230
E07000118,Chorley,1998-99,390,20,0,400,430,0,0,430
E07000119,Fylde,1998-99,260,50,0,310,220,30,0,250
E07000120,Hyndburn,1998-99,230,0,0,230,210,0,0,210
E07000121,Lancaster,1998-99,310,90,0,400,280,10,0,280
E07000122,Pendle,1998-99,130,10,0,140,90,30,0,110
E07000123,Preston,1998-99,390,10,0,400,460,110,0,570
E07000124,Ribble Valley,1998-99,130,0,0,130,160,0,0,160
E07000125,Rossendale,1998-99,110,10,0,120,200,0,0,210
E07000126,South Ribble,1998-99,420,30,0,450,390,100,0,490
E07000127,West Lancashire,1998-99,420,0,0,420,400,10,0,410
E07000128,Wyre,1998-99,360,0,0,360,250,20,0,270
E07000129,Blaby,1998-99,440,10,0,440,480,20,0,490
E07000130,Charnwood,1998-99,380,40,0,430,480,60,0,540
E07000131,Harborough,1998-99,670,0,0,670,460,20,0,480
E07000132,Hinckley and Bosworth,1998-99,240,0,0,240,220,10,0,230
E07000133,Melton,1998-99,170,20,0,180,130,0,0,130
E07000134,North West Leicestershire,1998-99,380,20,0,410,400,90,0,490
E07000135,Oadby and Wigston,1998-99,90,0,0,100,70,20,0,90
E07000136,Boston,1998-99,180,50,0,220,220,30,0,260
E07000137,East Lindsey,1998-99,480,80,0,560,430,20,0,450
E07000138,Lincoln,1998-99,260,0,0,260,300,20,0,320
E07000139,North Kesteven,1998-99,790,0,0,790,800,0,0,800
E07000140,South Holland,1998-99,400,0,0,400,410,0,0,410
E07000141,South Kesteven,1998-99,660,20,10,690,680,20,0,700
E07000142,West Lindsey,1998-99,370,30,0,400,280,100,0,370
E07000143,Breckland,1998-99,510,90,0,600,630,50,0,680
E07000144,Broadland,1998-99,610,100,0,710,770,100,0,860
E07000145,Great Yarmouth,1998-99,200,50,0,250,220,70,0,300
E07000146,King's Lynn and West Norfolk,1998-99,490,0,0,490,670,0,0,670
E07000147,North Norfolk,1998-99,280,30,0,300,350,40,0,380
E07000148,Norwich,1998-99,70,140,0,220,140,160,0,300
E07000149,South Norfolk,1998-99,450,20,0,470,530,30,0,560
E07000150,Corby,1998-99,140,0,0,140,150,0,0,150
E07000151,Daventry,1998-99,420,40,0,460,230,10,0,240
E07000152,East Northamptonshire,1998-99,640,30,0,660,510,20,0,520
E07000153,Kettering,1998-99,340,40,0,380,320,20,0,340
E07000154,Northampton,1998-99,510,40,0,550,760,140,0,890
E07000155,South Northamptonshire,1998-99,340,10,0,350,500,10,0,500
E07000156,Wellingborough,1998-99,250,10,0,260,230,30,0,250
E07000157,Alnwick,1998-99,120,0,0,120,60,0,0,60
E07000158,Berwick-upon-Tweed,1998-99,110,10,0,120,70,20,0,90
E07000159,Blyth Valley,1998-99,220,0,0,220,260,0,0,260
E07000160,Castle Morpeth,1998-99,80,0,0,80,100,10,0,100
E07000161,Tynedale,1998-99,110,30,0,140,130,10,0,140
E07000162,Wansbeck,1998-99,160,0,0,160,140,30,0,170
E07000163,Craven,1998-99,110,0,0,110,90,0,0,90
E07000164,Hambleton,1998-99,200,20,0,220,200,30,0,230
E07000165,Harrogate,1998-99,630,10,0,640,430,60,0,490
E07000166,Richmondshire,1998-99,140,0,0,140,130,30,0,160
E07000167,Ryedale,1998-99,110,10,0,120,110,0,0,110
E07000168,Scarborough,1998-99,200,10,0,210,190,0,0,190
E07000169,Selby,1998-99,310,10,0,320,210,10,0,220
E07000170,Ashfield,1998-99,420,30,0,450,290,40,0,340
E07000171,Bassetlaw,1998-99,470,40,0,510,350,0,0,350
E07000172,Broxtowe,1998-99,110,0,0,110,70,0,0,70
E07000173,Gedling,1998-99,140,20,0,150,170,0,0,170
E07000174,Mansfield,1998-99,180,50,0,230,140,30,0,160
E07000175,Newark and Sherwood,1998-99,550,0,0,550,420,50,0,470
E07000176,Rushcliffe,1998-99,420,20,0,440,340,50,0,390
E07000177,Cherwell,1998-99,700,20,0,730,290,30,0,320
E07000178,Oxford,1998-99,620,110,0,730,660,230,0,890
E07000179,South Oxfordshire,1998-99,400,50,0,450,470,60,0,530
E07000180,Vale of White Horse,1998-99,430,20,0,460,240,60,0,290
E07000181,West Oxfordshire,1998-99,260,10,0,270,320,30,0,350
E07000182,Bridgnorth,1998-99,30,10,0,40,70,10,0,80
E07000188,Sedgemoor,1998-99,260,10,0,260,210,20,0,230
E07000185,Shrewsbury and Atcham,1998-99,280,0,0,280,260,0,0,260
E07000191,South Shropshire,1998-99,130,0,0,130,150,30,0,180
E07000189,South Somerset,1998-99,150,10,0,160,140,0,0,150
E07000187,Mendip,1998-99,270,130,0,400,230,10,0,240
E07000188,Sedgemoor,1998-99,340,40,0,380,380,0,0,380
E07000189,South Somerset,1998-99,540,10,0,550,530,90,0,620
E07000190,Taunton Deane,1998-99,590,50,0,640,290,110,0,400
E07000191,West Somerset,1998-99,70,10,0,80,70,10,0,70
E07000192,Cannock Chase,1998-99,300,40,0,350,370,50,0,420
E07000193,East Staffordshire,1998-99,530,0,0,530,490,0,0,490
E07000194,Lichfield,1998-99,260,40,20,310,190,10,0,200
E07000195,Newcastle-under-Lyme,1998-99,270,40,0,320,210,40,0,250
E07000196,South Staffordshire,1998-99,220,40,0,260,260,40,0,300
E07000197,Stafford,1998-99,320,0,0,320,200,0,0,200
E07000198,Staffordshire Moorlands,1998-99,280,0,0,280,200,0,0,200
E07000199,Tamworth,1998-99,490,20,0,510,430,30,0,460
E07000200,Babergh,1998-99,340,20,0,350,160,0,0,160
E07000201,Forest Heath,1998-99,180,50,0,230,80,30,0,110
E07000202,Ipswich,1998-99,230,50,0,270,60,0,0,60
E07000203,Mid Suffolk,1998-99,340,20,0,360,350,20,0,360
E07000204,St Edmundsbury,1998-99,390,0,0,390,380,40,0,410
E07000205,Suffolk Coastal,1998-99,520,0,0,520,490,10,0,500
E07000206,Waveney,1998-99,290,50,0,340,260,40,0,290
E07000207,Elmbridge,1998-99,510,30,0,540,390,60,0,450
E07000208,Epsom and Ewell,1998-99,260,10,0,270,140,20,0,170
E07000209,Guildford,1998-99,130,0,0,130,110,10,0,120
E07000210,Mole Valley,1998-99,100,10,0,110,130,0,0,130
E07000211,Reigate and Banstead,1998-99,180,40,0,220,150,40,0,190
E07000212,Runnymede,1998-99,310,20,0,330,200,30,0,230
E07000213,Spelthorne,1998-99,90,30,0,130,100,100,0,200
E07000214,Surrey Heath,1998-99,160,10,0,180,400,10,0,410
E07000215,Tandridge,1998-99,280,30,0,310,410,10,0,430
E07000216,Waverley,1998-99,180,10,0,190,120,10,0,130
E07000217,Woking,1998-99,210,40,0,260,110,30,0,140
E07000218,North Warwickshire,1998-99,160,0,0,160,80,0,0,80
E07000219,Nuneaton and Bedworth,1998-99,420,90,0,510,330,20,0,340
E07000220,Rugby,1998-99,270,60,0,330,200,70,0,260
E07000221,Stratford-on-Avon,1998-99,570,70,0,640,520,30,0,550
E07000222,Warwick,1998-99,640,20,0,660,410,20,0,430
E07000223,Adur,1998-99,70,20,0,90,30,70,0,110
E07000224,Arun,1998-99,330,90,0,420,310,70,0,380
E07000225,Chichester,1998-99,360,20,0,380,380,10,0,390
E07000226,Crawley,1998-99,230,10,0,250,260,40,0,300
E07000227,Horsham,1998-99,550,110,0,660,360,70,0,430
E07000228,Mid Sussex,1998-99,160,40,0,200,270,90,0,360
E07000229,Worthing,1998-99,100,20,0,110,140,110,0,240
E07000230,Kennet,1998-99,130,70,0,190,120,30,0,150
E07000231,North Wiltshire,1998-99,480,0,0,480,530,10,0,540
E07000232,Salisbury,1998-99,250,40,0,290,420,40,0,460
E07000233,West Wiltshire,1998-99,650,120,0,780,380,60,0,450
E07000234,Bromsgrove,1998-99,130,0,0,130,170,40,0,210
E07000235,Malvern Hills,1998-99,100,80,0,180,320,50,0,370
E07000236,Redditch,1998-99,220,40,0,260,340,10,0,350
E07000237,Worcester,1998-99,530,0,0,530,760,0,0,760
E07000238,Wychavon,1998-99,550,40,0,590,470,70,0,540
E07000239,Wyre Forest,1998-99,170,0,0,170,190,60,0,250
E06000022,Bath and North East Somerset,1999-00,220,20,0,250,280,10,0,290
E06000008,Blackburn with Darwen,1999-00,430,0,0,430,310,0,0,310
E06000009,Blackpool,1999-00,170,30,0,200,110,40,0,150
E06000028,Bournemouth,1999-00,340,110,10,460,360,180,0,530
E06000036,Bracknell Forest,1999-00,120,0,0,120,160,0,0,160
E06000043,Brighton and Hove,1999-00,200,50,0,250,440,100,0,540
E06000023,"Bristol, City of",1999-00,220,30,20,260,170,40,10,220
E06000005,Darlington,1999-00,470,0,0,470,390,50,0,440
E06000015,Derby,1999-00,460,0,0,460,410,0,0,410
E06000011,East Riding of Yorkshire,1999-00,1230,0,0,1230,1120,10,0,1120
E06000006,Halton,1999-00,330,0,0,330,260,10,0,270
E06000001,Hartlepool,1999-00,400,10,0,420,500,120,0,620
E06000019,"Herefordshire, County of",1999-00,710,30,0,740,620,130,0,750
E06000046,Isle of Wight,1999-00,450,30,0,480,360,30,0,390
E06000053,Isles of Scilly,1999-00,10,0,0,10,0,0,0,10
E06000010,"Kingston upon Hull, City of",1999-00,520,20,0,540,220,0,0,220
E06000016,Leicester,1999-00,390,190,0,580,430,310,0,740
E06000032,Luton,1999-00,90,0,0,90,140,50,0,200
E06000035,Medway,1999-00,670,40,0,710,370,50,0,430
E06000002,Middlesbrough,1999-00,160,10,0,170,200,50,0,250
E06000042,Milton Keynes,1999-00,1230,320,0,1550,1150,280,0,1430
E06000012,North East Lincolnshire,1999-00,390,10,0,400,460,10,0,480
E06000013,North Lincolnshire,1999-00,630,10,0,640,550,0,0,550
E06000024,North Somerset,1999-00,770,10,0,790,720,10,0,730
E06000018,Nottingham,1999-00,460,50,0,510,300,70,0,360
E06000031,Peterborough,1999-00,480,0,0,490,550,10,0,560
E06000026,Plymouth,1999-00,360,60,0,420,200,30,0,230
E06000029,Poole,1999-00,310,30,0,330,290,20,0,300
E06000044,Portsmouth,1999-00,320,70,0,390,160,40,0,200
E06000038,Reading,1999-00,410,40,0,450,260,40,0,290
E06000003,Redcar and Cleveland,1999-00,200,50,0,250,190,40,0,220
E06000017,Rutland,1999-00,180,0,0,180,150,0,0,150
E06000039,Slough,1999-00,770,40,0,810,450,0,0,450
E06000025,South Gloucestershire,1999-00,1250,100,0,1360,1390,30,0,1420
E06000045,Southampton,1999-00,510,20,0,540,290,50,0,330
E06000033,Southend-on-Sea,1999-00,150,40,0,180,110,100,0,210
E06000004,Stockton-on-Tees,1999-00,880,30,0,910,920,90,0,1010
E06000021,Stoke-on-Trent,1999-00,680,10,0,690,750,10,0,760
E06000030,Swindon,1999-00,480,10,0,490,390,20,0,400
E06000020,Telford and Wrekin,1999-00,830,170,0,1000,950,190,0,1140
E06000034,Thurrock,1999-00,780,0,0,780,790,20,0,800
E06000027,Torbay,1999-00,440,40,0,480,310,30,0,340
E06000007,Warrington,1999-00,490,0,0,490,490,30,0,520
E06000037,West Berkshire,1999-00,310,50,0,360,290,40,0,320
E06000040,Windsor and Maidenhead,1999-00,210,130,0,340,170,160,0,330
E06000041,Wokingham,1999-00,500,30,0,530,560,10,0,570
E06000014,York,1999-00,540,120,0,660,640,120,0,750
E09000002,Barking and Dagenham,1999-00,330,60,0,390,170,40,0,210
E09000003,Barnet,1999-00,510,50,0,560,720,100,0,820
E09000004,Bexley,1999-00,110,40,0,150,180,30,0,210
E09000005,Brent,1999-00,300,220,0,520,90,240,0,330
E09000006,Bromley,1999-00,410,40,0,450,140,100,0,240
E09000007,Camden,1999-00,110,90,0,190,160,170,0,320
E09000001,City of London,1999-00,210,0,0,210,280,20,0,300
E09000008,Croydon,1999-00,130,110,0,240,140,190,0,330
E09000009,Ealing,1999-00,280,70,0,350,150,130,0,270
E09000010,Enfield,1999-00,650,250,0,900,110,80,0,190
E09000011,Greenwich,1999-00,490,150,0,630,920,60,0,980
E09000012,Hackney,1999-00,410,190,0,590,390,120,0,510
E09000013,Hammersmith and Fulham,1999-00,60,0,0,60,80,20,0,110
E09000014,Haringey,1999-00,150,70,0,220,40,90,0,130
E09000015,Harrow,1999-00,170,0,0,170,90,0,0,100
E09000016,Havering,1999-00,370,100,0,470,240,50,0,280
E09000017,Hillingdon,1999-00,300,170,0,470,390,140,0,530
E09000018,Hounslow,1999-00,270,10,0,280,280,0,0,280
E09000019,Islington,1999-00,390,20,0,420,420,30,0,450
E09000020,Kensington and Chelsea,1999-00,310,60,0,370,210,20,0,230
E09000021,Kingston upon Thames,1999-00,190,40,0,230,300,50,0,350
E09000022,Lambeth,1999-00,500,170,0,670,370,120,0,480
E09000023,Lewisham,1999-00,50,110,0,160,200,100,0,290
E09000024,Merton,1999-00,150,70,0,220,200,150,0,350
E09000025,Newham,1999-00,430,40,0,480,400,120,0,520
E09000026,Redbridge,1999-00,290,40,0,330,460,40,0,500
E09000027,Richmond upon Thames,1999-00,200,20,0,210,150,30,0,180
E09000028,Southwark,1999-00,310,50,0,360,330,10,0,340
E09000029,Sutton,1999-00,270,20,0,290,140,120,0,260
E09000030,Tower Hamlets,1999-00,1350,350,0,1700,1510,460,0,1970
E09000031,Waltham Forest,1999-00,100,210,0,310,10,190,0,200
E09000032,Wandsworth,1999-00,250,0,0,250,540,80,0,620
E09000033,Westminster,1999-00,450,440,0,890,600,210,0,810
E08000001,Bolton,1999-00,560,130,0,690,570,240,0,800
E08000002,Bury,1999-00,280,80,0,360,250,50,0,300
E08000003,Manchester,1999-00,1880,180,0,2060,1110,340,0,1450
E08000004,Oldham,1999-00,330,110,0,440,440,30,0,480
E08000005,Rochdale,1999-00,500,10,0,500,440,70,0,510
E08000006,Salford,1999-00,430,70,0,500,470,60,0,520
E08000007,Stockport,1999-00,340,100,0,440,340,60,0,400
E08000008,Tameside,1999-00,460,200,0,660,280,80,0,370
E08000009,Trafford,1999-00,160,60,0,210,170,70,0,240
E08000010,Wigan,1999-00,980,10,0,990,1160,10,0,1170
E08000011,Knowsley,1999-00,570,50,0,620,550,70,0,620
E08000012,Liverpool,1999-00,1360,290,0,1660,980,320,0,1300
E08000014,Sefton,1999-00,460,60,0,520,400,70,0,470
E08000013,St. Helens,1999-00,470,0,0,470,390,30,0,420
E08000015,Wirral,1999-00,600,110,0,710,490,200,0,690
E08000016,Barnsley,1999-00,830,0,0,830,640,0,0,640
E08000017,Doncaster,1999-00,910,30,0,940,840,40,0,890
E08000018,Rotherham,1999-00,780,180,0,960,590,230,0,820
E08000019,Sheffield,1999-00,660,30,0,680,350,130,0,490
E08000037,Gateshead,1999-00,360,60,0,410,280,30,0,310
E08000021,Newcastle upon Tyne,1999-00,400,70,0,460,280,100,0,370
E08000022,North Tyneside,1999-00,770,90,0,860,870,40,0,910
E08000023,South Tyneside,1999-00,100,50,0,150,50,30,0,80
E08000024,Sunderland,1999-00,390,30,0,420,520,80,0,590
E08000025,Birmingham,1999-00,1320,660,0,1980,1200,610,0,1810
E08000026,Coventry,1999-00,400,40,0,440,450,60,0,510
E08000027,Dudley,1999-00,440,60,0,500,350,180,0,530
E08000028,Sandwell,1999-00,500,20,0,530,550,30,0,580
E08000029,Solihull,1999-00,720,80,0,800,400,60,0,460
E08000030,Walsall,1999-00,440,100,0,540,440,110,0,550
E08000031,Wolverhampton,1999-00,210,170,0,380,180,60,0,240
E08000032,Bradford,1999-00,1170,230,0,1410,990,220,0,1210
E08000033,Calderdale,1999-00,490,0,0,490,370,60,0,430
E08000034,Kirklees,1999-00,880,90,0,960,850,70,0,920
E08000035,Leeds,1999-00,1960,160,0,2120,1820,130,0,1950
E08000036,Wakefield,1999-00,1250,50,0,1300,1210,70,0,1280
E07000002,Bedford,1999-00,430,50,0,480,480,70,0,540
E07000001,Mid Bedfordshire,1999-00,490,40,0,530,350,20,0,370
E07000003,South Bedfordshire,1999-00,330,0,0,330,270,0,0,270
E07000004,Aylesbury Vale,1999-00,880,40,0,920,710,80,0,790
E07000005,Chiltern,1999-00,110,30,0,140,110,0,0,110
E07000006,South Bucks,1999-00,130,10,20,160,180,10,10,200
E07000007,Wycombe,1999-00,180,50,0,230,120,50,0,160
E07000008,Cambridge,1999-00,140,20,0,160,130,10,0,130
E07000009,East Cambridgeshire,1999-00,440,0,0,440,360,10,0,370
E07000010,Fenland,1999-00,360,20,0,380,390,0,0,390
E07000011,Huntingdonshire,1999-00,610,30,0,640,620,40,0,660
E07000012,South Cambridgeshire,1999-00,910,80,20,1010,690,30,0,720
E07000013,Chester,1999-00,350,0,0,350,280,0,0,280
E07000014,Congleton,1999-00,350,50,0,400,370,30,0,400
E07000015,Crewe and Nantwich,1999-00,590,60,0,650,600,90,0,690
E07000016,Ellesmere Port & Neston,1999-00,120,0,0,120,170,0,0,170
E07000017,Macclesfield,1999-00,440,10,0,450,250,70,0,310
E07000018,Vale Royal,1999-00,700,50,0,740,790,110,0,900
E07000019,Caradon,1999-00,190,0,0,190,400,0,0,400
E07000020,Carrick,1999-00,330,0,0,330,210,30,0,240
E07000021,Kerrier,1999-00,290,40,0,330,360,50,0,410
E07000022,North Cornwall,1999-00,440,90,0,530,260,40,0,290
E07000023,Penwith,1999-00,90,110,0,200,170,10,0,180
E07000024,Restormel,1999-00,460,80,0,540,390,10,0,400
E07000026,Allerdale,1999-00,180,0,0,180,110,20,0,130
E07000027,Barrow-in-Furness,1999-00,120,10,0,130,110,10,0,120
E07000028,Carlisle,1999-00,350,20,0,370,300,10,0,320
E07000029,Copeland,1999-00,160,0,0,160,150,40,0,180
E07000030,Eden,1999-00,220,40,0,260,150,10,0,160
E07000031,South Lakeland,1999-00,240,20,0,260,310,10,0,320
E07000032,Amber Valley,1999-00,310,20,0,330,240,20,0,250
E07000033,Bolsover,1999-00,310,0,0,310,360,0,0,360
E07000034,Chesterfield,1999-00,210,20,0,240,170,30,0,200
E07000035,Derbyshire Dales,1999-00,90,0,0,100,220,20,0,240
E07000036,Erewash,1999-00,220,0,10,230,340,30,10,370
E07000037,High Peak,1999-00,250,10,0,260,690,50,0,730
E07000038,North East Derbyshire,1999-00,140,0,0,140,200,20,0,220
E07000039,South Derbyshire,1999-00,520,0,0,520,550,0,0,550
E07000040,East Devon,1999-00,580,0,0,580,490,10,0,500
E07000041,Exeter,1999-00,260,90,0,350,150,50,0,200
E07000042,Mid Devon,1999-00,290,50,0,340,320,30,0,350
E07000043,North Devon,1999-00,310,10,0,320,320,70,0,390
E07000044,South Hams,1999-00,200,20,0,230,280,10,0,290
E07000045,Teignbridge,1999-00,340,50,0,390,520,60,0,570
E07000046,Torridge,1999-00,410,40,0,450,400,0,0,410
E07000047,West Devon,1999-00,150,10,0,160,230,0,0,230
E07000048,Christchurch,1999-00,90,0,0,90,100,0,0,100
E07000049,East Dorset,1999-00,280,50,0,330,240,20,0,260
E07000050,North Dorset,1999-00,270,40,0,310,260,50,0,310
E07000051,Purbeck,1999-00,90,20,0,110,80,40,0,120
E07000052,West Dorset,1999-00,460,0,0,460,330,20,0,340
E07000053,Weymouth and Portland,1999-00,150,50,0,210,150,40,0,180
E07000054,Chester-le-Street,1999-00,110,0,0,110,30,10,0,40
E07000056,County Durham,1999-00,290,0,0,300,310,0,0,310
E07000055,Derwentside,1999-00,370,40,0,410,260,40,0,300
E07000057,Easington,1999-00,200,20,0,220,190,20,0,210
E07000058,Sedgefield,1999-00,270,30,0,300,340,20,0,350
E07000059,Teesdale,1999-00,50,0,0,50,60,0,0,60
E07000060,Wear Valley,1999-00,130,30,0,160,160,0,0,160
E07000061,Eastbourne,1999-00,590,40,0,620,430,20,0,450
E07000062,Hastings,1999-00,200,20,0,220,130,60,0,180
E07000063,Lewes,1999-00,90,0,0,90,80,0,0,80
E07000064,Rother,1999-00,140,170,0,310,130,30,0,160
E07000065,Wealden,1999-00,320,70,0,390,460,60,0,520
E07000066,Basildon,1999-00,820,50,0,870,860,310,0,1170
E07000067,Braintree,1999-00,680,0,0,680,640,50,0,690
E07000068,Brentwood,1999-00,40,0,0,40,100,0,0,100
E07000069,Castle Point,1999-00,110,10,0,110,100,30,0,130
E07000070,Chelmsford,1999-00,620,80,0,710,460,60,0,510
E07000071,Colchester,1999-00,580,10,0,590,570,30,0,600
E07000072,Epping Forest,1999-00,380,0,0,380,330,20,0,350
E07000073,Harlow,1999-00,190,70,0,260,540,0,0,540
E07000074,Maldon,1999-00,360,10,0,370,340,50,0,390
E07000075,Rochford,1999-00,230,20,0,250,350,20,0,360
E07000076,Tendring,1999-00,400,10,0,410,340,10,0,340
E07000077,Uttlesford,1999-00,110,30,0,140,270,10,0,280
E07000078,Cheltenham,1999-00,350,60,0,420,170,40,0,200
E07000079,Cotswold,1999-00,190,120,20,330,170,40,0,210
E07000080,Forest of Dean,1999-00,110,80,0,190,160,30,0,190
E07000081,Gloucester,1999-00,130,110,0,240,260,80,0,340
E07000082,Stroud,1999-00,310,30,20,360,300,40,0,340
E07000083,Tewkesbury,1999-00,320,0,0,320,290,0,0,290
E07000084,Basingstoke and Deane,1999-00,420,170,0,590,610,130,0,740
E07000085,East Hampshire,1999-00,320,60,0,380,240,30,0,270
E07000086,Eastleigh,1999-00,270,90,0,360,250,50,0,300
E07000087,Fareham,1999-00,380,60,0,440,510,50,0,560
E07000088,Gosport,1999-00,250,40,0,290,60,10,0,70
E07000089,Hart,1999-00,320,40,0,360,160,90,0,250
E07000090,Havant,1999-00,160,10,0,170,150,0,0,150
E07000091,New Forest,1999-00,610,0,0,610,430,40,0,460
E07000092,Rushmoor,1999-00,60,0,0,60,180,10,0,190
E07000093,Test Valley,1999-00,440,70,0,510,740,10,0,750
E07000094,Winchester,1999-00,210,0,0,210,380,20,0,400
E07000095,Broxbourne,1999-00,450,20,0,470,450,70,0,520
E07000096,Dacorum,1999-00,340,0,0,340,100,0,0,100
E07000242,East Hertfordshire,1999-00,320,80,0,400,360,10,0,370
E07000098,Hertsmere,1999-00,150,10,0,160,280,0,0,280
E07000099,North Hertfordshire,1999-00,310,0,0,310,220,140,0,360
E07000240,St Albans,1999-00,430,10,0,440,490,0,0,490
E07000243,Stevenage,1999-00,160,50,0,220,280,20,0,300
E07000102,Three Rivers,1999-00,280,0,0,280,380,0,0,380
E07000103,Watford,1999-00,80,0,0,80,90,10,0,100
E07000241,Welwyn Hatfield,1999-00,150,40,0,180,140,30,0,160
E07000105,Ashford,1999-00,860,100,0,960,540,60,0,600
E07000106,Canterbury,1999-00,370,50,0,420,400,50,0,450
E07000107,Dartford,1999-00,270,40,0,310,220,70,0,290
E07000108,Dover,1999-00,130,20,0,150,180,0,0,180
E07000112,Folkestone and Hythe,1999-00,350,60,0,410,410,40,0,460
E07000109,Gravesham,1999-00,100,20,0,120,90,40,0,130
E07000110,Maidstone,1999-00,660,90,0,750,410,110,0,510
E07000111,Sevenoaks,1999-00,120,20,0,140,100,20,0,120
E07000113,Swale,1999-00,680,0,0,680,420,70,0,490
E07000114,Thanet,1999-00,140,10,0,150,180,0,0,180
E07000115,Tonbridge and Malling,1999-00,380,70,0,450,250,40,0,280
E07000116,Tunbridge Wells,1999-00,220,0,0,220,210,20,0,230
E07000117,Burnley,1999-00,250,10,0,250,240,10,0,250
E07000118,Chorley,1999-00,450,10,0,450,450,20,0,470
E07000119,Fylde,1999-00,270,10,0,270,220,30,0,240
E07000120,Hyndburn,1999-00,340,0,0,340,210,0,0,210
E07000121,Lancaster,1999-00,280,40,0,320,210,130,0,340
E07000122,Pendle,1999-00,290,0,0,290,190,0,0,190
E07000123,Preston,1999-00,330,70,0,400,270,10,0,270
E07000124,Ribble Valley,1999-00,160,0,0,160,140,0,0,140
E07000125,Rossendale,1999-00,60,20,0,80,110,30,0,130
E07000126,South Ribble,1999-00,280,30,0,310,410,20,0,430
E07000127,West Lancashire,1999-00,370,70,0,440,330,10,0,330
E07000128,Wyre,1999-00,350,70,0,410,320,10,0,330
E07000129,Blaby,1999-00,350,70,0,420,410,20,0,430
E07000130,Charnwood,1999-00,280,80,0,350,290,60,0,350
E07000131,Harborough,1999-00,720,40,0,760,690,10,0,700
E07000132,Hinckley and Bosworth,1999-00,280,0,0,280,260,0,0,260
E07000133,Melton,1999-00,150,0,0,150,140,0,0,140
E07000134,North West Leicestershire,1999-00,450,30,0,470,360,0,0,360
E07000135,Oadby and Wigston,1999-00,50,20,0,70,110,0,0,110
E07000136,Boston,1999-00,200,0,0,200,160,50,0,200
E07000137,East Lindsey,1999-00,430,90,0,520,540,110,0,650
E07000138,Lincoln,1999-00,290,20,0,310,270,10,0,280
E07000139,North Kesteven,1999-00,830,0,0,830,950,0,0,950
E07000140,South Holland,1999-00,630,0,0,630,590,0,0,590
E07000141,South Kesteven,1999-00,530,0,0,540,560,10,0,580
E07000142,West Lindsey,1999-00,400,30,0,430,460,0,0,460
E07000143,Breckland,1999-00,520,30,0,550,490,60,0,550
E07000144,Broadland,1999-00,580,90,0,670,580,60,0,650
E07000145,Great Yarmouth,1999-00,160,30,0,190,210,60,0,280
E07000146,King's Lynn and West Norfolk,1999-00,580,0,0,580,360,0,0,360
E07000147,North Norfolk,1999-00,330,30,0,360,230,50,0,270
E07000148,Norwich,1999-00,130,70,0,200,90,60,0,150
E07000149,South Norfolk,1999-00,390,20,0,400,470,20,0,490
E07000150,Corby,1999-00,90,0,0,90,60,0,0,60
E07000151,Daventry,1999-00,590,0,0,590,740,10,0,750
E07000152,East Northamptonshire,1999-00,770,120,0,890,760,80,0,850
E07000153,Kettering,1999-00,490,10,0,490,370,30,0,400
E07000154,Northampton,1999-00,610,50,0,660,410,30,0,440
E07000155,South Northamptonshire,1999-00,560,110,0,670,280,90,0,360
E07000156,Wellingborough,1999-00,210,20,0,230,220,20,0,240
E07000157,Alnwick,1999-00,160,50,0,200,120,40,0,160
E07000158,Berwick-upon-Tweed,1999-00,60,0,0,60,70,0,0,70
E07000159,Blyth Valley,1999-00,150,0,0,150,210,0,0,210
E07000160,Castle Morpeth,1999-00,170,10,0,170,120,10,0,130
E07000161,Tynedale,1999-00,150,10,0,160,160,40,0,200
E07000162,Wansbeck,1999-00,190,0,0,190,200,0,0,200
E07000163,Craven,1999-00,160,0,0,160,190,0,0,190
E07000164,Hambleton,1999-00,380,30,0,410,200,30,0,230
E07000165,Harrogate,1999-00,670,70,0,740,510,10,0,520
E07000166,Richmondshire,1999-00,150,0,0,150,110,0,0,110
E07000167,Ryedale,1999-00,60,0,0,70,100,10,0,120
E07000168,Scarborough,1999-00,110,40,0,150,130,30,0,160
E07000169,Selby,1999-00,310,0,0,310,270,0,0,270
E07000170,Ashfield,1999-00,550,0,0,550,520,30,0,550
E07000171,Bassetlaw,1999-00,510,10,0,520,550,40,0,600
E07000172,Broxtowe,1999-00,130,0,0,130,70,0,0,70
E07000173,Gedling,1999-00,210,40,0,250,250,40,0,280
E07000174,Mansfield,1999-00,140,50,0,180,180,50,0,230
E07000175,Newark and Sherwood,1999-00,560,60,0,620,420,30,0,450
E07000176,Rushcliffe,1999-00,560,20,0,590,580,20,0,600
E07000177,Cherwell,1999-00,540,60,0,600,710,30,0,740
E07000178,Oxford,1999-00,380,150,0,530,500,120,0,620
E07000179,South Oxfordshire,1999-00,320,80,0,390,260,60,0,310
E07000180,Vale of White Horse,1999-00,300,30,0,330,290,40,0,330
E07000181,West Oxfordshire,1999-00,270,100,0,370,330,10,0,350
E07000182,Bridgnorth,1999-00,60,0,0,60,40,10,0,50
E07000188,Sedgemoor,1999-00,280,30,0,310,240,10,0,260
E07000185,Shrewsbury and Atcham,1999-00,320,50,0,360,340,10,0,350
E07000191,South Shropshire,1999-00,160,10,0,170,160,0,0,160
E07000189,South Somerset,1999-00,130,10,0,140,110,30,0,140
E07000187,Mendip,1999-00,390,20,0,410,250,70,0,320
E07000188,Sedgemoor,1999-00,340,0,0,340,360,40,0,400
E07000189,South Somerset,1999-00,450,10,0,460,370,10,0,370
E07000190,Taunton Deane,1999-00,820,100,0,920,690,80,0,770
E07000191,West Somerset,1999-00,90,10,0,100,90,10,0,100
E07000192,Cannock Chase,1999-00,290,80,0,370,370,30,0,400
E07000193,East Staffordshire,1999-00,680,0,0,680,580,0,0,580
E07000194,Lichfield,1999-00,440,20,0,470,330,70,0,400
E07000195,Newcastle-under-Lyme,1999-00,230,10,0,230,290,50,0,340
E07000196,South Staffordshire,1999-00,270,70,0,340,180,60,0,240
E07000197,Stafford,1999-00,470,20,0,490,300,0,0,300
E07000198,Staffordshire Moorlands,1999-00,290,0,0,290,280,0,0,280
E07000199,Tamworth,1999-00,220,0,0,230,330,40,0,370
E07000200,Babergh,1999-00,310,40,0,350,240,40,0,280
E07000201,Forest Heath,1999-00,100,90,0,190,90,20,0,110
E07000202,Ipswich,1999-00,230,60,0,290,170,60,0,220
E07000203,Mid Suffolk,1999-00,390,30,0,420,320,10,0,330
E07000204,St Edmundsbury,1999-00,470,0,0,470,430,30,0,470
E07000205,Suffolk Coastal,1999-00,520,30,0,550,530,10,0,540
E07000206,Waveney,1999-00,500,40,0,530,330,30,0,350
E07000207,Elmbridge,1999-00,500,80,0,570,440,20,0,470
E07000208,Epsom and Ewell,1999-00,290,80,0,360,130,10,0,140
E07000209,Guildford,1999-00,180,10,0,180,90,10,0,90
E07000210,Mole Valley,1999-00,110,0,0,110,80,0,0,90
E07000211,Reigate and Banstead,1999-00,290,70,0,360,300,70,0,370
E07000212,Runnymede,1999-00,120,10,0,130,230,10,0,240
E07000213,Spelthorne,1999-00,70,50,0,120,100,30,0,130
E07000214,Surrey Heath,1999-00,180,20,0,190,180,20,0,200
E07000215,Tandridge,1999-00,90,50,0,140,250,50,0,300
E07000216,Waverley,1999-00,200,0,0,200,180,0,0,180
E07000217,Woking,1999-00,390,30,0,420,230,40,0,270
E07000218,North Warwickshire,1999-00,100,0,0,100,70,0,0,70
E07000219,Nuneaton and Bedworth,1999-00,350,70,0,410,430,100,0,530
E07000220,Rugby,1999-00,300,0,0,300,340,20,0,370
E07000221,Stratford-on-Avon,1999-00,500,90,0,590,550,130,0,680
E07000222,Warwick,1999-00,690,120,0,810,680,20,0,700
E07000223,Adur,1999-00,60,20,0,70,70,50,0,120
E07000224,Arun,1999-00,360,0,0,360,340,50,0,390
E07000225,Chichester,1999-00,300,60,0,360,260,20,0,280
E07000226,Crawley,1999-00,60,30,0,90,140,40,0,180
E07000227,Horsham,1999-00,400,60,0,460,550,70,0,620
E07000228,Mid Sussex,1999-00,190,50,0,250,140,40,0,170
E07000229,Worthing,1999-00,100,30,0,130,60,30,0,90
E07000230,Kennet,1999-00,190,70,0,270,120,50,10,180
E07000231,North Wiltshire,1999-00,360,0,0,360,320,70,0,390
E07000232,Salisbury,1999-00,360,40,0,400,320,40,0,360
E07000233,West Wiltshire,1999-00,770,190,0,960,680,110,0,790
E07000234,Bromsgrove,1999-00,410,70,20,500,150,40,0,190
E07000235,Malvern Hills,1999-00,100,0,0,100,100,50,0,150
E07000236,Redditch,1999-00,450,50,0,500,330,90,0,420
E07000237,Worcester,1999-00,380,0,20,400,450,0,10,460
E07000238,Wychavon,1999-00,550,0,0,550,460,0,0,470
E07000239,Wyre Forest,1999-00,180,60,0,240,150,30,0,180
E06000022,Bath and North East Somerset,2000-01,220,10,0,230,150,20,0,180
E06000008,Blackburn with Darwen,2000-01,450,40,0,490,500,20,0,520
E06000009,Blackpool,2000-01,250,0,0,250,220,10,0,230
E06000028,Bournemouth,2000-01,600,100,10,700,320,20,0,330
E06000036,Bracknell Forest,2000-01,340,30,0,370,210,20,0,230
E06000043,Brighton and Hove,2000-01,220,110,0,330,270,60,0,330
E06000023,"Bristol, City of",2000-01,490,40,10,540,180,10,0,190
E06000005,Darlington,2000-01,410,40,0,440,390,60,0,440
E06000015,Derby,2000-01,590,0,0,590,350,0,0,350
E06000011,East Riding of Yorkshire,2000-01,1120,30,0,1150,1050,0,0,1050
E06000006,Halton,2000-01,190,0,0,190,330,0,0,330
E06000001,Hartlepool,2000-01,420,0,0,420,330,0,0,330
E06000019,"Herefordshire, County of",2000-01,640,10,0,650,710,30,0,750
E06000046,Isle of Wight,2000-01,470,20,0,500,330,30,0,360
E06000053,Isles of Scilly,2000-01,0,0,0,0,0,0,0,0
E06000010,"Kingston upon Hull, City of",2000-01,520,20,0,550,280,30,0,300
E06000016,Leicester,2000-01,290,70,0,360,330,70,0,400
E06000032,Luton,2000-01,280,110,0,390,30,10,0,40
E06000035,Medway,2000-01,560,90,0,650,830,150,0,980
E06000002,Middlesbrough,2000-01,170,20,0,180,160,30,0,190
E06000042,Milton Keynes,2000-01,1130,160,0,1290,1120,360,0,1480
E06000012,North East Lincolnshire,2000-01,440,0,0,440,330,20,0,350
E06000013,North Lincolnshire,2000-01,650,0,0,650,630,10,0,640
E06000024,North Somerset,2000-01,760,90,0,850,660,10,0,670
E06000018,Nottingham,2000-01,560,50,0,620,240,50,0,290
E06000031,Peterborough,2000-01,430,50,0,480,340,0,0,340
E06000026,Plymouth,2000-01,400,60,0,460,330,40,0,370
E06000029,Poole,2000-01,320,0,0,320,240,10,0,250
E06000044,Portsmouth,2000-01,130,70,0,200,290,90,0,380
E06000038,Reading,2000-01,370,60,0,420,290,10,0,300
E06000003,Redcar and Cleveland,2000-01,340,50,0,390,160,80,0,240
E06000017,Rutland,2000-01,160,0,0,160,140,0,0,140
E06000039,Slough,2000-01,610,0,0,610,660,40,0,700
E06000025,South Gloucestershire,2000-01,850,100,0,950,970,100,0,1070
E06000045,Southampton,2000-01,530,0,0,530,370,10,0,370
E06000033,Southend-on-Sea,2000-01,90,30,0,120,100,0,0,100
E06000004,Stockton-on-Tees,2000-01,1070,10,0,1090,850,10,0,860
E06000021,Stoke-on-Trent,2000-01,500,0,0,500,460,20,0,480
E06000030,Swindon,2000-01,540,90,0,620,410,10,0,420
E06000020,Telford and Wrekin,2000-01,670,60,0,730,940,190,0,1130
E06000034,Thurrock,2000-01,710,0,0,710,610,0,0,610
E06000027,Torbay,2000-01,280,60,0,340,390,10,0,400
E06000007,Warrington,2000-01,630,0,0,630,470,0,0,470
E06000037,West Berkshire,2000-01,320,70,0,390,310,50,0,360
E06000040,Windsor and Maidenhead,2000-01,220,70,0,290,190,90,0,290
E06000041,Wokingham,2000-01,240,10,0,250,330,30,0,370
E06000014,York,2000-01,770,0,0,780,580,110,0,690
E09000002,Barking and Dagenham,2000-01,310,30,0,340,370,100,0,470
E09000003,Barnet,2000-01,450,90,0,540,490,170,0,660
E09000004,Bexley,2000-01,390,110,0,500,380,100,0,480
E09000005,Brent,2000-01,180,380,0,560,270,250,0,530
E09000006,Bromley,2000-01,310,10,0,320,340,30,0,370
E09000007,Camden,2000-01,90,60,0,150,160,270,0,420
E09000001,City of London,2000-01,50,0,0,50,170,0,0,170
E09000008,Croydon,2000-01,190,200,0,380,170,80,0,240
E09000009,Ealing,2000-01,230,50,0,270,120,90,0,210
E09000010,Enfield,2000-01,1550,310,0,1860,580,340,0,920
E09000011,Greenwich,2000-01,890,60,0,950,440,150,0,590
E09000012,Hackney,2000-01,860,70,0,930,650,120,0,770
E09000013,Hammersmith and Fulham,2000-01,40,0,0,40,80,0,0,80
E09000014,Haringey,2000-01,40,120,0,150,140,80,0,220
E09000015,Harrow,2000-01,150,40,0,180,110,0,0,110
E09000016,Havering,2000-01,290,60,0,350,250,30,0,270
E09000017,Hillingdon,2000-01,280,140,0,420,320,290,0,610
E09000018,Hounslow,2000-01,320,110,0,420,240,20,0,260
E09000019,Islington,2000-01,260,0,0,260,220,40,0,260
E09000020,Kensington and Chelsea,2000-01,360,10,0,370,100,60,0,160
E09000021,Kingston upon Thames,2000-01,150,30,0,170,240,40,0,280
E09000022,Lambeth,2000-01,480,70,0,550,470,150,0,620
E09000023,Lewisham,2000-01,80,170,0,250,20,150,0,170
E09000024,Merton,2000-01,270,90,0,360,120,50,0,170
E09000025,Newham,2000-01,320,50,0,370,350,140,0,480
E09000026,Redbridge,2000-01,370,10,0,380,120,40,0,160
E09000027,Richmond upon Thames,2000-01,320,10,0,330,140,20,0,160
E09000028,Southwark,2000-01,490,30,0,520,300,30,0,320
E09000029,Sutton,2000-01,200,210,0,410,280,170,0,460
E09000030,Tower Hamlets,2000-01,1240,330,0,1560,1330,200,0,1530
E09000031,Waltham Forest,2000-01,180,220,130,530,220,520,80,810
E09000032,Wandsworth,2000-01,510,0,10,510,210,0,0,210
E09000033,Westminster,2000-01,510,200,0,720,970,370,0,1340
E08000001,Bolton,2000-01,700,50,0,750,580,70,0,660
E08000002,Bury,2000-01,190,50,0,240,240,70,0,310
E08000003,Manchester,2000-01,1720,130,0,1850,1510,200,0,1710
E08000004,Oldham,2000-01,300,60,0,360,320,100,0,410
E08000005,Rochdale,2000-01,380,120,0,500,360,20,0,380
E08000006,Salford,2000-01,310,20,0,330,560,80,0,640
E08000007,Stockport,2000-01,170,0,0,180,290,0,0,290
E08000008,Tameside,2000-01,420,110,0,530,370,210,0,590
E08000009,Trafford,2000-01,380,40,0,420,160,60,0,220
E08000010,Wigan,2000-01,720,0,0,720,920,10,0,920
E08000011,Knowsley,2000-01,550,20,0,570,530,40,0,570
E08000012,Liverpool,2000-01,1090,270,0,1360,1170,240,0,1410
E08000014,Sefton,2000-01,380,100,0,470,440,40,0,490
E08000013,St. Helens,2000-01,530,10,0,540,410,60,0,470
E08000015,Wirral,2000-01,450,50,0,500,540,150,0,680
E08000016,Barnsley,2000-01,760,0,0,760,750,0,0,750
E08000017,Doncaster,2000-01,650,10,0,660,680,30,0,700
E08000018,Rotherham,2000-01,980,60,0,1040,820,120,0,940
E08000019,Sheffield,2000-01,960,30,0,990,640,10,0,650
E08000037,Gateshead,2000-01,350,90,0,440,320,60,0,380
E08000021,Newcastle upon Tyne,2000-01,560,50,0,610,380,70,0,450
E08000022,North Tyneside,2000-01,470,30,0,500,780,70,0,850
E08000023,South Tyneside,2000-01,50,80,0,130,100,130,0,230
E08000024,Sunderland,2000-01,350,110,0,460,600,20,0,620
E08000025,Birmingham,2000-01,1780,640,0,2420,1240,520,0,1760
E08000026,Coventry,2000-01,500,30,0,530,330,10,0,340
E08000027,Dudley,2000-01,250,60,0,310,240,70,0,310
E08000028,Sandwell,2000-01,570,0,0,570,450,0,20,470
E08000029,Solihull,2000-01,540,20,0,560,590,60,0,650
E08000030,Walsall,2000-01,260,60,0,320,330,80,0,410
E08000031,Wolverhampton,2000-01,220,20,0,230,160,250,0,420
E08000032,Bradford,2000-01,1090,40,0,1130,950,90,0,1040
E08000033,Calderdale,2000-01,400,10,0,400,360,0,0,360
E08000034,Kirklees,2000-01,940,50,0,990,960,90,0,1040
E08000035,Leeds,2000-01,1800,370,0,2170,1850,140,0,1980
E08000036,Wakefield,2000-01,1000,70,0,1070,1070,30,0,1100
E07000002,Bedford,2000-01,390,10,0,390,430,120,0,550
E07000001,Mid Bedfordshire,2000-01,490,20,10,510,460,60,0,530
E07000003,South Bedfordshire,2000-01,470,0,0,470,320,0,0,320
E07000004,Aylesbury Vale,2000-01,580,20,0,600,640,10,0,650
E07000005,Chiltern,2000-01,110,80,0,200,110,30,0,140
E07000006,South Bucks,2000-01,90,10,0,100,90,30,0,110
E07000007,Wycombe,2000-01,370,30,0,400,190,60,0,250
E07000008,Cambridge,2000-01,70,100,0,170,120,30,0,140
E07000009,East Cambridgeshire,2000-01,500,70,0,560,350,30,0,380
E07000010,Fenland,2000-01,320,40,0,360,350,20,0,370
E07000011,Huntingdonshire,2000-01,420,0,0,420,420,20,0,440
E07000012,South Cambridgeshire,2000-01,700,30,0,740,600,30,0,630
E07000013,Chester,2000-01,170,0,0,170,190,10,0,200
E07000014,Congleton,2000-01,240,50,0,290,300,20,0,320
E07000015,Crewe and Nantwich,2000-01,570,40,0,610,590,60,0,660
E07000016,Ellesmere Port & Neston,2000-01,120,20,0,140,50,10,0,60
E07000017,Macclesfield,2000-01,420,30,0,440,350,40,0,390
E07000018,Vale Royal,2000-01,540,10,0,540,560,130,0,680
E07000019,Caradon,2000-01,110,10,0,120,160,0,0,160
E07000020,Carrick,2000-01,210,20,0,230,350,40,0,390
E07000021,Kerrier,2000-01,360,20,0,380,330,120,0,450
E07000022,North Cornwall,2000-01,380,70,0,440,430,80,0,500
E07000023,Penwith,2000-01,120,20,0,140,80,100,0,180
E07000024,Restormel,2000-01,470,50,0,520,400,20,0,420
E07000026,Allerdale,2000-01,270,40,0,310,200,20,0,220
E07000027,Barrow-in-Furness,2000-01,130,0,0,130,140,0,0,140
E07000028,Carlisle,2000-01,360,10,0,370,350,20,0,370
E07000029,Copeland,2000-01,100,0,0,110,190,10,0,200
E07000030,Eden,2000-01,220,20,0,240,110,10,0,110
E07000031,South Lakeland,2000-01,330,20,0,350,240,10,0,260
E07000032,Amber Valley,2000-01,150,0,0,150,130,0,0,130
E07000033,Bolsover,2000-01,340,0,0,340,290,0,0,290
E07000034,Chesterfield,2000-01,280,70,0,340,210,0,0,210
E07000035,Derbyshire Dales,2000-01,150,0,0,150,110,0,0,110
E07000036,Erewash,2000-01,110,20,0,130,200,0,0,200
E07000037,High Peak,2000-01,180,10,0,190,180,30,0,210
E07000038,North East Derbyshire,2000-01,170,0,0,170,120,0,0,120
E07000039,South Derbyshire,2000-01,550,0,0,550,440,0,0,440
E07000040,East Devon,2000-01,390,0,0,390,500,0,0,500
E07000041,Exeter,2000-01,190,90,0,280,160,60,0,220
E07000042,Mid Devon,2000-01,300,40,0,340,310,50,0,360
E07000043,North Devon,2000-01,220,30,0,250,240,50,0,290
E07000044,South Hams,2000-01,130,30,0,170,160,70,0,230
E07000045,Teignbridge,2000-01,310,0,0,310,380,30,0,400
E07000046,Torridge,2000-01,350,20,0,360,290,50,0,330
E07000047,West Devon,2000-01,190,20,0,200,180,10,0,190
E07000048,Christchurch,2000-01,70,0,0,70,90,0,0,90
E07000049,East Dorset,2000-01,340,10,0,350,280,40,0,320
E07000050,North Dorset,2000-01,390,10,0,410,280,20,0,300
E07000051,Purbeck,2000-01,50,0,0,50,50,0,0,50
E07000052,West Dorset,2000-01,480,0,0,480,430,0,0,430
E07000053,Weymouth and Portland,2000-01,160,10,0,170,180,30,0,210
E07000054,Chester-le-Street,2000-01,150,10,0,160,120,10,0,130
E07000056,County Durham,2000-01,150,0,0,150,230,0,0,230
E07000055,Derwentside,2000-01,360,50,0,420,420,50,0,470
E07000057,Easington,2000-01,170,20,0,180,150,20,0,170
E07000058,Sedgefield,2000-01,250,20,0,270,200,30,0,240
E07000059,Teesdale,2000-01,40,20,0,60,40,0,0,40
E07000060,Wear Valley,2000-01,110,10,0,110,60,0,0,60
E07000061,Eastbourne,2000-01,490,20,0,510,410,30,0,440
E07000062,Hastings,2000-01,250,30,0,290,330,10,0,340
E07000063,Lewes,2000-01,100,10,0,110,80,30,0,110
E07000064,Rother,2000-01,70,80,0,150,100,40,0,150
E07000065,Wealden,2000-01,250,0,0,250,240,40,0,280
E07000066,Basildon,2000-01,600,40,0,640,640,50,0,690
E07000067,Braintree,2000-01,680,50,0,730,470,40,0,510
E07000068,Brentwood,2000-01,150,80,0,230,10,0,0,10
E07000069,Castle Point,2000-01,70,0,0,70,80,10,0,80
E07000070,Chelmsford,2000-01,490,180,0,670,450,90,0,540
E07000071,Colchester,2000-01,510,10,0,520,470,0,0,470
E07000072,Epping Forest,2000-01,410,30,0,440,300,0,0,300
E07000073,Harlow,2000-01,190,120,0,310,170,70,0,240
E07000074,Maldon,2000-01,190,10,0,200,270,10,0,290
E07000075,Rochford,2000-01,140,20,0,160,150,30,0,180
E07000076,Tendring,2000-01,430,20,0,450,310,40,0,350
E07000077,Uttlesford,2000-01,180,30,0,220,180,20,0,200
E07000078,Cheltenham,2000-01,230,50,0,270,260,40,0,290
E07000079,Cotswold,2000-01,200,70,0,270,170,140,20,330
E07000080,Forest of Dean,2000-01,120,10,0,130,120,60,0,180
E07000081,Gloucester,2000-01,250,60,0,310,270,180,0,450
E07000082,Stroud,2000-01,290,10,0,300,240,10,0,240
E07000083,Tewkesbury,2000-01,220,0,0,220,190,0,0,190
E07000084,Basingstoke and Deane,2000-01,620,170,0,790,380,100,0,480
E07000085,East Hampshire,2000-01,180,20,0,200,260,50,0,310
E07000086,Eastleigh,2000-01,130,20,0,140,240,60,0,300
E07000087,Fareham,2000-01,290,60,0,350,270,50,0,320
E07000088,Gosport,2000-01,310,20,0,330,250,40,0,290
E07000089,Hart,2000-01,290,10,0,300,250,10,0,260
E07000090,Havant,2000-01,80,70,0,150,50,0,0,50
E07000091,New Forest,2000-01,590,50,0,640,390,10,0,400
E07000092,Rushmoor,2000-01,80,60,0,140,120,50,0,170
E07000093,Test Valley,2000-01,400,10,0,400,470,70,0,540
E07000094,Winchester,2000-01,280,60,0,340,120,0,0,120
E07000095,Broxbourne,2000-01,210,20,0,230,390,20,0,400
E07000096,Dacorum,2000-01,170,0,0,170,300,0,0,300
E07000242,East Hertfordshire,2000-01,400,120,0,510,330,150,0,480
E07000098,Hertsmere,2000-01,180,20,0,200,220,20,0,250
E07000099,North Hertfordshire,2000-01,410,20,0,430,300,20,0,320
E07000240,St Albans,2000-01,240,20,0,260,290,0,0,290
E07000243,Stevenage,2000-01,170,0,0,170,110,100,0,210
E07000102,Three Rivers,2000-01,270,0,0,270,140,0,0,140
E07000103,Watford,2000-01,80,0,0,80,50,0,0,50
E07000241,Welwyn Hatfield,2000-01,50,0,0,50,140,30,0,170
E07000105,Ashford,2000-01,710,20,0,720,730,20,10,760
E07000106,Canterbury,2000-01,520,30,0,550,340,30,0,360
E07000107,Dartford,2000-01,180,0,0,180,210,20,0,230
E07000108,Dover,2000-01,170,50,0,220,110,20,0,130
E07000112,Folkestone and Hythe,2000-01,420,10,0,430,330,20,0,350
E07000109,Gravesham,2000-01,60,20,0,80,60,20,0,80
E07000110,Maidstone,2000-01,360,20,0,380,470,50,0,510
E07000111,Sevenoaks,2000-01,210,60,0,270,80,20,0,100
E07000113,Swale,2000-01,520,30,0,540,500,0,0,500
E07000114,Thanet,2000-01,280,0,0,280,150,0,0,150
E07000115,Tonbridge and Malling,2000-01,310,30,0,340,340,50,0,390
E07000116,Tunbridge Wells,2000-01,310,20,0,320,120,0,0,120
E07000117,Burnley,2000-01,140,0,0,140,260,0,0,260
E07000118,Chorley,2000-01,410,0,0,410,410,0,0,410
E07000119,Fylde,2000-01,190,30,0,220,240,0,0,240
E07000120,Hyndburn,2000-01,170,0,0,170,180,0,0,180
E07000121,Lancaster,2000-01,270,20,0,290,270,10,0,280
E07000122,Pendle,2000-01,240,0,0,240,210,0,0,210
E07000123,Preston,2000-01,310,40,0,350,330,40,0,360
E07000124,Ribble Valley,2000-01,180,0,0,180,200,0,0,200
E07000125,Rossendale,2000-01,110,0,0,110,60,0,0,60
E07000126,South Ribble,2000-01,350,10,0,360,210,30,0,240
E07000127,West Lancashire,2000-01,280,20,0,290,290,50,0,340
E07000128,Wyre,2000-01,360,60,0,420,410,80,0,490
E07000129,Blaby,2000-01,330,20,0,350,340,60,0,390
E07000130,Charnwood,2000-01,480,0,0,480,230,90,0,330
E07000131,Harborough,2000-01,560,0,0,560,620,20,0,640
E07000132,Hinckley and Bosworth,2000-01,450,0,0,450,290,0,0,290
E07000133,Melton,2000-01,130,0,0,130,110,0,0,110
E07000134,North West Leicestershire,2000-01,470,10,0,490,400,40,0,430
E07000135,Oadby and Wigston,2000-01,0,0,0,0,10,0,0,20
E07000136,Boston,2000-01,260,0,0,260,170,0,0,170
E07000137,East Lindsey,2000-01,460,110,0,570,610,60,0,670
E07000138,Lincoln,2000-01,180,0,0,180,190,20,0,200
E07000139,North Kesteven,2000-01,970,10,0,970,760,0,0,760
E07000140,South Holland,2000-01,570,0,0,570,540,0,0,540
E07000141,South Kesteven,2000-01,460,0,0,460,420,0,10,430
E07000142,West Lindsey,2000-01,420,60,0,480,400,30,0,430
E07000143,Breckland,2000-01,360,20,0,380,470,40,0,510
E07000144,Broadland,2000-01,400,140,0,540,480,150,0,630
E07000145,Great Yarmouth,2000-01,150,10,0,160,160,10,0,160
E07000146,King's Lynn and West Norfolk,2000-01,510,0,0,510,390,0,0,390
E07000147,North Norfolk,2000-01,290,10,0,300,300,10,0,310
E07000148,Norwich,2000-01,250,110,0,360,130,120,0,260
E07000149,South Norfolk,2000-01,410,0,0,410,250,10,0,260
E07000150,Corby,2000-01,90,0,0,90,40,0,0,40
E07000151,Daventry,2000-01,470,0,0,470,720,0,0,730
E07000152,East Northamptonshire,2000-01,610,50,0,660,610,120,0,720
E07000153,Kettering,2000-01,460,10,0,470,360,10,0,370
E07000154,Northampton,2000-01,740,0,0,740,500,50,0,550
E07000155,South Northamptonshire,2000-01,620,10,0,630,510,40,0,550
E07000156,Wellingborough,2000-01,270,10,0,280,180,20,0,200
E07000157,Alnwick,2000-01,110,20,0,130,160,10,0,160
E07000158,Berwick-upon-Tweed,2000-01,60,10,0,70,40,10,0,50
E07000159,Blyth Valley,2000-01,130,0,0,130,100,0,0,100
E07000160,Castle Morpeth,2000-01,110,10,0,110,120,0,0,120
E07000161,Tynedale,2000-01,210,20,0,230,120,0,0,120
E07000162,Wansbeck,2000-01,200,10,0,220,160,0,0,160
E07000163,Craven,2000-01,130,0,0,130,120,0,0,120
E07000164,Hambleton,2000-01,290,10,0,300,340,20,0,350
E07000165,Harrogate,2000-01,240,0,0,250,550,20,0,570
E07000166,Richmondshire,2000-01,110,0,0,110,70,0,0,70
E07000167,Ryedale,2000-01,60,0,0,60,70,0,0,70
E07000168,Scarborough,2000-01,160,0,0,160,210,30,0,240
E07000169,Selby,2000-01,190,20,0,210,220,100,0,310
E07000170,Ashfield,2000-01,420,0,0,420,470,110,0,580
E07000171,Bassetlaw,2000-01,400,0,0,400,440,30,0,460
E07000172,Broxtowe,2000-01,30,0,10,40,50,0,0,50
E07000173,Gedling,2000-01,70,0,0,70,150,30,0,180
E07000174,Mansfield,2000-01,190,0,0,190,90,30,0,120
E07000175,Newark and Sherwood,2000-01,310,0,0,310,430,40,0,470
E07000176,Rushcliffe,2000-01,260,0,0,260,380,0,0,380
E07000177,Cherwell,2000-01,440,0,0,440,510,80,0,590
E07000178,Oxford,2000-01,580,110,20,710,400,120,0,520
E07000179,South Oxfordshire,2000-01,190,60,0,250,220,80,0,300
E07000180,Vale of White Horse,2000-01,350,50,0,390,450,60,0,510
E07000181,West Oxfordshire,2000-01,260,30,0,290,220,30,0,250
E07000182,Bridgnorth,2000-01,100,10,0,100,30,0,0,30
E07000188,Sedgemoor,2000-01,180,10,0,190,230,10,0,250
E07000185,Shrewsbury and Atcham,2000-01,200,20,0,210,230,20,0,240
E07000191,South Shropshire,2000-01,150,20,0,170,130,0,0,130
E07000189,South Somerset,2000-01,130,0,0,130,110,10,0,120
E07000187,Mendip,2000-01,260,30,0,290,260,20,0,270
E07000188,Sedgemoor,2000-01,380,0,0,380,330,0,0,330
E07000189,South Somerset,2000-01,510,60,0,570,320,10,0,330
E07000190,Taunton Deane,2000-01,540,70,0,610,630,40,0,670
E07000191,West Somerset,2000-01,60,0,0,60,50,10,0,60
E07000192,Cannock Chase,2000-01,390,70,0,460,290,90,0,380
E07000193,East Staffordshire,2000-01,460,0,0,460,590,0,0,590
E07000194,Lichfield,2000-01,560,30,0,580,430,30,0,460
E07000195,Newcastle-under-Lyme,2000-01,130,30,0,150,150,30,0,170
E07000196,South Staffordshire,2000-01,340,10,0,340,270,20,0,290
E07000197,Stafford,2000-01,650,10,0,660,520,20,0,540
E07000198,Staffordshire Moorlands,2000-01,180,0,0,180,240,0,0,240
E07000199,Tamworth,2000-01,210,30,0,240,160,60,0,210
E07000200,Babergh,2000-01,310,10,0,320,370,10,0,380
E07000201,Forest Heath,2000-01,120,60,0,180,90,120,0,210
E07000202,Ipswich,2000-01,320,60,0,380,330,80,0,410
E07000203,Mid Suffolk,2000-01,260,40,0,300,370,20,0,380
E07000204,St Edmundsbury,2000-01,400,20,0,420,440,20,0,460
E07000205,Suffolk Coastal,2000-01,380,10,0,390,320,0,0,330
E07000206,Waveney,2000-01,430,30,0,460,390,50,0,430
E07000207,Elmbridge,2000-01,460,50,0,510,460,120,0,580
E07000208,Epsom and Ewell,2000-01,210,20,0,230,250,30,0,280
E07000209,Guildford,2000-01,310,10,0,320,150,0,0,150
E07000210,Mole Valley,2000-01,230,10,10,250,100,0,10,110
E07000211,Reigate and Banstead,2000-01,230,20,0,250,240,40,0,290
E07000212,Runnymede,2000-01,60,40,0,100,50,10,0,60
E07000213,Spelthorne,2000-01,260,50,0,300,110,10,0,120
E07000214,Surrey Heath,2000-01,120,40,0,160,120,0,0,120
E07000215,Tandridge,2000-01,220,30,0,250,110,60,0,170
E07000216,Waverley,2000-01,120,10,0,130,160,0,0,160
E07000217,Woking,2000-01,190,30,0,220,460,40,0,500
E07000218,North Warwickshire,2000-01,120,0,0,120,120,0,0,120
E07000219,Nuneaton and Bedworth,2000-01,460,80,0,540,330,40,0,370
E07000220,Rugby,2000-01,360,0,0,360,270,0,0,270
E07000221,Stratford-on-Avon,2000-01,410,40,0,440,420,40,0,460
E07000222,Warwick,2000-01,800,100,0,900,530,100,0,640
E07000223,Adur,2000-01,30,0,0,30,70,0,0,70
E07000224,Arun,2000-01,540,0,0,540,280,10,0,290
E07000225,Chichester,2000-01,320,90,0,410,250,60,0,310
E07000226,Crawley,2000-01,40,0,0,50,70,0,0,70
E07000227,Horsham,2000-01,280,20,0,300,460,40,0,490
E07000228,Mid Sussex,2000-01,160,20,0,180,140,40,0,170
E07000229,Worthing,2000-01,80,10,0,100,140,60,0,200
E07000230,Kennet,2000-01,210,70,0,280,80,40,0,110
E07000231,North Wiltshire,2000-01,520,40,0,550,350,20,0,380
E07000232,Salisbury,2000-01,350,50,0,400,230,20,0,250
E07000233,West Wiltshire,2000-01,680,160,0,840,770,220,0,990
E07000234,Bromsgrove,2000-01,390,10,0,400,410,30,20,470
E07000235,Malvern Hills,2000-01,130,0,0,130,30,0,0,30
E07000236,Redditch,2000-01,240,90,0,330,370,30,0,400
E07000237,Worcester,2000-01,190,0,0,190,310,0,20,320
E07000238,Wychavon,2000-01,480,20,0,500,450,20,0,470
E07000239,Wyre Forest,2000-01,370,20,0,390,160,20,0,180
E06000022,Bath and North East Somerset,2001-02,450,0,0,450,220,10,0,230
E06000008,Blackburn with Darwen,2001-02,340,60,0,410,340,60,0,400
E06000009,Blackpool,2001-02,170,0,0,170,520,0,0,520
E06000028,Bournemouth,2001-02,550,10,0,560,460,0,0,460
E06000036,Bracknell Forest,2001-02,340,50,0,390,310,20,0,330
E06000043,Brighton and Hove,2001-02,180,0,0,180,430,150,0,570
E06000023,"Bristol, City of",2001-02,480,80,20,580,310,40,10,360
E06000005,Darlington,2001-02,240,20,0,270,350,20,0,360
E06000015,Derby,2001-02,470,20,0,490,300,0,0,310
E06000011,East Riding of Yorkshire,2001-02,1000,0,0,1000,960,0,0,960
E06000006,Halton,2001-02,350,0,0,350,150,0,0,150
E06000001,Hartlepool,2001-02,370,0,0,370,310,0,0,310
E06000019,"Herefordshire, County of",2001-02,460,30,0,490,560,50,0,600
E06000046,Isle of Wight,2001-02,440,20,0,460,340,30,0,380
E06000053,Isles of Scilly,2001-02,0,0,0,0,0,0,0,0
E06000010,"Kingston upon Hull, City of",2001-02,660,30,0,690,400,50,0,460
E06000016,Leicester,2001-02,420,20,0,440,180,60,0,230
E06000032,Luton,2001-02,210,0,0,210,180,80,0,260
E06000035,Medway,2001-02,530,20,0,550,520,40,0,560
E06000002,Middlesbrough,2001-02,120,0,0,120,90,10,0,110
E06000042,Milton Keynes,2001-02,1090,60,0,1150,1200,50,0,1250
E06000012,North East Lincolnshire,2001-02,430,0,0,430,260,0,0,260
E06000013,North Lincolnshire,2001-02,650,0,0,650,740,0,0,740
E06000024,North Somerset,2001-02,950,70,0,1020,770,90,0,850
E06000018,Nottingham,2001-02,710,30,0,740,520,90,0,610
E06000031,Peterborough,2001-02,500,40,0,540,330,70,0,400
E06000026,Plymouth,2001-02,310,30,0,340,250,20,0,270
E06000029,Poole,2001-02,420,30,0,440,200,10,0,210
E06000044,Portsmouth,2001-02,210,60,10,280,150,80,0,230
E06000038,Reading,2001-02,540,100,0,650,430,170,0,600
E06000003,Redcar and Cleveland,2001-02,380,50,0,430,300,60,0,360
E06000017,Rutland,2001-02,130,0,0,130,140,0,0,140
E06000039,Slough,2001-02,180,110,0,290,440,90,0,530
E06000025,South Gloucestershire,2001-02,810,170,0,980,850,100,0,950
E06000045,Southampton,2001-02,780,110,0,890,420,20,0,440
E06000033,Southend-on-Sea,2001-02,160,30,0,190,50,40,0,80
E06000004,Stockton-on-Tees,2001-02,880,0,0,880,1140,0,0,1140
E06000021,Stoke-on-Trent,2001-02,660,0,0,660,470,0,0,470
E06000030,Swindon,2001-02,730,80,0,800,520,120,0,630
E06000020,Telford and Wrekin,2001-02,430,70,0,500,560,60,0,620
E06000034,Thurrock,2001-02,960,10,0,980,810,10,0,820
E06000027,Torbay,2001-02,330,10,0,340,290,30,0,320
E06000007,Warrington,2001-02,650,0,0,650,470,0,0,470
E06000037,West Berkshire,2001-02,300,30,0,330,280,60,0,350
E06000040,Windsor and Maidenhead,2001-02,340,80,0,420,200,50,0,240
E06000041,Wokingham,2001-02,360,40,0,400,240,10,0,250
E06000014,York,2001-02,510,0,0,510,540,0,0,540
E09000002,Barking and Dagenham,2001-02,150,40,0,190,160,60,0,220
E09000003,Barnet,2001-02,540,120,0,670,400,70,0,470
E09000004,Bexley,2001-02,330,110,0,440,200,30,0,220
E09000005,Brent,2001-02,240,340,0,580,180,290,0,480
E09000006,Bromley,2001-02,320,0,0,320,400,10,0,410
E09000007,Camden,2001-02,80,20,0,100,250,20,0,270
E09000001,City of London,2001-02,180,0,0,180,110,0,0,110
E09000008,Croydon,2001-02,400,140,0,540,160,110,0,270
E09000009,Ealing,2001-02,290,50,0,330,270,210,0,490
E09000010,Enfield,2001-02,870,250,0,1120,1550,310,0,1860
E09000011,Greenwich,2001-02,1540,330,0,1870,1030,70,0,1100
E09000012,Hackney,2001-02,770,20,0,790,550,120,0,670
E09000013,Hammersmith and Fulham,2001-02,200,80,0,280,30,0,0,30
E09000014,Haringey,2001-02,280,100,0,380,40,150,0,200
E09000015,Harrow,2001-02,370,130,0,500,90,10,0,90
E09000016,Havering,2001-02,440,70,0,510,190,140,0,320
E09000017,Hillingdon,2001-02,220,150,30,390,180,160,0,340
E09000018,Hounslow,2001-02,660,60,0,720,220,90,0,310
E09000019,Islington,2001-02,370,100,10,480,210,0,10,210
E09000020,Kensington and Chelsea,2001-02,140,0,0,140,120,10,0,130
E09000021,Kingston upon Thames,2001-02,230,40,0,270,200,0,0,200
E09000022,Lambeth,2001-02,570,130,0,700,380,170,0,550
E09000023,Lewisham,2001-02,280,260,0,530,40,260,0,310
E09000024,Merton,2001-02,290,50,0,350,430,80,0,510
E09000025,Newham,2001-02,520,40,0,570,560,160,0,720
E09000026,Redbridge,2001-02,630,30,0,660,290,10,0,300
E09000027,Richmond upon Thames,2001-02,360,20,0,380,120,30,0,150
E09000028,Southwark,2001-02,560,50,0,600,340,20,0,360
E09000029,Sutton,2001-02,240,90,0,320,110,80,0,190
E09000030,Tower Hamlets,2001-02,1830,240,0,2070,1010,420,0,1430
E09000031,Waltham Forest,2001-02,50,40,0,100,50,60,20,130
E09000032,Wandsworth,2001-02,480,20,0,500,340,0,0,340
E09000033,Westminster,2001-02,310,120,0,420,310,240,0,550
E08000001,Bolton,2001-02,530,140,0,680,520,120,0,630
E08000002,Bury,2001-02,490,0,0,490,140,60,0,210
E08000003,Manchester,2001-02,1900,130,0,2030,1030,220,0,1250
E08000004,Oldham,2001-02,330,40,0,370,250,120,0,370
E08000005,Rochdale,2001-02,320,50,0,370,230,130,0,360
E08000006,Salford,2001-02,660,120,0,780,330,30,0,360
E08000007,Stockport,2001-02,200,20,0,220,240,100,0,340
E08000008,Tameside,2001-02,350,120,0,470,400,130,0,530
E08000009,Trafford,2001-02,590,60,0,650,370,20,0,390
E08000010,Wigan,2001-02,670,20,0,690,570,0,0,570
E08000011,Knowsley,2001-02,550,50,0,590,380,70,0,450
E08000012,Liverpool,2001-02,960,190,0,1150,600,110,0,710
E08000014,Sefton,2001-02,450,0,0,450,380,90,0,460
E08000013,St. Helens,2001-02,500,0,0,500,600,10,0,610
E08000015,Wirral,2001-02,530,90,0,620,440,70,0,510
E08000016,Barnsley,2001-02,790,10,0,800,780,0,0,780
E08000017,Doncaster,2001-02,730,20,0,740,580,20,0,590
E08000018,Rotherham,2001-02,910,60,0,970,940,60,0,1010
E08000019,Sheffield,2001-02,1250,80,0,1320,670,60,0,730
E08000037,Gateshead,2001-02,770,40,0,810,420,60,0,480
E08000021,Newcastle upon Tyne,2001-02,460,20,0,480,440,20,0,470
E08000022,North Tyneside,2001-02,140,0,0,140,220,70,0,290
E08000023,South Tyneside,2001-02,60,20,0,80,60,50,0,110
E08000024,Sunderland,2001-02,520,10,0,530,370,90,0,460
E08000025,Birmingham,2001-02,1820,500,0,2320,1460,410,0,1870
E08000026,Coventry,2001-02,790,30,0,820,470,30,0,510
E08000027,Dudley,2001-02,470,40,0,510,330,40,0,370
E08000028,Sandwell,2001-02,540,0,0,540,470,0,0,470
E08000029,Solihull,2001-02,400,50,0,450,460,10,0,470
E08000030,Walsall,2001-02,320,70,0,390,240,50,0,300
E08000031,Wolverhampton,2001-02,330,110,0,430,180,30,0,210
E08000032,Bradford,2001-02,1150,80,0,1220,1110,150,0,1260
E08000033,Calderdale,2001-02,570,10,0,580,420,10,0,430
E08000034,Kirklees,2001-02,560,30,0,600,870,50,0,920
E08000035,Leeds,2001-02,1710,110,0,1820,1640,290,0,1930
E08000036,Wakefield,2001-02,1180,40,0,1220,1240,40,0,1280
E07000002,Bedford,2001-02,640,50,0,680,390,20,0,410
E07000001,Mid Bedfordshire,2001-02,570,10,0,580,450,0,0,450
E07000003,South Bedfordshire,2001-02,330,20,0,350,360,0,0,360
E07000004,Aylesbury Vale,2001-02,620,0,0,630,520,20,0,530
E07000005,Chiltern,2001-02,160,60,0,220,110,60,0,180
E07000006,South Bucks,2001-02,80,0,20,100,110,10,0,120
E07000007,Wycombe,2001-02,270,60,0,330,440,30,0,460
E07000008,Cambridge,2001-02,290,30,0,330,30,100,0,130
E07000009,East Cambridgeshire,2001-02,500,30,0,530,470,50,0,520
E07000010,Fenland,2001-02,540,20,0,550,290,60,0,340
E07000011,Huntingdonshire,2001-02,440,60,0,490,460,30,0,490
E07000012,South Cambridgeshire,2001-02,690,20,0,710,620,20,20,660
E07000013,Chester,2001-02,310,30,0,330,320,0,0,320
E07000014,Congleton,2001-02,310,40,0,340,170,20,0,190
E07000015,Crewe and Nantwich,2001-02,580,60,0,650,510,60,0,570
E07000016,Ellesmere Port & Neston,2001-02,140,0,0,140,50,0,0,50
E07000017,Macclesfield,2001-02,480,0,0,480,360,0,0,360
E07000018,Vale Royal,2001-02,580,50,0,630,440,20,0,460
E07000019,Caradon,2001-02,370,60,0,440,130,10,0,140
E07000020,Carrick,2001-02,180,20,0,200,310,0,0,320
E07000021,Kerrier,2001-02,390,70,0,460,340,10,0,350
E07000022,North Cornwall,2001-02,380,60,0,440,440,50,0,490
E07000023,Penwith,2001-02,270,10,0,270,270,20,0,290
E07000024,Restormel,2001-02,580,30,0,610,540,20,0,560
E07000026,Allerdale,2001-02,210,30,0,230,220,30,0,260
E07000027,Barrow-in-Furness,2001-02,170,0,0,170,170,0,0,170
E07000028,Carlisle,2001-02,440,20,0,470,400,10,0,400
E07000029,Copeland,2001-02,130,10,0,140,140,0,0,150
E07000030,Eden,2001-02,240,20,0,260,160,50,0,220
E07000031,South Lakeland,2001-02,320,10,0,320,270,10,0,280
E07000032,Amber Valley,2001-02,240,0,0,240,210,0,0,210
E07000033,Bolsover,2001-02,250,10,0,270,360,0,0,360
E07000034,Chesterfield,2001-02,460,10,0,460,240,80,0,320
E07000035,Derbyshire Dales,2001-02,100,0,0,100,140,0,0,140
E07000036,Erewash,2001-02,130,0,0,130,60,20,0,80
E07000037,High Peak,2001-02,210,0,0,210,190,10,0,200
E07000038,North East Derbyshire,2001-02,190,0,0,190,160,0,0,160
E07000039,South Derbyshire,2001-02,480,20,0,490,520,0,0,520
E07000040,East Devon,2001-02,380,0,0,380,380,0,0,380
E07000041,Exeter,2001-02,230,0,0,240,210,10,0,220
E07000042,Mid Devon,2001-02,250,0,0,250,380,20,0,400
E07000043,North Devon,2001-02,380,10,0,390,230,30,0,260
E07000044,South Hams,2001-02,70,100,0,170,150,50,0,200
E07000045,Teignbridge,2001-02,300,10,0,310,420,0,0,420
E07000046,Torridge,2001-02,390,0,0,390,400,0,0,410
E07000047,West Devon,2001-02,210,0,0,210,140,20,0,160
E07000048,Christchurch,2001-02,50,0,0,50,50,0,0,50
E07000049,East Dorset,2001-02,280,20,0,300,240,0,0,250
E07000050,North Dorset,2001-02,500,50,0,550,390,40,0,430
E07000051,Purbeck,2001-02,80,10,0,90,60,0,0,70
E07000052,West Dorset,2001-02,380,0,0,380,420,0,0,420
E07000053,Weymouth and Portland,2001-02,90,40,0,130,210,10,0,220
E07000054,Chester-le-Street,2001-02,80,0,0,80,160,0,0,160
E07000056,County Durham,2001-02,160,0,0,160,160,0,0,160
E07000055,Derwentside,2001-02,440,10,0,450,550,30,0,580
E07000057,Easington,2001-02,170,0,0,170,220,0,0,220
E07000058,Sedgefield,2001-02,230,10,0,240,220,10,0,230
E07000059,Teesdale,2001-02,20,0,0,20,40,20,0,50
E07000060,Wear Valley,2001-02,260,20,0,280,110,20,0,130
E07000061,Eastbourne,2001-02,560,30,0,600,450,50,0,500
E07000062,Hastings,2001-02,180,40,0,220,190,30,0,220
E07000063,Lewes,2001-02,140,10,0,140,140,10,0,150
E07000064,Rother,2001-02,170,70,0,240,130,200,0,340
E07000065,Wealden,2001-02,230,20,0,250,190,0,0,190
E07000066,Basildon,2001-02,280,70,0,360,390,10,0,400
E07000067,Braintree,2001-02,510,60,0,570,400,20,0,420
E07000068,Brentwood,2001-02,170,10,0,180,50,10,0,60
E07000069,Castle Point,2001-02,210,0,0,210,80,0,0,80
E07000070,Chelmsford,2001-02,920,160,0,1080,410,110,0,520
E07000071,Colchester,2001-02,1140,50,0,1190,530,0,0,530
E07000072,Epping Forest,2001-02,160,0,0,160,340,30,0,360
E07000073,Harlow,2001-02,100,20,0,120,80,120,0,190
E07000074,Maldon,2001-02,120,0,0,130,140,0,0,140
E07000075,Rochford,2001-02,160,0,0,160,150,0,0,150
E07000076,Tendring,2001-02,430,0,0,430,430,10,0,440
E07000077,Uttlesford,2001-02,270,0,0,280,180,30,0,210
E07000078,Cheltenham,2001-02,390,120,0,510,430,70,0,500
E07000079,Cotswold,2001-02,190,80,0,270,180,60,0,240
E07000080,Forest of Dean,2001-02,130,10,0,140,90,10,0,100
E07000081,Gloucester,2001-02,340,70,0,400,320,140,0,460
E07000082,Stroud,2001-02,330,10,0,340,270,0,0,270
E07000083,Tewkesbury,2001-02,230,0,0,230,210,0,0,210
E07000084,Basingstoke and Deane,2001-02,770,240,0,1010,570,140,0,710
E07000085,East Hampshire,2001-02,160,20,0,180,160,80,0,240
E07000086,Eastleigh,2001-02,80,20,0,100,100,30,0,120
E07000087,Fareham,2001-02,190,40,0,230,240,60,0,290
E07000088,Gosport,2001-02,480,30,0,500,220,40,0,260
E07000089,Hart,2001-02,320,70,0,380,340,10,0,350
E07000090,Havant,2001-02,110,10,0,120,130,40,0,170
E07000091,New Forest,2001-02,430,20,0,450,510,50,0,560
E07000092,Rushmoor,2001-02,120,20,0,140,120,60,0,170
E07000093,Test Valley,2001-02,480,20,0,500,440,10,0,450
E07000094,Winchester,2001-02,340,20,0,360,210,70,0,290
E07000095,Broxbourne,2001-02,100,0,0,110,180,50,0,220
E07000096,Dacorum,2001-02,640,0,0,650,210,0,0,210
E07000242,East Hertfordshire,2001-02,400,20,0,420,380,60,0,430
E07000098,Hertsmere,2001-02,70,110,0,180,150,10,0,160
E07000099,North Hertfordshire,2001-02,310,20,0,330,350,0,0,350
E07000240,St Albans,2001-02,270,20,0,290,200,0,0,200
E07000243,Stevenage,2001-02,140,10,0,160,220,10,0,220
E07000102,Three Rivers,2001-02,180,0,0,180,390,0,0,390
E07000103,Watford,2001-02,30,0,0,30,50,0,0,50
E07000241,Welwyn Hatfield,2001-02,400,60,0,460,60,0,0,60
E07000105,Ashford,2001-02,750,10,0,750,640,40,0,680
E07000106,Canterbury,2001-02,650,10,10,670,570,30,0,590
E07000107,Dartford,2001-02,510,40,0,550,190,10,0,190
E07000108,Dover,2001-02,120,30,0,150,100,60,0,170
E07000112,Folkestone and Hythe,2001-02,370,0,0,370,330,10,0,340
E07000109,Gravesham,2001-02,190,40,0,230,30,10,0,40
E07000110,Maidstone,2001-02,450,140,0,590,360,20,0,370
E07000111,Sevenoaks,2001-02,180,10,0,190,170,60,0,230
E07000113,Swale,2001-02,570,70,0,640,460,30,0,490
E07000114,Thanet,2001-02,160,20,0,170,220,0,0,220
E07000115,Tonbridge and Malling,2001-02,700,40,0,740,310,50,0,360
E07000116,Tunbridge Wells,2001-02,160,0,0,160,110,0,0,110
E07000117,Burnley,2001-02,40,0,0,40,100,0,0,100
E07000118,Chorley,2001-02,550,0,0,550,470,0,0,470
E07000119,Fylde,2001-02,330,0,0,340,150,30,0,180
E07000120,Hyndburn,2001-02,180,0,0,180,190,0,0,190
E07000121,Lancaster,2001-02,470,10,0,490,160,10,0,170
E07000122,Pendle,2001-02,240,0,0,240,270,0,0,270
E07000123,Preston,2001-02,140,60,0,210,310,90,0,400
E07000124,Ribble Valley,2001-02,160,0,0,160,170,0,0,170
E07000125,Rossendale,2001-02,190,0,0,190,150,0,0,150
E07000126,South Ribble,2001-02,320,60,0,380,310,20,0,330
E07000127,West Lancashire,2001-02,450,20,0,470,260,20,0,270
E07000128,Wyre,2001-02,400,30,0,420,380,40,0,420
E07000129,Blaby,2001-02,210,40,0,250,280,40,0,320
E07000130,Charnwood,2001-02,310,0,0,310,460,0,0,460
E07000131,Harborough,2001-02,430,0,20,450,600,10,0,610
E07000132,Hinckley and Bosworth,2001-02,480,30,0,510,340,30,0,370
E07000133,Melton,2001-02,130,0,0,130,110,0,0,110
E07000134,North West Leicestershire,2001-02,370,10,0,380,410,20,0,420
E07000135,Oadby and Wigston,2001-02,40,0,0,40,30,0,0,30
E07000136,Boston,2001-02,280,0,0,280,230,0,0,230
E07000137,East Lindsey,2001-02,480,130,0,610,400,150,0,550
E07000138,Lincoln,2001-02,170,0,0,170,200,0,0,200
E07000139,North Kesteven,2001-02,840,20,0,870,940,20,0,960
E07000140,South Holland,2001-02,560,10,0,570,570,0,0,570
E07000141,South Kesteven,2001-02,540,0,0,540,480,0,0,480
E07000142,West Lindsey,2001-02,530,30,0,550,500,60,0,550
E07000143,Breckland,2001-02,560,30,0,590,620,20,0,640
E07000144,Broadland,2001-02,270,110,0,380,330,110,0,440
E07000145,Great Yarmouth,2001-02,210,10,0,220,150,20,0,170
E07000146,King's Lynn and West Norfolk,2001-02,480,50,0,530,360,0,0,360
E07000147,North Norfolk,2001-02,240,0,0,240,200,0,0,200
E07000148,Norwich,2001-02,390,90,0,470,280,150,0,430
E07000149,South Norfolk,2001-02,490,30,0,520,390,0,0,390
E07000150,Corby,2001-02,140,0,0,140,80,0,0,80
E07000151,Daventry,2001-02,540,30,0,570,410,0,0,410
E07000152,East Northamptonshire,2001-02,580,50,0,630,590,30,0,630
E07000153,Kettering,2001-02,510,0,0,510,610,0,0,610
E07000154,Northampton,2001-02,310,10,0,320,560,0,0,560
E07000155,South Northamptonshire,2001-02,710,40,0,750,690,10,0,700
E07000156,Wellingborough,2001-02,170,10,0,180,180,30,0,210
E07000157,Alnwick,2001-02,130,0,0,130,90,20,0,110
E07000158,Berwick-upon-Tweed,2001-02,60,0,0,60,40,0,0,40
E07000159,Blyth Valley,2001-02,210,0,0,210,160,0,0,160
E07000160,Castle Morpeth,2001-02,130,0,0,130,140,10,0,140
E07000161,Tynedale,2001-02,120,0,0,120,180,20,0,200
E07000162,Wansbeck,2001-02,140,0,0,140,160,10,0,170
E07000163,Craven,2001-02,120,0,0,120,110,0,0,110
E07000164,Hambleton,2001-02,200,50,0,250,330,20,0,340
E07000165,Harrogate,2001-02,350,40,0,390,280,10,0,290
E07000166,Richmondshire,2001-02,130,0,0,130,100,0,0,100
E07000167,Ryedale,2001-02,90,0,0,90,60,0,0,60
E07000168,Scarborough,2001-02,190,110,0,310,160,30,0,190
E07000169,Selby,2001-02,220,0,0,220,180,20,0,200
E07000170,Ashfield,2001-02,410,70,0,480,410,20,0,440
E07000171,Bassetlaw,2001-02,330,20,0,350,310,0,0,310
E07000172,Broxtowe,2001-02,110,0,0,110,80,0,0,80
E07000173,Gedling,2001-02,220,0,0,220,70,0,0,70
E07000174,Mansfield,2001-02,270,0,0,270,150,0,0,150
E07000175,Newark and Sherwood,2001-02,500,0,0,500,500,10,0,510
E07000176,Rushcliffe,2001-02,200,0,0,200,260,0,0,260
E07000177,Cherwell,2001-02,330,30,0,360,410,20,0,430
E07000178,Oxford,2001-02,270,150,0,420,470,160,0,630
E07000179,South Oxfordshire,2001-02,360,40,0,390,170,70,0,240
E07000180,Vale of White Horse,2001-02,320,40,0,360,310,30,0,340
E07000181,West Oxfordshire,2001-02,450,0,0,450,240,70,0,300
E07000182,Bridgnorth,2001-02,70,10,0,90,50,20,0,60
E07000188,Sedgemoor,2001-02,170,10,0,170,220,20,0,230
E07000185,Shrewsbury and Atcham,2001-02,190,0,0,190,190,20,0,220
E07000191,South Shropshire,2001-02,350,10,0,360,210,10,0,220
E07000189,South Somerset,2001-02,140,30,0,160,130,0,0,130
E07000187,Mendip,2001-02,270,40,0,310,290,50,0,330
E07000188,Sedgemoor,2001-02,320,0,0,320,370,0,0,370
E07000189,South Somerset,2001-02,390,30,0,420,520,60,0,580
E07000190,Taunton Deane,2001-02,420,70,0,490,430,30,0,460
E07000191,West Somerset,2001-02,130,50,0,180,70,0,0,70
E07000192,Cannock Chase,2001-02,460,30,0,490,440,50,0,490
E07000193,East Staffordshire,2001-02,270,0,0,270,330,0,0,330
E07000194,Lichfield,2001-02,430,20,0,450,510,30,0,540
E07000195,Newcastle-under-Lyme,2001-02,120,10,0,130,100,20,0,120
E07000196,South Staffordshire,2001-02,300,30,0,330,250,20,0,270
E07000197,Stafford,2001-02,480,40,0,520,580,30,0,610
E07000198,Staffordshire Moorlands,2001-02,190,0,0,190,300,0,0,300
E07000199,Tamworth,2001-02,240,30,0,260,210,30,0,240
E07000200,Babergh,2001-02,430,0,0,430,190,0,0,190
E07000201,Forest Heath,2001-02,80,10,0,90,120,30,0,150
E07000202,Ipswich,2001-02,300,60,0,360,320,60,0,380
E07000203,Mid Suffolk,2001-02,330,10,0,330,260,50,0,310
E07000204,St Edmundsbury,2001-02,340,40,0,380,380,50,0,420
E07000205,Suffolk Coastal,2001-02,560,50,0,610,380,10,0,390
E07000206,Waveney,2001-02,410,20,0,430,380,30,0,410
E07000207,Elmbridge,2001-02,330,0,0,330,460,10,0,480
E07000208,Epsom and Ewell,2001-02,100,0,0,100,180,70,0,250
E07000209,Guildford,2001-02,160,20,0,190,160,10,0,160
E07000210,Mole Valley,2001-02,200,10,0,210,180,10,0,180
E07000211,Reigate and Banstead,2001-02,270,80,0,360,340,10,0,350
E07000212,Runnymede,2001-02,90,20,0,110,70,60,0,120
E07000213,Spelthorne,2001-02,300,80,0,380,180,80,0,260
E07000214,Surrey Heath,2001-02,740,170,0,910,210,40,0,250
E07000215,Tandridge,2001-02,250,90,0,330,170,50,0,220
E07000216,Waverley,2001-02,100,60,0,160,100,10,0,100
E07000217,Woking,2001-02,310,50,0,360,240,20,0,250
E07000218,North Warwickshire,2001-02,110,0,0,110,130,0,0,130
E07000219,Nuneaton and Bedworth,2001-02,600,0,0,600,440,60,0,500
E07000220,Rugby,2001-02,320,0,0,320,310,0,0,310
E07000221,Stratford-on-Avon,2001-02,500,40,0,540,290,40,0,330
E07000222,Warwick,2001-02,680,50,0,740,800,50,0,840
E07000223,Adur,2001-02,30,0,0,30,30,0,0,30
E07000224,Arun,2001-02,530,0,0,530,480,0,0,480
E07000225,Chichester,2001-02,240,140,0,370,240,90,0,340
E07000226,Crawley,2001-02,10,20,0,20,40,0,0,40
E07000227,Horsham,2001-02,520,50,0,570,330,30,0,360
E07000228,Mid Sussex,2001-02,320,20,0,340,130,0,0,130
E07000229,Worthing,2001-02,120,70,0,190,40,20,0,60
E07000230,Kennet,2001-02,330,10,0,330,230,50,0,270
E07000231,North Wiltshire,2001-02,320,100,10,430,450,30,0,470
E07000232,Salisbury,2001-02,240,30,0,270,240,60,0,300
E07000233,West Wiltshire,2001-02,630,60,0,690,520,150,0,670
E07000234,Bromsgrove,2001-02,590,0,0,590,410,10,0,420
E07000235,Malvern Hills,2001-02,110,0,0,110,90,0,0,90
E07000236,Redditch,2001-02,160,30,0,190,200,30,0,230
E07000237,Worcester,2001-02,160,0,0,160,200,0,0,200
E07000238,Wychavon,2001-02,300,10,0,300,390,20,0,400
E07000239,Wyre Forest,2001-02,280,20,0,290,260,20,0,280
E06000022,Bath and North East Somerset,2002-03,120,0,0,120,170,0,0,170
E06000008,Blackburn with Darwen,2002-03,400,10,0,410,380,30,0,410
E06000009,Blackpool,2002-03,240,0,0,240,210,0,0,210
E06000028,Bournemouth,2002-03,810,90,0,890,650,10,0,660
E06000036,Bracknell Forest,2002-03,160,20,0,180,320,80,0,400
E06000043,Brighton and Hove,2002-03,160,50,0,210,110,0,0,120
E06000023,"Bristol, City of",2002-03,570,40,0,610,420,70,0,490
E06000005,Darlington,2002-03,290,10,0,300,190,10,0,200
E06000015,Derby,2002-03,510,40,0,550,380,30,0,410
E06000011,East Riding of Yorkshire,2002-03,1180,10,0,1190,1060,0,0,1060
E06000006,Halton,2002-03,700,0,0,700,250,0,0,250
E06000001,Hartlepool,2002-03,360,0,0,360,280,0,0,280
E06000019,"Herefordshire, County of",2002-03,580,50,0,630,460,30,0,490
E06000046,Isle of Wight,2002-03,480,30,0,510,480,10,0,490
E06000053,Isles of Scilly,2002-03,10,0,0,10,10,0,0,10
E06000010,"Kingston upon Hull, City of",2002-03,660,0,0,660,520,20,0,540
E06000016,Leicester,2002-03,1230,20,0,1250,450,50,0,500
E06000032,Luton,2002-03,340,10,0,340,270,10,0,280
E06000035,Medway,2002-03,670,60,0,730,570,10,0,580
E06000002,Middlesbrough,2002-03,130,20,0,140,90,0,0,90
E06000042,Milton Keynes,2002-03,980,360,0,1340,1120,120,0,1240
E06000012,North East Lincolnshire,2002-03,210,0,0,210,200,0,0,200
E06000013,North Lincolnshire,2002-03,740,0,0,740,580,0,0,580
E06000024,North Somerset,2002-03,1070,40,0,1110,900,70,0,970
E06000018,Nottingham,2002-03,720,110,0,830,600,40,0,650
E06000031,Peterborough,2002-03,520,30,0,540,510,0,0,510
E06000026,Plymouth,2002-03,210,0,0,210,300,0,0,310
E06000029,Poole,2002-03,410,10,0,420,430,20,0,450
E06000044,Portsmouth,2002-03,390,120,0,510,320,90,0,410
E06000038,Reading,2002-03,580,110,0,680,390,40,0,430
E06000003,Redcar and Cleveland,2002-03,340,10,0,350,450,0,0,450
E06000017,Rutland,2002-03,110,0,0,110,130,0,0,130
E06000039,Slough,2002-03,150,20,0,160,170,40,0,200
E06000025,South Gloucestershire,2002-03,560,270,0,820,720,190,0,910
E06000045,Southampton,2002-03,800,10,0,820,670,40,0,710
E06000033,Southend-on-Sea,2002-03,140,0,0,140,140,0,0,140
E06000004,Stockton-on-Tees,2002-03,500,0,0,500,800,0,0,800
E06000021,Stoke-on-Trent,2002-03,670,10,0,670,510,0,0,510
E06000030,Swindon,2002-03,1090,50,30,1170,610,60,0,670
E06000020,Telford and Wrekin,2002-03,690,110,10,810,460,70,0,530
E06000034,Thurrock,2002-03,760,10,0,760,960,10,0,970
E06000027,Torbay,2002-03,350,40,0,390,290,60,0,350
E06000007,Warrington,2002-03,570,10,0,580,480,0,0,480
E06000037,West Berkshire,2002-03,500,80,0,580,140,10,0,150
E06000040,Windsor and Maidenhead,2002-03,250,0,0,250,160,50,0,210
E06000041,Wokingham,2002-03,450,90,0,540,310,70,0,370
E06000014,York,2002-03,310,10,0,320,650,0,0,650
E09000002,Barking and Dagenham,2002-03,240,30,0,270,220,20,0,240
E09000003,Barnet,2002-03,600,290,0,900,550,160,0,710
E09000004,Bexley,2002-03,270,20,0,290,250,20,0,270
E09000005,Brent,2002-03,580,330,0,910,280,570,0,850
E09000006,Bromley,2002-03,470,40,0,510,330,0,0,330
E09000007,Camden,2002-03,420,160,0,570,70,30,0,100
E09000001,City of London,2002-03,20,0,0,20,160,0,0,160
E09000008,Croydon,2002-03,220,150,0,360,400,220,0,620
E09000009,Ealing,2002-03,280,150,0,430,90,140,0,240
E09000010,Enfield,2002-03,240,60,0,300,250,360,0,610
E09000011,Greenwich,2002-03,610,210,0,820,1260,150,0,1410
E09000012,Hackney,2002-03,570,120,0,690,530,0,0,530
E09000013,Hammersmith and Fulham,2002-03,70,40,0,110,60,30,0,80
E09000014,Haringey,2002-03,210,60,0,270,140,110,0,250
E09000015,Harrow,2002-03,220,50,0,270,430,120,0,550
E09000016,Havering,2002-03,250,30,0,280,240,30,0,260
E09000017,Hillingdon,2002-03,230,100,0,340,230,210,10,450
E09000018,Hounslow,2002-03,540,130,0,660,380,90,0,470
E09000019,Islington,2002-03,240,70,0,300,220,70,0,290
E09000020,Kensington and Chelsea,2002-03,230,210,0,440,240,30,0,270
E09000021,Kingston upon Thames,2002-03,50,10,0,60,200,10,0,210
E09000022,Lambeth,2002-03,210,160,0,370,390,140,0,540
E09000023,Lewisham,2002-03,40,230,0,270,400,160,0,550
E09000024,Merton,2002-03,140,50,0,180,270,70,0,340
E09000025,Newham,2002-03,800,230,0,1030,450,20,0,470
E09000026,Redbridge,2002-03,360,20,0,380,480,30,0,510
E09000027,Richmond upon Thames,2002-03,290,80,0,360,270,10,0,280
E09000028,Southwark,2002-03,930,120,0,1060,400,30,0,430
E09000029,Sutton,2002-03,210,160,0,380,190,180,0,370
E09000030,Tower Hamlets,2002-03,1250,540,0,1790,990,500,0,1490
E09000031,Waltham Forest,2002-03,50,170,0,220,50,240,60,350
E09000032,Wandsworth,2002-03,670,40,0,710,640,0,0,640
E09000033,Westminster,2002-03,260,170,0,430,490,350,0,840
E08000001,Bolton,2002-03,360,0,0,360,570,50,0,630
E08000002,Bury,2002-03,240,10,0,260,440,0,0,440
E08000003,Manchester,2002-03,2250,80,0,2320,2630,150,0,2790
E08000004,Oldham,2002-03,410,40,0,440,370,0,0,370
E08000005,Rochdale,2002-03,260,20,0,280,450,30,0,480
E08000006,Salford,2002-03,810,180,0,990,420,60,0,480
E08000007,Stockport,2002-03,310,40,0,350,130,30,10,170
E08000008,Tameside,2002-03,470,50,0,530,360,80,0,440
E08000009,Trafford,2002-03,570,30,0,600,460,50,0,510
E08000010,Wigan,2002-03,750,0,0,750,620,10,0,620
E08000011,Knowsley,2002-03,520,10,0,530,460,10,0,470
E08000012,Liverpool,2002-03,880,120,0,1000,700,130,0,830
E08000014,Sefton,2002-03,450,50,0,500,450,30,0,480
E08000013,St. Helens,2002-03,560,0,0,560,430,0,0,440
E08000015,Wirral,2002-03,540,70,0,610,600,60,0,660
E08000016,Barnsley,2002-03,940,0,0,940,640,10,0,650
E08000017,Doncaster,2002-03,910,10,0,920,840,10,0,850
E08000018,Rotherham,2002-03,960,40,0,990,1190,40,0,1230
E08000019,Sheffield,2002-03,1520,0,0,1520,730,10,0,730
E08000037,Gateshead,2002-03,900,60,0,960,710,0,0,720
E08000021,Newcastle upon Tyne,2002-03,500,0,0,500,260,0,0,260
E08000022,North Tyneside,2002-03,250,0,0,250,160,0,0,160
E08000023,South Tyneside,2002-03,170,40,0,220,110,10,0,120
E08000024,Sunderland,2002-03,640,40,0,680,460,30,0,490
E08000025,Birmingham,2002-03,1550,620,20,2190,1470,650,0,2120
E08000026,Coventry,2002-03,480,30,0,510,810,0,0,810
E08000027,Dudley,2002-03,440,80,0,510,410,40,0,460
E08000028,Sandwell,2002-03,890,50,0,950,570,30,0,600
E08000029,Solihull,2002-03,380,80,0,460,320,60,0,380
E08000030,Walsall,2002-03,480,60,0,540,350,70,0,410
E08000031,Wolverhampton,2002-03,230,70,0,310,230,30,0,260
E08000032,Bradford,2002-03,1130,120,0,1250,1140,80,0,1220
E08000033,Calderdale,2002-03,530,0,0,530,360,10,0,370
E08000034,Kirklees,2002-03,560,20,0,580,450,30,0,480
E08000035,Leeds,2002-03,3710,90,0,3800,1810,190,0,2000
E08000036,Wakefield,2002-03,1080,0,0,1080,1100,40,0,1140
E07000002,Bedford,2002-03,520,100,0,620,590,20,0,610
E07000001,Mid Bedfordshire,2002-03,770,50,0,830,620,30,0,650
E07000003,South Bedfordshire,2002-03,460,0,0,460,260,0,0,260
E07000004,Aylesbury Vale,2002-03,830,30,0,860,530,20,0,550
E07000005,Chiltern,2002-03,170,80,0,240,150,70,0,220
E07000006,South Bucks,2002-03,140,10,0,150,70,20,0,100
E07000007,Wycombe,2002-03,260,60,0,320,210,60,0,260
E07000008,Cambridge,2002-03,260,20,0,280,160,30,0,190
E07000009,East Cambridgeshire,2002-03,580,20,0,600,480,40,0,520
E07000010,Fenland,2002-03,670,20,0,690,600,0,0,600
E07000011,Huntingdonshire,2002-03,440,70,0,510,490,60,0,550
E07000012,South Cambridgeshire,2002-03,650,60,0,700,620,10,0,630
E07000013,Chester,2002-03,220,10,0,220,310,0,0,310
E07000014,Congleton,2002-03,290,0,0,290,410,0,0,410
E07000015,Crewe and Nantwich,2002-03,650,0,0,650,510,0,0,510
E07000016,Ellesmere Port & Neston,2002-03,190,20,0,210,50,30,0,80
E07000017,Macclesfield,2002-03,370,0,0,370,380,0,0,380
E07000018,Vale Royal,2002-03,510,0,40,540,530,0,0,530
E07000019,Caradon,2002-03,420,0,0,420,370,10,0,380
E07000020,Carrick,2002-03,280,0,10,300,270,0,0,270
E07000021,Kerrier,2002-03,210,80,0,280,330,0,0,330
E07000022,North Cornwall,2002-03,340,20,0,360,290,70,0,360
E07000023,Penwith,2002-03,120,10,0,130,160,20,0,170
E07000024,Restormel,2002-03,410,20,0,430,510,20,0,540
E07000026,Allerdale,2002-03,260,0,0,260,200,20,0,220
E07000027,Barrow-in-Furness,2002-03,110,0,0,110,150,0,0,150
E07000028,Carlisle,2002-03,400,0,0,400,360,20,0,380
E07000029,Copeland,2002-03,160,0,0,160,140,0,0,140
E07000030,Eden,2002-03,180,0,0,180,200,30,0,230
E07000031,South Lakeland,2002-03,220,0,0,220,280,10,0,280
E07000032,Amber Valley,2002-03,230,20,0,250,170,0,0,170
E07000033,Bolsover,2002-03,170,0,0,170,160,10,0,170
E07000034,Chesterfield,2002-03,440,0,0,440,480,0,0,480
E07000035,Derbyshire Dales,2002-03,80,0,0,80,70,0,0,70
E07000036,Erewash,2002-03,50,0,0,50,100,0,0,100
E07000037,High Peak,2002-03,290,0,0,290,240,0,0,240
E07000038,North East Derbyshire,2002-03,160,0,0,160,160,0,0,160
E07000039,South Derbyshire,2002-03,520,30,0,550,450,50,0,500
E07000040,East Devon,2002-03,360,20,0,380,570,0,0,570
E07000041,Exeter,2002-03,230,20,0,250,240,170,0,410
E07000042,Mid Devon,2002-03,390,40,0,430,200,30,0,230
E07000043,North Devon,2002-03,190,10,0,200,290,10,0,300
E07000044,South Hams,2002-03,130,60,0,180,70,80,0,150
E07000045,Teignbridge,2002-03,310,20,0,320,330,0,0,330
E07000046,Torridge,2002-03,390,0,0,390,380,0,0,380
E07000047,West Devon,2002-03,210,30,0,230,170,20,0,190
E07000048,Christchurch,2002-03,150,0,0,150,160,0,0,160
E07000049,East Dorset,2002-03,190,10,0,200,270,20,0,290
E07000050,North Dorset,2002-03,490,10,0,510,460,50,0,500
E07000051,Purbeck,2002-03,70,20,0,90,30,0,0,30
E07000052,West Dorset,2002-03,340,0,0,340,430,0,0,430
E07000053,Weymouth and Portland,2002-03,80,0,0,80,80,10,0,100
E07000054,Chester-le-Street,2002-03,50,0,0,50,60,0,0,60
E07000056,County Durham,2002-03,160,0,0,160,160,0,0,160
E07000055,Derwentside,2002-03,420,0,0,420,420,0,0,420
E07000057,Easington,2002-03,170,10,0,180,110,20,0,130
E07000058,Sedgefield,2002-03,390,40,0,440,330,0,0,330
E07000059,Teesdale,2002-03,60,10,0,80,30,10,0,40
E07000060,Wear Valley,2002-03,300,0,0,300,240,10,0,250
E07000061,Eastbourne,2002-03,490,20,0,510,430,10,0,440
E07000062,Hastings,2002-03,120,0,0,120,160,130,0,280
E07000063,Lewes,2002-03,120,0,0,120,140,10,0,150
E07000064,Rother,2002-03,190,70,0,250,160,40,0,200
E07000065,Wealden,2002-03,230,30,0,260,290,30,0,310
E07000066,Basildon,2002-03,290,40,0,330,190,60,0,260
E07000067,Braintree,2002-03,680,40,0,720,1090,100,0,1190
E07000068,Brentwood,2002-03,250,20,0,270,130,80,0,210
E07000069,Castle Point,2002-03,90,0,0,90,90,0,0,90
E07000070,Chelmsford,2002-03,780,60,0,830,700,140,0,840
E07000071,Colchester,2002-03,1020,20,0,1040,810,40,0,850
E07000072,Epping Forest,2002-03,270,0,0,270,350,0,0,350
E07000073,Harlow,2002-03,30,10,0,40,130,20,0,150
E07000074,Maldon,2002-03,160,10,0,170,110,0,0,110
E07000075,Rochford,2002-03,210,0,0,210,140,0,0,140
E07000076,Tendring,2002-03,190,10,0,200,380,10,0,390
E07000077,Uttlesford,2002-03,320,0,0,320,280,0,0,280
E07000078,Cheltenham,2002-03,490,70,0,560,380,60,0,440
E07000079,Cotswold,2002-03,150,110,10,260,200,110,0,310
E07000080,Forest of Dean,2002-03,100,40,0,140,130,10,0,130
E07000081,Gloucester,2002-03,510,60,0,570,320,90,0,410
E07000082,Stroud,2002-03,250,0,0,250,300,20,0,320
E07000083,Tewkesbury,2002-03,150,0,0,150,190,0,0,190
E07000084,Basingstoke and Deane,2002-03,890,230,0,1120,360,190,0,550
E07000085,East Hampshire,2002-03,410,100,0,510,150,10,0,160
E07000086,Eastleigh,2002-03,380,140,0,520,140,10,0,160
E07000087,Fareham,2002-03,200,80,0,270,170,30,0,200
E07000088,Gosport,2002-03,130,10,0,140,430,20,0,460
E07000089,Hart,2002-03,450,130,0,570,400,90,0,490
E07000090,Havant,2002-03,90,80,0,170,90,50,0,140
E07000091,New Forest,2002-03,520,60,0,580,460,20,0,490
E07000092,Rushmoor,2002-03,80,10,0,90,80,20,0,100
E07000093,Test Valley,2002-03,550,30,0,580,540,0,0,540
E07000094,Winchester,2002-03,440,40,0,470,380,10,0,400
E07000095,Broxbourne,2002-03,180,70,0,250,140,10,0,140
E07000096,Dacorum,2002-03,350,20,0,370,200,10,0,210
E07000242,East Hertfordshire,2002-03,210,70,0,280,300,40,0,340
E07000098,Hertsmere,2002-03,150,20,0,170,100,0,0,100
E07000099,North Hertfordshire,2002-03,450,0,0,450,440,20,0,460
E07000240,St Albans,2002-03,390,50,0,430,250,20,0,260
E07000243,Stevenage,2002-03,40,0,0,40,100,0,0,110
E07000102,Three Rivers,2002-03,100,0,0,100,150,0,0,150
E07000103,Watford,2002-03,250,40,0,290,120,10,0,130
E07000241,Welwyn Hatfield,2002-03,750,230,0,990,210,40,0,250
E07000105,Ashford,2002-03,700,150,0,850,590,40,0,620
E07000106,Canterbury,2002-03,600,10,0,610,570,10,0,580
E07000107,Dartford,2002-03,480,80,0,560,380,60,0,430
E07000108,Dover,2002-03,30,10,0,40,130,30,0,160
E07000112,Folkestone and Hythe,2002-03,270,0,0,270,310,0,0,310
E07000109,Gravesham,2002-03,290,0,0,290,130,40,0,170
E07000110,Maidstone,2002-03,340,90,0,430,440,180,0,620
E07000111,Sevenoaks,2002-03,220,40,0,260,120,0,0,120
E07000113,Swale,2002-03,430,20,0,450,400,40,0,450
E07000114,Thanet,2002-03,110,10,0,120,120,0,0,120
E07000115,Tonbridge and Malling,2002-03,320,40,0,360,500,50,0,550
E07000116,Tunbridge Wells,2002-03,100,0,0,100,180,20,0,200
E07000117,Burnley,2002-03,150,0,0,150,80,0,0,80
E07000118,Chorley,2002-03,430,0,0,430,540,0,0,540
E07000119,Fylde,2002-03,280,20,0,300,240,10,0,250
E07000120,Hyndburn,2002-03,160,0,0,160,210,0,0,210
E07000121,Lancaster,2002-03,360,0,0,360,440,20,0,460
E07000122,Pendle,2002-03,230,0,0,230,160,0,0,160
E07000123,Preston,2002-03,250,0,0,250,70,10,0,80
E07000124,Ribble Valley,2002-03,210,20,0,230,170,20,0,190
E07000125,Rossendale,2002-03,220,0,0,220,160,0,0,160
E07000126,South Ribble,2002-03,460,0,0,460,500,30,0,520
E07000127,West Lancashire,2002-03,470,0,0,470,410,0,0,410
E07000128,Wyre,2002-03,350,40,0,390,360,10,0,380
E07000129,Blaby,2002-03,140,20,0,170,170,20,0,190
E07000130,Charnwood,2002-03,1020,20,0,1040,320,20,0,340
E07000131,Harborough,2002-03,200,20,0,220,370,0,20,390
E07000132,Hinckley and Bosworth,2002-03,610,10,0,620,370,20,0,390
E07000133,Melton,2002-03,160,0,0,160,110,0,0,110
E07000134,North West Leicestershire,2002-03,310,0,0,310,320,10,0,330
E07000135,Oadby and Wigston,2002-03,120,0,0,120,60,0,0,60
E07000136,Boston,2002-03,510,10,0,520,470,0,0,470
E07000137,East Lindsey,2002-03,490,70,0,560,570,170,0,750
E07000138,Lincoln,2002-03,430,0,0,430,350,0,0,350
E07000139,North Kesteven,2002-03,700,0,0,700,770,0,0,770
E07000140,South Holland,2002-03,560,20,0,580,680,30,0,710
E07000141,South Kesteven,2002-03,650,10,0,660,490,0,0,500
E07000142,West Lindsey,2002-03,400,30,0,430,350,50,0,400
E07000143,Breckland,2002-03,640,20,0,660,700,60,0,750
E07000144,Broadland,2002-03,260,50,0,310,280,60,0,340
E07000145,Great Yarmouth,2002-03,150,30,0,180,130,10,0,130
E07000146,King's Lynn and West Norfolk,2002-03,550,30,0,590,290,40,0,330
E07000147,North Norfolk,2002-03,270,10,0,280,170,20,0,190
E07000148,Norwich,2002-03,560,150,0,710,440,70,0,500
E07000149,South Norfolk,2002-03,360,10,0,370,440,20,0,470
E07000150,Corby,2002-03,430,0,0,430,170,0,0,170
E07000151,Daventry,2002-03,270,10,0,270,390,30,0,420
E07000152,East Northamptonshire,2002-03,410,0,0,410,520,30,0,560
E07000153,Kettering,2002-03,480,40,0,520,490,0,0,490
E07000154,Northampton,2002-03,650,70,0,720,560,0,0,560
E07000155,South Northamptonshire,2002-03,600,10,0,610,760,30,0,790
E07000156,Wellingborough,2002-03,80,10,0,90,190,20,0,210
E07000157,Alnwick,2002-03,150,10,0,160,150,10,0,150
E07000158,Berwick-upon-Tweed,2002-03,70,0,0,70,30,0,0,30
E07000159,Blyth Valley,2002-03,70,0,0,70,160,0,0,160
E07000160,Castle Morpeth,2002-03,80,0,0,80,120,0,0,120
E07000161,Tynedale,2002-03,120,0,0,120,80,0,0,80
E07000162,Wansbeck,2002-03,220,0,0,220,100,10,0,110
E07000163,Craven,2002-03,180,0,0,180,150,0,0,150
E07000164,Hambleton,2002-03,120,0,0,120,160,0,0,160
E07000165,Harrogate,2002-03,220,50,0,270,420,30,0,450
E07000166,Richmondshire,2002-03,80,0,0,80,80,0,0,80
E07000167,Ryedale,2002-03,140,10,0,150,140,10,0,150
E07000168,Scarborough,2002-03,330,10,0,340,300,70,0,370
E07000169,Selby,2002-03,260,0,0,260,170,0,0,170
E07000170,Ashfield,2002-03,540,10,0,540,530,50,0,580
E07000171,Bassetlaw,2002-03,410,0,0,410,360,0,0,360
E07000172,Broxtowe,2002-03,150,0,0,150,100,0,0,100
E07000173,Gedling,2002-03,490,20,0,510,210,0,0,210
E07000174,Mansfield,2002-03,370,0,0,370,340,0,0,350
E07000175,Newark and Sherwood,2002-03,630,20,0,650,590,20,0,620
E07000176,Rushcliffe,2002-03,270,0,0,270,150,0,0,150
E07000177,Cherwell,2002-03,430,10,0,440,370,30,0,400
E07000178,Oxford,2002-03,510,70,0,570,340,60,20,420
E07000179,South Oxfordshire,2002-03,130,50,0,170,240,30,0,270
E07000180,Vale of White Horse,2002-03,240,40,0,280,150,20,0,160
E07000181,West Oxfordshire,2002-03,540,0,20,560,510,20,0,530
E07000182,Bridgnorth,2002-03,70,0,0,70,90,0,0,100
E07000188,Sedgemoor,2002-03,150,0,0,150,190,0,0,190
E07000185,Shrewsbury and Atcham,2002-03,130,0,0,130,170,0,0,170
E07000191,South Shropshire,2002-03,240,10,0,250,210,30,0,240
E07000189,South Somerset,2002-03,180,0,20,190,120,10,10,130
E07000187,Mendip,2002-03,290,80,0,370,280,20,0,300
E07000188,Sedgemoor,2002-03,480,0,0,480,240,0,0,240
E07000189,South Somerset,2002-03,520,10,0,530,470,30,0,490
E07000190,Taunton Deane,2002-03,240,20,0,260,390,50,0,440
E07000191,West Somerset,2002-03,120,10,0,130,110,0,0,110
E07000192,Cannock Chase,2002-03,340,0,0,340,460,10,0,470
E07000193,East Staffordshire,2002-03,200,0,0,200,180,0,0,180
E07000194,Lichfield,2002-03,460,80,0,540,460,60,0,510
E07000195,Newcastle-under-Lyme,2002-03,270,20,0,290,150,10,0,160
E07000196,South Staffordshire,2002-03,240,10,0,250,360,20,0,380
E07000197,Stafford,2002-03,370,40,0,410,470,0,0,470
E07000198,Staffordshire Moorlands,2002-03,170,0,0,170,200,0,0,200
E07000199,Tamworth,2002-03,80,0,0,80,160,10,0,170
E07000200,Babergh,2002-03,190,0,0,190,430,0,0,430
E07000201,Forest Heath,2002-03,90,0,0,90,60,0,0,60
E07000202,Ipswich,2002-03,600,80,0,680,250,20,60,330
E07000203,Mid Suffolk,2002-03,360,10,0,370,250,10,0,260
E07000204,St Edmundsbury,2002-03,460,10,0,470,280,30,0,310
E07000205,Suffolk Coastal,2002-03,540,0,0,540,490,10,0,500
E07000206,Waveney,2002-03,340,10,0,350,330,10,0,340
E07000207,Elmbridge,2002-03,560,60,0,620,370,0,0,370
E07000208,Epsom and Ewell,2002-03,130,30,0,160,220,0,0,220
E07000209,Guildford,2002-03,410,110,0,520,260,40,0,300
E07000210,Mole Valley,2002-03,190,10,0,200,220,10,0,220
E07000211,Reigate and Banstead,2002-03,310,70,0,380,330,130,0,460
E07000212,Runnymede,2002-03,250,0,0,250,170,0,0,170
E07000213,Spelthorne,2002-03,330,80,0,410,180,20,0,200
E07000214,Surrey Heath,2002-03,90,0,0,90,270,50,0,320
E07000215,Tandridge,2002-03,180,90,0,270,200,100,0,300
E07000216,Waverley,2002-03,140,10,0,150,70,0,0,80
E07000217,Woking,2002-03,250,40,0,290,250,50,0,300
E07000218,North Warwickshire,2002-03,130,0,0,130,100,0,0,100
E07000219,Nuneaton and Bedworth,2002-03,750,30,0,780,640,20,0,660
E07000220,Rugby,2002-03,430,0,0,430,210,0,0,210
E07000221,Stratford-on-Avon,2002-03,420,30,0,440,460,40,0,500
E07000222,Warwick,2002-03,590,110,0,700,780,60,0,840
E07000223,Adur,2002-03,40,0,0,40,20,0,0,20
E07000224,Arun,2002-03,530,70,0,600,570,40,0,610
E07000225,Chichester,2002-03,340,40,0,380,320,130,0,450
E07000226,Crawley,2002-03,90,0,0,100,50,20,0,70
E07000227,Horsham,2002-03,500,90,0,580,620,60,0,670
E07000228,Mid Sussex,2002-03,350,10,0,360,140,50,0,180
E07000229,Worthing,2002-03,160,20,0,190,140,70,0,220
E07000230,Kennet,2002-03,160,20,0,190,210,10,0,220
E07000231,North Wiltshire,2002-03,320,10,0,330,190,70,0,260
E07000232,Salisbury,2002-03,250,30,0,280,210,0,0,210
E07000233,West Wiltshire,2002-03,670,50,0,720,520,50,0,560
E07000234,Bromsgrove,2002-03,430,20,0,450,590,0,0,590
E07000235,Malvern Hills,2002-03,90,0,0,90,80,0,0,80
E07000236,Redditch,2002-03,360,60,0,420,220,60,0,280
E07000237,Worcester,2002-03,130,0,0,130,170,0,0,170
E07000238,Wychavon,2002-03,440,20,0,460,330,0,0,330
E07000239,Wyre Forest,2002-03,220,20,0,240,200,0,0,200
E06000022,Bath and North East Somerset,2003-04,200,20,0,220,180,0,0,180
E06000008,Blackburn with Darwen,2003-04,410,20,0,430,340,10,0,350
E06000009,Blackpool,2003-04,110,10,0,130,140,0,0,140
E06000028,Bournemouth,2003-04,580,0,0,580,770,30,0,800
E06000036,Bracknell Forest,2003-04,230,20,0,250,160,40,0,200
E06000043,Brighton and Hove,2003-04,300,30,0,330,130,20,0,150
E06000023,"Bristol, City of",2003-04,840,240,0,1080,470,140,0,610
E06000005,Darlington,2003-04,540,0,0,540,390,0,0,390
E06000015,Derby,2003-04,690,10,0,690,330,0,0,330
E06000011,East Riding of Yorkshire,2003-04,1100,0,0,1100,1290,0,0,1290
E06000006,Halton,2003-04,580,0,0,580,730,0,0,730
E06000001,Hartlepool,2003-04,180,0,0,180,220,0,0,220
E06000019,"Herefordshire, County of",2003-04,360,40,0,400,490,50,0,540
E06000046,Isle of Wight,2003-04,610,40,0,640,470,40,0,510
E06000053,Isles of Scilly,2003-04,10,10,0,20,10,0,0,10
E06000010,"Kingston upon Hull, City of",2003-04,170,0,0,170,370,0,0,370
E06000016,Leicester,2003-04,1150,70,0,1220,800,70,0,870
E06000032,Luton,2003-04,310,30,0,340,140,10,0,150
E06000035,Medway,2003-04,370,30,0,400,460,60,0,520
E06000002,Middlesbrough,2003-04,170,10,0,180,100,20,0,120
E06000042,Milton Keynes,2003-04,1100,190,0,1280,900,280,0,1180
E06000012,North East Lincolnshire,2003-04,250,0,0,250,500,0,0,500
E06000013,North Lincolnshire,2003-04,660,10,0,670,520,10,0,530
E06000024,North Somerset,2003-04,840,30,0,870,960,20,0,980
E06000018,Nottingham,2003-04,940,40,0,980,710,100,0,810
E06000031,Peterborough,2003-04,700,70,0,770,670,30,0,700
E06000026,Plymouth,2003-04,480,40,0,520,330,0,0,330
E06000029,Poole,2003-04,360,0,0,360,340,10,0,350
E06000044,Portsmouth,2003-04,510,80,0,590,430,80,0,510
E06000038,Reading,2003-04,530,180,0,700,420,100,0,520
E06000003,Redcar and Cleveland,2003-04,290,10,0,300,330,10,0,350
E06000017,Rutland,2003-04,230,20,0,250,140,10,0,140
E06000039,Slough,2003-04,510,320,0,830,240,100,0,340
E06000025,South Gloucestershire,2003-04,380,90,0,470,430,250,0,680
E06000045,Southampton,2003-04,580,20,0,600,610,40,0,650
E06000033,Southend-on-Sea,2003-04,500,50,0,550,130,0,0,130
E06000004,Stockton-on-Tees,2003-04,360,20,0,380,390,0,0,390
E06000021,Stoke-on-Trent,2003-04,740,10,0,750,500,0,0,500
E06000030,Swindon,2003-04,1100,140,0,1240,1010,20,0,1030
E06000020,Telford and Wrekin,2003-04,660,110,0,770,690,80,0,770
E06000034,Thurrock,2003-04,860,0,0,860,820,0,0,820
E06000027,Torbay,2003-04,360,30,0,390,320,40,0,360
E06000007,Warrington,2003-04,770,10,0,770,660,20,0,680
E06000037,West Berkshire,2003-04,620,70,0,680,250,30,0,280
E06000040,Windsor and Maidenhead,2003-04,450,50,0,500,320,0,0,320
E06000041,Wokingham,2003-04,380,60,0,440,360,30,0,390
E06000014,York,2003-04,890,10,0,900,400,10,0,410
E09000002,Barking and Dagenham,2003-04,350,210,0,560,230,110,0,340
E09000003,Barnet,2003-04,870,390,0,1260,810,170,0,970
E09000004,Bexley,2003-04,420,90,0,520,690,100,0,780
E09000005,Brent,2003-04,230,310,0,540,370,490,0,860
E09000006,Bromley,2003-04,790,120,0,900,550,90,0,640
E09000007,Camden,2003-04,260,90,0,350,100,60,0,160
E09000001,City of London,2003-04,60,0,0,60,210,0,0,210
E09000008,Croydon,2003-04,280,190,0,480,240,70,0,300
E09000009,Ealing,2003-04,390,250,0,640,490,250,0,750
E09000010,Enfield,2003-04,450,370,0,810,350,70,0,420
E09000011,Greenwich,2003-04,1430,480,0,1910,710,410,0,1120
E09000012,Hackney,2003-04,650,80,0,730,1070,70,0,1130
E09000013,Hammersmith and Fulham,2003-04,50,100,0,160,130,40,0,170
E09000014,Haringey,2003-04,130,60,0,200,170,110,0,280
E09000015,Harrow,2003-04,200,20,0,220,220,110,0,330
E09000016,Havering,2003-04,580,40,0,620,280,10,0,290
E09000017,Hillingdon,2003-04,310,210,0,510,300,150,10,450
E09000018,Hounslow,2003-04,510,280,0,790,690,360,0,1050
E09000019,Islington,2003-04,370,20,0,390,120,110,0,230
E09000020,Kensington and Chelsea,2003-04,30,10,0,40,420,180,0,600
E09000021,Kingston upon Thames,2003-04,90,10,0,100,380,30,0,410
E09000022,Lambeth,2003-04,100,150,0,240,230,160,0,380
E09000023,Lewisham,2003-04,120,180,0,300,410,230,0,630
E09000024,Merton,2003-04,310,100,0,400,140,60,0,190
E09000025,Newham,2003-04,540,60,0,600,1000,130,0,1130
E09000026,Redbridge,2003-04,560,80,0,640,400,40,0,440
E09000027,Richmond upon Thames,2003-04,410,130,0,540,360,20,0,380
E09000028,Southwark,2003-04,710,110,0,820,720,60,0,780
E09000029,Sutton,2003-04,470,190,0,660,220,100,0,320
E09000030,Tower Hamlets,2003-04,1180,140,0,1320,1680,390,0,2070
E09000031,Waltham Forest,2003-04,170,100,0,270,80,110,0,190
E09000032,Wandsworth,2003-04,490,10,0,490,530,50,10,580
E09000033,Westminster,2003-04,140,10,0,150,790,20,0,810
E08000001,Bolton,2003-04,600,10,10,620,580,10,10,600
E08000002,Bury,2003-04,490,40,0,520,400,0,0,400
E08000003,Manchester,2003-04,2190,40,0,2230,1710,60,0,1770
E08000004,Oldham,2003-04,320,10,0,330,450,50,0,500
E08000005,Rochdale,2003-04,140,30,0,160,140,10,0,150
E08000006,Salford,2003-04,920,250,0,1170,740,70,0,810
E08000007,Stockport,2003-04,230,10,0,240,270,20,0,290
E08000008,Tameside,2003-04,360,20,0,370,290,50,0,330
E08000009,Trafford,2003-04,990,20,0,1010,670,0,0,670
E08000010,Wigan,2003-04,940,0,0,940,850,0,0,850
E08000011,Knowsley,2003-04,690,30,0,730,580,10,0,590
E08000012,Liverpool,2003-04,1060,320,0,1390,890,150,0,1040
E08000014,Sefton,2003-04,340,0,0,340,420,70,0,490
E08000013,St. Helens,2003-04,700,190,0,880,520,0,0,520
E08000015,Wirral,2003-04,640,30,0,670,490,30,0,520
E08000016,Barnsley,2003-04,1470,0,0,1470,900,0,0,900
E08000017,Doncaster,2003-04,830,0,0,840,880,10,0,890
E08000018,Rotherham,2003-04,850,20,0,870,780,30,0,810
E08000019,Sheffield,2003-04,1010,0,0,1010,740,0,0,740
E08000037,Gateshead,2003-04,860,20,0,880,680,60,0,740
E08000021,Newcastle upon Tyne,2003-04,390,20,40,450,200,10,20,220
E08000022,North Tyneside,2003-04,520,10,0,530,330,0,0,330
E08000023,South Tyneside,2003-04,90,0,0,90,210,90,0,300
E08000024,Sunderland,2003-04,660,50,0,710,550,10,0,560
E08000025,Birmingham,2003-04,1810,490,0,2300,1560,380,0,1950
E08000026,Coventry,2003-04,970,0,0,980,450,30,0,480
E08000027,Dudley,2003-04,560,40,0,610,330,60,0,390
E08000028,Sandwell,2003-04,1060,60,20,1140,870,20,0,890
E08000029,Solihull,2003-04,470,40,0,510,420,80,0,500
E08000030,Walsall,2003-04,870,30,0,900,600,40,0,640
E08000031,Wolverhampton,2003-04,440,10,0,450,330,30,0,360
E08000032,Bradford,2003-04,1170,70,0,1250,980,130,0,1100
E08000033,Calderdale,2003-04,880,30,0,910,490,0,0,490
E08000034,Kirklees,2003-04,770,20,0,780,670,0,0,670
E08000035,Leeds,2003-04,2560,120,0,2690,2850,100,0,2950
E08000036,Wakefield,2003-04,990,10,0,1010,960,10,0,970
E07000002,Bedford,2003-04,540,80,0,620,410,70,0,480
E07000001,Mid Bedfordshire,2003-04,510,50,0,560,680,70,0,760
E07000003,South Bedfordshire,2003-04,360,60,0,410,290,20,0,310
E07000004,Aylesbury Vale,2003-04,740,50,0,790,790,30,0,820
E07000005,Chiltern,2003-04,210,0,0,210,120,100,0,220
E07000006,South Bucks,2003-04,160,20,0,180,90,0,0,90
E07000007,Wycombe,2003-04,240,10,0,250,250,30,0,280
E07000008,Cambridge,2003-04,660,40,0,700,410,20,0,430
E07000009,East Cambridgeshire,2003-04,410,30,0,440,510,20,0,530
E07000010,Fenland,2003-04,680,30,0,710,540,30,0,570
E07000011,Huntingdonshire,2003-04,680,50,0,730,470,50,0,520
E07000012,South Cambridgeshire,2003-04,530,80,0,620,480,90,0,570
E07000013,Chester,2003-04,210,20,0,230,290,0,0,290
E07000014,Congleton,2003-04,370,20,0,390,240,10,0,260
E07000015,Crewe and Nantwich,2003-04,710,0,0,720,590,0,0,590
E07000016,Ellesmere Port & Neston,2003-04,250,50,0,300,100,30,0,130
E07000017,Macclesfield,2003-04,410,0,0,410,300,0,0,300
E07000018,Vale Royal,2003-04,370,10,0,380,360,10,0,370
E07000019,Caradon,2003-04,170,0,0,170,360,50,0,410
E07000020,Carrick,2003-04,310,70,0,380,350,20,0,380
E07000021,Kerrier,2003-04,200,40,0,240,190,60,0,250
E07000022,North Cornwall,2003-04,380,0,0,380,300,30,0,320
E07000023,Penwith,2003-04,190,10,0,200,120,0,0,120
E07000024,Restormel,2003-04,360,20,0,380,390,20,0,410
E07000026,Allerdale,2003-04,160,10,0,160,160,0,0,170
E07000027,Barrow-in-Furness,2003-04,40,0,0,40,110,0,0,110
E07000028,Carlisle,2003-04,430,10,0,440,370,0,0,370
E07000029,Copeland,2003-04,230,0,0,230,150,0,0,150
E07000030,Eden,2003-04,170,0,0,170,130,0,0,130
E07000031,South Lakeland,2003-04,130,0,0,130,150,0,0,150
E07000032,Amber Valley,2003-04,270,0,0,270,210,10,0,220
E07000033,Bolsover,2003-04,240,0,0,240,230,0,0,230
E07000034,Chesterfield,2003-04,200,0,0,200,380,0,0,380
E07000035,Derbyshire Dales,2003-04,130,0,0,130,80,0,0,80
E07000036,Erewash,2003-04,110,0,0,110,90,0,0,90
E07000037,High Peak,2003-04,210,0,60,280,130,0,20,150
E07000038,North East Derbyshire,2003-04,180,0,0,180,140,0,0,140
E07000039,South Derbyshire,2003-04,690,0,0,690,380,0,0,380
E07000040,East Devon,2003-04,250,0,0,250,370,10,0,370
E07000041,Exeter,2003-04,310,70,0,380,130,10,0,150
E07000042,Mid Devon,2003-04,340,0,0,340,440,30,0,470
E07000043,North Devon,2003-04,150,50,0,200,150,0,0,150
E07000044,South Hams,2003-04,120,10,0,130,80,20,0,100
E07000045,Teignbridge,2003-04,280,10,0,290,500,10,0,520
E07000046,Torridge,2003-04,360,10,0,370,280,0,0,280
E07000047,West Devon,2003-04,280,10,0,290,210,20,0,230
E07000048,Christchurch,2003-04,130,10,0,140,80,10,0,100
E07000049,East Dorset,2003-04,180,10,0,180,190,10,0,200
E07000050,North Dorset,2003-04,470,30,0,500,520,20,0,530
E07000051,Purbeck,2003-04,60,0,0,60,80,20,0,90
E07000052,West Dorset,2003-04,500,10,0,510,510,0,0,510
E07000053,Weymouth and Portland,2003-04,270,0,0,270,100,30,0,130
E07000054,Chester-le-Street,2003-04,30,0,0,30,10,0,0,10
E07000056,County Durham,2003-04,120,0,0,120,190,0,0,190
E07000055,Derwentside,2003-04,570,10,0,580,440,0,0,440
E07000057,Easington,2003-04,590,50,0,640,330,50,0,380
E07000058,Sedgefield,2003-04,150,30,0,170,250,50,0,300
E07000059,Teesdale,2003-04,60,0,0,60,50,0,0,50
E07000060,Wear Valley,2003-04,240,0,0,240,320,30,0,350
E07000061,Eastbourne,2003-04,520,10,0,530,540,30,0,570
E07000062,Hastings,2003-04,100,0,0,100,90,0,0,90
E07000063,Lewes,2003-04,150,10,0,160,140,0,0,140
E07000064,Rother,2003-04,160,0,0,160,130,40,0,170
E07000065,Wealden,2003-04,140,0,0,140,160,10,0,170
E07000066,Basildon,2003-04,300,60,0,360,290,20,0,310
E07000067,Braintree,2003-04,690,40,0,740,540,10,0,550
E07000068,Brentwood,2003-04,110,10,0,120,220,20,0,240
E07000069,Castle Point,2003-04,230,30,0,260,70,0,0,70
E07000070,Chelmsford,2003-04,590,70,0,650,720,140,0,860
E07000071,Colchester,2003-04,1010,70,0,1080,1100,20,0,1110
E07000072,Epping Forest,2003-04,380,10,0,390,220,0,0,220
E07000073,Harlow,2003-04,100,0,0,100,60,0,0,60
E07000074,Maldon,2003-04,220,0,0,220,120,0,0,120
E07000075,Rochford,2003-04,100,10,0,110,190,0,0,190
E07000076,Tendring,2003-04,210,0,0,210,150,0,0,150
E07000077,Uttlesford,2003-04,260,80,0,340,260,20,0,290
E07000078,Cheltenham,2003-04,510,80,0,590,420,90,0,510
E07000079,Cotswold,2003-04,220,60,10,280,130,40,10,180
E07000080,Forest of Dean,2003-04,220,20,0,240,110,30,0,140
E07000081,Gloucester,2003-04,370,20,0,400,440,40,0,480
E07000082,Stroud,2003-04,310,0,0,320,240,0,0,240
E07000083,Tewkesbury,2003-04,110,40,0,150,90,30,0,110
E07000084,Basingstoke and Deane,2003-04,380,150,0,520,580,170,0,740
E07000085,East Hampshire,2003-04,250,50,0,310,330,70,0,400
E07000086,Eastleigh,2003-04,710,60,0,770,400,90,0,490
E07000087,Fareham,2003-04,240,10,0,250,210,60,0,270
E07000088,Gosport,2003-04,570,110,0,680,430,40,0,470
E07000089,Hart,2003-04,580,80,0,660,400,110,0,520
E07000090,Havant,2003-04,130,70,0,200,120,80,0,200
E07000091,New Forest,2003-04,430,70,0,510,490,60,0,550
E07000092,Rushmoor,2003-04,340,100,0,430,110,30,0,140
E07000093,Test Valley,2003-04,180,30,0,210,440,40,0,470
E07000094,Winchester,2003-04,420,100,0,510,420,70,0,490
E07000095,Broxbourne,2003-04,1100,120,0,1220,150,80,0,230
E07000096,Dacorum,2003-04,240,0,0,240,610,10,0,630
E07000242,East Hertfordshire,2003-04,280,60,0,330,190,50,0,240
E07000098,Hertsmere,2003-04,220,10,0,230,100,70,0,180
E07000099,North Hertfordshire,2003-04,190,10,0,200,270,0,0,270
E07000240,St Albans,2003-04,150,140,0,290,210,0,0,210
E07000243,Stevenage,2003-04,180,20,0,190,50,0,0,50
E07000102,Three Rivers,2003-04,110,0,0,110,110,30,0,140
E07000103,Watford,2003-04,530,50,0,580,270,0,0,270
E07000241,Welwyn Hatfield,2003-04,510,150,0,660,640,220,0,870
E07000105,Ashford,2003-04,680,30,0,710,650,120,0,770
E07000106,Canterbury,2003-04,530,50,0,570,450,10,0,460
E07000107,Dartford,2003-04,320,150,0,470,560,80,0,640
E07000108,Dover,2003-04,100,40,0,150,90,10,0,100
E07000112,Folkestone and Hythe,2003-04,250,0,0,250,400,0,0,400
E07000109,Gravesham,2003-04,50,30,0,80,130,30,0,160
E07000110,Maidstone,2003-04,430,40,0,470,420,60,0,480
E07000111,Sevenoaks,2003-04,120,40,0,160,140,10,0,150
E07000113,Swale,2003-04,460,40,0,500,340,20,0,360
E07000114,Thanet,2003-04,170,10,0,170,120,10,0,130
E07000115,Tonbridge and Malling,2003-04,390,90,0,470,340,40,0,380
E07000116,Tunbridge Wells,2003-04,330,20,0,350,100,0,0,100
E07000117,Burnley,2003-04,120,0,0,120,130,0,0,130
E07000118,Chorley,2003-04,500,0,0,500,390,0,0,390
E07000119,Fylde,2003-04,150,10,0,160,320,10,0,330
E07000120,Hyndburn,2003-04,160,0,0,160,160,10,0,170
E07000121,Lancaster,2003-04,220,0,0,220,490,10,0,500
E07000122,Pendle,2003-04,210,0,0,210,160,0,0,160
E07000123,Preston,2003-04,560,90,0,650,220,70,0,290
E07000124,Ribble Valley,2003-04,170,0,0,170,230,0,0,230
E07000125,Rossendale,2003-04,300,0,0,300,230,0,0,230
E07000126,South Ribble,2003-04,560,0,0,560,270,0,0,270
E07000127,West Lancashire,2003-04,440,0,0,440,260,0,0,260
E07000128,Wyre,2003-04,230,20,0,250,340,40,0,380
E07000129,Blaby,2003-04,210,0,0,210,130,20,0,150
E07000130,Charnwood,2003-04,670,60,0,740,630,0,0,630
E07000131,Harborough,2003-04,310,20,0,320,220,30,0,250
E07000132,Hinckley and Bosworth,2003-04,510,30,0,540,520,0,0,520
E07000133,Melton,2003-04,120,0,0,120,150,0,0,150
E07000134,North West Leicestershire,2003-04,280,10,0,290,250,20,0,260
E07000135,Oadby and Wigston,2003-04,50,30,0,80,110,0,0,110
E07000136,Boston,2003-04,390,0,0,390,410,10,0,410
E07000137,East Lindsey,2003-04,460,40,0,500,490,70,0,560
E07000138,Lincoln,2003-04,460,0,0,460,370,0,0,370
E07000139,North Kesteven,2003-04,510,20,0,520,550,0,0,550
E07000140,South Holland,2003-04,300,0,0,300,550,0,0,550
E07000141,South Kesteven,2003-04,750,10,0,750,620,20,0,640
E07000142,West Lindsey,2003-04,490,70,0,560,360,10,0,370
E07000143,Breckland,2003-04,840,20,0,860,620,20,0,640
E07000144,Broadland,2003-04,290,40,0,330,240,80,0,320
E07000145,Great Yarmouth,2003-04,300,0,0,300,180,20,0,200
E07000146,King's Lynn and West Norfolk,2003-04,490,0,0,490,490,30,0,520
E07000147,North Norfolk,2003-04,250,70,0,310,310,60,0,370
E07000148,Norwich,2003-04,600,260,0,870,400,130,0,520
E07000149,South Norfolk,2003-04,270,0,0,280,240,0,0,250
E07000150,Corby,2003-04,280,0,0,280,410,0,0,410
E07000151,Daventry,2003-04,250,10,0,250,220,10,0,220
E07000152,East Northamptonshire,2003-04,480,30,0,510,400,20,0,420
E07000153,Kettering,2003-04,470,30,0,490,430,0,0,430
E07000154,Northampton,2003-04,720,140,0,850,470,90,0,560
E07000155,South Northamptonshire,2003-04,480,40,0,520,500,10,0,510
E07000156,Wellingborough,2003-04,300,20,0,320,90,10,0,100
E07000157,Alnwick,2003-04,200,0,0,200,90,0,0,90
E07000158,Berwick-upon-Tweed,2003-04,60,0,0,60,50,0,0,50
E07000159,Blyth Valley,2003-04,30,0,0,30,80,0,0,80
E07000160,Castle Morpeth,2003-04,120,0,0,120,80,0,0,80
E07000161,Tynedale,2003-04,160,50,0,210,150,10,0,160
E07000162,Wansbeck,2003-04,180,10,0,200,160,0,0,160
E07000163,Craven,2003-04,230,0,0,230,160,0,0,160
E07000164,Hambleton,2003-04,130,10,0,150,120,0,0,120
E07000165,Harrogate,2003-04,320,20,0,340,310,60,0,380
E07000166,Richmondshire,2003-04,140,0,0,140,100,0,0,100
E07000167,Ryedale,2003-04,100,0,0,100,110,0,0,110
E07000168,Scarborough,2003-04,400,0,0,400,220,10,0,230
E07000169,Selby,2003-04,370,0,0,370,300,0,0,300
E07000170,Ashfield,2003-04,470,40,0,500,460,10,0,470
E07000171,Bassetlaw,2003-04,390,40,0,430,240,0,0,240
E07000172,Broxtowe,2003-04,230,0,0,230,100,0,0,100
E07000173,Gedling,2003-04,200,10,0,200,320,40,0,370
E07000174,Mansfield,2003-04,400,0,0,400,290,0,0,290
E07000175,Newark and Sherwood,2003-04,650,30,0,680,580,50,0,630
E07000176,Rushcliffe,2003-04,390,40,0,420,290,10,0,290
E07000177,Cherwell,2003-04,430,30,0,460,390,20,0,410
E07000178,Oxford,2003-04,520,80,0,600,350,120,0,470
E07000179,South Oxfordshire,2003-04,110,80,0,190,150,80,0,220
E07000180,Vale of White Horse,2003-04,300,20,0,320,200,50,0,250
E07000181,West Oxfordshire,2003-04,670,20,0,690,400,60,0,460
E07000182,Bridgnorth,2003-04,30,0,0,30,40,0,0,40
E07000188,Sedgemoor,2003-04,240,10,0,240,140,0,0,140
E07000185,Shrewsbury and Atcham,2003-04,240,20,0,260,90,20,0,110
E07000191,South Shropshire,2003-04,80,40,0,120,160,20,0,180
E07000189,South Somerset,2003-04,100,20,140,270,110,0,110,230
E07000187,Mendip,2003-04,340,10,0,350,280,50,0,330
E07000188,Sedgemoor,2003-04,500,10,0,510,400,0,0,400
E07000189,South Somerset,2003-04,730,0,0,740,480,10,0,490
E07000190,Taunton Deane,2003-04,320,40,0,360,340,20,0,360
E07000191,West Somerset,2003-04,120,10,0,130,120,10,0,130
E07000192,Cannock Chase,2003-04,330,30,0,370,320,10,0,330
E07000193,East Staffordshire,2003-04,210,0,0,210,240,0,0,240
E07000194,Lichfield,2003-04,560,70,0,630,570,50,0,620
E07000195,Newcastle-under-Lyme,2003-04,220,20,0,240,220,20,0,240
E07000196,South Staffordshire,2003-04,180,10,0,190,160,10,0,170
E07000197,Stafford,2003-04,440,80,0,510,370,50,0,420
E07000198,Staffordshire Moorlands,2003-04,380,0,0,380,210,0,0,210
E07000199,Tamworth,2003-04,240,90,0,330,110,0,0,110
E07000200,Babergh,2003-04,130,0,0,130,200,0,0,200
E07000201,Forest Heath,2003-04,110,20,0,130,50,0,0,50
E07000202,Ipswich,2003-04,590,70,0,670,390,80,0,460
E07000203,Mid Suffolk,2003-04,430,20,0,440,310,20,0,320
E07000204,St Edmundsbury,2003-04,270,10,0,280,440,0,0,440
E07000205,Suffolk Coastal,2003-04,600,0,0,600,530,10,0,540
E07000206,Waveney,2003-04,300,20,0,320,360,10,0,370
E07000207,Elmbridge,2003-04,350,100,0,450,380,130,0,510
E07000208,Epsom and Ewell,2003-04,190,10,0,200,130,20,0,160
E07000209,Guildford,2003-04,250,60,0,300,290,100,0,390
E07000210,Mole Valley,2003-04,150,10,0,150,120,10,0,130
E07000211,Reigate and Banstead,2003-04,520,40,0,560,380,40,0,410
E07000212,Runnymede,2003-04,190,50,0,240,190,20,0,210
E07000213,Spelthorne,2003-04,190,10,0,210,440,60,0,500
E07000214,Surrey Heath,2003-04,130,60,0,190,160,50,0,210
E07000215,Tandridge,2003-04,110,120,0,220,210,60,0,260
E07000216,Waverley,2003-04,190,40,0,230,90,0,0,90
E07000217,Woking,2003-04,920,350,0,1270,390,80,0,470
E07000218,North Warwickshire,2003-04,100,0,0,100,90,0,0,90
E07000219,Nuneaton and Bedworth,2003-04,310,30,0,340,530,30,0,560
E07000220,Rugby,2003-04,390,0,0,390,350,0,0,350
E07000221,Stratford-on-Avon,2003-04,780,150,0,920,560,20,0,570
E07000222,Warwick,2003-04,660,50,0,710,570,70,0,650
E07000223,Adur,2003-04,10,0,0,10,50,0,0,50
E07000224,Arun,2003-04,470,0,0,470,520,30,0,540
E07000225,Chichester,2003-04,450,90,0,530,340,30,0,370
E07000226,Crawley,2003-04,130,60,0,200,60,10,0,70
E07000227,Horsham,2003-04,460,40,0,500,450,70,0,510
E07000228,Mid Sussex,2003-04,500,50,0,550,490,0,0,490
E07000229,Worthing,2003-04,90,60,0,150,100,20,0,120
E07000230,Kennet,2003-04,340,60,0,390,230,20,10,260
E07000231,North Wiltshire,2003-04,230,40,0,260,330,30,0,360
E07000232,Salisbury,2003-04,170,10,0,180,250,40,0,290
E07000233,West Wiltshire,2003-04,590,40,0,630,660,10,0,670
E07000234,Bromsgrove,2003-04,350,20,0,370,370,40,0,400
E07000235,Malvern Hills,2003-04,150,10,0,150,100,0,0,100
E07000236,Redditch,2003-04,290,30,0,320,350,70,0,410
E07000237,Worcester,2003-04,210,70,0,280,80,0,0,80
E07000238,Wychavon,2003-04,350,50,0,400,360,20,0,390
E07000239,Wyre Forest,2003-04,360,40,0,390,190,0,0,190
E06000022,Bath and North East Somerset,2004-05,190,20,0,210,220,0,0,220
E06000008,Blackburn with Darwen,2004-05,230,20,0,250,210,20,0,220
E06000009,Blackpool,2004-05,140,20,0,160,190,100,0,290
E06000028,Bournemouth,2004-05,630,20,0,650,640,30,0,670
E06000036,Bracknell Forest,2004-05,250,20,0,270,160,10,0,170
E06000043,Brighton and Hove,2004-05,300,110,0,410,230,30,0,260
E06000023,"Bristol, City of",2004-05,500,190,0,690,1770,100,0,1880
E06000005,Darlington,2004-05,640,0,0,640,510,0,0,510
E06000015,Derby,2004-05,720,0,0,720,310,10,0,320
E06000011,East Riding of Yorkshire,2004-05,910,0,0,910,860,0,0,860
E06000006,Halton,2004-05,770,0,0,770,430,0,0,430
E06000001,Hartlepool,2004-05,170,0,0,170,150,0,0,150
E06000019,"Herefordshire, County of",2004-05,510,40,0,550,330,20,0,350
E06000046,Isle of Wight,2004-05,520,110,0,620,490,0,0,490
E06000053,Isles of Scilly,2004-05,20,0,0,20,20,0,0,20
E06000010,"Kingston upon Hull, City of",2004-05,350,0,0,350,200,0,0,200
E06000016,Leicester,2004-05,850,20,0,870,850,50,0,900
E06000032,Luton,2004-05,350,100,0,450,230,60,0,290
E06000035,Medway,2004-05,420,40,0,470,490,40,0,530
E06000002,Middlesbrough,2004-05,410,20,0,430,210,10,0,220
E06000042,Milton Keynes,2004-05,1060,650,0,1720,810,250,0,1060
E06000012,North East Lincolnshire,2004-05,200,0,0,200,430,0,0,430
E06000013,North Lincolnshire,2004-05,740,0,0,740,500,0,0,500
E06000024,North Somerset,2004-05,1070,60,0,1130,860,30,0,890
E06000018,Nottingham,2004-05,1260,190,0,1450,890,40,0,930
E06000031,Peterborough,2004-05,860,50,0,910,750,80,0,820
E06000026,Plymouth,2004-05,690,10,0,700,490,10,0,510
E06000029,Poole,2004-05,810,0,0,810,480,0,0,480
E06000044,Portsmouth,2004-05,360,150,0,510,340,120,0,460
E06000038,Reading,2004-05,250,60,0,300,720,220,0,940
E06000003,Redcar and Cleveland,2004-05,310,20,0,320,290,30,0,320
E06000017,Rutland,2004-05,210,50,0,260,230,50,0,280
E06000039,Slough,2004-05,580,170,0,750,470,220,0,690
E06000025,South Gloucestershire,2004-05,330,190,0,510,370,120,0,490
E06000045,Southampton,2004-05,850,40,0,890,750,40,0,790
E06000033,Southend-on-Sea,2004-05,220,30,0,260,260,10,0,270
E06000004,Stockton-on-Tees,2004-05,600,40,0,640,370,0,0,370
E06000021,Stoke-on-Trent,2004-05,680,0,0,680,650,10,0,660
E06000030,Swindon,2004-05,1240,70,0,1310,1010,180,0,1200
E06000020,Telford and Wrekin,2004-05,360,30,0,390,510,100,0,610
E06000034,Thurrock,2004-05,590,110,0,700,640,30,0,670
E06000027,Torbay,2004-05,250,90,0,330,330,60,0,390
E06000007,Warrington,2004-05,1120,0,0,1120,620,0,0,620
E06000037,West Berkshire,2004-05,810,100,0,910,490,70,0,570
E06000040,Windsor and Maidenhead,2004-05,370,0,0,370,280,50,0,340
E06000041,Wokingham,2004-05,490,110,0,600,320,30,0,350
E06000014,York,2004-05,810,10,0,820,470,0,0,470
E09000002,Barking and Dagenham,2004-05,380,320,0,710,240,340,0,580
E09000003,Barnet,2004-05,700,240,0,940,910,420,0,1330
E09000004,Bexley,2004-05,120,0,0,120,100,120,0,220
E09000005,Brent,2004-05,210,820,0,1040,270,390,0,660
E09000006,Bromley,2004-05,790,50,0,840,750,130,0,870
E09000007,Camden,2004-05,370,210,0,580,340,160,0,500
E09000001,City of London,2004-05,40,0,0,40,50,0,0,50
E09000008,Croydon,2004-05,310,170,0,480,260,130,0,390
E09000009,Ealing,2004-05,1900,710,0,2610,370,310,0,680
E09000010,Enfield,2004-05,430,230,0,670,200,330,0,520
E09000011,Greenwich,2004-05,1160,340,0,1500,1330,250,0,1580
E09000012,Hackney,2004-05,970,220,0,1190,1400,230,0,1630
E09000013,Hammersmith and Fulham,2004-05,70,20,0,90,120,170,0,280
E09000014,Haringey,2004-05,130,230,0,360,500,120,0,620
E09000015,Harrow,2004-05,350,0,0,350,240,0,0,240
E09000016,Havering,2004-05,370,140,0,510,390,70,0,460
E09000017,Hillingdon,2004-05,280,140,20,440,290,190,0,470
E09000018,Hounslow,2004-05,690,640,0,1320,440,330,0,780
E09000019,Islington,2004-05,420,50,0,480,170,0,0,170
E09000020,Kensington and Chelsea,2004-05,150,20,0,170,120,0,0,120
E09000021,Kingston upon Thames,2004-05,90,10,0,100,410,20,0,430
E09000022,Lambeth,2004-05,530,120,80,720,510,50,0,550
E09000023,Lewisham,2004-05,180,280,0,450,160,350,0,500
E09000024,Merton,2004-05,790,190,0,980,480,180,0,660
E09000025,Newham,2004-05,790,90,0,870,630,130,0,760
E09000026,Redbridge,2004-05,850,90,0,940,630,20,0,650
E09000027,Richmond upon Thames,2004-05,170,110,0,280,340,180,0,520
E09000028,Southwark,2004-05,1190,290,0,1480,1690,140,0,1830
E09000029,Sutton,2004-05,400,270,0,670,460,210,0,670
E09000030,Tower Hamlets,2004-05,1240,640,0,1880,2510,440,0,2950
E09000031,Waltham Forest,2004-05,330,250,0,580,120,170,0,290
E09000032,Wandsworth,2004-05,490,40,0,530,730,530,0,1260
E09000033,Westminster,2004-05,550,70,0,620,770,100,0,870
E08000001,Bolton,2004-05,620,50,0,670,690,10,0,700
E08000002,Bury,2004-05,500,10,0,510,390,10,0,400
E08000003,Manchester,2004-05,2190,20,0,2200,1570,10,0,1570
E08000004,Oldham,2004-05,450,50,0,500,280,10,0,290
E08000005,Rochdale,2004-05,340,0,0,340,230,20,0,250
E08000006,Salford,2004-05,1450,60,0,1510,1150,60,0,1210
E08000007,Stockport,2004-05,470,0,0,470,180,30,0,210
E08000008,Tameside,2004-05,620,20,0,640,410,0,0,410
E08000009,Trafford,2004-05,740,10,0,750,720,30,0,750
E08000010,Wigan,2004-05,960,0,0,960,810,20,0,830
E08000011,Knowsley,2004-05,650,0,0,650,440,0,0,440
E08000012,Liverpool,2004-05,1590,260,0,1840,1340,130,0,1470
E08000014,Sefton,2004-05,530,10,0,540,270,10,0,270
E08000013,St. Helens,2004-05,780,0,0,780,840,0,0,840
E08000015,Wirral,2004-05,500,70,50,620,420,20,0,440
E08000016,Barnsley,2004-05,1480,0,0,1480,820,0,0,820
E08000017,Doncaster,2004-05,1140,0,0,1140,910,10,0,910
E08000018,Rotherham,2004-05,630,0,0,630,590,10,0,600
E08000019,Sheffield,2004-05,720,0,0,730,1350,0,0,1350
E08000037,Gateshead,2004-05,570,90,0,660,650,50,0,700
E08000021,Newcastle upon Tyne,2004-05,320,60,0,370,390,20,0,410
E08000022,North Tyneside,2004-05,520,10,0,530,730,10,0,740
E08000023,South Tyneside,2004-05,170,20,0,190,210,130,0,340
E08000024,Sunderland,2004-05,480,120,0,600,1020,100,0,1110
E08000025,Birmingham,2004-05,1840,300,0,2130,1700,170,0,1870
E08000026,Coventry,2004-05,610,20,0,620,500,20,0,520
E08000027,Dudley,2004-05,660,20,0,680,480,40,0,520
E08000028,Sandwell,2004-05,1040,20,0,1060,1040,60,0,1100
E08000029,Solihull,2004-05,660,80,0,740,350,60,0,410
E08000030,Walsall,2004-05,620,0,0,620,780,10,0,800
E08000031,Wolverhampton,2004-05,490,30,0,510,190,10,0,200
E08000032,Bradford,2004-05,1330,70,0,1390,1070,70,0,1140
E08000033,Calderdale,2004-05,890,10,0,890,740,30,0,770
E08000034,Kirklees,2004-05,1080,0,0,1080,630,20,0,650
E08000035,Leeds,2004-05,3400,140,0,3540,2950,170,0,3120
E08000036,Wakefield,2004-05,980,70,0,1050,1000,30,0,1020
E07000002,Bedford,2004-05,490,100,0,590,530,70,0,610
E07000001,Mid Bedfordshire,2004-05,550,50,0,600,500,30,0,530
E07000003,South Bedfordshire,2004-05,340,30,0,360,540,50,0,590
E07000004,Aylesbury Vale,2004-05,530,10,0,540,670,10,0,680
E07000005,Chiltern,2004-05,230,10,0,240,170,10,0,180
E07000006,South Bucks,2004-05,90,10,0,100,140,20,0,170
E07000007,Wycombe,2004-05,230,70,0,300,160,30,0,180
E07000008,Cambridge,2004-05,250,20,0,270,490,30,0,520
E07000009,East Cambridgeshire,2004-05,550,30,0,590,300,10,0,310
E07000010,Fenland,2004-05,650,20,0,670,590,20,0,620
E07000011,Huntingdonshire,2004-05,510,30,0,540,510,40,0,550
E07000012,South Cambridgeshire,2004-05,640,50,0,690,650,100,0,760
E07000013,Chester,2004-05,300,0,0,300,140,0,0,140
E07000014,Congleton,2004-05,160,30,0,190,270,10,0,280
E07000015,Crewe and Nantwich,2004-05,630,10,0,640,590,0,0,590
E07000016,Ellesmere Port & Neston,2004-05,290,0,0,290,190,10,0,210
E07000017,Macclesfield,2004-05,260,0,0,260,270,10,0,280
E07000018,Vale Royal,2004-05,370,0,0,370,300,0,0,300
E07000019,Caradon,2004-05,280,0,0,280,190,0,0,190
E07000020,Carrick,2004-05,310,10,0,320,270,120,0,390
E07000021,Kerrier,2004-05,230,40,0,270,370,50,0,420
E07000022,North Cornwall,2004-05,420,40,0,470,310,30,0,340
E07000023,Penwith,2004-05,170,0,0,170,170,10,0,180
E07000024,Restormel,2004-05,400,30,0,430,400,20,0,420
E07000026,Allerdale,2004-05,200,10,0,210,90,0,0,90
E07000027,Barrow-in-Furness,2004-05,80,0,0,80,70,0,0,70
E07000028,Carlisle,2004-05,400,0,0,400,340,10,0,340
E07000029,Copeland,2004-05,260,10,0,270,260,0,0,260
E07000030,Eden,2004-05,130,10,0,140,160,20,0,180
E07000031,South Lakeland,2004-05,260,40,0,300,150,10,0,160
E07000032,Amber Valley,2004-05,250,0,0,250,200,0,0,200
E07000033,Bolsover,2004-05,180,0,0,180,110,0,0,110
E07000034,Chesterfield,2004-05,130,10,0,140,180,0,0,180
E07000035,Derbyshire Dales,2004-05,120,30,0,160,90,0,0,90
E07000036,Erewash,2004-05,350,40,0,390,100,0,0,100
E07000037,High Peak,2004-05,340,20,0,360,320,0,0,330
E07000038,North East Derbyshire,2004-05,230,0,0,230,190,0,0,190
E07000039,South Derbyshire,2004-05,640,0,0,640,650,0,0,650
E07000040,East Devon,2004-05,250,0,0,250,400,10,0,410
E07000041,Exeter,2004-05,500,50,0,550,380,50,0,430
E07000042,Mid Devon,2004-05,470,20,0,480,320,0,0,320
E07000043,North Devon,2004-05,310,40,0,360,200,60,0,260
E07000044,South Hams,2004-05,120,40,0,160,180,30,0,210
E07000045,Teignbridge,2004-05,190,0,0,190,300,10,0,320
E07000046,Torridge,2004-05,440,0,0,440,430,10,0,440
E07000047,West Devon,2004-05,150,20,0,170,230,20,0,240
E07000048,Christchurch,2004-05,120,0,0,120,180,0,0,180
E07000049,East Dorset,2004-05,270,20,0,290,210,20,0,230
E07000050,North Dorset,2004-05,420,50,0,470,450,30,0,490
E07000051,Purbeck,2004-05,80,20,0,90,60,0,0,60
E07000052,West Dorset,2004-05,290,0,0,300,320,10,0,330
E07000053,Weymouth and Portland,2004-05,170,0,0,170,180,0,0,180
E07000054,Chester-le-Street,2004-05,310,0,0,310,80,0,0,80
E07000056,County Durham,2004-05,430,0,0,430,170,0,0,170
E07000055,Derwentside,2004-05,550,10,0,560,410,10,0,430
E07000057,Easington,2004-05,400,40,0,440,430,20,0,450
E07000058,Sedgefield,2004-05,110,0,0,110,120,0,0,120
E07000059,Teesdale,2004-05,50,10,0,60,60,10,0,70
E07000060,Wear Valley,2004-05,390,0,0,400,320,0,0,320
E07000061,Eastbourne,2004-05,400,50,0,450,440,20,0,460
E07000062,Hastings,2004-05,250,0,0,250,100,0,0,100
E07000063,Lewes,2004-05,90,0,0,90,270,10,0,280
E07000064,Rother,2004-05,170,20,0,190,210,20,0,230
E07000065,Wealden,2004-05,180,0,0,180,160,0,0,160
E07000066,Basildon,2004-05,350,170,0,520,300,40,0,330
E07000067,Braintree,2004-05,500,70,0,570,630,40,0,680
E07000068,Brentwood,2004-05,110,0,0,110,210,0,0,210
E07000069,Castle Point,2004-05,160,0,0,160,120,30,0,150
E07000070,Chelmsford,2004-05,390,30,0,420,660,100,0,760
E07000071,Colchester,2004-05,800,80,0,870,800,50,0,850
E07000072,Epping Forest,2004-05,300,30,0,340,250,100,0,350
E07000073,Harlow,2004-05,50,10,0,60,90,0,0,90
E07000074,Maldon,2004-05,180,0,0,180,150,0,0,150
E07000075,Rochford,2004-05,210,90,0,300,90,10,0,90
E07000076,Tendring,2004-05,330,20,0,340,160,0,0,160
E07000077,Uttlesford,2004-05,370,140,0,510,240,90,0,330
E07000078,Cheltenham,2004-05,420,40,0,460,370,100,0,470
E07000079,Cotswold,2004-05,210,60,0,270,100,120,10,220
E07000080,Forest of Dean,2004-05,240,0,0,240,130,20,0,150
E07000081,Gloucester,2004-05,490,100,0,600,350,30,0,380
E07000082,Stroud,2004-05,260,0,0,260,260,0,0,270
E07000083,Tewkesbury,2004-05,210,50,0,260,150,20,0,170
E07000084,Basingstoke and Deane,2004-05,580,180,0,770,620,110,0,730
E07000085,East Hampshire,2004-05,310,40,0,350,340,100,0,440
E07000086,Eastleigh,2004-05,450,100,0,550,740,90,0,830
E07000087,Fareham,2004-05,320,30,0,350,160,30,0,190
E07000088,Gosport,2004-05,320,40,0,360,240,10,0,240
E07000089,Hart,2004-05,420,80,0,490,390,140,0,530
E07000090,Havant,2004-05,130,80,0,210,130,10,0,140
E07000091,New Forest,2004-05,440,30,0,470,470,40,0,500
E07000092,Rushmoor,2004-05,560,250,0,800,390,100,0,490
E07000093,Test Valley,2004-05,290,60,0,350,200,20,0,220
E07000094,Winchester,2004-05,420,50,0,480,460,70,0,530
E07000095,Broxbourne,2004-05,420,100,0,530,560,80,0,640
E07000096,Dacorum,2004-05,250,10,0,260,240,0,0,240
E07000242,East Hertfordshire,2004-05,330,80,0,410,260,60,0,320
E07000098,Hertsmere,2004-05,330,10,0,350,190,20,0,210
E07000099,North Hertfordshire,2004-05,330,50,0,380,230,0,0,230
E07000240,St Albans,2004-05,270,20,0,300,270,180,0,460
E07000243,Stevenage,2004-05,50,0,0,50,180,20,0,200
E07000102,Three Rivers,2004-05,120,40,0,160,70,30,0,100
E07000103,Watford,2004-05,460,100,0,560,360,0,0,360
E07000241,Welwyn Hatfield,2004-05,480,150,0,630,570,250,0,820
E07000105,Ashford,2004-05,400,40,0,440,740,50,0,790
E07000106,Canterbury,2004-05,510,10,0,520,560,50,0,610
E07000107,Dartford,2004-05,350,60,0,420,330,50,0,380
E07000108,Dover,2004-05,610,20,0,640,120,20,0,130
E07000112,Folkestone and Hythe,2004-05,210,30,0,240,190,0,0,190
E07000109,Gravesham,2004-05,260,50,0,310,430,90,0,510
E07000110,Maidstone,2004-05,610,80,0,690,310,140,0,450
E07000111,Sevenoaks,2004-05,300,30,0,330,180,20,0,200
E07000113,Swale,2004-05,450,30,0,480,390,20,0,420
E07000114,Thanet,2004-05,220,10,0,230,180,10,0,180
E07000115,Tonbridge and Malling,2004-05,290,90,0,370,430,50,0,470
E07000116,Tunbridge Wells,2004-05,280,30,0,310,270,30,0,300
E07000117,Burnley,2004-05,170,20,0,190,80,0,0,80
E07000118,Chorley,2004-05,320,10,0,340,300,0,0,310
E07000119,Fylde,2004-05,150,0,0,150,210,10,0,220
E07000120,Hyndburn,2004-05,290,0,0,290,170,0,0,170
E07000121,Lancaster,2004-05,240,0,0,240,190,0,0,190
E07000122,Pendle,2004-05,200,0,0,200,180,0,0,180
E07000123,Preston,2004-05,450,10,0,460,710,60,0,770
E07000124,Ribble Valley,2004-05,90,0,0,90,160,0,0,160
E07000125,Rossendale,2004-05,260,0,0,260,320,0,0,320
E07000126,South Ribble,2004-05,620,40,0,670,350,0,0,350
E07000127,West Lancashire,2004-05,240,0,0,240,420,0,0,420
E07000128,Wyre,2004-05,150,30,0,180,190,20,0,210
E07000129,Blaby,2004-05,220,20,0,230,150,0,0,150
E07000130,Charnwood,2004-05,620,30,0,660,620,20,0,640
E07000131,Harborough,2004-05,270,0,0,270,300,0,0,300
E07000132,Hinckley and Bosworth,2004-05,430,30,0,460,460,20,0,480
E07000133,Melton,2004-05,120,0,0,120,70,0,0,70
E07000134,North West Leicestershire,2004-05,440,30,0,470,270,20,0,290
E07000135,Oadby and Wigston,2004-05,110,50,0,160,90,50,0,130
E07000136,Boston,2004-05,390,0,0,390,380,10,0,380
E07000137,East Lindsey,2004-05,400,130,0,530,490,100,0,580
E07000138,Lincoln,2004-05,360,50,0,410,280,40,0,320
E07000139,North Kesteven,2004-05,630,20,0,650,430,20,0,440
E07000140,South Holland,2004-05,370,0,0,370,490,0,0,490
E07000141,South Kesteven,2004-05,570,20,0,590,680,0,0,680
E07000142,West Lindsey,2004-05,680,20,0,700,580,60,0,640
E07000143,Breckland,2004-05,490,0,0,490,720,20,0,740
E07000144,Broadland,2004-05,190,30,0,210,240,50,0,290
E07000145,Great Yarmouth,2004-05,370,30,0,390,320,10,0,330
E07000146,King's Lynn and West Norfolk,2004-05,620,0,0,620,600,60,0,660
E07000147,North Norfolk,2004-05,250,40,0,300,250,60,0,310
E07000148,Norwich,2004-05,550,140,0,680,540,160,0,700
E07000149,South Norfolk,2004-05,180,10,0,190,190,0,0,200
E07000150,Corby,2004-05,450,0,0,450,290,0,0,290
E07000151,Daventry,2004-05,220,30,0,250,280,0,0,280
E07000152,East Northamptonshire,2004-05,650,20,0,670,460,20,0,480
E07000153,Kettering,2004-05,630,70,0,700,610,80,0,690
E07000154,Northampton,2004-05,660,330,0,990,480,20,0,500
E07000155,South Northamptonshire,2004-05,270,20,0,290,450,40,0,490
E07000156,Wellingborough,2004-05,280,40,0,320,230,40,0,270
E07000157,Alnwick,2004-05,120,10,0,130,120,10,0,130
E07000158,Berwick-upon-Tweed,2004-05,110,0,0,110,10,0,0,10
E07000159,Blyth Valley,2004-05,80,0,0,80,10,0,0,10
E07000160,Castle Morpeth,2004-05,110,0,0,110,90,0,0,90
E07000161,Tynedale,2004-05,210,70,0,280,130,90,0,220
E07000162,Wansbeck,2004-05,220,0,0,220,170,0,0,170
E07000163,Craven,2004-05,130,0,0,130,80,0,0,80
E07000164,Hambleton,2004-05,270,20,0,290,130,20,0,150
E07000165,Harrogate,2004-05,230,30,0,260,260,20,0,270
E07000166,Richmondshire,2004-05,190,0,0,190,120,0,0,120
E07000167,Ryedale,2004-05,80,0,0,80,70,0,0,70
E07000168,Scarborough,2004-05,170,20,0,180,310,0,0,310
E07000169,Selby,2004-05,680,10,0,690,360,0,0,360
E07000170,Ashfield,2004-05,300,30,0,330,480,30,0,510
E07000171,Bassetlaw,2004-05,560,30,0,590,330,50,0,380
E07000172,Broxtowe,2004-05,280,0,0,280,200,0,0,200
E07000173,Gedling,2004-05,220,0,0,220,260,0,0,260
E07000174,Mansfield,2004-05,490,0,0,490,340,0,0,340
E07000175,Newark and Sherwood,2004-05,610,10,0,620,570,20,0,580
E07000176,Rushcliffe,2004-05,340,60,0,400,310,40,0,350
E07000177,Cherwell,2004-05,510,30,0,540,390,20,0,420
E07000178,Oxford,2004-05,640,200,0,840,560,40,0,600
E07000179,South Oxfordshire,2004-05,110,30,0,140,80,40,0,130
E07000180,Vale of White Horse,2004-05,350,60,0,410,240,20,0,260
E07000181,West Oxfordshire,2004-05,560,70,0,630,470,30,0,500
E07000182,Bridgnorth,2004-05,90,0,0,90,50,0,0,50
E07000188,Sedgemoor,2004-05,290,0,0,290,290,10,0,300
E07000185,Shrewsbury and Atcham,2004-05,290,0,0,290,230,30,0,260
E07000191,South Shropshire,2004-05,210,30,0,230,90,10,0,100
E07000189,South Somerset,2004-05,200,20,0,220,180,20,0,200
E07000187,Mendip,2004-05,290,50,0,340,290,40,0,340
E07000188,Sedgemoor,2004-05,420,10,0,430,450,10,0,460
E07000189,South Somerset,2004-05,690,20,0,710,590,20,0,610
E07000190,Taunton Deane,2004-05,290,70,0,360,280,20,0,300
E07000191,West Somerset,2004-05,50,0,0,50,100,0,0,100
E07000192,Cannock Chase,2004-05,340,30,0,380,310,40,0,350
E07000193,East Staffordshire,2004-05,260,10,0,260,220,0,0,220
E07000194,Lichfield,2004-05,620,0,0,620,480,50,0,540
E07000195,Newcastle-under-Lyme,2004-05,150,0,0,150,170,20,0,180
E07000196,South Staffordshire,2004-05,240,10,0,260,140,10,0,150
E07000197,Stafford,2004-05,350,40,0,390,260,90,0,350
E07000198,Staffordshire Moorlands,2004-05,390,0,0,390,350,0,0,350
E07000199,Tamworth,2004-05,190,30,0,220,230,100,0,320
E07000200,Babergh,2004-05,260,0,0,260,140,0,0,140
E07000201,Forest Heath,2004-05,160,130,0,290,150,20,0,160
E07000202,Ipswich,2004-05,870,30,0,900,660,30,0,690
E07000203,Mid Suffolk,2004-05,470,0,0,470,350,0,0,350
E07000204,St Edmundsbury,2004-05,380,70,0,450,300,30,0,320
E07000205,Suffolk Coastal,2004-05,850,10,0,860,440,0,0,440
E07000206,Waveney,2004-05,340,10,0,350,300,40,0,340
E07000207,Elmbridge,2004-05,700,140,0,840,390,50,0,440
E07000208,Epsom and Ewell,2004-05,290,20,0,310,180,20,0,190
E07000209,Guildford,2004-05,350,60,0,400,210,30,0,240
E07000210,Mole Valley,2004-05,290,20,0,310,170,0,0,170
E07000211,Reigate and Banstead,2004-05,470,90,0,560,370,70,0,440
E07000212,Runnymede,2004-05,440,30,0,470,180,20,0,200
E07000213,Spelthorne,2004-05,120,20,0,140,160,90,0,250
E07000214,Surrey Heath,2004-05,320,140,0,460,140,20,0,160
E07000215,Tandridge,2004-05,340,310,0,650,170,90,0,260
E07000216,Waverley,2004-05,160,30,0,190,130,50,10,190
E07000217,Woking,2004-05,580,90,60,730,480,100,90,670
E07000218,North Warwickshire,2004-05,60,0,0,60,60,0,0,60
E07000219,Nuneaton and Bedworth,2004-05,710,10,0,720,430,30,0,460
E07000220,Rugby,2004-05,390,0,0,390,330,0,0,330
E07000221,Stratford-on-Avon,2004-05,510,70,0,570,680,100,0,780
E07000222,Warwick,2004-05,330,20,0,350,390,40,0,430
E07000223,Adur,2004-05,270,30,0,310,50,0,0,50
E07000224,Arun,2004-05,320,0,0,320,350,0,0,350
E07000225,Chichester,2004-05,340,40,0,370,430,70,0,490
E07000226,Crawley,2004-05,180,10,0,190,140,40,0,180
E07000227,Horsham,2004-05,400,80,0,480,260,60,0,320
E07000228,Mid Sussex,2004-05,530,70,0,590,470,50,0,520
E07000229,Worthing,2004-05,50,50,0,100,70,60,0,130
E07000230,Kennet,2004-05,230,30,0,260,240,40,0,280
E07000231,North Wiltshire,2004-05,360,80,0,450,240,20,0,260
E07000232,Salisbury,2004-05,330,60,0,400,100,20,0,120
E07000233,West Wiltshire,2004-05,420,100,0,520,490,60,0,540
E07000234,Bromsgrove,2004-05,520,10,0,530,400,0,0,410
E07000235,Malvern Hills,2004-05,50,0,0,50,160,10,0,160
E07000236,Redditch,2004-05,250,50,0,300,250,30,0,280
E07000237,Worcester,2004-05,270,10,0,280,160,40,0,200
E07000238,Wychavon,2004-05,290,30,0,320,290,20,0,310
E07000239,Wyre Forest,2004-05,340,40,0,390,330,40,0,370
E06000022,Bath and North East Somerset,2005-06,230,60,0,290,180,50,0,220
E06000008,Blackburn with Darwen,2005-06,240,10,0,240,280,20,0,290
E06000009,Blackpool,2005-06,80,0,0,80,110,20,0,140
E06000028,Bournemouth,2005-06,890,0,0,890,540,10,0,550
E06000036,Bracknell Forest,2005-06,190,10,0,190,250,20,0,280
E06000043,Brighton and Hove,2005-06,690,100,0,790,210,40,0,250
E06000023,"Bristol, City of",2005-06,890,160,0,1050,500,150,0,640
E06000005,Darlington,2005-06,460,0,0,460,530,0,0,530
E06000015,Derby,2005-06,640,30,0,670,530,0,0,530
E06000011,East Riding of Yorkshire,2005-06,730,0,0,730,850,0,0,850
E06000006,Halton,2005-06,460,0,0,460,590,0,0,590
E06000001,Hartlepool,2005-06,160,0,0,160,170,0,0,170
E06000019,"Herefordshire, County of",2005-06,550,70,0,620,420,60,0,480
E06000046,Isle of Wight,2005-06,810,60,0,870,530,50,0,580
E06000053,Isles of Scilly,2005-06,20,10,0,20,20,0,0,20
E06000010,"Kingston upon Hull, City of",2005-06,720,0,0,720,460,0,0,460
E06000016,Leicester,2005-06,580,30,0,610,560,10,0,570
E06000032,Luton,2005-06,430,20,0,450,200,30,0,230
E06000035,Medway,2005-06,410,90,0,500,470,90,0,560
E06000002,Middlesbrough,2005-06,400,40,0,440,270,20,0,290
E06000042,Milton Keynes,2005-06,1600,900,0,2490,1080,780,0,1860
E06000012,North East Lincolnshire,2005-06,350,0,0,350,190,0,0,190
E06000013,North Lincolnshire,2005-06,590,0,0,590,1130,0,0,1130
E06000024,North Somerset,2005-06,750,60,0,810,1030,70,0,1110
E06000018,Nottingham,2005-06,1530,130,0,1660,1010,240,0,1250
E06000031,Peterborough,2005-06,980,150,0,1130,840,50,0,880
E06000026,Plymouth,2005-06,530,80,0,610,830,30,0,860
E06000029,Poole,2005-06,700,110,0,810,540,10,0,550
E06000044,Portsmouth,2005-06,990,80,0,1070,520,110,0,630
E06000038,Reading,2005-06,400,120,0,520,380,80,0,460
E06000003,Redcar and Cleveland,2005-06,250,50,0,300,150,30,0,180
E06000017,Rutland,2005-06,150,20,0,170,200,40,0,230
E06000039,Slough,2005-06,570,120,0,690,330,70,0,390
E06000025,South Gloucestershire,2005-06,460,70,0,530,410,140,0,550
E06000045,Southampton,2005-06,500,90,0,590,800,60,0,860
E06000033,Southend-on-Sea,2005-06,160,0,0,160,360,40,0,390
E06000004,Stockton-on-Tees,2005-06,660,190,0,850,450,50,0,500
E06000021,Stoke-on-Trent,2005-06,670,0,0,670,720,0,0,720
E06000030,Swindon,2005-06,1810,120,0,1930,1490,30,0,1520
E06000020,Telford and Wrekin,2005-06,250,40,0,290,270,60,0,330
E06000034,Thurrock,2005-06,580,20,0,600,610,50,0,660
E06000027,Torbay,2005-06,290,70,0,370,160,130,0,290
E06000007,Warrington,2005-06,810,110,0,920,1000,50,0,1050
E06000037,West Berkshire,2005-06,690,50,0,750,500,90,0,590
E06000040,Windsor and Maidenhead,2005-06,390,10,0,400,440,20,0,460
E06000041,Wokingham,2005-06,640,140,0,780,380,110,0,490
E06000014,York,2005-06,470,30,0,500,850,0,0,850
E09000002,Barking and Dagenham,2005-06,450,450,0,900,250,220,0,470
E09000003,Barnet,2005-06,780,200,0,970,340,260,0,600
E09000004,Bexley,2005-06,130,100,0,240,100,40,0,140
E09000005,Brent,2005-06,290,610,0,900,240,350,0,590
E09000006,Bromley,2005-06,640,150,0,800,590,80,0,670
E09000007,Camden,2005-06,410,350,0,760,150,250,0,400
E09000001,City of London,2005-06,80,0,0,80,40,0,0,40
E09000008,Croydon,2005-06,1220,230,0,1460,250,150,0,400
E09000009,Ealing,2005-06,720,810,0,1520,400,310,0,700
E09000010,Enfield,2005-06,460,370,0,840,470,240,0,700
E09000011,Greenwich,2005-06,790,90,0,890,750,320,0,1070
E09000012,Hackney,2005-06,1240,340,0,1580,730,80,0,810
E09000013,Hammersmith and Fulham,2005-06,90,170,0,260,130,10,0,130
E09000014,Haringey,2005-06,140,110,0,240,70,80,0,150
E09000015,Harrow,2005-06,190,120,0,310,280,0,0,280
E09000016,Havering,2005-06,650,140,0,790,470,10,0,490
E09000017,Hillingdon,2005-06,190,100,40,330,210,100,0,310
E09000018,Hounslow,2005-06,530,540,0,1070,700,490,0,1190
E09000019,Islington,2005-06,250,150,0,400,350,30,0,380
E09000020,Kensington and Chelsea,2005-06,40,10,0,40,40,30,0,80
E09000021,Kingston upon Thames,2005-06,140,20,0,160,190,0,0,190
E09000022,Lambeth,2005-06,480,390,0,880,340,320,0,660
E09000023,Lewisham,2005-06,20,330,0,340,160,280,0,440
E09000024,Merton,2005-06,550,210,0,750,840,110,0,950
E09000025,Newham,2005-06,560,100,0,670,820,80,0,900
E09000026,Redbridge,2005-06,650,160,0,810,850,120,0,960
E09000027,Richmond upon Thames,2005-06,140,30,0,170,290,90,0,380
E09000028,Southwark,2005-06,1010,150,0,1160,1040,190,0,1230
E09000029,Sutton,2005-06,200,0,0,210,210,190,0,400
E09000030,Tower Hamlets,2005-06,1690,210,0,1900,1400,520,0,1920
E09000031,Waltham Forest,2005-06,730,180,0,910,120,140,0,260
E09000032,Wandsworth,2005-06,990,300,0,1290,300,40,0,340
E09000033,Westminster,2005-06,400,110,0,510,520,80,0,590
E08000001,Bolton,2005-06,1090,50,0,1130,650,30,0,690
E08000002,Bury,2005-06,660,0,0,660,640,30,0,670
E08000003,Manchester,2005-06,3170,10,0,3180,1540,30,0,1570
E08000004,Oldham,2005-06,580,40,0,620,300,60,0,360
E08000005,Rochdale,2005-06,520,10,0,530,460,10,0,460
E08000006,Salford,2005-06,2920,0,0,2920,1490,0,0,1490
E08000007,Stockport,2005-06,300,0,0,310,400,10,0,410
E08000008,Tameside,2005-06,630,80,0,710,670,30,0,710
E08000009,Trafford,2005-06,360,20,0,380,660,10,0,670
E08000010,Wigan,2005-06,1450,0,0,1450,1000,0,0,1000
E08000011,Knowsley,2005-06,650,20,0,670,500,0,0,500
E08000012,Liverpool,2005-06,2570,640,0,3210,2630,100,0,2730
E08000014,Sefton,2005-06,360,40,0,400,300,50,0,340
E08000013,St. Helens,2005-06,690,30,0,720,570,0,0,570
E08000015,Wirral,2005-06,610,100,0,710,390,110,0,500
E08000016,Barnsley,2005-06,1240,30,0,1270,1420,10,0,1420
E08000017,Doncaster,2005-06,1040,0,0,1040,970,20,0,990
E08000018,Rotherham,2005-06,630,20,0,640,540,0,0,540
E08000019,Sheffield,2005-06,1190,10,0,1200,930,0,0,930
E08000037,Gateshead,2005-06,470,20,0,500,710,90,0,800
E08000021,Newcastle upon Tyne,2005-06,380,20,0,400,730,30,0,760
E08000022,North Tyneside,2005-06,470,0,0,470,540,10,0,550
E08000023,South Tyneside,2005-06,440,60,0,500,220,10,0,230
E08000024,Sunderland,2005-06,500,150,0,650,870,120,0,990
E08000025,Birmingham,2005-06,1640,360,0,2010,2330,450,0,2770
E08000026,Coventry,2005-06,860,70,0,930,510,10,0,520
E08000027,Dudley,2005-06,850,70,0,920,680,10,0,690
E08000028,Sandwell,2005-06,830,0,0,830,870,20,20,910
E08000029,Solihull,2005-06,840,30,0,870,750,60,0,810
E08000030,Walsall,2005-06,720,10,0,730,710,10,0,720
E08000031,Wolverhampton,2005-06,480,40,0,520,450,50,0,510
E08000032,Bradford,2005-06,1470,80,0,1540,1250,50,0,1300
E08000033,Calderdale,2005-06,1100,20,0,1120,750,10,0,750
E08000034,Kirklees,2005-06,1380,0,0,1380,810,10,0,820
E08000035,Leeds,2005-06,2670,80,0,2750,3160,70,0,3230
E08000036,Wakefield,2005-06,1030,100,0,1130,950,70,0,1020
E07000002,Bedford,2005-06,350,40,0,390,570,160,0,720
E07000001,Mid Bedfordshire,2005-06,620,50,0,670,560,40,0,590
E07000003,South Bedfordshire,2005-06,530,70,0,600,230,40,0,260
E07000004,Aylesbury Vale,2005-06,780,60,0,840,540,40,0,580
E07000005,Chiltern,2005-06,170,30,0,200,260,10,0,260
E07000006,South Bucks,2005-06,220,10,0,230,140,10,0,150
E07000007,Wycombe,2005-06,480,110,0,580,180,20,0,200
E07000008,Cambridge,2005-06,460,120,0,580,240,10,0,250
E07000009,East Cambridgeshire,2005-06,520,210,0,730,560,70,0,630
E07000010,Fenland,2005-06,500,20,0,510,390,20,0,400
E07000011,Huntingdonshire,2005-06,450,160,0,610,420,50,0,460
E07000012,South Cambridgeshire,2005-06,740,120,0,860,760,80,0,840
E07000013,Chester,2005-06,80,10,0,90,210,0,0,210
E07000014,Congleton,2005-06,140,10,0,150,270,30,0,300
E07000015,Crewe and Nantwich,2005-06,570,10,0,580,570,10,0,580
E07000016,Ellesmere Port & Neston,2005-06,220,10,0,230,310,0,0,310
E07000017,Macclesfield,2005-06,230,40,0,280,310,20,0,320
E07000018,Vale Royal,2005-06,270,10,0,280,220,0,0,220
E07000019,Caradon,2005-06,240,0,0,240,190,0,0,190
E07000020,Carrick,2005-06,380,10,0,390,370,0,0,370
E07000021,Kerrier,2005-06,220,40,0,260,200,30,0,230
E07000022,North Cornwall,2005-06,730,120,0,860,450,30,0,480
E07000023,Penwith,2005-06,150,40,0,190,140,0,0,140
E07000024,Restormel,2005-06,450,40,0,500,420,50,0,470
E07000026,Allerdale,2005-06,200,10,0,210,130,10,0,130
E07000027,Barrow-in-Furness,2005-06,70,0,0,70,110,0,0,110
E07000028,Carlisle,2005-06,240,10,0,250,350,0,0,350
E07000029,Copeland,2005-06,210,10,0,220,480,10,0,500
E07000030,Eden,2005-06,120,20,0,140,60,0,0,60
E07000031,South Lakeland,2005-06,230,30,0,260,220,40,0,250
E07000032,Amber Valley,2005-06,250,0,0,250,210,0,0,210
E07000033,Bolsover,2005-06,190,0,0,190,170,0,0,170
E07000034,Chesterfield,2005-06,290,0,0,290,310,0,0,310
E07000035,Derbyshire Dales,2005-06,120,20,0,140,80,20,0,100
E07000036,Erewash,2005-06,220,10,0,230,180,40,0,220
E07000037,High Peak,2005-06,230,10,0,240,280,30,0,310
E07000038,North East Derbyshire,2005-06,240,10,70,310,230,0,80,310
E07000039,South Derbyshire,2005-06,450,0,0,450,500,0,0,500
E07000040,East Devon,2005-06,260,0,0,260,250,0,0,250
E07000041,Exeter,2005-06,590,140,0,730,560,140,0,700
E07000042,Mid Devon,2005-06,380,0,0,380,360,20,0,370
E07000043,North Devon,2005-06,260,30,0,290,290,20,0,320
E07000044,South Hams,2005-06,70,20,0,90,60,40,0,100
E07000045,Teignbridge,2005-06,240,10,0,250,220,10,0,220
E07000046,Torridge,2005-06,330,0,0,330,370,0,0,370
E07000047,West Devon,2005-06,140,10,0,150,140,10,0,160
E07000048,Christchurch,2005-06,140,20,0,170,110,20,0,130
E07000049,East Dorset,2005-06,190,10,0,200,230,20,0,250
E07000050,North Dorset,2005-06,230,30,0,260,440,70,0,510
E07000051,Purbeck,2005-06,150,0,0,150,110,10,0,120
E07000052,West Dorset,2005-06,410,20,0,430,350,10,0,360
E07000053,Weymouth and Portland,2005-06,110,10,0,130,190,0,0,190
E07000054,Chester-le-Street,2005-06,110,20,0,130,160,0,0,160
E07000056,County Durham,2005-06,430,0,90,520,470,0,90,550
E07000055,Derwentside,2005-06,530,0,0,530,370,20,0,390
E07000057,Easington,2005-06,620,20,0,640,440,20,0,460
E07000058,Sedgefield,2005-06,180,0,0,180,120,0,0,120
E07000059,Teesdale,2005-06,40,0,0,40,50,10,0,60
E07000060,Wear Valley,2005-06,350,0,0,350,330,0,0,330
E07000061,Eastbourne,2005-06,80,20,0,100,430,20,0,450
E07000062,Hastings,2005-06,200,10,0,220,190,0,0,190
E07000063,Lewes,2005-06,170,20,0,190,110,0,0,110
E07000064,Rother,2005-06,380,30,0,420,210,20,0,230
E07000065,Wealden,2005-06,290,0,0,290,110,0,0,110
E07000066,Basildon,2005-06,280,220,0,510,230,170,0,400
E07000067,Braintree,2005-06,440,160,0,590,430,60,0,490
E07000068,Brentwood,2005-06,150,50,0,200,150,40,0,190
E07000069,Castle Point,2005-06,120,0,0,120,180,0,0,180
E07000070,Chelmsford,2005-06,680,110,0,790,410,30,0,440
E07000071,Colchester,2005-06,1230,110,0,1340,940,40,0,980
E07000072,Epping Forest,2005-06,140,50,0,180,130,90,0,220
E07000073,Harlow,2005-06,180,90,0,270,120,30,0,150
E07000074,Maldon,2005-06,230,0,0,230,190,0,0,190
E07000075,Rochford,2005-06,370,0,0,370,160,20,0,180
E07000076,Tendring,2005-06,490,20,0,510,430,30,0,450
E07000077,Uttlesford,2005-06,350,30,0,380,310,150,0,460
E07000078,Cheltenham,2005-06,640,10,0,660,220,40,0,260
E07000079,Cotswold,2005-06,280,10,0,290,190,70,0,260
E07000080,Forest of Dean,2005-06,250,20,0,270,260,0,0,260
E07000081,Gloucester,2005-06,690,130,0,820,630,90,0,720
E07000082,Stroud,2005-06,230,10,0,230,220,0,0,220
E07000083,Tewkesbury,2005-06,260,40,0,300,190,90,0,280
E07000084,Basingstoke and Deane,2005-06,420,200,0,610,610,300,0,910
E07000085,East Hampshire,2005-06,210,80,0,290,270,60,0,330
E07000086,Eastleigh,2005-06,450,160,0,610,590,90,0,680
E07000087,Fareham,2005-06,490,50,0,540,320,0,0,330
E07000088,Gosport,2005-06,560,40,0,600,260,90,0,350
E07000089,Hart,2005-06,310,40,0,340,440,60,0,500
E07000090,Havant,2005-06,80,80,0,160,130,100,0,230
E07000091,New Forest,2005-06,290,10,0,300,360,20,0,380
E07000092,Rushmoor,2005-06,510,160,0,670,250,180,0,420
E07000093,Test Valley,2005-06,170,60,0,220,290,50,0,330
E07000094,Winchester,2005-06,400,50,0,450,460,70,0,530
E07000095,Broxbourne,2005-06,240,40,10,290,390,70,40,490
E07000096,Dacorum,2005-06,320,30,0,340,200,10,0,210
E07000242,East Hertfordshire,2005-06,470,160,0,620,390,100,0,490
E07000098,Hertsmere,2005-06,310,90,0,400,290,30,0,320
E07000099,North Hertfordshire,2005-06,630,140,0,770,330,60,0,380
E07000240,St Albans,2005-06,290,10,0,300,260,40,0,300
E07000243,Stevenage,2005-06,470,70,0,550,110,20,0,130
E07000102,Three Rivers,2005-06,80,40,0,120,140,10,0,150
E07000103,Watford,2005-06,250,40,0,280,280,140,0,420
E07000241,Welwyn Hatfield,2005-06,620,120,0,730,660,100,0,760
E07000105,Ashford,2005-06,200,40,0,240,410,30,0,440
E07000106,Canterbury,2005-06,540,40,0,590,530,20,0,550
E07000107,Dartford,2005-06,500,120,0,620,300,70,0,370
E07000108,Dover,2005-06,70,10,0,80,310,30,0,350
E07000112,Folkestone and Hythe,2005-06,90,0,0,90,140,0,0,140
E07000109,Gravesham,2005-06,290,70,0,360,200,80,0,280
E07000110,Maidstone,2005-06,340,170,0,510,530,60,0,590
E07000111,Sevenoaks,2005-06,100,10,0,110,250,40,0,290
E07000113,Swale,2005-06,710,110,0,820,460,30,0,490
E07000114,Thanet,2005-06,340,0,0,350,160,10,0,160
E07000115,Tonbridge and Malling,2005-06,290,60,0,340,310,60,0,370
E07000116,Tunbridge Wells,2005-06,350,100,0,450,260,30,0,290
E07000117,Burnley,2005-06,140,0,0,140,140,20,0,160
E07000118,Chorley,2005-06,270,0,0,270,340,10,0,350
E07000119,Fylde,2005-06,190,0,0,190,130,0,0,130
E07000120,Hyndburn,2005-06,170,0,0,170,260,0,0,260
E07000121,Lancaster,2005-06,160,0,0,160,80,0,0,80
E07000122,Pendle,2005-06,250,0,0,250,120,0,0,120
E07000123,Preston,2005-06,330,20,0,360,400,0,0,400
E07000124,Ribble Valley,2005-06,70,10,0,90,70,0,0,70
E07000125,Rossendale,2005-06,160,0,0,160,180,0,0,180
E07000126,South Ribble,2005-06,290,0,0,290,440,10,0,450
E07000127,West Lancashire,2005-06,140,0,0,140,140,0,0,140
E07000128,Wyre,2005-06,260,0,0,270,160,40,0,200
E07000129,Blaby,2005-06,220,0,0,220,240,0,0,240
E07000130,Charnwood,2005-06,740,20,0,760,640,80,0,710
E07000131,Harborough,2005-06,450,20,0,470,230,10,0,240
E07000132,Hinckley and Bosworth,2005-06,450,40,0,480,400,30,0,430
E07000133,Melton,2005-06,170,0,0,170,120,0,0,120
E07000134,North West Leicestershire,2005-06,470,30,0,510,430,40,0,470
E07000135,Oadby and Wigston,2005-06,60,10,0,70,90,30,0,110
E07000136,Boston,2005-06,200,0,0,210,260,0,0,260
E07000137,East Lindsey,2005-06,330,60,0,390,390,60,0,450
E07000138,Lincoln,2005-06,560,10,0,560,360,10,0,380
E07000139,North Kesteven,2005-06,640,20,0,670,680,20,0,710
E07000140,South Holland,2005-06,340,0,0,350,470,0,0,470
E07000141,South Kesteven,2005-06,870,80,0,950,610,50,0,660
E07000142,West Lindsey,2005-06,450,20,0,460,600,40,0,640
E07000143,Breckland,2005-06,520,20,0,540,410,20,0,430
E07000144,Broadland,2005-06,250,80,0,330,80,0,0,80
E07000145,Great Yarmouth,2005-06,240,20,0,260,250,20,0,270
E07000146,King's Lynn and West Norfolk,2005-06,760,190,0,950,600,80,0,680
E07000147,North Norfolk,2005-06,300,70,0,360,520,130,0,650
E07000148,Norwich,2005-06,760,280,0,1040,510,220,0,730
E07000149,South Norfolk,2005-06,380,40,0,420,210,40,0,250
E07000150,Corby,2005-06,750,0,0,750,600,0,0,600
E07000151,Daventry,2005-06,240,30,0,270,230,50,0,280
E07000152,East Northamptonshire,2005-06,490,40,0,520,610,20,0,630
E07000153,Kettering,2005-06,580,130,0,700,680,50,0,730
E07000154,Northampton,2005-06,790,280,0,1070,800,150,0,950
E07000155,South Northamptonshire,2005-06,230,30,0,260,240,30,0,270
E07000156,Wellingborough,2005-06,310,30,0,340,200,20,0,220
E07000157,Alnwick,2005-06,150,0,0,150,100,0,0,100
E07000158,Berwick-upon-Tweed,2005-06,130,0,0,130,50,0,0,50
E07000159,Blyth Valley,2005-06,240,0,0,240,60,0,0,60
E07000160,Castle Morpeth,2005-06,190,10,0,200,120,0,0,120
E07000161,Tynedale,2005-06,70,10,0,80,100,10,0,120
E07000162,Wansbeck,2005-06,240,0,0,240,120,0,0,120
E07000163,Craven,2005-06,60,0,0,60,80,0,0,80
E07000164,Hambleton,2005-06,280,0,0,280,280,20,0,290
E07000165,Harrogate,2005-06,160,50,0,210,290,20,0,310
E07000166,Richmondshire,2005-06,110,0,0,110,190,0,0,190
E07000167,Ryedale,2005-06,120,0,0,120,80,0,0,80
E07000168,Scarborough,2005-06,220,0,0,220,170,0,0,170
E07000169,Selby,2005-06,540,60,0,600,430,0,0,430
E07000170,Ashfield,2005-06,390,20,0,410,260,60,0,320
E07000171,Bassetlaw,2005-06,560,10,30,600,400,10,20,430
E07000172,Broxtowe,2005-06,250,0,0,250,350,0,0,350
E07000173,Gedling,2005-06,340,0,0,340,260,20,0,280
E07000174,Mansfield,2005-06,340,0,0,340,430,0,0,430
E07000175,Newark and Sherwood,2005-06,450,50,0,500,560,0,0,560
E07000176,Rushcliffe,2005-06,300,20,0,320,220,50,0,260
E07000177,Cherwell,2005-06,360,70,0,420,570,50,0,620
E07000178,Oxford,2005-06,380,0,0,380,520,210,0,720
E07000179,South Oxfordshire,2005-06,80,30,0,110,100,30,0,130
E07000180,Vale of White Horse,2005-06,400,70,0,470,390,90,0,480
E07000181,West Oxfordshire,2005-06,680,80,0,770,550,70,0,620
E07000182,Bridgnorth,2005-06,100,0,0,100,50,0,0,50
E07000188,Sedgemoor,2005-06,140,40,0,170,280,30,0,310
E07000185,Shrewsbury and Atcham,2005-06,240,0,0,240,230,10,0,240
E07000191,South Shropshire,2005-06,250,0,10,270,180,60,0,240
E07000189,South Somerset,2005-06,200,10,0,210,210,10,0,230
E07000187,Mendip,2005-06,500,50,0,540,330,50,0,380
E07000188,Sedgemoor,2005-06,390,70,0,450,400,20,0,420
E07000189,South Somerset,2005-06,430,80,0,510,690,30,0,720
E07000190,Taunton Deane,2005-06,270,70,0,330,220,70,0,300
E07000191,West Somerset,2005-06,40,0,0,40,30,0,0,30
E07000192,Cannock Chase,2005-06,420,30,0,450,270,30,0,290
E07000193,East Staffordshire,2005-06,400,20,0,420,180,10,0,190
E07000194,Lichfield,2005-06,300,0,0,300,570,0,0,570
E07000195,Newcastle-under-Lyme,2005-06,210,10,0,220,220,10,0,230
E07000196,South Staffordshire,2005-06,190,0,0,190,230,10,0,230
E07000197,Stafford,2005-06,320,0,0,320,390,20,0,420
E07000198,Staffordshire Moorlands,2005-06,250,0,0,250,310,0,0,310
E07000199,Tamworth,2005-06,290,30,0,320,180,40,0,210
E07000200,Babergh,2005-06,300,10,0,300,220,0,0,220
E07000201,Forest Heath,2005-06,180,130,0,310,190,110,0,300
E07000202,Ipswich,2005-06,590,100,0,700,560,40,0,600
E07000203,Mid Suffolk,2005-06,720,50,0,760,470,0,0,470
E07000204,St Edmundsbury,2005-06,370,60,0,430,250,60,0,320
E07000205,Suffolk Coastal,2005-06,610,30,0,640,620,40,0,660
E07000206,Waveney,2005-06,200,0,0,200,310,10,0,320
E07000207,Elmbridge,2005-06,610,70,0,680,480,50,0,520
E07000208,Epsom and Ewell,2005-06,380,100,0,480,200,10,0,210
E07000209,Guildford,2005-06,470,20,0,490,490,70,0,550
E07000210,Mole Valley,2005-06,380,130,0,510,190,30,20,240
E07000211,Reigate and Banstead,2005-06,660,70,0,730,520,50,0,560
E07000212,Runnymede,2005-06,300,30,0,320,440,80,0,520
E07000213,Spelthorne,2005-06,190,40,0,230,110,10,0,130
E07000214,Surrey Heath,2005-06,350,20,0,370,320,180,0,490
E07000215,Tandridge,2005-06,300,50,0,350,280,90,0,370
E07000216,Waverley,2005-06,170,10,0,180,130,40,10,180
E07000217,Woking,2005-06,340,120,0,460,510,170,0,680
E07000218,North Warwickshire,2005-06,80,0,0,80,60,0,0,60
E07000219,Nuneaton and Bedworth,2005-06,350,20,0,370,590,10,0,600
E07000220,Rugby,2005-06,910,50,0,960,550,10,0,560
E07000221,Stratford-on-Avon,2005-06,460,50,0,510,510,140,0,650
E07000222,Warwick,2005-06,360,30,0,390,510,0,0,510
E07000223,Adur,2005-06,160,20,0,190,200,30,0,230
E07000224,Arun,2005-06,300,0,0,300,290,0,0,290
E07000225,Chichester,2005-06,320,130,0,450,310,50,0,360
E07000226,Crawley,2005-06,220,220,0,440,140,60,0,190
E07000227,Horsham,2005-06,270,100,0,360,430,80,0,510
E07000228,Mid Sussex,2005-06,360,30,0,390,450,40,0,490
E07000229,Worthing,2005-06,110,50,0,160,90,60,0,150
E07000230,Kennet,2005-06,370,40,0,410,270,30,0,300
E07000231,North Wiltshire,2005-06,1160,70,0,1230,1430,80,0,1510
E07000232,Salisbury,2005-06,300,30,0,330,300,60,0,360
E07000233,West Wiltshire,2005-06,480,80,0,560,430,100,0,530
E07000234,Bromsgrove,2005-06,210,20,0,230,470,20,0,490
E07000235,Malvern Hills,2005-06,70,30,0,100,40,10,0,50
E07000236,Redditch,2005-06,370,30,0,410,220,30,0,250
E07000237,Worcester,2005-06,320,70,0,380,280,60,0,350
E07000238,Wychavon,2005-06,150,20,0,170,320,40,0,360
E07000239,Wyre Forest,2005-06,220,0,0,220,350,0,0,350
E06000022,Bath and North East Somerset,2006-07,260,50,0,310,140,50,0,190
E06000008,Blackburn with Darwen,2006-07,280,120,0,400,100,40,0,140
E06000009,Blackpool,2006-07,170,20,0,190,110,10,0,120
E06000028,Bournemouth,2006-07,1200,40,0,1240,950,0,0,950
E06000036,Bracknell Forest,2006-07,210,100,0,310,170,10,0,180
E06000043,Brighton and Hove,2006-07,230,140,0,370,310,70,0,380
E06000023,"Bristol, City of",2006-07,750,250,0,1000,710,210,0,920
E06000005,Darlington,2006-07,290,0,0,290,380,0,0,380
E06000015,Derby,2006-07,990,30,0,1020,630,30,0,670
E06000011,East Riding of Yorkshire,2006-07,710,10,0,730,800,0,0,800
E06000006,Halton,2006-07,710,0,0,710,430,0,0,430
E06000001,Hartlepool,2006-07,200,10,0,220,170,0,0,170
E06000019,"Herefordshire, County of",2006-07,490,60,0,560,470,80,0,550
E06000046,Isle of Wight,2006-07,730,10,0,740,740,30,0,770
E06000053,Isles of Scilly,2006-07,30,0,0,30,0,0,0,0
E06000010,"Kingston upon Hull, City of",2006-07,890,0,0,890,890,0,0,890
E06000016,Leicester,2006-07,650,30,0,680,640,30,0,670
E06000032,Luton,2006-07,280,0,0,290,210,40,0,250
E06000035,Medway,2006-07,590,110,0,700,310,20,0,330
E06000002,Middlesbrough,2006-07,280,60,0,340,430,50,0,470
E06000042,Milton Keynes,2006-07,1990,460,0,2450,1220,410,0,1630
E06000012,North East Lincolnshire,2006-07,480,30,0,510,440,30,0,470
E06000013,North Lincolnshire,2006-07,670,0,0,680,660,0,0,660
E06000024,North Somerset,2006-07,1040,130,0,1170,920,70,0,1000
E06000018,Nottingham,2006-07,1400,40,0,1430,1140,40,0,1170
E06000031,Peterborough,2006-07,850,20,0,870,1030,180,0,1210
E06000026,Plymouth,2006-07,400,160,0,560,570,60,0,620
E06000029,Poole,2006-07,660,20,0,670,570,100,0,670
E06000044,Portsmouth,2006-07,630,60,0,690,300,100,0,410
E06000038,Reading,2006-07,390,220,0,610,260,10,0,270
E06000003,Redcar and Cleveland,2006-07,300,0,0,300,380,50,0,430
E06000017,Rutland,2006-07,80,20,0,100,100,10,0,110
E06000039,Slough,2006-07,280,260,0,540,360,230,0,590
E06000025,South Gloucestershire,2006-07,520,230,0,750,480,80,0,550
E06000045,Southampton,2006-07,930,40,0,970,800,100,0,900
E06000033,Southend-on-Sea,2006-07,290,10,0,300,210,0,0,210
E06000004,Stockton-on-Tees,2006-07,1010,60,0,1070,700,110,0,820
E06000021,Stoke-on-Trent,2006-07,770,0,0,780,800,0,0,800
E06000030,Swindon,2006-07,1740,140,0,1880,1500,60,0,1560
E06000020,Telford and Wrekin,2006-07,260,10,0,270,230,20,0,250
E06000034,Thurrock,2006-07,240,40,0,270,630,60,0,690
E06000027,Torbay,2006-07,430,70,0,500,260,30,0,290
E06000007,Warrington,2006-07,1090,40,0,1130,710,0,0,710
E06000037,West Berkshire,2006-07,710,130,0,840,670,40,0,710
E06000040,Windsor and Maidenhead,2006-07,340,270,0,610,300,10,0,310
E06000041,Wokingham,2006-07,510,30,0,540,560,60,0,630
E06000014,York,2006-07,290,0,0,290,460,30,0,490
E09000002,Barking and Dagenham,2006-07,230,20,0,250,280,330,0,610
E09000003,Barnet,2006-07,510,370,0,880,300,70,0,380
E09000004,Bexley,2006-07,200,220,0,420,120,90,0,210
E09000005,Brent,2006-07,300,540,0,840,220,960,0,1180
E09000006,Bromley,2006-07,130,50,0,180,390,100,0,480
E09000007,Camden,2006-07,290,210,0,490,170,380,0,550
E09000001,City of London,2006-07,0,0,0,0,0,0,0,0
E09000008,Croydon,2006-07,820,290,0,1100,570,270,0,850
E09000009,Ealing,2006-07,290,260,0,550,530,800,0,1330
E09000010,Enfield,2006-07,380,250,0,620,410,590,0,1000
E09000011,Greenwich,2006-07,200,70,0,280,830,310,0,1130
E09000012,Hackney,2006-07,400,250,0,650,870,220,0,1090
E09000013,Hammersmith and Fulham,2006-07,100,10,0,110,90,130,0,220
E09000014,Haringey,2006-07,160,50,0,210,270,100,0,370
E09000015,Harrow,2006-07,360,50,0,420,220,110,0,330
E09000016,Havering,2006-07,270,210,0,480,490,160,0,650
E09000017,Hillingdon,2006-07,840,270,0,1110,180,10,0,190
E09000018,Hounslow,2006-07,900,1090,0,1990,710,840,0,1560
E09000019,Islington,2006-07,1010,260,0,1280,630,110,0,740
E09000020,Kensington and Chelsea,2006-07,80,0,0,80,110,30,0,140
E09000021,Kingston upon Thames,2006-07,40,10,0,50,140,30,0,170
E09000022,Lambeth,2006-07,330,200,0,540,510,440,0,940
E09000023,Lewisham,2006-07,50,320,0,370,560,410,0,970
E09000024,Merton,2006-07,950,530,0,1470,500,150,0,650
E09000025,Newham,2006-07,460,260,0,710,800,280,0,1080
E09000026,Redbridge,2006-07,550,20,0,560,380,130,0,510
E09000027,Richmond upon Thames,2006-07,240,20,0,260,230,70,0,300
E09000028,Southwark,2006-07,420,200,0,620,940,170,0,1110
E09000029,Sutton,2006-07,430,120,0,550,350,100,0,460
E09000030,Tower Hamlets,2006-07,670,160,0,830,1450,450,0,1900
E09000031,Waltham Forest,2006-07,210,140,0,340,240,160,0,390
E09000032,Wandsworth,2006-07,520,60,0,580,490,240,0,720
E09000033,Westminster,2006-07,360,280,0,650,470,80,0,560
E08000001,Bolton,2006-07,1200,20,0,1220,890,0,0,890
E08000002,Bury,2006-07,610,0,0,610,590,0,0,590
E08000003,Manchester,2006-07,1710,10,0,1720,2490,70,0,2560
E08000004,Oldham,2006-07,290,10,0,310,490,40,0,530
E08000005,Rochdale,2006-07,190,0,0,190,230,0,0,230
E08000006,Salford,2006-07,1150,0,0,1150,490,0,10,500
E08000007,Stockport,2006-07,380,10,0,390,330,20,0,350
E08000008,Tameside,2006-07,830,0,0,840,630,90,0,730
E08000009,Trafford,2006-07,340,0,0,340,480,30,0,500
E08000010,Wigan,2006-07,1330,0,0,1330,1350,0,0,1350
E08000011,Knowsley,2006-07,320,0,0,320,540,0,0,540
E08000012,Liverpool,2006-07,1350,30,0,1380,1890,200,0,2090
E08000014,Sefton,2006-07,270,20,0,290,170,30,0,200
E08000013,St. Helens,2006-07,450,0,0,450,530,0,0,530
E08000015,Wirral,2006-07,610,40,0,640,390,130,0,520
E08000016,Barnsley,2006-07,1210,20,0,1230,1110,30,0,1150
E08000017,Doncaster,2006-07,800,20,0,820,830,0,0,840
E08000018,Rotherham,2006-07,670,10,0,690,610,20,0,630
E08000019,Sheffield,2006-07,1400,20,0,1420,1120,20,0,1130
E08000037,Gateshead,2006-07,500,30,0,530,430,40,0,470
E08000021,Newcastle upon Tyne,2006-07,460,10,0,470,260,10,0,270
E08000022,North Tyneside,2006-07,350,0,0,350,250,0,0,250
E08000023,South Tyneside,2006-07,490,70,0,560,440,50,0,500
E08000024,Sunderland,2006-07,470,50,0,520,540,100,0,640
E08000025,Birmingham,2006-07,1960,170,0,2130,1620,260,0,1880
E08000026,Coventry,2006-07,1010,180,0,1190,710,160,0,870
E08000027,Dudley,2006-07,770,0,0,770,700,40,0,740
E08000028,Sandwell,2006-07,1230,50,0,1280,860,0,0,860
E08000029,Solihull,2006-07,390,10,0,400,670,10,0,680
E08000030,Walsall,2006-07,800,110,0,900,720,0,0,720
E08000031,Wolverhampton,2006-07,440,120,0,550,440,30,0,470
E08000032,Bradford,2006-07,1200,10,0,1210,1190,90,0,1290
E08000033,Calderdale,2006-07,940,30,0,970,980,20,0,1000
E08000034,Kirklees,2006-07,950,0,0,950,1230,0,0,1230
E08000035,Leeds,2006-07,3700,50,0,3750,2650,30,0,2690
E08000036,Wakefield,2006-07,1340,160,0,1490,1130,80,0,1210
E07000002,Bedford,2006-07,480,80,0,560,290,20,0,310
E07000001,Mid Bedfordshire,2006-07,640,90,0,730,650,80,0,730
E07000003,South Bedfordshire,2006-07,470,100,0,570,600,30,0,630
E07000004,Aylesbury Vale,2006-07,530,100,0,630,470,40,0,500
E07000005,Chiltern,2006-07,210,0,0,210,150,30,0,180
E07000006,South Bucks,2006-07,250,10,0,260,170,10,0,180
E07000007,Wycombe,2006-07,420,80,0,500,480,210,0,690
E07000008,Cambridge,2006-07,350,10,0,360,460,20,0,480
E07000009,East Cambridgeshire,2006-07,540,30,0,570,420,170,0,590
E07000010,Fenland,2006-07,710,30,0,740,480,20,0,500
E07000011,Huntingdonshire,2006-07,430,20,0,450,530,160,0,690
E07000012,South Cambridgeshire,2006-07,950,70,0,1010,850,100,0,950
E07000013,Chester,2006-07,220,0,0,220,80,0,0,80
E07000014,Congleton,2006-07,140,10,0,150,180,0,0,180
E07000015,Crewe and Nantwich,2006-07,520,10,0,530,540,20,0,550
E07000016,Ellesmere Port & Neston,2006-07,40,20,0,60,110,20,0,130
E07000017,Macclesfield,2006-07,220,0,0,220,160,20,0,180
E07000018,Vale Royal,2006-07,310,10,0,320,210,10,0,220
E07000019,Caradon,2006-07,190,0,0,200,200,0,0,200
E07000020,Carrick,2006-07,470,110,0,580,370,50,0,420
E07000021,Kerrier,2006-07,360,60,0,430,230,20,0,250
E07000022,North Cornwall,2006-07,460,20,0,480,400,60,0,460
E07000023,Penwith,2006-07,190,40,0,230,180,40,0,230
E07000024,Restormel,2006-07,440,80,0,520,390,90,0,480
E07000026,Allerdale,2006-07,190,10,0,200,270,10,0,280
E07000027,Barrow-in-Furness,2006-07,100,0,0,100,120,0,0,120
E07000028,Carlisle,2006-07,350,10,0,360,250,20,0,260
E07000029,Copeland,2006-07,200,0,0,200,180,0,0,180
E07000030,Eden,2006-07,120,20,0,150,100,30,0,130
E07000031,South Lakeland,2006-07,150,40,0,180,240,40,0,280
E07000032,Amber Valley,2006-07,660,0,0,660,290,0,0,290
E07000033,Bolsover,2006-07,190,0,0,190,170,0,0,170
E07000034,Chesterfield,2006-07,370,10,0,380,270,0,0,270
E07000035,Derbyshire Dales,2006-07,170,20,0,190,130,40,0,170
E07000036,Erewash,2006-07,230,70,0,300,420,0,0,420
E07000037,High Peak,2006-07,220,0,0,220,240,10,0,240
E07000038,North East Derbyshire,2006-07,330,10,10,350,290,0,20,320
E07000039,South Derbyshire,2006-07,500,0,0,500,460,0,0,460
E07000040,East Devon,2006-07,200,10,0,210,170,0,0,170
E07000041,Exeter,2006-07,180,10,0,200,550,140,0,690
E07000042,Mid Devon,2006-07,360,10,0,370,420,0,0,430
E07000043,North Devon,2006-07,290,40,0,330,290,40,0,330
E07000044,South Hams,2006-07,40,30,0,70,60,0,0,60
E07000045,Teignbridge,2006-07,240,0,0,240,270,0,0,270
E07000046,Torridge,2006-07,340,20,0,360,360,0,0,360
E07000047,West Devon,2006-07,390,40,0,430,200,0,0,200
E07000048,Christchurch,2006-07,180,0,0,180,120,10,0,130
E07000049,East Dorset,2006-07,110,0,0,110,150,0,0,150
E07000050,North Dorset,2006-07,250,0,0,260,240,10,0,250
E07000051,Purbeck,2006-07,170,50,0,230,170,0,0,170
E07000052,West Dorset,2006-07,210,10,0,220,430,20,0,450
E07000053,Weymouth and Portland,2006-07,220,30,0,250,170,0,0,170
E07000054,Chester-le-Street,2006-07,160,0,0,160,100,0,0,100
E07000056,County Durham,2006-07,260,0,140,400,400,0,180,580
E07000055,Derwentside,2006-07,710,0,0,710,530,10,0,540
E07000057,Easington,2006-07,440,0,0,440,650,0,0,650
E07000058,Sedgefield,2006-07,320,30,0,350,230,10,0,240
E07000059,Teesdale,2006-07,20,20,0,40,30,0,0,30
E07000060,Wear Valley,2006-07,660,0,0,660,470,0,0,470
E07000061,Eastbourne,2006-07,70,10,0,70,260,60,0,320
E07000062,Hastings,2006-07,140,40,0,180,250,10,0,260
E07000063,Lewes,2006-07,220,10,0,230,260,30,0,300
E07000064,Rother,2006-07,230,20,0,260,240,50,0,290
E07000065,Wealden,2006-07,300,0,0,300,240,0,0,240
E07000066,Basildon,2006-07,220,250,0,460,360,160,0,520
E07000067,Braintree,2006-07,440,60,0,510,430,160,0,590
E07000068,Brentwood,2006-07,90,60,0,160,100,20,0,120
E07000069,Castle Point,2006-07,100,20,0,120,230,0,0,230
E07000070,Chelmsford,2006-07,370,200,0,560,450,80,0,530
E07000071,Colchester,2006-07,1060,60,0,1110,1180,110,0,1290
E07000072,Epping Forest,2006-07,130,10,0,140,180,10,0,190
E07000073,Harlow,2006-07,150,30,0,180,130,70,0,200
E07000074,Maldon,2006-07,130,0,0,130,240,0,0,240
E07000075,Rochford,2006-07,240,10,0,250,350,10,0,360
E07000076,Tendring,2006-07,180,10,0,190,600,10,0,610
E07000077,Uttlesford,2006-07,240,30,0,270,320,20,0,340
E07000078,Cheltenham,2006-07,470,100,0,570,680,50,0,720
E07000079,Cotswold,2006-07,160,20,0,170,280,40,10,330
E07000080,Forest of Dean,2006-07,230,40,0,270,170,20,0,190
E07000081,Gloucester,2006-07,700,170,0,870,690,110,0,800
E07000082,Stroud,2006-07,330,80,0,400,240,10,0,250
E07000083,Tewkesbury,2006-07,330,50,0,380,240,40,0,280
E07000084,Basingstoke and Deane,2006-07,790,150,0,940,500,120,0,620
E07000085,East Hampshire,2006-07,300,60,0,370,200,70,0,270
E07000086,Eastleigh,2006-07,390,70,10,470,380,110,0,490
E07000087,Fareham,2006-07,490,50,0,530,480,50,0,520
E07000088,Gosport,2006-07,220,90,0,310,520,180,0,700
E07000089,Hart,2006-07,240,10,0,240,300,40,0,340
E07000090,Havant,2006-07,240,60,0,300,200,60,0,270
E07000091,New Forest,2006-07,310,30,0,330,300,20,0,320
E07000092,Rushmoor,2006-07,160,30,0,180,590,120,0,720
E07000093,Test Valley,2006-07,260,60,0,320,220,60,0,280
E07000094,Winchester,2006-07,400,80,0,480,420,30,0,450
E07000095,Broxbourne,2006-07,130,20,10,150,320,40,10,370
E07000096,Dacorum,2006-07,240,10,0,250,250,30,0,280
E07000242,East Hertfordshire,2006-07,170,40,0,210,360,170,0,520
E07000098,Hertsmere,2006-07,320,80,0,410,180,30,0,210
E07000099,North Hertfordshire,2006-07,220,40,0,260,310,80,0,390
E07000240,St Albans,2006-07,210,20,0,230,300,0,0,300
E07000243,Stevenage,2006-07,340,150,0,480,210,100,0,310
E07000102,Three Rivers,2006-07,190,10,0,190,190,50,0,240
E07000103,Watford,2006-07,190,50,0,240,250,30,0,280
E07000241,Welwyn Hatfield,2006-07,480,270,0,750,410,210,0,620
E07000105,Ashford,2006-07,310,40,0,350,200,30,0,230
E07000106,Canterbury,2006-07,400,10,0,410,390,40,0,430
E07000107,Dartford,2006-07,440,140,0,580,330,70,0,400
E07000108,Dover,2006-07,70,20,0,90,80,0,0,80
E07000112,Folkestone and Hythe,2006-07,200,0,0,200,90,0,0,90
E07000109,Gravesham,2006-07,140,50,0,190,230,60,0,290
E07000110,Maidstone,2006-07,720,270,0,1000,390,110,0,500
E07000111,Sevenoaks,2006-07,150,0,0,150,110,10,0,120
E07000113,Swale,2006-07,950,70,0,1010,640,100,0,740
E07000114,Thanet,2006-07,90,0,0,100,340,0,0,350
E07000115,Tonbridge and Malling,2006-07,480,130,0,610,250,70,0,320
E07000116,Tunbridge Wells,2006-07,240,40,0,270,260,60,0,330
E07000117,Burnley,2006-07,260,0,0,260,80,0,0,80
E07000118,Chorley,2006-07,290,0,0,290,250,0,0,250
E07000119,Fylde,2006-07,320,10,0,330,210,0,0,210
E07000120,Hyndburn,2006-07,130,0,0,130,140,0,0,140
E07000121,Lancaster,2006-07,410,0,0,410,100,0,0,100
E07000122,Pendle,2006-07,240,0,0,240,210,0,0,210
E07000123,Preston,2006-07,230,20,0,250,140,30,0,180
E07000124,Ribble Valley,2006-07,0,20,0,20,40,30,0,70
E07000125,Rossendale,2006-07,240,0,0,240,130,0,0,130
E07000126,South Ribble,2006-07,260,0,0,260,250,0,0,250
E07000127,West Lancashire,2006-07,160,20,0,170,160,0,0,160
E07000128,Wyre,2006-07,280,10,0,290,200,10,0,210
E07000129,Blaby,2006-07,290,30,0,320,220,0,0,220
E07000130,Charnwood,2006-07,950,50,0,1000,790,40,0,830
E07000131,Harborough,2006-07,420,40,0,470,380,10,0,390
E07000132,Hinckley and Bosworth,2006-07,310,0,0,310,290,40,0,330
E07000133,Melton,2006-07,110,0,0,110,130,0,0,130
E07000134,North West Leicestershire,2006-07,260,0,0,260,240,10,0,250
E07000135,Oadby and Wigston,2006-07,30,10,0,40,40,0,0,40
E07000136,Boston,2006-07,400,10,0,400,240,0,0,240
E07000137,East Lindsey,2006-07,540,40,0,570,490,60,0,550
E07000138,Lincoln,2006-07,350,0,0,350,510,0,0,520
E07000139,North Kesteven,2006-07,560,0,0,560,660,20,0,680
E07000140,South Holland,2006-07,440,60,0,500,400,20,0,420
E07000141,South Kesteven,2006-07,780,40,0,820,890,40,0,930
E07000142,West Lindsey,2006-07,550,0,0,550,540,30,0,570
E07000143,Breckland,2006-07,470,0,0,470,510,10,0,520
E07000144,Broadland,2006-07,230,30,0,260,260,10,0,270
E07000145,Great Yarmouth,2006-07,320,40,0,350,290,0,0,290
E07000146,King's Lynn and West Norfolk,2006-07,540,80,0,620,630,90,0,720
E07000147,North Norfolk,2006-07,280,70,0,350,310,70,0,380
E07000148,Norwich,2006-07,360,190,0,550,410,170,0,580
E07000149,South Norfolk,2006-07,570,90,0,660,410,40,0,450
E07000150,Corby,2006-07,710,0,0,710,740,0,0,740
E07000151,Daventry,2006-07,160,30,0,190,210,10,0,220
E07000152,East Northamptonshire,2006-07,360,70,0,430,590,40,0,630
E07000153,Kettering,2006-07,460,50,0,510,610,110,0,720
E07000154,Northampton,2006-07,700,110,0,810,580,540,0,1120
E07000155,South Northamptonshire,2006-07,190,20,0,210,280,20,0,310
E07000156,Wellingborough,2006-07,290,100,0,390,250,10,0,260
E07000157,Alnwick,2006-07,190,0,0,190,150,0,0,150
E07000158,Berwick-upon-Tweed,2006-07,90,0,0,90,80,0,0,80
E07000159,Blyth Valley,2006-07,250,0,0,250,210,0,0,210
E07000160,Castle Morpeth,2006-07,180,30,0,200,210,30,0,240
E07000161,Tynedale,2006-07,50,30,0,80,210,20,0,230
E07000162,Wansbeck,2006-07,260,0,0,260,250,0,0,250
E07000163,Craven,2006-07,110,0,0,110,50,0,0,50
E07000164,Hambleton,2006-07,210,0,0,210,230,0,0,230
E07000165,Harrogate,2006-07,230,50,0,280,180,70,0,250
E07000166,Richmondshire,2006-07,130,0,0,130,130,0,0,130
E07000167,Ryedale,2006-07,170,0,0,170,110,0,0,110
E07000168,Scarborough,2006-07,220,30,0,250,210,0,0,210
E07000169,Selby,2006-07,550,10,0,560,750,70,0,820
E07000170,Ashfield,2006-07,460,40,0,500,250,30,0,280
E07000171,Bassetlaw,2006-07,470,0,0,470,570,10,0,580
E07000172,Broxtowe,2006-07,240,0,0,240,300,0,0,300
E07000173,Gedling,2006-07,370,20,0,390,300,0,0,300
E07000174,Mansfield,2006-07,380,50,0,420,540,40,0,580
E07000175,Newark and Sherwood,2006-07,380,0,0,380,450,50,0,500
E07000176,Rushcliffe,2006-07,320,10,0,330,420,10,0,430
E07000177,Cherwell,2006-07,430,20,0,450,490,80,0,570
E07000178,Oxford,2006-07,630,90,0,720,280,50,0,320
E07000179,South Oxfordshire,2006-07,260,140,0,400,110,30,0,140
E07000180,Vale of White Horse,2006-07,370,60,0,430,350,30,0,370
E07000181,West Oxfordshire,2006-07,700,60,0,760,560,40,0,600
E07000182,Bridgnorth,2006-07,220,0,0,220,120,0,0,120
E07000188,Sedgemoor,2006-07,220,10,0,220,210,10,0,210
E07000185,Shrewsbury and Atcham,2006-07,170,0,10,180,230,10,0,250
E07000191,South Shropshire,2006-07,90,20,0,110,250,0,0,250
E07000189,South Somerset,2006-07,240,0,0,240,240,10,0,240
E07000187,Mendip,2006-07,360,20,0,380,450,20,0,470
E07000188,Sedgemoor,2006-07,320,0,0,320,380,60,0,440
E07000189,South Somerset,2006-07,400,90,0,490,440,90,0,530
E07000190,Taunton Deane,2006-07,240,10,0,250,100,40,0,140
E07000191,West Somerset,2006-07,140,0,0,140,80,0,0,80
E07000192,Cannock Chase,2006-07,350,60,0,410,400,10,0,410
E07000193,East Staffordshire,2006-07,500,40,0,540,480,40,0,530
E07000194,Lichfield,2006-07,470,0,0,470,300,0,0,300
E07000195,Newcastle-under-Lyme,2006-07,150,0,0,150,210,0,0,210
E07000196,South Staffordshire,2006-07,310,20,0,330,180,0,0,190
E07000197,Stafford,2006-07,270,160,0,430,250,0,0,250
E07000198,Staffordshire Moorlands,2006-07,180,0,0,180,260,0,0,260
E07000199,Tamworth,2006-07,170,60,0,220,390,30,0,420
E07000200,Babergh,2006-07,290,30,0,320,320,10,0,330
E07000201,Forest Heath,2006-07,280,190,0,470,160,100,0,260
E07000202,Ipswich,2006-07,830,90,0,920,760,80,0,850
E07000203,Mid Suffolk,2006-07,480,40,0,520,600,30,0,630
E07000204,St Edmundsbury,2006-07,470,210,0,680,350,80,0,430
E07000205,Suffolk Coastal,2006-07,430,0,0,430,580,0,0,580
E07000206,Waveney,2006-07,270,10,0,280,310,10,0,320
E07000207,Elmbridge,2006-07,420,30,0,450,440,60,0,500
E07000208,Epsom and Ewell,2006-07,160,50,0,200,210,110,0,320
E07000209,Guildford,2006-07,220,0,0,220,290,10,0,300
E07000210,Mole Valley,2006-07,210,60,0,270,350,120,0,480
E07000211,Reigate and Banstead,2006-07,580,80,0,660,510,90,0,600
E07000212,Runnymede,2006-07,220,30,0,250,240,10,0,250
E07000213,Spelthorne,2006-07,130,110,0,240,120,90,0,210
E07000214,Surrey Heath,2006-07,200,10,0,210,350,60,0,400
E07000215,Tandridge,2006-07,300,70,0,370,220,250,0,480
E07000216,Waverley,2006-07,180,0,0,180,420,10,0,430
E07000217,Woking,2006-07,270,0,0,270,400,90,0,490
E07000218,North Warwickshire,2006-07,90,20,0,110,30,10,0,40
E07000219,Nuneaton and Bedworth,2006-07,260,20,0,270,410,10,0,420
E07000220,Rugby,2006-07,660,30,0,690,840,30,0,860
E07000221,Stratford-on-Avon,2006-07,310,50,0,360,430,30,0,470
E07000222,Warwick,2006-07,370,80,0,440,330,40,0,370
E07000223,Adur,2006-07,90,0,0,90,100,0,0,100
E07000224,Arun,2006-07,400,10,0,410,250,0,0,250
E07000225,Chichester,2006-07,360,80,0,430,290,160,0,450
E07000226,Crawley,2006-07,880,190,0,1060,280,100,0,380
E07000227,Horsham,2006-07,270,30,0,290,220,90,0,310
E07000228,Mid Sussex,2006-07,420,60,0,480,420,20,0,450
E07000229,Worthing,2006-07,120,40,0,160,80,50,0,130
E07000230,Kennet,2006-07,410,70,0,470,320,30,0,350
E07000231,North Wiltshire,2006-07,1130,180,0,1310,1280,110,0,1390
E07000232,Salisbury,2006-07,340,30,0,370,290,40,0,330
E07000233,West Wiltshire,2006-07,460,40,0,500,460,70,0,530
E07000234,Bromsgrove,2006-07,180,40,0,220,270,20,0,290
E07000235,Malvern Hills,2006-07,120,20,0,140,100,20,0,120
E07000236,Redditch,2006-07,250,0,0,250,310,0,0,310
E07000237,Worcester,2006-07,210,30,0,240,230,60,0,290
E07000238,Wychavon,2006-07,170,20,0,190,260,20,0,290
E07000239,Wyre Forest,2006-07,120,0,0,120,190,0,0,190
E06000022,Bath and North East Somerset,2007-08,190,50,0,240,140,60,0,190
E06000008,Blackburn with Darwen,2007-08,300,50,0,350,170,80,0,250
E06000009,Blackpool,2007-08,100,40,0,140,170,60,0,240
E06000028,Bournemouth,2007-08,1180,20,0,1200,820,50,0,880
E06000036,Bracknell Forest,2007-08,310,100,0,410,320,40,0,360
E06000043,Brighton and Hove,2007-08,550,120,0,670,640,70,0,710
E06000023,"Bristol, City of",2007-08,1170,320,0,1490,1080,250,0,1330
E06000005,Darlington,2007-08,360,0,0,360,390,0,0,390
E06000015,Derby,2007-08,620,50,0,670,790,40,0,830
E06000011,East Riding of Yorkshire,2007-08,710,10,0,720,630,10,0,650
E06000006,Halton,2007-08,450,0,0,450,690,0,0,690
E06000001,Hartlepool,2007-08,310,10,0,330,180,10,0,190
E06000019,"Herefordshire, County of",2007-08,400,60,0,460,450,30,0,470
E06000046,Isle of Wight,2007-08,640,100,0,740,700,10,0,710
E06000053,Isles of Scilly,2007-08,0,0,0,0,10,10,0,20
E06000010,"Kingston upon Hull, City of",2007-08,870,0,0,870,620,0,0,620
E06000016,Leicester,2007-08,700,70,0,770,590,60,0,650
E06000032,Luton,2007-08,210,50,0,260,290,10,0,290
E06000035,Medway,2007-08,770,220,0,990,560,140,0,700
E06000002,Middlesbrough,2007-08,390,40,0,430,430,80,0,500
E06000042,Milton Keynes,2007-08,1320,390,0,1710,1860,640,0,2500
E06000012,North East Lincolnshire,2007-08,190,0,0,190,200,0,0,200
E06000013,North Lincolnshire,2007-08,720,10,0,720,480,0,0,480
E06000024,North Somerset,2007-08,930,110,0,1040,1020,120,0,1140
E06000018,Nottingham,2007-08,480,10,0,500,1150,90,0,1240
E06000031,Peterborough,2007-08,790,260,0,1060,790,140,0,930
E06000026,Plymouth,2007-08,390,40,0,430,390,20,0,400
E06000029,Poole,2007-08,400,20,0,410,600,20,0,620
E06000044,Portsmouth,2007-08,470,210,0,670,580,230,0,810
E06000038,Reading,2007-08,510,150,0,650,250,210,0,460
E06000003,Redcar and Cleveland,2007-08,280,40,0,320,240,10,0,260
E06000017,Rutland,2007-08,100,40,0,140,80,20,0,100
E06000039,Slough,2007-08,330,110,0,440,480,180,0,660
E06000025,South Gloucestershire,2007-08,480,330,0,810,420,220,0,640
E06000045,Southampton,2007-08,730,10,0,740,480,20,0,500
E06000033,Southend-on-Sea,2007-08,390,10,0,400,270,20,0,290
E06000004,Stockton-on-Tees,2007-08,940,30,0,960,960,70,0,1030
E06000021,Stoke-on-Trent,2007-08,450,70,10,520,590,40,0,630
E06000030,Swindon,2007-08,1250,220,0,1470,1810,230,0,2030
E06000020,Telford and Wrekin,2007-08,540,70,0,610,300,10,0,310
E06000034,Thurrock,2007-08,120,0,0,120,160,20,0,180
E06000027,Torbay,2007-08,250,120,0,370,250,90,0,330
E06000007,Warrington,2007-08,810,40,0,850,940,40,0,980
E06000037,West Berkshire,2007-08,520,80,0,600,530,130,0,650
E06000040,Windsor and Maidenhead,2007-08,350,10,0,360,290,50,0,340
E06000041,Wokingham,2007-08,300,60,0,370,420,80,0,490
E06000014,York,2007-08,510,0,0,510,290,10,0,300
E09000002,Barking and Dagenham,2007-08,210,40,0,240,640,160,0,810
E09000003,Barnet,2007-08,370,290,0,660,350,190,0,530
E09000004,Bexley,2007-08,160,50,0,200,150,150,0,300
E09000005,Brent,2007-08,120,340,0,450,310,710,0,1020
E09000006,Bromley,2007-08,550,60,0,610,430,80,0,510
E09000007,Camden,2007-08,230,70,0,300,190,180,0,380
E09000001,City of London,2007-08,0,0,0,0,0,0,0,0
E09000008,Croydon,2007-08,800,390,0,1190,560,590,0,1150
E09000009,Ealing,2007-08,430,200,0,630,550,260,0,810
E09000010,Enfield,2007-08,200,160,0,360,510,440,0,950
E09000011,Greenwich,2007-08,740,330,0,1070,520,200,0,720
E09000012,Hackney,2007-08,710,410,0,1120,370,560,0,930
E09000013,Hammersmith and Fulham,2007-08,530,0,0,530,150,50,0,190
E09000014,Haringey,2007-08,130,70,0,200,680,190,0,870
E09000015,Harrow,2007-08,240,50,0,290,190,100,0,290
E09000016,Havering,2007-08,260,260,0,520,470,200,0,670
E09000017,Hillingdon,2007-08,530,160,20,710,370,190,30,590
E09000018,Hounslow,2007-08,310,650,0,960,560,1360,0,1920
E09000019,Islington,2007-08,400,270,0,670,340,310,0,650
E09000020,Kensington and Chelsea,2007-08,10,0,0,10,60,0,0,60
E09000021,Kingston upon Thames,2007-08,210,0,0,210,130,0,0,130
E09000022,Lambeth,2007-08,750,470,0,1220,250,200,0,440
E09000023,Lewisham,2007-08,630,170,0,800,770,360,0,1130
E09000024,Merton,2007-08,120,190,0,300,260,330,0,600
E09000025,Newham,2007-08,930,160,0,1100,1440,210,0,1650
E09000026,Redbridge,2007-08,840,190,0,1030,760,10,0,770
E09000027,Richmond upon Thames,2007-08,250,110,0,360,400,20,0,420
E09000028,Southwark,2007-08,800,110,0,910,950,150,0,1100
E09000029,Sutton,2007-08,230,150,0,380,260,90,0,340
E09000030,Tower Hamlets,2007-08,1600,360,0,1960,1150,190,0,1330
E09000031,Waltham Forest,2007-08,170,40,0,210,330,90,0,420
E09000032,Wandsworth,2007-08,900,10,0,900,500,100,0,600
E09000033,Westminster,2007-08,430,40,0,460,250,70,0,320
E08000001,Bolton,2007-08,1300,20,0,1310,1170,20,20,1210
E08000002,Bury,2007-08,250,0,0,250,520,0,0,520
E08000003,Manchester,2007-08,2090,150,0,2240,2990,150,0,3140
E08000004,Oldham,2007-08,480,40,0,530,530,20,0,550
E08000005,Rochdale,2007-08,630,0,0,630,320,0,0,320
E08000006,Salford,2007-08,570,0,0,570,1130,0,0,1130
E08000007,Stockport,2007-08,350,20,0,370,390,0,0,390
E08000008,Tameside,2007-08,930,0,0,930,810,0,0,810
E08000009,Trafford,2007-08,850,0,0,860,460,0,0,460
E08000010,Wigan,2007-08,910,0,0,910,1420,0,0,1420
E08000011,Knowsley,2007-08,270,0,0,270,400,0,0,400
E08000012,Liverpool,2007-08,1670,390,0,2060,1550,80,0,1630
E08000014,Sefton,2007-08,180,110,0,290,400,40,0,440
E08000013,St. Helens,2007-08,330,10,0,340,490,0,0,500
E08000015,Wirral,2007-08,620,10,0,630,430,20,0,450
E08000016,Barnsley,2007-08,1710,20,0,1740,1000,20,0,1020
E08000017,Doncaster,2007-08,640,20,0,650,790,20,0,810
E08000018,Rotherham,2007-08,960,60,0,1020,650,20,0,670
E08000019,Sheffield,2007-08,1500,0,0,1500,1440,10,0,1450
E08000037,Gateshead,2007-08,690,0,0,700,430,20,0,450
E08000021,Newcastle upon Tyne,2007-08,440,20,0,460,370,0,0,370
E08000022,North Tyneside,2007-08,320,10,0,330,640,0,0,640
E08000023,South Tyneside,2007-08,260,30,0,290,400,60,0,460
E08000024,Sunderland,2007-08,480,240,0,720,290,60,0,350
E08000025,Birmingham,2007-08,1990,230,0,2220,1810,250,0,2060
E08000026,Coventry,2007-08,650,180,0,830,890,240,0,1130
E08000027,Dudley,2007-08,750,40,0,790,590,30,0,620
E08000028,Sandwell,2007-08,820,60,0,880,930,60,0,990
E08000029,Solihull,2007-08,510,30,0,540,470,20,0,480
E08000030,Walsall,2007-08,940,90,0,1030,510,80,0,600
E08000031,Wolverhampton,2007-08,670,30,0,700,390,80,0,470
E08000032,Bradford,2007-08,1790,140,0,1930,1370,100,0,1470
E08000033,Calderdale,2007-08,690,40,0,730,940,30,0,980
E08000034,Kirklees,2007-08,1090,20,0,1100,830,0,0,830
E08000035,Leeds,2007-08,2740,70,0,2810,3050,60,0,3110
E08000036,Wakefield,2007-08,1280,180,0,1460,1320,150,0,1460
E07000002,Bedford,2007-08,470,130,0,610,570,100,0,660
E07000001,Mid Bedfordshire,2007-08,640,120,0,760,640,80,0,730
E07000003,South Bedfordshire,2007-08,210,90,0,310,410,140,0,560
E07000004,Aylesbury Vale,2007-08,380,190,0,570,590,140,0,730
E07000005,Chiltern,2007-08,80,10,0,80,120,0,0,120
E07000006,South Bucks,2007-08,420,30,0,450,180,30,0,210
E07000007,Wycombe,2007-08,420,100,0,520,460,120,0,580
E07000008,Cambridge,2007-08,220,90,0,310,360,100,0,460
E07000009,East Cambridgeshire,2007-08,520,140,0,660,670,80,0,740
E07000010,Fenland,2007-08,520,10,0,530,600,30,0,630
E07000011,Huntingdonshire,2007-08,650,130,0,770,490,40,0,530
E07000012,South Cambridgeshire,2007-08,770,40,0,810,830,80,0,900
E07000013,Chester,2007-08,190,0,0,190,170,0,0,170
E07000014,Congleton,2007-08,110,0,0,110,80,0,0,90
E07000015,Crewe and Nantwich,2007-08,420,20,0,450,520,0,0,520
E07000016,Ellesmere Port & Neston,2007-08,220,60,70,350,180,30,0,210
E07000017,Macclesfield,2007-08,110,0,0,110,110,0,0,110
E07000018,Vale Royal,2007-08,140,0,0,140,220,10,0,230
E07000019,Caradon,2007-08,310,50,0,360,170,20,0,190
E07000020,Carrick,2007-08,310,170,0,480,430,110,0,530
E07000021,Kerrier,2007-08,270,10,0,280,300,20,0,330
E07000022,North Cornwall,2007-08,280,10,0,290,330,70,0,400
E07000023,Penwith,2007-08,180,40,0,220,160,30,0,190
E07000024,Restormel,2007-08,540,90,0,630,390,40,0,440
E07000026,Allerdale,2007-08,170,30,0,190,180,20,0,200
E07000027,Barrow-in-Furness,2007-08,70,0,0,70,120,0,0,120
E07000028,Carlisle,2007-08,350,0,0,350,250,0,0,250
E07000029,Copeland,2007-08,100,0,0,100,170,0,0,170
E07000030,Eden,2007-08,70,20,0,90,130,20,0,140
E07000031,South Lakeland,2007-08,130,60,0,190,140,20,0,160
E07000032,Amber Valley,2007-08,250,60,0,320,390,30,0,420
E07000033,Bolsover,2007-08,220,30,0,240,160,0,0,160
E07000034,Chesterfield,2007-08,170,0,0,170,250,10,0,260
E07000035,Derbyshire Dales,2007-08,100,20,0,120,160,20,0,180
E07000036,Erewash,2007-08,260,40,0,300,200,70,0,270
E07000037,High Peak,2007-08,170,0,0,170,190,0,0,190
E07000038,North East Derbyshire,2007-08,150,10,0,160,270,20,0,290
E07000039,South Derbyshire,2007-08,480,60,0,540,570,0,0,570
E07000040,East Devon,2007-08,240,0,0,240,160,10,0,170
E07000041,Exeter,2007-08,110,0,0,110,250,10,0,260
E07000042,Mid Devon,2007-08,320,30,0,340,310,40,0,350
E07000043,North Devon,2007-08,300,30,0,330,290,40,0,330
E07000044,South Hams,2007-08,130,10,0,140,90,0,0,90
E07000045,Teignbridge,2007-08,220,10,0,240,220,0,0,220
E07000046,Torridge,2007-08,220,20,0,240,370,20,0,390
E07000047,West Devon,2007-08,350,90,0,440,440,70,0,500
E07000048,Christchurch,2007-08,90,0,0,90,140,0,0,140
E07000049,East Dorset,2007-08,100,0,0,100,90,0,0,90
E07000050,North Dorset,2007-08,110,10,0,120,210,0,0,210
E07000051,Purbeck,2007-08,230,10,0,240,200,30,0,230
E07000052,West Dorset,2007-08,250,10,0,260,240,30,0,260
E07000053,Weymouth and Portland,2007-08,100,30,0,130,160,40,0,200
E07000054,Chester-le-Street,2007-08,190,20,0,210,150,10,0,150
E07000056,County Durham,2007-08,280,70,0,350,450,20,0,480
E07000055,Derwentside,2007-08,720,0,0,730,660,0,0,660
E07000057,Easington,2007-08,470,0,0,470,580,0,0,580
E07000058,Sedgefield,2007-08,210,80,0,290,210,0,0,220
E07000059,Teesdale,2007-08,30,0,0,30,20,10,0,30
E07000060,Wear Valley,2007-08,470,0,0,470,400,0,0,400
E07000061,Eastbourne,2007-08,290,80,0,380,30,0,0,30
E07000062,Hastings,2007-08,100,0,0,100,100,40,0,140
E07000063,Lewes,2007-08,180,50,0,230,240,0,0,240
E07000064,Rother,2007-08,250,30,0,280,250,40,0,290
E07000065,Wealden,2007-08,220,20,0,240,260,0,0,260
E07000066,Basildon,2007-08,660,150,0,810,430,300,0,730
E07000067,Braintree,2007-08,320,60,0,380,500,80,0,580
E07000068,Brentwood,2007-08,260,70,0,330,70,90,0,160
E07000069,Castle Point,2007-08,110,0,0,110,80,20,0,90
E07000070,Chelmsford,2007-08,450,150,0,600,700,220,0,920
E07000071,Colchester,2007-08,1050,90,0,1140,1410,80,0,1490
E07000072,Epping Forest,2007-08,120,70,0,180,80,10,0,90
E07000073,Harlow,2007-08,180,100,0,280,130,30,0,160
E07000074,Maldon,2007-08,120,10,0,130,140,0,0,150
E07000075,Rochford,2007-08,130,30,0,160,200,40,0,250
E07000076,Tendring,2007-08,280,20,0,300,350,20,0,370
E07000077,Uttlesford,2007-08,540,120,0,660,390,30,0,420
E07000078,Cheltenham,2007-08,380,40,0,420,530,60,0,600
E07000079,Cotswold,2007-08,250,10,0,260,90,20,0,110
E07000080,Forest of Dean,2007-08,190,40,0,230,170,40,0,210
E07000081,Gloucester,2007-08,760,200,0,960,740,130,0,870
E07000082,Stroud,2007-08,390,60,0,450,290,60,0,350
E07000083,Tewkesbury,2007-08,470,120,0,590,330,80,0,410
E07000084,Basingstoke and Deane,2007-08,1150,410,0,1570,970,210,0,1180
E07000085,East Hampshire,2007-08,400,170,0,570,390,60,0,450
E07000086,Eastleigh,2007-08,310,150,0,460,520,80,0,600
E07000087,Fareham,2007-08,360,40,0,390,500,60,0,550
E07000088,Gosport,2007-08,140,20,0,160,200,70,0,270
E07000089,Hart,2007-08,50,0,0,50,290,0,0,290
E07000090,Havant,2007-08,210,30,0,240,150,40,0,190
E07000091,New Forest,2007-08,310,30,0,350,270,10,0,280
E07000092,Rushmoor,2007-08,230,90,0,320,170,40,0,210
E07000093,Test Valley,2007-08,260,0,0,260,310,50,0,360
E07000094,Winchester,2007-08,640,40,0,680,670,50,0,720
E07000095,Broxbourne,2007-08,270,30,0,300,200,40,0,230
E07000096,Dacorum,2007-08,310,80,0,390,300,10,0,320
E07000242,East Hertfordshire,2007-08,270,60,0,340,210,90,0,310
E07000098,Hertsmere,2007-08,140,30,0,160,270,50,0,320
E07000099,North Hertfordshire,2007-08,320,10,0,320,480,60,0,540
E07000240,St Albans,2007-08,210,170,0,370,150,10,0,160
E07000243,Stevenage,2007-08,50,140,0,190,160,210,0,370
E07000102,Three Rivers,2007-08,230,80,0,310,210,20,0,230
E07000103,Watford,2007-08,380,90,0,470,140,60,0,200
E07000241,Welwyn Hatfield,2007-08,160,40,0,190,480,210,0,690
E07000105,Ashford,2007-08,290,50,0,350,770,50,20,840
E07000106,Canterbury,2007-08,450,60,0,510,450,20,0,460
E07000107,Dartford,2007-08,430,130,0,560,700,210,0,910
E07000108,Dover,2007-08,280,0,0,280,160,0,0,160
E07000112,Folkestone and Hythe,2007-08,300,30,0,330,240,0,0,250
E07000109,Gravesham,2007-08,210,140,0,350,170,70,0,240
E07000110,Maidstone,2007-08,940,450,0,1390,400,320,0,720
E07000111,Sevenoaks,2007-08,130,30,0,160,130,10,0,130
E07000113,Swale,2007-08,820,130,0,950,730,60,0,780
E07000114,Thanet,2007-08,130,0,0,130,60,0,0,70
E07000115,Tonbridge and Malling,2007-08,370,220,0,590,340,120,0,460
E07000116,Tunbridge Wells,2007-08,210,20,0,230,350,40,0,390
E07000117,Burnley,2007-08,220,0,0,220,190,0,0,190
E07000118,Chorley,2007-08,310,0,0,310,300,0,0,300
E07000119,Fylde,2007-08,290,0,0,300,250,0,0,260
E07000120,Hyndburn,2007-08,20,10,0,30,40,10,0,50
E07000121,Lancaster,2007-08,230,0,0,230,130,0,0,130
E07000122,Pendle,2007-08,120,10,30,160,120,0,0,120
E07000123,Preston,2007-08,160,0,10,160,230,0,90,320
E07000124,Ribble Valley,2007-08,20,20,0,30,30,0,0,30
E07000125,Rossendale,2007-08,190,0,0,190,220,0,0,220
E07000126,South Ribble,2007-08,260,0,0,260,280,0,0,280
E07000127,West Lancashire,2007-08,60,10,0,70,60,20,0,80
E07000128,Wyre,2007-08,200,30,0,220,220,20,0,240
E07000129,Blaby,2007-08,190,40,0,230,240,70,0,310
E07000130,Charnwood,2007-08,720,100,0,820,910,20,0,930
E07000131,Harborough,2007-08,330,20,0,340,450,30,0,480
E07000132,Hinckley and Bosworth,2007-08,450,20,0,470,410,0,0,420
E07000133,Melton,2007-08,340,0,0,340,70,0,0,70
E07000134,North West Leicestershire,2007-08,250,10,0,260,460,10,0,470
E07000135,Oadby and Wigston,2007-08,20,10,0,30,40,30,0,70
E07000136,Boston,2007-08,310,40,0,350,250,60,0,310
E07000137,East Lindsey,2007-08,620,130,0,750,600,70,0,680
E07000138,Lincoln,2007-08,360,0,0,360,390,0,0,390
E07000139,North Kesteven,2007-08,640,10,0,650,620,0,0,620
E07000140,South Holland,2007-08,480,20,0,500,480,40,10,520
E07000141,South Kesteven,2007-08,610,100,0,710,770,30,0,790
E07000142,West Lindsey,2007-08,420,30,0,440,430,0,0,440
E07000143,Breckland,2007-08,630,20,0,650,540,0,0,540
E07000144,Broadland,2007-08,210,50,40,300,140,20,40,210
E07000145,Great Yarmouth,2007-08,220,0,0,220,230,50,0,280
E07000146,King's Lynn and West Norfolk,2007-08,570,60,0,630,670,80,0,760
E07000147,North Norfolk,2007-08,220,60,0,280,200,40,0,250
E07000148,Norwich,2007-08,540,80,0,620,840,90,0,930
E07000149,South Norfolk,2007-08,700,180,0,880,530,180,0,710
E07000150,Corby,2007-08,630,60,0,690,860,0,0,860
E07000151,Daventry,2007-08,170,50,0,220,190,40,0,230
E07000152,East Northamptonshire,2007-08,300,10,0,310,360,80,0,440
E07000153,Kettering,2007-08,490,80,0,560,410,50,0,460
E07000154,Northampton,2007-08,420,260,0,680,800,260,0,1060
E07000155,South Northamptonshire,2007-08,190,20,0,210,150,10,0,170
E07000156,Wellingborough,2007-08,110,10,0,120,210,70,0,280
E07000157,Alnwick,2007-08,220,0,0,220,160,0,0,160
E07000158,Berwick-upon-Tweed,2007-08,100,0,0,100,90,0,0,90
E07000159,Blyth Valley,2007-08,220,0,0,220,180,0,0,180
E07000160,Castle Morpeth,2007-08,120,0,0,120,160,20,0,180
E07000161,Tynedale,2007-08,140,80,0,230,80,40,0,110
E07000162,Wansbeck,2007-08,180,90,0,270,230,30,0,250
E07000163,Craven,2007-08,180,0,0,180,90,0,0,90
E07000164,Hambleton,2007-08,350,0,0,350,270,0,0,270
E07000165,Harrogate,2007-08,290,20,0,310,230,70,0,300
E07000166,Richmondshire,2007-08,90,0,0,90,90,0,0,90
E07000167,Ryedale,2007-08,190,0,0,190,180,0,0,180
E07000168,Scarborough,2007-08,400,0,0,400,310,0,0,310
E07000169,Selby,2007-08,470,0,0,470,540,0,0,540
E07000170,Ashfield,2007-08,490,80,0,570,480,50,0,540
E07000171,Bassetlaw,2007-08,380,0,0,380,350,0,0,360
E07000172,Broxtowe,2007-08,210,10,0,230,330,0,0,330
E07000173,Gedling,2007-08,330,40,0,370,410,50,0,460
E07000174,Mansfield,2007-08,300,30,0,330,270,10,0,280
E07000175,Newark and Sherwood,2007-08,360,10,0,360,290,0,0,290
E07000176,Rushcliffe,2007-08,350,40,0,390,290,20,0,310
E07000177,Cherwell,2007-08,350,70,0,420,310,20,0,330
E07000178,Oxford,2007-08,370,140,0,500,440,140,0,580
E07000179,South Oxfordshire,2007-08,140,90,0,220,240,150,0,390
E07000180,Vale of White Horse,2007-08,450,40,0,480,470,100,0,570
E07000181,West Oxfordshire,2007-08,360,70,0,420,460,60,0,520
E07000182,Bridgnorth,2007-08,140,30,0,170,90,0,0,90
E07000188,Sedgemoor,2007-08,250,50,0,290,170,10,0,180
E07000185,Shrewsbury and Atcham,2007-08,360,50,0,410,240,10,10,250
E07000191,South Shropshire,2007-08,130,140,0,260,100,0,0,100
E07000189,South Somerset,2007-08,200,0,0,200,180,0,0,180
E07000187,Mendip,2007-08,400,60,0,460,370,10,0,380
E07000188,Sedgemoor,2007-08,430,20,0,450,270,0,0,270
E07000189,South Somerset,2007-08,390,110,0,500,360,110,0,480
E07000190,Taunton Deane,2007-08,430,60,0,480,180,50,0,230
E07000191,West Somerset,2007-08,60,0,0,60,100,0,0,100
E07000192,Cannock Chase,2007-08,270,30,0,300,300,90,0,380
E07000193,East Staffordshire,2007-08,440,40,0,470,410,20,0,430
E07000194,Lichfield,2007-08,290,50,0,340,430,10,0,440
E07000195,Newcastle-under-Lyme,2007-08,280,0,0,280,180,0,0,180
E07000196,South Staffordshire,2007-08,220,110,0,330,260,30,0,290
E07000197,Stafford,2007-08,280,30,0,300,230,60,0,280
E07000198,Staffordshire Moorlands,2007-08,170,0,0,170,190,0,0,190
E07000199,Tamworth,2007-08,200,70,0,270,150,70,0,220
E07000200,Babergh,2007-08,290,60,0,350,200,10,0,210
E07000201,Forest Heath,2007-08,300,120,0,420,380,140,0,520
E07000202,Ipswich,2007-08,1280,60,0,1350,780,80,0,860
E07000203,Mid Suffolk,2007-08,490,50,0,540,480,30,0,510
E07000204,St Edmundsbury,2007-08,340,130,0,470,420,120,0,540
E07000205,Suffolk Coastal,2007-08,390,10,0,400,370,0,0,370
E07000206,Waveney,2007-08,280,10,0,290,240,10,0,240
E07000207,Elmbridge,2007-08,320,20,0,340,290,60,0,340
E07000208,Epsom and Ewell,2007-08,120,70,0,190,230,80,0,310
E07000209,Guildford,2007-08,160,10,0,180,530,20,0,550
E07000210,Mole Valley,2007-08,150,10,0,160,190,60,0,250
E07000211,Reigate and Banstead,2007-08,840,80,0,920,510,70,0,580
E07000212,Runnymede,2007-08,290,130,0,420,150,20,0,170
E07000213,Spelthorne,2007-08,190,10,0,200,140,0,0,140
E07000214,Surrey Heath,2007-08,170,0,0,170,110,10,0,120
E07000215,Tandridge,2007-08,290,10,0,290,240,60,0,290
E07000216,Waverley,2007-08,180,40,0,220,170,0,0,170
E07000217,Woking,2007-08,720,10,0,720,330,30,0,360
E07000218,North Warwickshire,2007-08,80,50,0,120,40,10,0,60
E07000219,Nuneaton and Bedworth,2007-08,280,140,0,410,180,30,0,210
E07000220,Rugby,2007-08,350,110,0,460,580,70,0,650
E07000221,Stratford-on-Avon,2007-08,300,60,0,350,310,50,0,360
E07000222,Warwick,2007-08,330,190,0,520,230,140,0,370
E07000223,Adur,2007-08,90,0,0,90,160,20,0,180
E07000224,Arun,2007-08,530,50,0,580,350,30,0,380
E07000225,Chichester,2007-08,400,130,0,530,310,90,0,400
E07000226,Crawley,2007-08,490,50,0,540,470,250,0,720
E07000227,Horsham,2007-08,300,40,0,340,260,60,0,320
E07000228,Mid Sussex,2007-08,430,170,0,590,350,60,0,410
E07000229,Worthing,2007-08,170,80,0,250,140,20,0,160
E07000230,Kennet,2007-08,380,80,0,450,340,100,0,440
E07000231,North Wiltshire,2007-08,340,40,0,380,450,60,0,510
E07000232,Salisbury,2007-08,370,60,0,420,400,40,0,440
E07000233,West Wiltshire,2007-08,350,100,0,450,530,50,0,580
E07000234,Bromsgrove,2007-08,90,100,0,190,120,40,0,160
E07000235,Malvern Hills,2007-08,150,30,0,180,120,10,0,120
E07000236,Redditch,2007-08,100,10,0,110,250,30,0,270
E07000237,Worcester,2007-08,330,20,0,350,250,30,0,280
E07000238,Wychavon,2007-08,190,20,0,220,140,30,0,170
E07000239,Wyre Forest,2007-08,290,70,0,360,140,30,0,170
E06000022,Bath and North East Somerset,2008-09,180,70,0,250,140,50,0,190
E06000008,Blackburn with Darwen,2008-09,260,40,0,300,120,0,0,120
E06000009,Blackpool,2008-09,10,40,0,50,10,10,0,20
E06000028,Bournemouth,2008-09,420,0,0,420,1180,10,0,1200
E06000036,Bracknell Forest,2008-09,330,40,0,370,200,170,0,380
E06000043,Brighton and Hove,2008-09,140,0,0,140,200,210,0,400
E06000023,"Bristol, City of",2008-09,810,120,0,930,1210,280,0,1490
E06000005,Darlington,2008-09,80,0,0,80,170,0,0,170
E06000015,Derby,2008-09,250,50,0,300,440,30,0,470
E06000011,East Riding of Yorkshire,2008-09,160,0,0,160,370,10,0,380
E06000006,Halton,2008-09,190,50,0,240,260,50,0,300
E06000001,Hartlepool,2008-09,140,40,0,180,130,20,0,150
E06000019,"Herefordshire, County of",2008-09,270,70,0,340,470,40,0,510
E06000046,Isle of Wight,2008-09,300,70,0,370,550,60,0,620
E06000053,Isles of Scilly,2008-09,0,0,0,0,0,10,0,10
E06000010,"Kingston upon Hull, City of",2008-09,510,0,0,510,390,0,0,390
E06000016,Leicester,2008-09,230,40,0,270,440,50,0,490
E06000032,Luton,2008-09,180,0,0,180,210,40,0,250
E06000035,Medway,2008-09,340,190,0,530,530,260,0,790
E06000002,Middlesbrough,2008-09,50,120,0,170,70,30,0,100
E06000042,Milton Keynes,2008-09,690,420,0,1110,1190,640,0,1830
E06000012,North East Lincolnshire,2008-09,50,40,0,90,190,40,0,230
E06000013,North Lincolnshire,2008-09,150,10,0,160,330,20,0,350
E06000024,North Somerset,2008-09,370,60,0,430,570,110,0,680
E06000018,Nottingham,2008-09,210,30,0,240,390,10,0,400
E06000031,Peterborough,2008-09,310,490,0,800,420,260,0,680
E06000026,Plymouth,2008-09,110,120,0,230,550,90,0,640
E06000029,Poole,2008-09,330,0,0,330,420,20,0,430
E06000044,Portsmouth,2008-09,340,260,0,600,780,250,0,1030
E06000038,Reading,2008-09,350,110,0,450,400,40,0,440
E06000003,Redcar and Cleveland,2008-09,160,150,0,310,270,130,0,400
E06000017,Rutland,2008-09,40,0,0,40,70,40,0,110
E06000039,Slough,2008-09,210,50,0,260,390,200,0,590
E06000025,South Gloucestershire,2008-09,320,290,0,610,400,460,0,870
E06000045,Southampton,2008-09,890,10,0,900,470,10,0,480
E06000033,Southend-on-Sea,2008-09,90,80,0,160,170,70,0,240
E06000004,Stockton-on-Tees,2008-09,190,40,0,230,570,30,0,600
E06000021,Stoke-on-Trent,2008-09,160,20,0,170,370,40,0,410
E06000030,Swindon,2008-09,350,230,0,580,860,80,0,940
E06000020,Telford and Wrekin,2008-09,330,70,0,400,310,70,0,390
E06000034,Thurrock,2008-09,180,50,0,230,140,10,0,150
E06000027,Torbay,2008-09,180,10,0,190,300,80,0,390
E06000007,Warrington,2008-09,250,10,0,260,460,50,0,510
E06000037,West Berkshire,2008-09,160,40,0,200,320,130,0,450
E06000040,Windsor and Maidenhead,2008-09,130,160,0,290,350,140,0,490
E06000041,Wokingham,2008-09,180,20,0,200,330,50,0,380
E06000014,York,2008-09,320,0,0,320,240,0,0,240
E09000002,Barking and Dagenham,2008-09,20,70,0,100,120,250,0,370
E09000003,Barnet,2008-09,290,230,0,520,620,450,0,1060
E09000004,Bexley,2008-09,90,130,0,220,70,20,0,100
E09000005,Brent,2008-09,380,340,0,720,270,300,0,570
E09000006,Bromley,2008-09,190,90,0,280,530,70,0,600
E09000007,Camden,2008-09,100,0,0,100,260,60,0,320
E09000001,City of London,2008-09,280,0,0,280,0,0,0,0
E09000008,Croydon,2008-09,360,290,0,650,550,230,0,780
E09000009,Ealing,2008-09,350,150,0,500,320,430,0,750
E09000010,Enfield,2008-09,440,120,0,560,260,180,0,440
E09000011,Greenwich,2008-09,600,260,0,850,660,320,0,980
E09000012,Hackney,2008-09,310,390,0,700,440,850,0,1290
E09000013,Hammersmith and Fulham,2008-09,60,0,0,60,80,10,0,90
E09000014,Haringey,2008-09,90,130,0,220,160,370,0,540
E09000015,Harrow,2008-09,210,120,0,330,370,140,0,510
E09000016,Havering,2008-09,220,150,0,370,280,440,0,730
E09000017,Hillingdon,2008-09,170,150,0,320,410,120,10,550
E09000018,Hounslow,2008-09,400,390,0,790,750,460,0,1210
E09000019,Islington,2008-09,380,260,0,630,500,150,0,650
E09000020,Kensington and Chelsea,2008-09,80,50,0,130,10,40,0,50
E09000021,Kingston upon Thames,2008-09,80,0,0,80,160,0,0,170
E09000022,Lambeth,2008-09,600,830,0,1430,280,160,0,440
E09000023,Lewisham,2008-09,390,190,0,570,120,90,0,210
E09000024,Merton,2008-09,160,140,0,300,170,400,0,570
E09000025,Newham,2008-09,330,160,0,490,800,380,0,1180
E09000026,Redbridge,2008-09,210,70,0,280,420,80,0,500
E09000027,Richmond upon Thames,2008-09,150,40,0,190,230,90,0,330
E09000028,Southwark,2008-09,660,260,0,920,690,170,0,860
E09000029,Sutton,2008-09,160,30,0,190,330,20,0,350
E09000030,Tower Hamlets,2008-09,800,480,0,1280,2330,330,0,2660
E09000031,Waltham Forest,2008-09,150,30,0,180,260,170,0,430
E09000032,Wandsworth,2008-09,340,20,0,360,640,70,0,710
E09000033,Westminster,2008-09,110,30,0,140,80,410,0,480
E08000001,Bolton,2008-09,250,0,0,250,640,0,0,640
E08000002,Bury,2008-09,150,0,0,150,160,0,0,160
E08000003,Manchester,2008-09,690,30,0,720,3060,0,0,3060
E08000004,Oldham,2008-09,170,30,0,200,300,30,0,330
E08000005,Rochdale,2008-09,120,0,0,120,300,10,0,310
E08000006,Salford,2008-09,150,0,0,150,690,0,0,690
E08000007,Stockport,2008-09,100,50,0,150,270,40,0,300
E08000008,Tameside,2008-09,290,100,0,380,620,10,0,630
E08000009,Trafford,2008-09,100,30,0,120,380,10,0,390
E08000010,Wigan,2008-09,310,0,0,310,560,0,0,560
E08000011,Knowsley,2008-09,150,0,0,150,320,0,0,320
E08000012,Liverpool,2008-09,330,50,0,380,1630,280,0,1910
E08000014,Sefton,2008-09,70,30,0,110,200,120,0,320
E08000013,St. Helens,2008-09,380,30,0,410,450,0,0,450
E08000015,Wirral,2008-09,240,20,0,260,300,20,10,320
E08000016,Barnsley,2008-09,290,40,0,330,830,0,0,830
E08000017,Doncaster,2008-09,230,20,0,250,430,20,0,440
E08000018,Rotherham,2008-09,280,20,0,300,760,60,0,820
E08000019,Sheffield,2008-09,580,20,0,600,1150,30,0,1170
E08000020,Gateshead,2008-09,10,0,0,10,60,0,0,60
E08000037,Gateshead,2008-09,160,0,0,160,280,10,0,280
E08000021,Newcastle upon Tyne,2008-09,30,80,30,140,160,20,10,190
E08000022,North Tyneside,2008-09,60,90,0,150,110,10,0,120
E08000023,South Tyneside,2008-09,90,40,0,130,270,20,0,290
E08000024,Sunderland,2008-09,270,100,0,370,180,180,0,360
E08000025,Birmingham,2008-09,1160,230,0,1400,1760,230,0,1990
E08000026,Coventry,2008-09,150,120,0,260,470,90,0,560
E08000027,Dudley,2008-09,300,0,0,310,410,40,0,450
E08000028,Sandwell,2008-09,190,30,10,220,550,50,0,600
E08000029,Solihull,2008-09,180,10,0,190,300,20,0,320
E08000030,Walsall,2008-09,400,30,90,520,390,60,120,570
E08000031,Wolverhampton,2008-09,160,20,0,170,220,20,0,240
E08000032,Bradford,2008-09,170,100,0,260,670,100,0,770
E08000033,Calderdale,2008-09,180,60,0,240,480,40,0,520
E08000034,Kirklees,2008-09,380,10,0,390,620,10,0,630
E08000035,Leeds,2008-09,950,120,0,1070,2810,100,0,2910
E08000036,Wakefield,2008-09,590,220,0,810,940,270,0,1210
E07000002,Bedford,2008-09,300,80,0,380,530,140,0,660
E07000001,Mid Bedfordshire,2008-09,300,80,0,380,340,100,0,440
E07000003,South Bedfordshire,2008-09,140,50,0,190,210,30,0,250
E07000004,Aylesbury Vale,2008-09,210,250,0,450,440,200,0,640
E07000005,Chiltern,2008-09,120,10,0,130,60,10,0,70
E07000006,South Bucks,2008-09,70,0,0,70,230,10,0,240
E07000007,Wycombe,2008-09,260,190,0,450,360,50,0,410
E07000008,Cambridge,2008-09,140,80,0,220,230,110,0,350
E07000009,East Cambridgeshire,2008-09,170,70,0,240,380,130,0,510
E07000010,Fenland,2008-09,130,10,0,140,400,10,0,410
E07000011,Huntingdonshire,2008-09,290,110,0,400,500,190,0,690
E07000012,South Cambridgeshire,2008-09,230,190,0,420,520,80,0,600
E07000013,Chester,2008-09,170,30,0,200,230,30,0,260
E07000014,Congleton,2008-09,60,50,0,110,80,20,0,100
E07000015,Crewe and Nantwich,2008-09,60,0,0,70,210,0,0,210
E07000016,Ellesmere Port & Neston,2008-09,10,10,0,20,90,20,0,110
E07000016,Ellesmere Port and Neston,2008-09,10,40,0,40,50,0,0,50
E07000017,Macclesfield,2008-09,70,0,0,70,80,0,0,80
E07000018,Vale Royal,2008-09,30,10,0,40,120,0,0,120
E07000019,Caradon,2008-09,260,0,0,260,410,30,0,440
E07000020,Carrick,2008-09,190,120,0,310,250,180,0,420
E07000025,Isles of Scilly,2008-09,0,0,0,0,0,0,0,0
E07000021,Kerrier,2008-09,200,70,0,270,270,50,0,320
E07000022,North Cornwall,2008-09,260,60,0,320,310,70,0,380
E07000023,Penwith,2008-09,170,50,0,220,70,10,0,80
E07000024,Restormel,2008-09,300,60,0,360,300,40,0,350
E07000026,Allerdale,2008-09,60,70,0,130,130,30,0,150
E07000027,Barrow-in-Furness,2008-09,80,0,0,80,60,0,0,60
E07000028,Carlisle,2008-09,150,0,0,150,340,0,0,340
E07000029,Copeland,2008-09,180,10,0,180,80,0,0,80
E07000030,Eden,2008-09,60,10,0,70,80,20,0,110
E07000031,South Lakeland,2008-09,120,50,0,170,80,20,0,100
E07000032,Amber Valley,2008-09,80,30,0,110,230,50,0,280
E07000033,Bolsover,2008-09,60,20,0,80,60,30,10,90
E07000034,Chesterfield,2008-09,10,0,20,30,70,0,30,100
E07000035,Derbyshire Dales,2008-09,40,10,0,50,90,20,0,110
E07000036,Erewash,2008-09,130,0,0,130,210,10,0,220
E07000037,High Peak,2008-09,50,0,0,50,90,10,0,100
E07000038,North East Derbyshire,2008-09,90,0,0,90,100,0,10,110
E07000039,South Derbyshire,2008-09,140,50,0,200,200,50,0,250
E07000040,East Devon,2008-09,120,10,0,120,170,10,0,170
E07000041,Exeter,2008-09,120,20,0,140,130,0,0,130
E07000042,Mid Devon,2008-09,150,50,0,200,240,70,0,310
E07000043,North Devon,2008-09,110,30,0,140,200,60,0,260
E07000044,South Hams,2008-09,130,40,0,170,100,20,0,120
E07000045,Teignbridge,2008-09,150,60,0,200,260,30,0,290
E07000046,Torridge,2008-09,200,10,0,210,290,20,0,310
E07000047,West Devon,2008-09,120,30,0,140,260,100,0,360
E07000048,Christchurch,2008-09,90,0,0,90,50,0,0,50
E07000049,East Dorset,2008-09,110,0,0,110,90,0,0,90
E07000050,North Dorset,2008-09,100,50,0,150,90,50,0,140
E07000051,Purbeck,2008-09,100,10,0,120,160,50,0,200
E07000052,West Dorset,2008-09,80,0,0,80,280,20,0,300
E07000053,Weymouth and Portland,2008-09,90,30,0,120,80,30,0,110
E07000054,Chester-le-Street,2008-09,60,20,0,80,80,20,0,100
E07000056,County Durham,2008-09,140,80,0,220,100,10,0,110
E07000055,Derwentside,2008-09,140,0,0,150,420,0,0,420
E07000057,Easington,2008-09,80,50,0,130,240,20,0,260
E07000058,Sedgefield,2008-09,70,40,0,120,60,70,0,130
E07000059,Teesdale,2008-09,30,10,0,40,30,0,0,30
E07000060,Wear Valley,2008-09,240,10,0,240,260,0,0,260
E07000061,Eastbourne,2008-09,40,80,0,110,130,50,0,170
E07000062,Hastings,2008-09,40,0,0,50,80,0,0,80
E07000063,Lewes,2008-09,70,20,0,100,150,60,0,210
E07000064,Rother,2008-09,60,0,0,60,200,30,0,230
E07000065,Wealden,2008-09,210,40,0,260,300,20,0,320
E07000066,Basildon,2008-09,210,170,0,370,390,240,0,630
E07000067,Braintree,2008-09,160,90,0,240,250,130,0,370
E07000068,Brentwood,2008-09,70,80,0,150,190,100,0,280
E07000069,Castle Point,2008-09,90,0,0,90,110,0,0,110
E07000070,Chelmsford,2008-09,200,90,0,290,460,200,0,660
E07000071,Colchester,2008-09,430,110,0,540,710,80,0,780
E07000072,Epping Forest,2008-09,90,40,0,130,90,30,0,120
E07000073,Harlow,2008-09,60,30,0,90,130,60,0,180
E07000074,Maldon,2008-09,30,30,0,60,130,20,0,150
E07000075,Rochford,2008-09,30,20,0,50,120,0,0,120
E07000076,Tendring,2008-09,220,80,0,300,260,20,0,290
E07000077,Uttlesford,2008-09,240,80,0,310,440,140,0,580
E07000078,Cheltenham,2008-09,190,40,0,230,580,60,0,630
E07000079,Cotswold,2008-09,230,20,0,250,140,70,0,210
E07000080,Forest of Dean,2008-09,90,20,0,110,260,30,0,290
E07000081,Gloucester,2008-09,120,100,0,220,310,230,0,540
E07000082,Stroud,2008-09,180,40,0,220,350,40,0,390
E07000083,Tewkesbury,2008-09,210,80,0,280,230,120,0,350
E07000084,Basingstoke and Deane,2008-09,730,330,0,1060,870,140,0,1010
E07000085,East Hampshire,2008-09,250,50,0,300,290,180,0,460
E07000086,Eastleigh,2008-09,210,150,30,380,340,190,0,530
E07000087,Fareham,2008-09,180,60,0,240,300,20,0,320
E07000088,Gosport,2008-09,40,0,0,40,110,20,0,130
E07000089,Hart,2008-09,10,0,0,10,60,0,0,60
E07000090,Havant,2008-09,70,50,0,110,150,40,0,180
E07000091,New Forest,2008-09,150,20,0,170,210,30,0,240
E07000092,Rushmoor,2008-09,220,270,0,490,160,140,0,290
E07000093,Test Valley,2008-09,180,50,0,230,80,20,0,110
E07000094,Winchester,2008-09,1260,60,0,1320,1560,50,0,1620
E07000095,Broxbourne,2008-09,120,50,30,190,110,50,30,190
E07000096,Dacorum,2008-09,130,10,0,140,270,90,0,360
E07000097,East Hertfordshire,2008-09,20,10,0,20,60,20,0,80
E07000242,East Hertfordshire,2008-09,270,30,0,300,150,40,0,180
E07000098,Hertsmere,2008-09,150,30,0,180,160,30,0,200
E07000099,North Hertfordshire,2008-09,140,70,0,220,160,30,0,190
E07000100,St Albans,2008-09,10,0,0,10,40,40,0,80
E07000240,St Albans,2008-09,120,20,0,140,190,60,0,240
E07000101,Stevenage,2008-09,10,0,0,10,10,40,0,40
E07000243,Stevenage,2008-09,140,50,0,190,140,40,0,180
E07000102,Three Rivers,2008-09,30,0,0,30,220,60,0,280
E07000103,Watford,2008-09,410,120,0,530,350,60,0,410
E07000104,Welwyn Hatfield,2008-09,50,0,0,50,20,0,0,20
E07000241,Welwyn Hatfield,2008-09,110,0,0,110,120,10,0,130
E07000105,Ashford,2008-09,130,20,0,150,190,60,0,250
E07000106,Canterbury,2008-09,150,50,0,210,530,10,0,540
E07000107,Dartford,2008-09,90,60,0,150,320,130,0,450
E07000108,Dover,2008-09,110,0,0,110,130,0,0,130
E07000112,Folkestone and Hythe,2008-09,140,70,0,200,190,70,0,260
E07000109,Gravesham,2008-09,80,80,0,160,590,110,0,710
E07000110,Maidstone,2008-09,550,190,0,730,690,320,0,1010
E07000111,Sevenoaks,2008-09,50,30,0,80,130,40,0,170
E07000113,Swale,2008-09,250,110,0,360,370,160,0,520
E07000114,Thanet,2008-09,160,160,0,320,80,0,0,80
E07000115,Tonbridge and Malling,2008-09,150,100,0,250,460,190,0,650
E07000116,Tunbridge Wells,2008-09,40,10,0,50,330,20,0,350
E07000117,Burnley,2008-09,80,0,0,80,210,0,0,210
E07000118,Chorley,2008-09,150,20,0,160,240,0,0,240
E07000119,Fylde,2008-09,60,0,0,60,240,0,0,240
E07000120,Hyndburn,2008-09,20,10,0,20,30,0,0,30
E07000121,Lancaster,2008-09,50,0,0,50,160,0,0,160
E07000122,Pendle,2008-09,30,0,0,30,140,30,0,170
E07000123,Preston,2008-09,90,20,0,100,310,20,30,360
E07000124,Ribble Valley,2008-09,20,50,0,70,40,30,0,70
E07000125,Rossendale,2008-09,40,40,0,80,70,0,0,70
E07000126,South Ribble,2008-09,100,0,0,100,190,0,0,190
E07000127,West Lancashire,2008-09,50,30,0,80,50,10,0,60
E07000128,Wyre,2008-09,110,0,0,120,100,20,0,120
E07000129,Blaby,2008-09,90,0,0,90,160,0,0,160
E07000130,Charnwood,2008-09,160,10,0,170,570,100,0,670
E07000131,Harborough,2008-09,340,100,0,440,220,10,0,230
E07000132,Hinckley and Bosworth,2008-09,290,0,0,290,350,30,0,370
E07000133,Melton,2008-09,120,0,0,120,290,0,0,290
E07000134,North West Leicestershire,2008-09,130,20,0,150,190,0,0,190
E07000135,Oadby and Wigston,2008-09,20,0,0,20,30,0,0,30
E07000136,Boston,2008-09,100,10,0,110,130,0,0,130
E07000137,East Lindsey,2008-09,280,190,0,470,470,280,0,750
E07000138,Lincoln,2008-09,140,170,0,320,220,0,0,220
E07000139,North Kesteven,2008-09,230,40,0,270,480,0,0,480
E07000140,South Holland,2008-09,120,10,0,130,350,50,0,400
E07000141,South Kesteven,2008-09,230,40,0,280,610,100,0,700
E07000142,West Lindsey,2008-09,100,110,0,210,350,50,0,390
E07000143,Breckland,2008-09,290,40,0,340,480,30,0,500
E07000144,Broadland,2008-09,130,60,0,200,200,50,40,290
E07000145,Great Yarmouth,2008-09,180,0,0,180,260,10,0,270
E07000146,King's Lynn and West Norfolk,2008-09,260,140,0,400,290,100,0,390
E07000147,North Norfolk,2008-09,160,30,0,190,370,50,0,420
E07000148,Norwich,2008-09,120,100,0,220,200,140,30,360
E07000149,South Norfolk,2008-09,250,80,0,330,510,270,0,780
E07000150,Corby,2008-09,200,70,0,270,410,90,0,500
E07000151,Daventry,2008-09,70,50,0,120,110,40,0,140
E07000152,East Northamptonshire,2008-09,80,70,0,150,230,10,0,240
E07000153,Kettering,2008-09,130,80,0,210,210,200,0,410
E07000154,Northampton,2008-09,150,170,0,320,570,180,0,750
E07000155,South Northamptonshire,2008-09,120,10,0,130,160,40,0,210
E07000156,Wellingborough,2008-09,120,90,0,210,70,50,0,120
E07000157,Alnwick,2008-09,100,0,0,100,140,0,0,140
E07000158,Berwick-upon-Tweed,2008-09,60,0,0,60,70,0,0,70
E07000159,Blyth Valley,2008-09,60,80,0,140,90,0,0,90
E07000160,Castle Morpeth,2008-09,40,0,0,40,120,0,0,120
E07000161,Tynedale,2008-09,40,30,0,70,60,40,0,100
E07000162,Wansbeck,2008-09,80,70,0,150,100,80,0,170
E07000163,Craven,2008-09,100,20,0,110,130,0,0,130
E07000164,Hambleton,2008-09,100,30,0,130,220,0,0,220
E07000165,Harrogate,2008-09,110,10,0,130,190,20,0,200
E07000166,Richmondshire,2008-09,60,0,0,60,50,0,0,50
E07000167,Ryedale,2008-09,50,50,0,100,100,0,0,100
E07000168,Scarborough,2008-09,170,10,0,180,220,0,0,220
E07000169,Selby,2008-09,140,0,0,140,230,0,0,230
E07000170,Ashfield,2008-09,150,110,0,260,280,50,0,330
E07000171,Bassetlaw,2008-09,140,0,0,140,320,0,0,320
E07000172,Broxtowe,2008-09,40,0,0,40,180,10,0,190
E07000173,Gedling,2008-09,200,0,0,200,200,10,0,220
E07000174,Mansfield,2008-09,100,0,0,100,170,20,0,200
E07000175,Newark and Sherwood,2008-09,150,60,0,220,230,0,0,230
E07000176,Rushcliffe,2008-09,70,10,0,90,250,20,0,270
E07000177,Cherwell,2008-09,160,70,0,230,180,50,0,230
E07000178,Oxford,2008-09,220,110,0,330,400,220,0,620
E07000179,South Oxfordshire,2008-09,70,70,0,140,130,40,0,170
E07000180,Vale of White Horse,2008-09,280,80,0,360,540,10,0,550
E07000181,West Oxfordshire,2008-09,190,50,0,240,370,50,0,420
E07000182,Bridgnorth,2008-09,90,50,0,140,160,30,0,190
E07000183,North Shropshire,2008-09,20,0,0,20,50,10,0,50
E07000184,Oswestry,2008-09,20,0,0,20,30,0,0,30
E07000188,Sedgemoor,2008-09,80,20,0,100,120,30,0,150
E07000185,Shrewsbury and Atcham,2008-09,150,60,0,200,140,40,0,180
E07000186,South Shropshire,2008-09,20,10,0,30,30,10,0,40
E07000191,South Shropshire,2008-09,30,50,0,90,70,40,0,110
E07000189,South Somerset,2008-09,40,0,0,40,80,0,0,80
E07000187,Mendip,2008-09,210,30,0,240,340,80,0,420
E07000188,Sedgemoor,2008-09,110,10,0,130,300,10,0,310
E07000189,South Somerset,2008-09,260,110,0,360,390,140,0,530
E07000190,Taunton Deane,2008-09,280,50,0,320,260,50,0,320
E07000191,West Somerset,2008-09,100,10,0,110,40,0,0,40
E07000192,Cannock Chase,2008-09,40,60,0,100,220,30,0,250
E07000193,East Staffordshire,2008-09,100,40,0,140,280,40,0,320
E07000194,Lichfield,2008-09,40,0,0,40,140,30,0,180
E07000195,Newcastle-under-Lyme,2008-09,130,10,0,140,230,20,0,250
E07000196,South Staffordshire,2008-09,100,20,0,120,170,80,0,260
E07000197,Stafford,2008-09,70,40,0,110,190,70,0,260
E07000198,Staffordshire Moorlands,2008-09,80,0,0,80,130,0,0,130
E07000199,Tamworth,2008-09,80,80,0,160,160,50,0,210
E07000200,Babergh,2008-09,160,0,0,160,260,70,0,330
E07000201,Forest Heath,2008-09,280,150,0,430,300,680,0,980
E07000202,Ipswich,2008-09,180,50,0,240,550,100,0,650
E07000203,Mid Suffolk,2008-09,180,10,0,190,330,90,0,410
E07000204,St Edmundsbury,2008-09,140,50,0,190,230,100,0,330
E07000205,Suffolk Coastal,2008-09,130,60,0,190,310,40,0,340
E07000206,Waveney,2008-09,110,0,0,110,320,20,0,330
E07000207,Elmbridge,2008-09,240,90,0,320,590,160,0,750
E07000208,Epsom and Ewell,2008-09,40,30,0,70,170,40,0,210
E07000209,Guildford,2008-09,140,40,0,170,230,10,0,250
E07000210,Mole Valley,2008-09,30,20,0,50,110,10,0,110
E07000211,Reigate and Banstead,2008-09,260,80,0,340,720,110,0,830
E07000212,Runnymede,2008-09,200,40,0,250,250,50,0,300
E07000213,Spelthorne,2008-09,140,30,0,170,150,80,0,230
E07000214,Surrey Heath,2008-09,30,0,0,30,210,80,0,290
E07000215,Tandridge,2008-09,170,30,0,190,240,10,0,250
E07000216,Waverley,2008-09,90,0,0,90,220,40,0,270
E07000217,Woking,2008-09,130,0,0,130,260,30,0,290
E07000218,North Warwickshire,2008-09,50,10,0,60,20,40,0,60
E07000219,Nuneaton and Bedworth,2008-09,30,40,0,70,210,120,0,330
E07000220,Rugby,2008-09,170,110,90,370,220,70,180,470
E07000221,Stratford-on-Avon,2008-09,90,30,0,110,180,50,0,230
E07000222,Warwick,2008-09,100,40,0,130,250,90,0,340
E07000223,Adur,2008-09,60,10,0,70,110,0,0,110
E07000224,Arun,2008-09,210,80,0,290,350,90,0,440
E07000225,Chichester,2008-09,300,90,0,390,320,200,0,520
E07000226,Crawley,2008-09,10,60,0,70,360,40,0,400
E07000227,Horsham,2008-09,140,30,0,170,250,30,0,280
E07000228,Mid Sussex,2008-09,210,20,0,230,400,80,0,480
E07000229,Worthing,2008-09,110,0,0,110,130,60,0,180
E07000230,Kennet,2008-09,100,60,0,160,420,40,0,460
E07000231,North Wiltshire,2008-09,150,50,0,200,260,130,0,380
E07000232,Salisbury,2008-09,200,110,0,310,340,70,0,410
E07000233,West Wiltshire,2008-09,120,80,0,200,280,130,0,410
E07000234,Bromsgrove,2008-09,30,50,0,80,70,50,0,120
E07000235,Malvern Hills,2008-09,60,70,0,130,100,40,0,140
E07000236,Redditch,2008-09,30,70,0,100,80,40,0,120
E07000237,Worcester,2008-09,140,0,0,140,280,10,0,300
E07000238,Wychavon,2008-09,130,10,0,140,220,20,0,240
E07000239,Wyre Forest,2008-09,60,0,0,60,210,30,0,240
E06000022,Bath and North East Somerset,2009-10,160,60,0,220,190,50,0,240
E06000055,Bedford,2009-10,390,190,0,580,210,150,0,360
E06000008,Blackburn with Darwen,2009-10,90,110,0,200,270,40,0,310
E06000009,Blackpool,2009-10,20,110,0,120,40,0,0,40
E06000028,Bournemouth,2009-10,360,10,0,370,550,10,0,560
E06000036,Bracknell Forest,2009-10,350,100,0,450,290,60,0,350
E06000043,Brighton and Hove,2009-10,60,20,0,80,200,50,0,250
E06000023,"Bristol, City of",2009-10,560,210,0,770,1480,470,70,2020
E06000056,Central Bedfordshire,2009-10,490,310,0,800,550,180,0,720
E06000049,Cheshire East,2009-10,270,30,0,290,380,50,0,430
E06000050,Cheshire West and Chester,2009-10,220,100,0,320,260,70,0,320
E06000052,Cornwall,2009-10,1000,190,20,1200,1020,320,10,1340
E06000047,County Durham,2009-10,490,50,0,540,690,30,0,720
E06000005,Darlington,2009-10,130,0,0,130,170,0,0,170
E06000015,Derby,2009-10,380,60,0,440,570,110,0,680
E06000011,East Riding of Yorkshire,2009-10,360,0,0,360,320,0,0,320
E06000006,Halton,2009-10,130,80,0,210,200,60,0,250
E06000001,Hartlepool,2009-10,230,0,0,230,230,0,0,230
E06000019,"Herefordshire, County of",2009-10,190,40,0,230,250,60,0,310
E06000046,Isle of Wight,2009-10,220,80,0,300,430,140,0,580
E06000053,Isles of Scilly,2009-10,0,0,0,0,0,0,0,0
E06000010,"Kingston upon Hull, City of",2009-10,140,20,0,160,220,10,0,230
E06000016,Leicester,2009-10,410,40,0,450,410,30,0,440
E06000032,Luton,2009-10,120,70,0,190,120,70,0,190
E06000035,Medway,2009-10,320,190,0,500,390,200,0,590
E06000002,Middlesbrough,2009-10,160,130,0,280,140,180,0,320
E06000042,Milton Keynes,2009-10,950,250,0,1190,1100,510,0,1610
E06000012,North East Lincolnshire,2009-10,230,20,0,240,180,40,0,220
E06000013,North Lincolnshire,2009-10,220,0,0,220,280,10,0,290
E06000024,North Somerset,2009-10,460,10,0,460,610,40,0,650
E06000048,Northumberland,2009-10,310,100,0,410,270,160,0,430
E06000018,Nottingham,2009-10,70,20,0,90,660,20,0,680
E06000031,Peterborough,2009-10,290,230,0,520,480,560,0,1040
E06000026,Plymouth,2009-10,130,50,0,190,140,60,0,200
E06000029,Poole,2009-10,240,0,0,240,440,0,0,440
E06000044,Portsmouth,2009-10,120,40,0,160,280,230,0,510
E06000038,Reading,2009-10,360,50,0,410,330,150,0,480
E06000003,Redcar and Cleveland,2009-10,110,130,0,240,140,60,0,210
E06000017,Rutland,2009-10,30,10,0,40,60,0,0,60
E06000051,Shropshire,2009-10,300,140,0,430,370,110,0,480
E06000039,Slough,2009-10,150,90,0,240,210,100,0,310
E06000025,South Gloucestershire,2009-10,310,540,0,850,450,390,0,840
E06000045,Southampton,2009-10,620,10,0,630,200,20,0,210
E06000033,Southend-on-Sea,2009-10,120,0,0,120,160,60,0,230
E06000004,Stockton-on-Tees,2009-10,390,50,0,440,530,110,0,630
E06000021,Stoke-on-Trent,2009-10,210,140,0,350,330,20,0,350
E06000030,Swindon,2009-10,680,200,0,880,770,300,0,1070
E06000020,Telford and Wrekin,2009-10,390,80,0,460,320,100,0,410
E06000034,Thurrock,2009-10,140,140,0,280,130,80,0,210
E06000027,Torbay,2009-10,120,70,0,180,180,50,0,230
E06000007,Warrington,2009-10,460,20,0,480,340,0,0,340
E06000037,West Berkshire,2009-10,140,0,0,140,270,10,0,280
E06000054,Wiltshire,2009-10,680,160,0,840,560,220,0,780
E06000040,Windsor and Maidenhead,2009-10,160,0,0,160,240,150,0,390
E06000041,Wokingham,2009-10,190,50,0,230,240,20,0,260
E06000014,York,2009-10,390,0,0,390,510,20,0,540
E09000002,Barking and Dagenham,2009-10,90,90,0,190,170,130,0,300
E09000003,Barnet,2009-10,1150,1200,0,2350,510,140,0,650
E09000004,Bexley,2009-10,50,50,0,100,110,250,0,360
E09000005,Brent,2009-10,270,350,0,620,360,280,0,640
E09000006,Bromley,2009-10,280,160,0,440,370,70,0,440
E09000007,Camden,2009-10,110,30,0,140,270,260,0,530
E09000001,City of London,2009-10,0,0,0,0,30,0,0,30
E09000008,Croydon,2009-10,250,200,0,450,550,570,0,1110
E09000009,Ealing,2009-10,220,180,0,390,170,310,0,490
E09000010,Enfield,2009-10,120,810,0,940,150,50,0,190
E09000011,Greenwich,2009-10,1020,280,0,1300,330,300,0,620
E09000012,Hackney,2009-10,520,180,0,710,540,380,0,920
E09000013,Hammersmith and Fulham,2009-10,10,10,0,20,530,0,0,530
E09000014,Haringey,2009-10,260,40,0,300,250,160,0,410
E09000015,Harrow,2009-10,110,250,0,360,290,100,0,390
E09000016,Havering,2009-10,190,190,0,380,200,40,0,250
E09000017,Hillingdon,2009-10,230,210,20,460,250,150,0,400
E09000018,Hounslow,2009-10,270,130,0,400,740,710,0,1450
E09000019,Islington,2009-10,510,50,10,560,570,460,0,1030
E09000020,Kensington and Chelsea,2009-10,60,20,10,90,190,10,0,200
E09000021,Kingston upon Thames,2009-10,40,30,0,70,80,0,0,80
E09000022,Lambeth,2009-10,100,30,0,130,410,500,10,920
E09000023,Lewisham,2009-10,300,230,0,540,460,220,0,680
E09000024,Merton,2009-10,130,180,0,310,140,80,0,210
E09000025,Newham,2009-10,340,90,0,430,510,200,0,700
E09000026,Redbridge,2009-10,280,50,0,330,580,220,0,810
E09000027,Richmond upon Thames,2009-10,110,0,0,110,110,50,0,160
E09000028,Southwark,2009-10,590,90,0,680,860,220,0,1080
E09000029,Sutton,2009-10,30,140,0,160,200,180,0,380
E09000030,Tower Hamlets,2009-10,1270,530,0,1800,2470,610,0,3080
E09000031,Waltham Forest,2009-10,80,50,0,130,150,260,0,410
E09000032,Wandsworth,2009-10,150,0,0,150,310,20,0,340
E09000033,Westminster,2009-10,40,70,0,110,240,360,0,600
E08000001,Bolton,2009-10,230,10,0,240,370,40,0,410
E08000002,Bury,2009-10,70,0,0,70,160,0,0,160
E08000003,Manchester,2009-10,520,30,0,550,1240,20,0,1260
E08000004,Oldham,2009-10,150,10,0,160,200,130,80,400
E08000005,Rochdale,2009-10,730,0,20,760,270,10,0,270
E08000006,Salford,2009-10,290,0,0,290,240,20,0,260
E08000007,Stockport,2009-10,30,10,0,30,80,0,0,80
E08000008,Tameside,2009-10,170,30,0,200,350,60,0,410
E08000009,Trafford,2009-10,120,80,0,200,380,30,0,410
E08000010,Wigan,2009-10,330,0,0,330,420,0,0,420
E08000011,Knowsley,2009-10,160,0,0,160,240,0,0,240
E08000012,Liverpool,2009-10,290,130,0,420,1270,170,0,1440
E08000014,Sefton,2009-10,120,30,0,150,90,60,0,150
E08000013,St. Helens,2009-10,160,10,0,170,180,50,0,220
E08000015,Wirral,2009-10,240,10,10,260,260,10,0,270
E08000016,Barnsley,2009-10,630,20,0,650,870,30,0,900
E08000017,Doncaster,2009-10,200,10,0,210,310,20,0,330
E08000018,Rotherham,2009-10,370,20,0,390,420,0,0,420
E08000019,Sheffield,2009-10,460,20,10,490,520,30,0,540
E08000020,Gateshead,2009-10,220,0,0,220,330,0,0,330
E08000021,Newcastle upon Tyne,2009-10,90,40,0,130,130,0,10,150
E08000022,North Tyneside,2009-10,190,20,0,210,180,20,0,200
E08000023,South Tyneside,2009-10,100,20,10,120,270,110,0,380
E08000024,Sunderland,2009-10,320,100,0,410,340,40,0,380
E08000025,Birmingham,2009-10,710,200,0,920,1200,320,0,1520
E08000026,Coventry,2009-10,310,10,0,320,280,80,0,360
E08000027,Dudley,2009-10,540,30,0,570,410,0,0,410
E08000028,Sandwell,2009-10,500,60,0,560,550,30,0,580
E08000029,Solihull,2009-10,110,70,0,180,310,70,0,380
E08000030,Walsall,2009-10,710,120,0,830,350,70,0,430
E08000031,Wolverhampton,2009-10,140,60,0,200,250,50,0,290
E08000032,Bradford,2009-10,210,60,0,270,500,160,0,660
E08000033,Calderdale,2009-10,140,10,0,150,360,0,0,360
E08000034,Kirklees,2009-10,400,0,0,400,610,0,0,610
E08000035,Leeds,2009-10,850,180,0,1030,1250,150,0,1400
E08000036,Wakefield,2009-10,690,210,0,900,630,290,0,920
E07000002,Bedford,2009-10,70,100,0,170,100,0,0,100
E07000001,Mid Bedfordshire,2009-10,30,30,0,60,300,10,0,310
E07000003,South Bedfordshire,2009-10,120,40,0,160,50,0,0,50
E07000004,Aylesbury Vale,2009-10,440,290,0,740,360,320,0,680
E07000005,Chiltern,2009-10,50,0,0,50,40,30,0,70
E07000006,South Bucks,2009-10,70,0,0,70,260,10,0,270
E07000007,Wycombe,2009-10,390,110,0,500,250,100,0,350
E07000008,Cambridge,2009-10,420,20,0,430,260,110,0,370
E07000009,East Cambridgeshire,2009-10,230,20,0,250,290,10,0,310
E07000010,Fenland,2009-10,130,70,0,200,320,40,0,360
E07000011,Huntingdonshire,2009-10,510,170,0,690,430,170,0,590
E07000012,South Cambridgeshire,2009-10,470,60,0,530,500,100,0,600
E07000013,Chester,2009-10,40,0,0,40,30,0,0,30
E07000016,Ellesmere Port and Neston,2009-10,10,10,0,20,80,0,0,90
E07000018,Vale Royal,2009-10,20,0,0,20,30,0,0,30
E07000019,Caradon,2009-10,60,0,0,60,40,0,0,40
E07000020,Carrick,2009-10,20,40,0,60,80,0,0,80
E07000021,Kerrier,2009-10,30,0,0,30,50,0,0,50
E07000022,North Cornwall,2009-10,30,0,0,30,20,50,0,70
E07000023,Penwith,2009-10,0,0,0,0,10,0,0,10
E07000024,Restormel,2009-10,20,20,0,40,60,30,0,90
E07000026,Allerdale,2009-10,120,50,0,180,80,90,0,170
E07000027,Barrow-in-Furness,2009-10,40,40,0,80,60,0,0,60
E07000028,Carlisle,2009-10,230,10,0,240,190,0,0,190
E07000029,Copeland,2009-10,70,20,0,90,110,10,0,120
E07000030,Eden,2009-10,70,10,0,80,40,0,0,50
E07000031,South Lakeland,2009-10,70,10,0,80,140,50,0,190
E07000032,Amber Valley,2009-10,100,20,0,120,150,10,0,170
E07000033,Bolsover,2009-10,140,10,0,150,140,20,0,170
E07000034,Chesterfield,2009-10,20,0,0,20,100,0,0,100
E07000035,Derbyshire Dales,2009-10,40,90,0,130,60,30,0,80
E07000036,Erewash,2009-10,140,40,0,180,260,40,0,300
E07000037,High Peak,2009-10,40,0,0,40,170,0,0,170
E07000038,North East Derbyshire,2009-10,100,0,0,100,110,0,0,110
E07000039,South Derbyshire,2009-10,260,0,0,260,190,50,0,240
E07000040,East Devon,2009-10,230,30,0,260,200,0,0,200
E07000041,Exeter,2009-10,250,120,50,420,180,90,10,280
E07000042,Mid Devon,2009-10,80,0,0,80,140,0,0,140
E07000043,North Devon,2009-10,180,30,0,220,180,10,0,190
E07000044,South Hams,2009-10,80,10,0,90,90,30,0,120
E07000045,Teignbridge,2009-10,270,30,0,310,200,30,0,240
E07000046,Torridge,2009-10,210,50,0,260,210,30,0,240
E07000047,West Devon,2009-10,290,70,0,360,220,30,0,250
E07000048,Christchurch,2009-10,50,0,0,50,40,0,0,40
E07000049,East Dorset,2009-10,140,0,0,140,130,0,0,130
E07000050,North Dorset,2009-10,100,140,0,240,130,30,0,160
E07000051,Purbeck,2009-10,110,0,0,110,110,10,0,120
E07000052,West Dorset,2009-10,130,0,0,130,180,0,0,180
E07000053,Weymouth and Portland,2009-10,40,10,0,50,90,30,0,120
E07000054,Chester-le-Street,2009-10,30,10,0,40,20,30,0,50
E07000056,County Durham,2009-10,30,30,0,60,20,0,0,20
E07000055,Derwentside,2009-10,40,0,0,40,50,10,0,60
E07000057,Easington,2009-10,20,30,0,60,40,20,0,50
E07000058,Sedgefield,2009-10,40,0,0,40,30,70,0,100
E07000059,Teesdale,2009-10,10,0,0,10,20,10,0,40
E07000060,Wear Valley,2009-10,10,0,0,10,90,0,0,90
E07000061,Eastbourne,2009-10,60,0,0,60,140,80,0,220
E07000062,Hastings,2009-10,10,40,0,50,70,0,0,70
E07000063,Lewes,2009-10,200,0,0,200,190,50,0,240
E07000064,Rother,2009-10,80,10,0,90,150,10,0,150
E07000065,Wealden,2009-10,310,130,0,430,250,60,0,310
E07000066,Basildon,2009-10,390,310,0,700,390,70,0,460
E07000067,Braintree,2009-10,300,60,0,360,220,110,0,330
E07000068,Brentwood,2009-10,100,10,0,110,130,50,0,170
E07000069,Castle Point,2009-10,30,0,0,30,60,0,0,60
E07000070,Chelmsford,2009-10,160,30,0,180,190,120,0,310
E07000071,Colchester,2009-10,380,90,0,470,580,100,0,690
E07000072,Epping Forest,2009-10,220,130,0,350,80,80,0,160
E07000073,Harlow,2009-10,90,50,0,140,120,70,0,200
E07000074,Maldon,2009-10,50,0,0,50,90,20,0,110
E07000075,Rochford,2009-10,60,10,0,80,70,10,0,80
E07000076,Tendring,2009-10,130,20,0,150,240,80,0,320
E07000077,Uttlesford,2009-10,270,60,0,330,360,100,0,460
E07000078,Cheltenham,2009-10,160,0,0,160,180,20,0,200
E07000079,Cotswold,2009-10,120,40,0,160,150,10,0,160
E07000080,Forest of Dean,2009-10,130,50,0,190,100,10,0,120
E07000081,Gloucester,2009-10,390,220,0,610,440,160,0,600
E07000082,Stroud,2009-10,170,10,0,190,210,70,0,280
E07000083,Tewkesbury,2009-10,280,30,0,300,300,40,0,330
E07000084,Basingstoke and Deane,2009-10,700,190,0,890,810,480,0,1290
E07000085,East Hampshire,2009-10,210,20,0,230,280,60,0,340
E07000086,Eastleigh,2009-10,210,100,0,310,460,190,0,650
E07000087,Fareham,2009-10,200,0,0,200,210,30,0,240
E07000088,Gosport,2009-10,30,80,0,100,60,0,0,60
E07000089,Hart,2009-10,100,0,0,100,20,0,0,20
E07000090,Havant,2009-10,130,10,0,140,130,20,0,160
E07000091,New Forest,2009-10,250,30,0,280,170,60,0,230
E07000092,Rushmoor,2009-10,140,70,0,210,160,170,0,330
E07000093,Test Valley,2009-10,250,130,0,380,240,160,0,390
E07000094,Winchester,2009-10,1400,120,0,1520,1980,80,0,2050
E07000095,Broxbourne,2009-10,160,40,0,200,150,130,0,270
E07000096,Dacorum,2009-10,260,40,0,290,180,0,0,180
E07000097,East Hertfordshire,2009-10,80,30,0,110,220,40,0,260
E07000098,Hertsmere,2009-10,110,20,0,130,110,150,0,260
E07000099,North Hertfordshire,2009-10,160,20,0,180,200,70,0,270
E07000100,St Albans,2009-10,150,10,0,160,200,110,0,310
E07000101,Stevenage,2009-10,180,10,0,190,130,110,0,230
E07000102,Three Rivers,2009-10,100,0,0,100,70,10,0,80
E07000103,Watford,2009-10,120,0,0,120,310,120,0,430
E07000104,Welwyn Hatfield,2009-10,110,60,0,170,70,20,0,90
E07000105,Ashford,2009-10,330,110,0,440,290,60,0,350
E07000106,Canterbury,2009-10,280,0,0,280,310,70,0,380
E07000107,Dartford,2009-10,290,80,0,370,200,70,0,270
E07000108,Dover,2009-10,90,30,0,110,180,0,0,180
E07000112,Folkestone and Hythe,2009-10,150,10,0,160,80,60,0,140
E07000109,Gravesham,2009-10,270,50,0,320,70,90,0,160
E07000110,Maidstone,2009-10,230,160,0,390,530,440,0,970
E07000111,Sevenoaks,2009-10,100,40,0,140,50,30,0,80
E07000113,Swale,2009-10,500,60,0,560,460,110,0,570
E07000114,Thanet,2009-10,240,30,0,270,240,50,0,290
E07000115,Tonbridge and Malling,2009-10,250,110,0,360,270,160,0,430
E07000116,Tunbridge Wells,2009-10,280,70,0,350,120,20,0,140
E07000117,Burnley,2009-10,50,0,0,50,110,0,0,110
E07000118,Chorley,2009-10,360,0,0,360,250,0,0,250
E07000119,Fylde,2009-10,30,110,0,140,140,0,0,150
E07000120,Hyndburn,2009-10,10,0,0,10,20,10,0,20
E07000121,Lancaster,2009-10,50,10,0,70,120,0,0,120
E07000122,Pendle,2009-10,20,0,0,20,50,0,0,50
E07000123,Preston,2009-10,30,0,0,30,50,20,0,60
E07000124,Ribble Valley,2009-10,20,20,0,40,20,40,0,60
E07000125,Rossendale,2009-10,10,0,0,10,80,40,0,120
E07000126,South Ribble,2009-10,190,0,0,190,130,0,0,130
E07000127,West Lancashire,2009-10,70,0,0,70,80,0,0,80
E07000128,Wyre,2009-10,100,0,0,100,150,0,0,150
E07000129,Blaby,2009-10,90,20,0,110,100,0,0,100
E07000130,Charnwood,2009-10,340,30,0,370,410,40,0,450
E07000131,Harborough,2009-10,170,10,0,180,430,100,0,530
E07000132,Hinckley and Bosworth,2009-10,280,20,0,300,260,20,0,280
E07000133,Melton,2009-10,90,0,30,110,170,0,10,180
E07000134,North West Leicestershire,2009-10,110,10,0,120,170,30,0,190
E07000135,Oadby and Wigston,2009-10,100,0,0,100,40,0,0,40
E07000136,Boston,2009-10,80,50,0,120,170,20,0,190
E07000137,East Lindsey,2009-10,330,50,0,380,460,70,0,520
E07000138,Lincoln,2009-10,230,20,0,240,180,120,0,300
E07000139,North Kesteven,2009-10,360,100,0,450,460,50,0,510
E07000140,South Holland,2009-10,110,80,0,190,210,60,0,270
E07000141,South Kesteven,2009-10,390,90,0,480,370,130,0,510
E07000142,West Lindsey,2009-10,170,60,0,230,210,150,0,370
E07000143,Breckland,2009-10,410,20,0,420,410,40,0,450
E07000144,Broadland,2009-10,120,0,20,140,150,30,10,200
E07000145,Great Yarmouth,2009-10,180,40,0,220,220,0,0,220
E07000146,King's Lynn and West Norfolk,2009-10,290,60,0,350,290,100,0,390
E07000147,North Norfolk,2009-10,120,30,0,150,150,40,0,190
E07000148,Norwich,2009-10,130,100,20,240,530,60,0,580
E07000149,South Norfolk,2009-10,440,90,0,540,530,120,0,650
E07000150,Corby,2009-10,300,60,0,360,290,60,0,350
E07000151,Daventry,2009-10,80,20,0,90,130,20,0,150
E07000152,East Northamptonshire,2009-10,110,50,0,160,120,80,0,200
E07000153,Kettering,2009-10,190,20,0,210,320,50,0,360
E07000154,Northampton,2009-10,250,40,0,290,320,250,0,570
E07000155,South Northamptonshire,2009-10,120,20,0,130,140,0,0,140
E07000156,Wellingborough,2009-10,50,30,0,80,110,30,0,140
E07000163,Craven,2009-10,60,0,0,60,80,20,0,90
E07000164,Hambleton,2009-10,170,30,0,200,110,10,0,120
E07000165,Harrogate,2009-10,90,20,0,110,150,40,0,190
E07000166,Richmondshire,2009-10,50,0,0,50,10,0,0,10
E07000167,Ryedale,2009-10,80,0,0,80,90,70,0,160
E07000168,Scarborough,2009-10,60,10,0,80,130,0,0,130
E07000169,Selby,2009-10,250,0,0,250,260,0,0,260
E07000170,Ashfield,2009-10,240,50,0,290,250,110,0,350
E07000171,Bassetlaw,2009-10,160,0,0,160,180,0,0,180
E07000172,Broxtowe,2009-10,80,10,0,90,140,10,0,140
E07000173,Gedling,2009-10,140,50,0,190,250,10,0,270
E07000174,Mansfield,2009-10,180,10,0,190,280,0,0,290
E07000175,Newark and Sherwood,2009-10,90,10,0,100,220,80,0,300
E07000176,Rushcliffe,2009-10,90,30,0,120,230,20,0,250
E07000177,Cherwell,2009-10,200,10,0,210,250,100,0,350
E07000178,Oxford,2009-10,140,120,0,250,120,180,0,300
E07000179,South Oxfordshire,2009-10,100,40,0,140,90,70,0,170
E07000180,Vale of White Horse,2009-10,790,60,0,850,810,100,0,910
E07000181,West Oxfordshire,2009-10,70,30,10,110,130,60,0,200
E07000182,Bridgnorth,2009-10,30,0,0,30,30,0,0,30
E07000188,Sedgemoor,2009-10,30,0,0,30,40,0,0,40
E07000185,Shrewsbury and Atcham,2009-10,50,20,0,70,60,10,0,70
E07000191,South Shropshire,2009-10,60,60,0,110,70,50,0,120
E07000189,South Somerset,2009-10,50,0,0,50,60,0,0,60
E07000187,Mendip,2009-10,240,80,0,320,290,120,0,410
E07000188,Sedgemoor,2009-10,260,80,0,340,260,60,0,320
E07000189,South Somerset,2009-10,300,350,0,650,220,190,0,410
E07000190,Taunton Deane,2009-10,290,90,0,380,390,60,0,440
E07000191,West Somerset,2009-10,50,10,0,60,30,20,0,50
E07000192,Cannock Chase,2009-10,110,130,0,230,100,100,0,200
E07000193,East Staffordshire,2009-10,110,100,0,210,140,50,0,190
E07000194,Lichfield,2009-10,160,0,0,160,130,0,0,130
E07000195,Newcastle-under-Lyme,2009-10,170,60,0,230,200,0,0,200
E07000196,South Staffordshire,2009-10,270,20,0,280,220,30,10,260
E07000197,Stafford,2009-10,100,0,0,100,160,0,0,160
E07000198,Staffordshire Moorlands,2009-10,80,0,0,80,110,10,0,120
E07000199,Tamworth,2009-10,130,0,0,130,90,20,0,120
E07000200,Babergh,2009-10,180,0,0,180,180,0,0,180
E07000201,Forest Heath,2009-10,320,90,0,410,260,100,0,360
E07000202,Ipswich,2009-10,110,50,0,160,570,60,0,630
E07000203,Mid Suffolk,2009-10,350,60,0,410,270,40,0,310
E07000204,St Edmundsbury,2009-10,110,100,0,210,150,80,0,220
E07000205,Suffolk Coastal,2009-10,90,50,0,150,240,40,0,280
E07000206,Waveney,2009-10,110,10,0,120,150,0,0,150
E07000207,Elmbridge,2009-10,200,50,0,250,240,20,0,250
E07000208,Epsom and Ewell,2009-10,200,80,0,280,70,40,0,100
E07000209,Guildford,2009-10,150,80,0,230,330,50,0,370
E07000210,Mole Valley,2009-10,60,20,0,80,80,40,0,110
E07000211,Reigate and Banstead,2009-10,330,50,0,380,350,90,0,430
E07000212,Runnymede,2009-10,100,30,0,130,330,80,0,400
E07000213,Spelthorne,2009-10,130,130,0,260,190,40,0,230
E07000214,Surrey Heath,2009-10,40,0,0,40,50,0,0,50
E07000215,Tandridge,2009-10,110,40,0,150,170,20,0,190
E07000216,Waverley,2009-10,180,0,0,180,170,20,0,190
E07000217,Woking,2009-10,90,10,10,110,230,30,0,260
E07000218,North Warwickshire,2009-10,60,10,0,70,30,20,0,40
E07000219,Nuneaton and Bedworth,2009-10,170,50,0,210,160,50,0,210
E07000220,Rugby,2009-10,140,40,80,260,180,100,130,410
E07000221,Stratford-on-Avon,2009-10,70,50,0,120,140,40,0,180
E07000222,Warwick,2009-10,100,10,0,110,200,40,0,240
E07000223,Adur,2009-10,50,30,0,70,10,0,0,10
E07000224,Arun,2009-10,280,120,0,400,300,90,0,390
E07000225,Chichester,2009-10,230,60,0,290,300,70,0,370
E07000226,Crawley,2009-10,230,70,0,300,320,110,0,430
E07000227,Horsham,2009-10,140,30,0,170,240,30,0,270
E07000228,Mid Sussex,2009-10,200,60,0,260,340,60,0,400
E07000229,Worthing,2009-10,40,30,0,70,130,90,0,220
E07000230,Kennet,2009-10,70,0,0,70,90,0,0,90
E07000231,North Wiltshire,2009-10,50,0,0,50,80,0,0,80
E07000232,Salisbury,2009-10,110,40,0,150,160,20,0,180
E07000233,West Wiltshire,2009-10,10,0,0,10,100,0,20,120
E07000234,Bromsgrove,2009-10,30,40,0,70,50,70,0,110
E07000235,Malvern Hills,2009-10,110,80,0,180,100,110,0,210
E07000236,Redditch,2009-10,70,60,0,130,60,70,0,130
E07000237,Worcester,2009-10,200,0,0,200,140,0,0,140
E07000238,Wychavon,2009-10,70,10,0,80,120,10,0,130
E07000239,Wyre Forest,2009-10,150,20,0,170,120,10,0,130
E06000022,Bath and North East Somerset,2010-11,270,270,0,540,180,120,0,300
E06000055,Bedford,2010-11,450,220,50,720,490,240,0,730
E06000008,Blackburn with Darwen,2010-11,120,0,0,120,120,70,0,190
E06000009,Blackpool,2010-11,70,30,0,90,30,140,0,170
E06000028,Bournemouth,2010-11,470,0,220,690,210,0,250,470
E06000036,Bracknell Forest,2010-11,250,30,0,280,370,70,0,440
E06000043,Brighton and Hove,2010-11,90,0,0,90,260,0,0,260
E06000023,"Bristol, City of",2010-11,810,130,0,940,980,480,40,1500
E06000056,Central Bedfordshire,2010-11,640,270,0,910,750,380,0,1130
E06000049,Cheshire East,2010-11,330,0,0,330,340,20,0,350
E06000050,Cheshire West and Chester,2010-11,490,50,0,540,290,100,0,400
E06000052,Cornwall,2010-11,1380,390,0,1770,1270,180,0,1450
E06000047,County Durham,2010-11,800,300,0,1090,930,190,0,1110
E06000005,Darlington,2010-11,230,0,0,230,120,0,0,120
E06000015,Derby,2010-11,350,30,0,370,540,40,0,580
E06000011,East Riding of Yorkshire,2010-11,370,0,290,660,420,0,20,440
E06000006,Halton,2010-11,230,30,0,260,230,50,0,280
E06000001,Hartlepool,2010-11,140,90,0,230,140,0,0,150
E06000019,"Herefordshire, County of",2010-11,250,60,0,310,250,70,0,320
E06000046,Isle of Wight,2010-11,310,60,0,370,270,50,0,320
E06000053,Isles of Scilly,2010-11,0,0,0,10,0,0,0,0
E06000010,"Kingston upon Hull, City of",2010-11,650,80,0,730,260,40,0,300
E06000016,Leicester,2010-11,320,20,10,360,400,50,0,450
E06000032,Luton,2010-11,200,150,0,350,150,130,0,280
E06000035,Medway,2010-11,430,130,0,560,600,170,0,770
E06000002,Middlesbrough,2010-11,260,70,0,320,220,80,0,300
E06000042,Milton Keynes,2010-11,880,460,0,1340,930,310,0,1240
E06000012,North East Lincolnshire,2010-11,210,100,0,310,350,40,0,390
E06000013,North Lincolnshire,2010-11,290,0,0,290,340,0,0,340
E06000024,North Somerset,2010-11,410,0,0,410,440,0,0,440
E06000048,Northumberland,2010-11,400,80,0,480,520,30,0,550
E06000018,Nottingham,2010-11,280,80,0,360,220,20,0,240
E06000031,Peterborough,2010-11,500,170,0,670,390,290,0,670
E06000026,Plymouth,2010-11,460,120,0,580,250,70,0,330
E06000029,Poole,2010-11,260,0,0,260,200,0,0,200
E06000044,Portsmouth,2010-11,360,100,10,470,140,90,0,220
E06000038,Reading,2010-11,440,60,0,500,250,110,0,360
E06000003,Redcar and Cleveland,2010-11,110,100,0,210,150,100,0,250
E06000017,Rutland,2010-11,40,0,0,40,30,0,0,30
E06000051,Shropshire,2010-11,310,80,0,390,360,180,0,540
E06000039,Slough,2010-11,70,40,0,110,130,70,0,200
E06000025,South Gloucestershire,2010-11,610,280,0,890,420,470,0,890
E06000045,Southampton,2010-11,430,90,0,510,600,10,0,610
E06000033,Southend-on-Sea,2010-11,130,70,0,190,70,0,0,70
E06000004,Stockton-on-Tees,2010-11,470,30,0,500,540,40,0,580
E06000021,Stoke-on-Trent,2010-11,160,60,0,210,190,140,0,320
E06000030,Swindon,2010-11,550,150,10,710,570,150,20,730
E06000020,Telford and Wrekin,2010-11,520,90,0,620,410,90,0,500
E06000034,Thurrock,2010-11,320,10,0,330,160,90,0,250
E06000027,Torbay,2010-11,190,220,0,410,180,40,0,230
E06000007,Warrington,2010-11,490,10,0,500,510,40,0,550
E06000037,West Berkshire,2010-11,210,10,0,220,110,0,0,110
E06000054,Wiltshire,2010-11,940,390,0,1330,940,270,10,1220
E06000040,Windsor and Maidenhead,2010-11,170,10,0,170,160,10,0,170
E06000041,Wokingham,2010-11,190,20,0,210,110,60,0,170
E06000014,York,2010-11,500,0,0,500,370,0,0,370
E09000002,Barking and Dagenham,2010-11,250,120,30,390,240,110,0,350
E09000003,Barnet,2010-11,210,300,0,510,460,480,0,940
E09000004,Bexley,2010-11,360,170,0,540,100,170,0,270
E09000005,Brent,2010-11,480,120,0,600,470,190,0,650
E09000006,Bromley,2010-11,440,110,0,550,550,210,0,750
E09000007,Camden,2010-11,130,300,0,420,150,30,0,190
E09000001,City of London,2010-11,280,0,0,280,0,0,0,0
E09000008,Croydon,2010-11,330,30,70,430,330,140,10,490
E09000009,Ealing,2010-11,1050,660,60,1760,260,120,0,380
E09000010,Enfield,2010-11,250,320,0,570,380,300,0,690
E09000011,Greenwich,2010-11,500,70,0,570,480,660,0,1140
E09000012,Hackney,2010-11,610,620,40,1260,270,170,30,470
E09000013,Hammersmith and Fulham,2010-11,100,10,0,110,20,10,0,20
E09000014,Haringey,2010-11,110,70,0,180,60,30,0,100
E09000015,Harrow,2010-11,110,180,0,290,100,70,0,170
E09000016,Havering,2010-11,180,190,0,370,170,120,0,290
E09000017,Hillingdon,2010-11,490,110,30,620,250,120,50,430
E09000018,Hounslow,2010-11,390,530,20,940,590,460,0,1050
E09000019,Islington,2010-11,330,280,0,610,250,50,0,300
E09000020,Kensington and Chelsea,2010-11,580,0,0,580,40,10,0,50
E09000021,Kingston upon Thames,2010-11,20,30,0,40,170,30,0,190
E09000022,Lambeth,2010-11,290,170,0,470,470,570,90,1120
E09000023,Lewisham,2010-11,710,1350,0,2060,380,500,0,880
E09000024,Merton,2010-11,160,270,0,430,240,60,0,300
E09000025,Newham,2010-11,390,160,0,550,250,30,0,280
E09000026,Redbridge,2010-11,90,20,0,110,290,40,0,330
E09000027,Richmond upon Thames,2010-11,300,60,0,370,150,0,0,150
E09000028,Southwark,2010-11,680,160,0,840,460,110,0,570
E09000029,Sutton,2010-11,70,110,0,190,20,110,0,140
E09000030,Tower Hamlets,2010-11,1260,690,90,2040,1050,540,60,1650
E09000031,Waltham Forest,2010-11,200,180,0,380,150,190,0,350
E09000032,Wandsworth,2010-11,480,10,0,490,390,10,0,400
E09000033,Westminster,2010-11,30,90,50,170,170,150,70,390
E08000001,Bolton,2010-11,200,90,0,290,400,10,10,410
E08000002,Bury,2010-11,150,0,0,150,300,0,0,300
E08000003,Manchester,2010-11,800,10,20,830,1480,60,0,1540
E08000004,Oldham,2010-11,110,10,0,120,190,20,0,210
E08000005,Rochdale,2010-11,200,40,10,250,280,0,20,300
E08000006,Salford,2010-11,260,130,90,480,270,10,10,290
E08000007,Stockport,2010-11,100,10,0,110,30,10,0,50
E08000008,Tameside,2010-11,320,10,0,330,350,50,0,400
E08000009,Trafford,2010-11,160,100,0,270,210,80,0,290
E08000010,Wigan,2010-11,270,30,0,290,370,10,0,370
E08000011,Knowsley,2010-11,170,30,0,200,230,10,0,240
E08000012,Liverpool,2010-11,520,210,0,730,810,90,0,900
E08000014,Sefton,2010-11,350,70,0,420,90,10,0,110
E08000013,St. Helens,2010-11,170,60,0,230,180,30,0,210
E08000015,Wirral,2010-11,90,10,0,100,240,30,0,270
E08000016,Barnsley,2010-11,770,40,0,810,970,40,0,1010
E08000017,Doncaster,2010-11,330,90,0,420,190,70,0,250
E08000018,Rotherham,2010-11,540,80,0,620,550,40,0,590
E08000019,Sheffield,2010-11,610,20,0,630,930,10,0,940
E08000020,Gateshead,2010-11,250,90,0,340,200,10,0,220
E08000021,Newcastle upon Tyne,2010-11,240,60,70,380,180,60,0,250
E08000022,North Tyneside,2010-11,230,0,50,270,200,20,20,240
E08000023,South Tyneside,2010-11,110,90,40,240,110,50,20,180
E08000024,Sunderland,2010-11,300,240,0,540,400,290,0,690
E08000025,Birmingham,2010-11,750,240,40,1030,640,280,20,940
E08000026,Coventry,2010-11,470,140,0,610,420,60,0,480
E08000027,Dudley,2010-11,460,10,0,480,470,50,0,520
E08000028,Sandwell,2010-11,610,90,0,700,610,110,0,720
E08000029,Solihull,2010-11,160,140,0,310,110,80,30,230
E08000030,Walsall,2010-11,280,190,0,470,490,340,0,830
E08000031,Wolverhampton,2010-11,170,50,0,220,120,80,0,210
E08000032,Bradford,2010-11,380,40,0,420,430,20,0,440
E08000033,Calderdale,2010-11,320,10,0,330,230,20,0,250
E08000034,Kirklees,2010-11,670,0,10,670,680,0,40,710
E08000035,Leeds,2010-11,1220,140,10,1370,1190,200,20,1410
E08000036,Wakefield,2010-11,590,240,0,830,750,250,0,1000
E07000004,Aylesbury Vale,2010-11,490,340,0,820,470,230,0,700
E07000005,Chiltern,2010-11,90,30,0,120,100,0,0,100
E07000006,South Bucks,2010-11,160,0,0,160,60,0,0,60
E07000007,Wycombe,2010-11,280,50,0,330,370,200,0,570
E07000008,Cambridge,2010-11,130,20,10,160,230,20,10,250
E07000009,East Cambridgeshire,2010-11,330,40,0,370,250,50,0,300
E07000010,Fenland,2010-11,280,0,0,280,240,30,0,260
E07000011,Huntingdonshire,2010-11,810,100,0,910,850,130,0,980
E07000012,South Cambridgeshire,2010-11,510,60,0,560,540,70,0,610
E07000026,Allerdale,2010-11,100,70,0,170,90,20,0,110
E07000027,Barrow-in-Furness,2010-11,30,10,0,30,30,50,0,90
E07000028,Carlisle,2010-11,210,110,0,310,150,30,0,180
E07000029,Copeland,2010-11,70,20,0,90,70,20,0,90
E07000030,Eden,2010-11,70,30,0,100,80,0,0,80
E07000031,South Lakeland,2010-11,150,30,0,170,90,10,0,100
E07000032,Amber Valley,2010-11,180,50,0,230,160,40,0,200
E07000033,Bolsover,2010-11,110,0,0,110,250,0,0,260
E07000034,Chesterfield,2010-11,110,10,0,110,290,0,0,290
E07000035,Derbyshire Dales,2010-11,30,30,0,60,80,70,0,140
E07000036,Erewash,2010-11,150,20,0,160,150,40,0,190
E07000037,High Peak,2010-11,60,0,0,60,60,10,0,80
E07000038,North East Derbyshire,2010-11,70,0,0,70,120,0,0,120
E07000039,South Derbyshire,2010-11,260,30,0,290,290,40,0,330
E07000040,East Devon,2010-11,240,90,20,340,170,60,10,240
E07000041,Exeter,2010-11,440,80,0,510,260,50,0,310
E07000042,Mid Devon,2010-11,90,10,0,100,120,10,0,130
E07000043,North Devon,2010-11,140,10,0,150,140,30,0,170
E07000044,South Hams,2010-11,50,20,0,70,60,0,0,60
E07000045,Teignbridge,2010-11,280,90,0,370,280,20,0,290
E07000046,Torridge,2010-11,240,70,0,310,180,20,0,200
E07000047,West Devon,2010-11,90,60,0,150,320,160,0,470
E07000048,Christchurch,2010-11,80,0,0,80,70,0,0,70
E07000049,East Dorset,2010-11,120,0,0,120,220,0,0,220
E07000050,North Dorset,2010-11,180,120,0,300,110,200,0,320
E07000051,Purbeck,2010-11,80,0,0,80,110,0,0,110
E07000052,West Dorset,2010-11,200,0,0,200,100,0,0,100
E07000053,Weymouth and Portland,2010-11,80,20,0,100,50,10,0,60
E07000061,Eastbourne,2010-11,50,70,30,150,70,0,0,70
E07000062,Hastings,2010-11,40,30,0,60,40,0,0,40
E07000063,Lewes,2010-11,190,80,0,270,170,20,0,190
E07000064,Rother,2010-11,190,10,0,190,100,10,0,110
E07000065,Wealden,2010-11,650,130,0,770,420,170,0,590
E07000066,Basildon,2010-11,350,190,0,540,240,160,0,400
E07000067,Braintree,2010-11,220,40,0,260,330,90,0,420
E07000068,Brentwood,2010-11,70,20,0,80,170,0,0,170
E07000069,Castle Point,2010-11,50,0,0,50,120,0,0,120
E07000070,Chelmsford,2010-11,200,30,0,230,210,30,0,240
E07000071,Colchester,2010-11,660,140,0,800,570,130,0,700
E07000072,Epping Forest,2010-11,280,130,0,400,260,220,0,480
E07000073,Harlow,2010-11,70,20,0,100,80,50,0,130
E07000074,Maldon,2010-11,30,0,0,30,40,0,0,40
E07000075,Rochford,2010-11,70,0,0,70,50,0,0,50
E07000076,Tendring,2010-11,110,90,0,200,170,40,0,210
E07000077,Uttlesford,2010-11,330,100,0,420,300,60,10,360
E07000078,Cheltenham,2010-11,80,0,0,80,140,10,0,150
E07000079,Cotswold,2010-11,210,220,0,430,90,90,0,180
E07000080,Forest of Dean,2010-11,140,90,0,230,170,80,0,240
E07000081,Gloucester,2010-11,390,130,0,520,390,160,0,550
E07000082,Stroud,2010-11,220,20,0,250,160,20,0,170
E07000083,Tewkesbury,2010-11,140,20,0,150,250,40,0,290
E07000084,Basingstoke and Deane,2010-11,380,280,0,660,760,150,0,910
E07000085,East Hampshire,2010-11,240,40,0,280,210,30,0,240
E07000086,Eastleigh,2010-11,250,60,0,310,310,50,0,360
E07000087,Fareham,2010-11,250,30,0,280,280,20,0,300
E07000088,Gosport,2010-11,50,80,0,130,20,40,0,60
E07000089,Hart,2010-11,120,50,0,180,60,0,0,60
E07000090,Havant,2010-11,80,20,0,100,150,0,0,150
E07000091,New Forest,2010-11,180,10,0,190,270,0,0,270
E07000092,Rushmoor,2010-11,140,30,0,180,120,60,0,190
E07000093,Test Valley,2010-11,220,150,0,380,230,160,0,390
E07000094,Winchester,2010-11,620,30,0,650,810,110,0,920
E07000095,Broxbourne,2010-11,80,40,0,110,260,50,0,300
E07000096,Dacorum,2010-11,170,40,0,210,510,40,0,550
E07000097,East Hertfordshire,2010-11,150,130,0,280,200,40,0,230
E07000098,Hertsmere,2010-11,120,0,0,120,100,20,0,120
E07000099,North Hertfordshire,2010-11,250,10,0,260,150,30,0,170
E07000100,St Albans,2010-11,260,30,0,290,160,30,0,190
E07000101,Stevenage,2010-11,150,70,0,210,200,160,0,350
E07000102,Three Rivers,2010-11,150,30,0,180,80,30,0,100
E07000103,Watford,2010-11,280,100,0,380,270,130,0,400
E07000104,Welwyn Hatfield,2010-11,240,40,0,280,120,40,0,160
E07000105,Ashford,2010-11,270,70,0,330,400,140,0,530
E07000106,Canterbury,2010-11,450,10,0,450,270,80,0,350
E07000107,Dartford,2010-11,140,30,0,170,190,80,0,270
E07000108,Dover,2010-11,70,0,0,70,110,20,0,120
E07000112,Folkestone and Hythe,2010-11,150,0,0,150,140,0,0,140
E07000109,Gravesham,2010-11,100,70,0,170,40,60,0,100
E07000110,Maidstone,2010-11,390,280,0,670,370,320,0,690
E07000111,Sevenoaks,2010-11,70,0,0,70,90,40,0,120
E07000113,Swale,2010-11,450,40,0,500,310,80,0,390
E07000114,Thanet,2010-11,280,0,0,280,220,30,0,250
E07000115,Tonbridge and Malling,2010-11,230,20,0,250,250,80,0,330
E07000116,Tunbridge Wells,2010-11,110,40,0,150,60,20,0,80
E07000117,Burnley,2010-11,30,0,0,30,60,10,0,70
E07000118,Chorley,2010-11,540,30,0,570,470,20,0,490
E07000119,Fylde,2010-11,90,30,0,110,70,120,0,190
E07000120,Hyndburn,2010-11,20,0,0,30,30,10,0,40
E07000121,Lancaster,2010-11,120,20,0,150,80,0,0,80
E07000122,Pendle,2010-11,60,0,0,60,50,0,0,50
E07000123,Preston,2010-11,100,0,0,100,20,0,0,20
E07000124,Ribble Valley,2010-11,70,0,0,70,20,10,0,40
E07000125,Rossendale,2010-11,100,0,0,100,80,0,0,80
E07000126,South Ribble,2010-11,110,0,0,110,120,0,0,120
E07000127,West Lancashire,2010-11,110,10,20,140,80,20,0,100
E07000128,Wyre,2010-11,140,10,0,150,70,0,0,70
E07000129,Blaby,2010-11,190,20,0,210,130,20,0,150
E07000130,Charnwood,2010-11,450,20,0,470,460,30,0,490
E07000131,Harborough,2010-11,190,10,0,190,230,0,0,230
E07000132,Hinckley and Bosworth,2010-11,380,30,0,410,390,10,0,410
E07000133,Melton,2010-11,110,0,0,110,140,0,0,140
E07000134,North West Leicestershire,2010-11,370,80,0,450,360,80,0,430
E07000135,Oadby and Wigston,2010-11,60,20,0,80,60,0,0,60
E07000136,Boston,2010-11,210,40,0,250,130,40,0,170
E07000137,East Lindsey,2010-11,350,50,0,400,440,80,0,520
E07000138,Lincoln,2010-11,200,20,0,220,170,10,0,180
E07000139,North Kesteven,2010-11,240,0,0,250,350,60,0,410
E07000140,South Holland,2010-11,50,110,0,160,100,40,0,140
E07000141,South Kesteven,2010-11,400,70,0,470,410,110,0,520
E07000142,West Lindsey,2010-11,230,90,0,310,190,150,0,340
E07000143,Breckland,2010-11,420,0,0,420,310,10,0,310
E07000144,Broadland,2010-11,130,10,0,150,100,10,30,140
E07000145,Great Yarmouth,2010-11,120,30,0,150,180,40,0,210
E07000146,King's Lynn and West Norfolk,2010-11,290,70,0,370,310,100,0,410
E07000147,North Norfolk,2010-11,140,60,0,200,90,40,0,130
E07000148,Norwich,2010-11,100,0,50,140,200,0,50,250
E07000149,South Norfolk,2010-11,470,100,0,560,460,90,0,550
E07000150,Corby,2010-11,510,20,80,610,480,60,40,580
E07000151,Daventry,2010-11,110,20,0,130,110,20,0,130
E07000152,East Northamptonshire,2010-11,150,10,0,160,150,50,0,200
E07000153,Kettering,2010-11,220,60,0,290,230,120,0,350
E07000154,Northampton,2010-11,230,40,0,270,260,70,0,320
E07000155,South Northamptonshire,2010-11,180,90,0,270,130,30,0,170
E07000156,Wellingborough,2010-11,30,20,0,50,40,20,0,60
E07000163,Craven,2010-11,90,40,0,120,30,0,0,30
E07000164,Hambleton,2010-11,120,20,0,140,150,20,0,170
E07000165,Harrogate,2010-11,80,30,0,110,140,20,0,160
E07000166,Richmondshire,2010-11,20,30,0,50,20,30,0,50
E07000167,Ryedale,2010-11,130,20,0,140,100,20,0,120
E07000168,Scarborough,2010-11,190,20,0,210,110,10,0,120
E07000169,Selby,2010-11,220,10,0,230,360,0,0,360
E07000170,Ashfield,2010-11,310,10,0,320,350,60,0,410
E07000171,Bassetlaw,2010-11,240,10,0,250,230,0,0,230
E07000172,Broxtowe,2010-11,110,70,0,170,100,30,0,130
E07000173,Gedling,2010-11,180,40,0,210,260,50,0,300
E07000174,Mansfield,2010-11,170,0,40,210,240,0,10,250
E07000175,Newark and Sherwood,2010-11,200,10,30,230,200,0,0,200
E07000176,Rushcliffe,2010-11,280,10,0,290,160,20,0,180
E07000177,Cherwell,2010-11,90,10,0,100,130,0,0,130
E07000178,Oxford,2010-11,190,20,0,210,180,160,40,370
E07000179,South Oxfordshire,2010-11,270,90,0,360,140,40,0,180
E07000180,Vale of White Horse,2010-11,180,50,0,230,230,50,0,280
E07000181,West Oxfordshire,2010-11,200,120,0,320,130,90,0,220
E07000187,Mendip,2010-11,390,100,0,490,270,20,0,290
E07000188,Sedgemoor,2010-11,390,80,0,470,350,20,0,370
E07000189,South Somerset,2010-11,350,320,0,670,300,290,0,590
E07000190,Taunton Deane,2010-11,280,120,0,400,220,110,0,340
E07000191,West Somerset,2010-11,30,10,0,40,20,10,0,20
E07000192,Cannock Chase,2010-11,110,0,0,110,150,100,0,250
E07000193,East Staffordshire,2010-11,150,10,0,160,160,70,0,230
E07000194,Lichfield,2010-11,260,10,0,270,230,20,0,250
E07000195,Newcastle-under-Lyme,2010-11,150,70,0,220,130,20,0,160
E07000196,South Staffordshire,2010-11,190,0,0,190,120,0,0,120
E07000197,Stafford,2010-11,150,70,0,220,130,10,0,140
E07000198,Staffordshire Moorlands,2010-11,70,0,0,70,80,0,0,80
E07000199,Tamworth,2010-11,60,0,0,60,40,0,0,40
E07000200,Babergh,2010-11,260,10,0,260,200,0,0,200
E07000201,Forest Heath,2010-11,280,70,0,350,310,70,0,380
E07000202,Ipswich,2010-11,90,90,0,180,250,50,0,290
E07000203,Mid Suffolk,2010-11,290,20,0,310,330,40,0,360
E07000204,St Edmundsbury,2010-11,110,10,0,120,160,80,0,240
E07000205,Suffolk Coastal,2010-11,150,20,0,170,110,40,0,150
E07000206,Waveney,2010-11,90,0,0,90,120,50,0,160
E07000207,Elmbridge,2010-11,260,50,0,310,190,110,0,300
E07000208,Epsom and Ewell,2010-11,210,70,0,270,210,60,0,270
E07000209,Guildford,2010-11,150,30,0,180,360,60,0,410
E07000210,Mole Valley,2010-11,100,0,0,100,60,0,0,60
E07000211,Reigate and Banstead,2010-11,280,20,0,300,320,60,0,380
E07000212,Runnymede,2010-11,170,100,0,260,190,250,0,440
E07000213,Spelthorne,2010-11,60,110,0,170,80,130,0,200
E07000214,Surrey Heath,2010-11,140,60,0,200,30,20,0,50
E07000215,Tandridge,2010-11,160,0,0,160,100,80,0,170
E07000216,Waverley,2010-11,70,0,0,70,150,0,0,150
E07000217,Woking,2010-11,270,0,0,270,130,20,0,150
E07000218,North Warwickshire,2010-11,20,40,0,70,60,40,0,90
E07000219,Nuneaton and Bedworth,2010-11,210,40,0,240,250,40,0,290
E07000220,Rugby,2010-11,50,10,100,150,50,40,100,190
E07000221,Stratford-on-Avon,2010-11,130,40,0,170,70,60,0,130
E07000222,Warwick,2010-11,30,0,0,30,80,0,0,80
E07000223,Adur,2010-11,80,40,0,120,80,50,0,120
E07000224,Arun,2010-11,360,70,0,430,280,140,0,430
E07000225,Chichester,2010-11,220,80,0,300,320,50,0,370
E07000226,Crawley,2010-11,70,30,0,100,290,60,0,340
E07000227,Horsham,2010-11,90,50,0,140,100,50,0,150
E07000228,Mid Sussex,2010-11,350,150,0,500,170,90,0,260
E07000229,Worthing,2010-11,100,10,0,110,80,10,0,90
E07000234,Bromsgrove,2010-11,50,30,0,80,30,20,0,60
E07000235,Malvern Hills,2010-11,130,50,0,180,120,60,0,170
E07000236,Redditch,2010-11,90,0,0,90,110,30,0,150
E07000237,Worcester,2010-11,200,20,0,220,140,20,0,160
E07000238,Wychavon,2010-11,140,80,0,220,110,40,0,140
E07000239,Wyre Forest,2010-11,30,0,0,30,130,20,0,150
E06000022,Bath and North East Somerset,2011-12,330,200,0,530,100,180,0,280
E06000055,Bedford,2011-12,490,160,0,650,520,290,0,810
E06000008,Blackburn with Darwen,2011-12,180,40,0,220,70,0,0,70
E06000009,Blackpool,2011-12,10,30,0,40,20,20,0,40
E06000028,Bournemouth,2011-12,270,50,60,380,370,10,120,490
E06000036,Bracknell Forest,2011-12,350,40,0,390,230,20,0,250
E06000043,Brighton and Hove,2011-12,110,0,0,110,90,20,0,110
E06000023,"Bristol, City of",2011-12,810,70,0,880,1280,300,80,1660
E06000056,Central Bedfordshire,2011-12,760,190,0,960,850,320,0,1170
E06000049,Cheshire East,2011-12,420,80,0,500,310,10,0,320
E06000050,Cheshire West and Chester,2011-12,330,60,0,390,400,80,0,480
E06000052,Cornwall,2011-12,1410,280,0,1680,1470,350,0,1820
E06000047,County Durham,2011-12,770,80,0,860,950,270,70,1290
E06000005,Darlington,2011-12,110,0,0,110,180,0,20,200
E06000015,Derby,2011-12,260,10,0,260,380,30,0,410
E06000011,East Riding of Yorkshire,2011-12,410,10,0,410,360,0,110,460
E06000006,Halton,2011-12,310,30,0,350,270,30,0,310
E06000001,Hartlepool,2011-12,160,30,0,190,130,60,0,190
E06000019,"Herefordshire, County of",2011-12,230,30,0,260,230,30,0,260
E06000046,Isle of Wight,2011-12,210,180,0,390,190,170,0,360
E06000053,Isles of Scilly,2011-12,0,0,0,0,0,10,0,10
E06000010,"Kingston upon Hull, City of",2011-12,420,0,0,420,370,60,0,440
E06000016,Leicester,2011-12,630,70,0,700,390,30,50,460
E06000032,Luton,2011-12,150,60,0,210,180,30,0,210
E06000035,Medway,2011-12,410,120,0,530,850,200,0,1040
E06000002,Middlesbrough,2011-12,160,30,0,200,300,30,0,330
E06000042,Milton Keynes,2011-12,880,350,0,1230,910,480,0,1380
E06000012,North East Lincolnshire,2011-12,170,50,0,220,380,70,0,460
E06000013,North Lincolnshire,2011-12,210,0,0,210,380,20,0,400
E06000024,North Somerset,2011-12,650,20,0,680,420,10,0,440
E06000048,Northumberland,2011-12,430,70,0,500,480,110,0,590
E06000018,Nottingham,2011-12,160,50,0,210,140,20,0,160
E06000031,Peterborough,2011-12,470,200,0,670,580,130,0,710
E06000026,Plymouth,2011-12,470,90,0,560,650,80,0,730
E06000029,Poole,2011-12,200,0,0,200,290,0,0,290
E06000044,Portsmouth,2011-12,340,30,30,410,160,50,10,220
E06000038,Reading,2011-12,240,80,0,320,280,40,0,320
E06000003,Redcar and Cleveland,2011-12,170,100,0,280,210,50,0,260
E06000017,Rutland,2011-12,70,10,0,80,40,0,0,40
E06000051,Shropshire,2011-12,530,60,10,590,290,80,0,370
E06000039,Slough,2011-12,120,80,0,210,210,70,0,280
E06000025,South Gloucestershire,2011-12,520,200,0,720,580,380,0,960
E06000045,Southampton,2011-12,360,10,0,370,260,90,0,340
E06000033,Southend-on-Sea,2011-12,150,30,0,180,230,70,0,300
E06000004,Stockton-on-Tees,2011-12,510,50,0,560,470,30,0,500
E06000021,Stoke-on-Trent,2011-12,170,0,0,170,190,50,0,240
E06000030,Swindon,2011-12,480,80,0,560,610,200,0,820
E06000020,Telford and Wrekin,2011-12,440,110,0,550,560,160,0,720
E06000034,Thurrock,2011-12,270,40,20,330,170,30,0,200
E06000027,Torbay,2011-12,230,0,0,230,140,100,0,230
E06000007,Warrington,2011-12,610,40,0,650,390,40,0,430
E06000037,West Berkshire,2011-12,210,0,0,210,130,10,0,130
E06000054,Wiltshire,2011-12,990,390,0,1380,990,390,0,1380
E06000040,Windsor and Maidenhead,2011-12,200,0,0,200,170,0,0,170
E06000041,Wokingham,2011-12,280,10,0,290,150,30,0,180
E06000014,York,2011-12,180,40,0,220,250,0,0,250
E09000002,Barking and Dagenham,2011-12,250,230,60,550,190,150,0,340
E09000003,Barnet,2011-12,600,220,0,820,1120,870,0,1990
E09000004,Bexley,2011-12,280,80,0,360,140,180,0,310
E09000005,Brent,2011-12,170,190,0,360,280,360,0,630
E09000006,Bromley,2011-12,450,150,0,600,630,110,0,740
E09000007,Camden,2011-12,330,90,0,420,70,70,0,140
E09000001,City of London,2011-12,10,0,0,10,0,0,0,0
E09000008,Croydon,2011-12,330,90,0,420,220,280,0,500
E09000009,Ealing,2011-12,380,240,150,780,300,320,80,700
E09000010,Enfield,2011-12,200,120,0,330,70,600,0,670
E09000011,Greenwich,2011-12,840,50,0,890,920,50,0,970
E09000012,Hackney,2011-12,920,850,0,1780,390,310,40,730
E09000013,Hammersmith and Fulham,2011-12,140,30,0,170,100,20,0,120
E09000014,Haringey,2011-12,230,70,0,300,310,150,0,460
E09000015,Harrow,2011-12,120,130,0,260,50,20,0,70
E09000016,Havering,2011-12,470,340,0,810,180,330,0,510
E09000017,Hillingdon,2011-12,430,180,20,620,430,300,20,760
E09000018,Hounslow,2011-12,150,30,0,180,300,550,20,870
E09000019,Islington,2011-12,290,110,0,410,160,90,0,260
E09000020,Kensington and Chelsea,2011-12,530,140,0,670,50,10,0,50
E09000021,Kingston upon Thames,2011-12,120,10,0,130,190,10,0,190
E09000022,Lambeth,2011-12,110,170,0,270,230,170,0,390
E09000023,Lewisham,2011-12,400,470,0,870,520,830,0,1350
E09000024,Merton,2011-12,200,170,0,360,210,370,0,580
E09000025,Newham,2011-12,220,130,10,360,280,270,0,560
E09000026,Redbridge,2011-12,250,0,0,250,100,50,0,150
E09000027,Richmond upon Thames,2011-12,150,10,0,160,180,40,0,220
E09000028,Southwark,2011-12,760,290,0,1060,710,200,0,910
E09000029,Sutton,2011-12,70,130,0,210,90,140,0,240
E09000030,Tower Hamlets,2011-12,2570,840,190,3610,1680,1240,150,3080
E09000031,Waltham Forest,2011-12,230,560,20,800,80,370,10,450
E09000032,Wandsworth,2011-12,700,80,0,780,820,80,0,900
E09000033,Westminster,2011-12,150,170,0,320,250,40,0,280
E08000001,Bolton,2011-12,250,30,0,270,360,90,20,470
E08000002,Bury,2011-12,160,20,0,180,160,0,0,160
E08000003,Manchester,2011-12,510,0,10,510,1370,0,0,1370
E08000004,Oldham,2011-12,170,150,0,320,130,70,0,200
E08000005,Rochdale,2011-12,630,20,40,680,280,30,20,330
E08000006,Salford,2011-12,300,40,0,340,240,50,10,300
E08000007,Stockport,2011-12,250,20,0,270,90,0,0,90
E08000008,Tameside,2011-12,230,40,0,270,320,40,0,360
E08000009,Trafford,2011-12,240,100,0,340,200,30,0,220
E08000010,Wigan,2011-12,290,30,0,320,380,10,0,390
E08000011,Knowsley,2011-12,170,30,0,200,230,90,0,320
E08000012,Liverpool,2011-12,640,150,0,790,370,120,0,490
E08000014,Sefton,2011-12,390,20,0,410,280,50,0,320
E08000013,St. Helens,2011-12,210,120,0,330,100,150,0,250
E08000015,Wirral,2011-12,120,30,0,150,170,0,0,170
E08000016,Barnsley,2011-12,640,30,0,670,1110,60,0,1170
E08000017,Doncaster,2011-12,310,10,0,320,390,30,0,420
E08000018,Rotherham,2011-12,450,50,0,500,540,80,0,620
E08000019,Sheffield,2011-12,460,30,0,490,500,60,0,560
E08000020,Gateshead,2011-12,210,10,0,220,190,20,0,210
E08000021,Newcastle upon Tyne,2011-12,180,20,110,320,170,40,240,450
E08000022,North Tyneside,2011-12,280,0,150,430,380,0,90,460
E08000023,South Tyneside,2011-12,120,90,0,210,210,90,30,330
E08000024,Sunderland,2011-12,280,40,0,320,280,150,0,430
E08000025,Birmingham,2011-12,660,110,100,870,780,170,70,1020
E08000026,Coventry,2011-12,770,210,0,980,510,150,0,660
E08000027,Dudley,2011-12,360,130,20,500,390,50,10,440
E08000028,Sandwell,2011-12,240,50,0,290,460,120,0,580
E08000029,Solihull,2011-12,220,70,0,290,240,80,0,330
E08000030,Walsall,2011-12,250,40,0,290,420,10,0,430
E08000031,Wolverhampton,2011-12,310,80,0,390,240,40,0,280
E08000032,Bradford,2011-12,530,30,0,560,440,70,0,510
E08000033,Calderdale,2011-12,190,80,70,330,240,10,60,310
E08000034,Kirklees,2011-12,480,40,60,590,680,40,80,800
E08000035,Leeds,2011-12,1050,10,0,1060,1240,120,10,1380
E08000036,Wakefield,2011-12,670,190,0,850,560,340,10,910
E07000004,Aylesbury Vale,2011-12,590,330,0,930,650,360,0,1010
E07000005,Chiltern,2011-12,180,90,0,270,150,30,0,190
E07000006,South Bucks,2011-12,200,20,0,220,160,0,0,160
E07000007,Wycombe,2011-12,280,50,0,330,410,110,0,520
E07000008,Cambridge,2011-12,570,90,0,660,220,30,0,240
E07000009,East Cambridgeshire,2011-12,240,20,0,250,270,10,0,280
E07000010,Fenland,2011-12,200,10,0,200,340,10,0,350
E07000011,Huntingdonshire,2011-12,410,70,0,480,560,210,0,770
E07000012,South Cambridgeshire,2011-12,580,90,0,670,450,120,0,570
E07000026,Allerdale,2011-12,190,80,0,270,110,110,0,220
E07000027,Barrow-in-Furness,2011-12,50,10,0,70,40,0,0,40
E07000028,Carlisle,2011-12,210,30,0,240,330,90,0,420
E07000029,Copeland,2011-12,70,30,0,100,110,30,0,140
E07000030,Eden,2011-12,80,10,0,100,70,0,0,70
E07000031,South Lakeland,2011-12,90,30,0,120,90,40,0,130
E07000032,Amber Valley,2011-12,180,20,0,200,170,30,0,200
E07000033,Bolsover,2011-12,50,0,0,60,130,0,0,130
E07000034,Chesterfield,2011-12,130,10,0,140,150,10,0,160
E07000035,Derbyshire Dales,2011-12,80,40,0,120,40,20,0,70
E07000036,Erewash,2011-12,100,20,0,120,170,30,0,190
E07000037,High Peak,2011-12,40,10,0,50,70,10,0,80
E07000038,North East Derbyshire,2011-12,90,10,0,100,110,0,0,110
E07000039,South Derbyshire,2011-12,250,10,0,260,370,30,0,400
E07000040,East Devon,2011-12,280,80,0,360,270,120,10,390
E07000041,Exeter,2011-12,110,10,0,120,410,140,20,580
E07000042,Mid Devon,2011-12,230,40,0,270,110,0,0,110
E07000043,North Devon,2011-12,110,10,0,120,100,0,0,100
E07000044,South Hams,2011-12,140,30,0,180,130,40,0,170
E07000045,Teignbridge,2011-12,280,30,0,310,330,100,0,430
E07000046,Torridge,2011-12,160,0,0,160,210,90,0,300
E07000047,West Devon,2011-12,60,0,0,60,130,10,0,150
E07000048,Christchurch,2011-12,30,0,0,30,90,0,0,90
E07000049,East Dorset,2011-12,150,0,0,150,160,0,0,170
E07000050,North Dorset,2011-12,190,60,0,250,180,150,0,330
E07000051,Purbeck,2011-12,70,10,0,70,170,0,0,170
E07000052,West Dorset,2011-12,160,10,0,170,310,50,0,370
E07000053,Weymouth and Portland,2011-12,20,60,0,80,70,0,0,70
E07000061,Eastbourne,2011-12,20,0,0,20,100,0,10,110
E07000062,Hastings,2011-12,100,10,0,110,30,30,0,70
E07000063,Lewes,2011-12,70,0,0,80,170,60,0,230
E07000064,Rother,2011-12,150,0,0,150,190,10,0,200
E07000065,Wealden,2011-12,670,160,0,830,590,100,0,690
E07000066,Basildon,2011-12,610,80,0,690,590,480,0,1070
E07000067,Braintree,2011-12,120,40,0,160,190,50,0,240
E07000068,Brentwood,2011-12,200,20,0,220,70,50,0,120
E07000069,Castle Point,2011-12,50,0,0,50,50,0,0,50
E07000070,Chelmsford,2011-12,160,0,0,160,130,30,0,160
E07000071,Colchester,2011-12,580,90,0,670,660,190,0,860
E07000072,Epping Forest,2011-12,240,40,0,280,290,80,0,370
E07000073,Harlow,2011-12,90,110,0,200,60,20,0,80
E07000074,Maldon,2011-12,40,0,0,40,20,0,0,20
E07000075,Rochford,2011-12,100,0,0,100,90,0,0,90
E07000076,Tendring,2011-12,150,80,0,230,240,140,0,380
E07000077,Uttlesford,2011-12,400,50,0,450,390,110,0,500
E07000078,Cheltenham,2011-12,180,50,0,220,110,0,0,110
E07000079,Cotswold,2011-12,280,150,0,430,260,220,0,480
E07000080,Forest of Dean,2011-12,360,60,0,410,200,80,0,280
E07000081,Gloucester,2011-12,310,40,0,360,380,140,0,520
E07000082,Stroud,2011-12,330,80,0,400,280,30,0,300
E07000083,Tewkesbury,2011-12,270,80,0,350,200,30,0,230
E07000084,Basingstoke and Deane,2011-12,360,30,0,380,480,270,0,750
E07000085,East Hampshire,2011-12,110,10,0,120,360,40,0,390
E07000086,Eastleigh,2011-12,290,20,0,310,390,80,0,470
E07000087,Fareham,2011-12,210,50,0,260,250,70,0,320
E07000088,Gosport,2011-12,220,130,0,350,170,230,0,400
E07000089,Hart,2011-12,140,30,0,180,160,90,0,250
E07000090,Havant,2011-12,150,30,0,190,130,40,0,170
E07000091,New Forest,2011-12,130,50,0,180,170,20,0,190
E07000092,Rushmoor,2011-12,130,30,0,160,180,10,0,190
E07000093,Test Valley,2011-12,380,250,0,620,300,180,0,480
E07000094,Winchester,2011-12,260,40,0,300,590,70,0,660
E07000095,Broxbourne,2011-12,170,0,0,170,110,30,0,140
E07000096,Dacorum,2011-12,200,50,0,240,230,40,0,270
E07000097,East Hertfordshire,2011-12,380,110,0,480,230,80,0,310
E07000098,Hertsmere,2011-12,260,30,0,280,120,0,0,120
E07000099,North Hertfordshire,2011-12,210,60,0,270,270,10,0,280
E07000100,St Albans,2011-12,420,50,0,470,220,10,0,230
E07000101,Stevenage,2011-12,70,0,0,70,140,30,0,160
E07000102,Three Rivers,2011-12,180,20,0,200,130,60,0,200
E07000103,Watford,2011-12,170,50,0,220,280,50,0,330
E07000104,Welwyn Hatfield,2011-12,90,10,0,100,200,90,0,290
E07000105,Ashford,2011-12,200,60,10,270,560,140,10,720
E07000106,Canterbury,2011-12,540,60,30,630,400,30,0,440
E07000107,Dartford,2011-12,270,50,0,330,330,10,0,340
E07000108,Dover,2011-12,120,40,0,160,120,0,0,120
E07000112,Folkestone and Hythe,2011-12,120,0,0,130,150,10,0,160
E07000109,Gravesham,2011-12,140,80,0,210,80,60,0,140
E07000110,Maidstone,2011-12,310,330,0,650,320,390,0,710
E07000111,Sevenoaks,2011-12,50,0,0,50,110,0,0,110
E07000113,Swale,2011-12,180,70,0,250,240,20,0,260
E07000114,Thanet,2011-12,90,10,0,100,170,20,0,180
E07000115,Tonbridge and Malling,2011-12,220,50,0,270,170,10,0,180
E07000116,Tunbridge Wells,2011-12,90,40,0,130,90,60,0,150
E07000117,Burnley,2011-12,100,0,0,100,40,0,0,40
E07000118,Chorley,2011-12,410,30,0,440,420,20,0,440
E07000119,Fylde,2011-12,60,0,0,60,130,10,0,130
E07000120,Hyndburn,2011-12,10,0,0,20,40,0,0,40
E07000121,Lancaster,2011-12,80,30,0,110,90,0,0,90
E07000122,Pendle,2011-12,100,0,0,100,40,0,0,40
E07000123,Preston,2011-12,40,40,0,80,30,30,0,60
E07000124,Ribble Valley,2011-12,80,40,0,120,80,0,0,80
E07000125,Rossendale,2011-12,40,0,0,40,70,0,0,70
E07000126,South Ribble,2011-12,120,0,0,120,140,0,0,140
E07000127,West Lancashire,2011-12,160,0,0,160,90,10,20,120
E07000128,Wyre,2011-12,150,20,0,160,70,30,0,100
E07000129,Blaby,2011-12,190,90,0,270,170,70,0,240
E07000130,Charnwood,2011-12,450,60,0,510,520,110,0,630
E07000131,Harborough,2011-12,210,70,0,280,200,40,0,240
E07000132,Hinckley and Bosworth,2011-12,170,10,0,180,330,60,0,390
E07000133,Melton,2011-12,80,0,0,80,90,0,0,90
E07000134,North West Leicestershire,2011-12,510,130,0,640,320,70,0,390
E07000135,Oadby and Wigston,2011-12,20,0,0,20,50,10,0,70
E07000136,Boston,2011-12,100,30,0,120,90,60,0,160
E07000137,East Lindsey,2011-12,220,50,0,270,320,30,0,340
E07000138,Lincoln,2011-12,300,40,0,340,410,40,0,450
E07000139,North Kesteven,2011-12,430,10,0,440,300,40,0,340
E07000140,South Holland,2011-12,120,50,0,170,120,30,0,150
E07000141,South Kesteven,2011-12,480,30,0,520,490,60,0,550
E07000142,West Lindsey,2011-12,150,10,0,160,210,20,0,230
E07000143,Breckland,2011-12,340,20,0,360,350,10,0,360
E07000144,Broadland,2011-12,170,40,10,230,160,10,20,190
E07000145,Great Yarmouth,2011-12,160,70,0,230,120,30,0,150
E07000146,King's Lynn and West Norfolk,2011-12,440,100,0,530,410,110,0,520
E07000147,North Norfolk,2011-12,100,40,0,140,90,60,0,140
E07000148,Norwich,2011-12,230,60,0,290,160,90,0,240
E07000149,South Norfolk,2011-12,580,110,0,680,470,140,0,610
E07000150,Corby,2011-12,270,20,10,300,360,10,30,410
E07000151,Daventry,2011-12,60,30,0,90,80,50,0,130
E07000152,East Northamptonshire,2011-12,220,10,10,240,130,40,0,170
E07000153,Kettering,2011-12,170,30,0,200,150,40,0,190
E07000154,Northampton,2011-12,270,120,0,390,290,0,0,290
E07000155,South Northamptonshire,2011-12,160,40,0,200,200,90,0,290
E07000156,Wellingborough,2011-12,60,10,0,70,50,20,0,80
E07000163,Craven,2011-12,40,0,0,40,150,50,0,200
E07000164,Hambleton,2011-12,80,0,0,80,140,0,0,140
E07000165,Harrogate,2011-12,60,10,0,70,60,30,0,90
E07000166,Richmondshire,2011-12,40,0,0,40,50,0,0,50
E07000167,Ryedale,2011-12,160,30,0,190,150,30,0,180
E07000168,Scarborough,2011-12,160,20,0,180,200,40,0,240
E07000169,Selby,2011-12,230,50,0,270,240,20,0,260
E07000170,Ashfield,2011-12,340,20,0,360,290,10,0,310
E07000171,Bassetlaw,2011-12,240,30,20,300,280,30,0,310
E07000172,Broxtowe,2011-12,100,20,0,120,140,50,0,190
E07000173,Gedling,2011-12,270,10,0,280,230,10,0,230
E07000174,Mansfield,2011-12,190,10,0,200,220,0,30,260
E07000175,Newark and Sherwood,2011-12,250,40,0,290,200,20,20,250
E07000176,Rushcliffe,2011-12,180,30,0,220,230,10,0,230
E07000177,Cherwell,2011-12,220,10,0,230,140,10,0,160
E07000178,Oxford,2011-12,140,30,0,170,140,30,30,200
E07000179,South Oxfordshire,2011-12,310,190,20,510,260,160,0,420
E07000180,Vale of White Horse,2011-12,240,140,10,390,150,60,40,240
E07000181,West Oxfordshire,2011-12,230,40,0,280,210,60,0,270
E07000187,Mendip,2011-12,290,90,0,370,320,140,0,470
E07000188,Sedgemoor,2011-12,350,140,0,490,390,180,0,570
E07000189,South Somerset,2011-12,330,290,0,620,320,350,0,670
E07000190,Taunton Deane,2011-12,280,130,0,410,240,80,0,320
E07000191,West Somerset,2011-12,40,20,0,60,60,30,0,80
E07000192,Cannock Chase,2011-12,160,80,0,240,100,10,0,110
E07000193,East Staffordshire,2011-12,180,0,0,180,200,20,0,210
E07000194,Lichfield,2011-12,160,20,0,180,230,10,0,240
E07000195,Newcastle-under-Lyme,2011-12,100,10,0,100,150,110,0,260
E07000196,South Staffordshire,2011-12,160,10,0,170,120,10,0,130
E07000197,Stafford,2011-12,180,20,0,200,160,70,0,230
E07000198,Staffordshire Moorlands,2011-12,50,10,0,60,70,0,0,70
E07000199,Tamworth,2011-12,40,0,0,40,80,0,0,80
E07000200,Babergh,2011-12,250,20,0,270,190,30,0,220
E07000201,Forest Heath,2011-12,250,60,0,310,220,60,0,280
E07000202,Ipswich,2011-12,50,0,0,50,200,90,0,290
E07000203,Mid Suffolk,2011-12,230,90,0,320,340,20,0,360
E07000204,St Edmundsbury,2011-12,100,10,0,110,80,10,0,80
E07000205,Suffolk Coastal,2011-12,180,20,0,200,150,0,0,160
E07000206,Waveney,2011-12,120,0,0,120,120,20,0,140
E07000207,Elmbridge,2011-12,220,20,0,240,240,50,0,290
E07000208,Epsom and Ewell,2011-12,140,130,0,260,210,70,0,290
E07000209,Guildford,2011-12,330,0,0,330,250,50,0,300
E07000210,Mole Valley,2011-12,100,30,0,130,130,10,0,130
E07000211,Reigate and Banstead,2011-12,340,80,0,420,400,20,0,420
E07000212,Runnymede,2011-12,130,30,0,160,130,30,0,160
E07000213,Spelthorne,2011-12,180,90,0,270,120,140,0,260
E07000214,Surrey Heath,2011-12,170,50,0,210,120,70,0,200
E07000215,Tandridge,2011-12,150,30,10,180,230,10,0,240
E07000216,Waverley,2011-12,70,50,0,120,80,0,0,80
E07000217,Woking,2011-12,150,0,0,150,170,10,0,180
E07000218,North Warwickshire,2011-12,20,10,0,30,40,10,0,50
E07000219,Nuneaton and Bedworth,2011-12,90,120,0,210,170,110,0,280
E07000220,Rugby,2011-12,100,10,110,220,50,10,260,310
E07000221,Stratford-on-Avon,2011-12,170,70,0,230,130,50,0,180
E07000222,Warwick,2011-12,100,0,0,100,100,0,0,100
E07000223,Adur,2011-12,50,30,0,90,60,20,0,80
E07000224,Arun,2011-12,400,90,10,480,540,140,0,680
E07000225,Chichester,2011-12,270,70,0,340,230,130,0,370
E07000226,Crawley,2011-12,50,10,0,60,320,0,0,320
E07000227,Horsham,2011-12,260,230,0,490,120,20,0,140
E07000228,Mid Sussex,2011-12,490,80,0,570,330,90,0,420
E07000229,Worthing,2011-12,50,70,0,120,80,10,0,100
E07000234,Bromsgrove,2011-12,100,40,0,140,110,120,0,230
E07000235,Malvern Hills,2011-12,200,30,0,220,160,50,0,210
E07000236,Redditch,2011-12,30,0,0,30,90,0,0,90
E07000237,Worcester,2011-12,140,130,0,270,140,30,0,160
E07000238,Wychavon,2011-12,260,110,0,370,150,100,0,250
E07000239,Wyre Forest,2011-12,190,40,0,230,120,30,0,150
E06000022,Bath and North East Somerset,2012-13,230,50,0,280,240,150,0,390
E06000055,Bedford,2012-13,430,160,10,590,460,120,0,580
E06000008,Blackburn with Darwen,2012-13,160,50,0,210,130,90,0,220
E06000009,Blackpool,2012-13,0,0,0,0,30,20,0,50
E06000028,Bournemouth,2012-13,260,30,0,290,360,110,0,470
E06000036,Bracknell Forest,2012-13,330,50,0,380,460,20,0,470
E06000043,Brighton and Hove,2012-13,140,10,0,150,90,10,0,100
E06000023,"Bristol, City of",2012-13,790,110,0,900,620,240,70,930
E06000056,Central Bedfordshire,2012-13,850,150,0,1010,800,200,0,1000
E06000049,Cheshire East,2012-13,520,70,0,590,550,50,0,600
E06000050,Cheshire West and Chester,2012-13,420,40,0,460,410,60,0,470
E06000052,Cornwall,2012-13,1360,190,0,1550,1400,280,0,1680
E06000047,County Durham,2012-13,820,70,0,880,830,120,0,950
E06000005,Darlington,2012-13,80,0,10,100,120,0,0,120
E06000015,Derby,2012-13,160,50,0,210,190,10,0,200
E06000011,East Riding of Yorkshire,2012-13,310,10,0,320,410,10,0,420
E06000006,Halton,2012-13,340,30,0,370,280,60,0,340
E06000001,Hartlepool,2012-13,120,10,0,130,150,20,0,170
E06000019,"Herefordshire, County of",2012-13,170,40,0,210,140,20,0,160
E06000046,Isle of Wight,2012-13,280,80,0,360,350,80,0,430
E06000053,Isles of Scilly,2012-13,0,0,0,0,0,0,0,0
E06000010,"Kingston upon Hull, City of",2012-13,450,0,0,450,620,10,0,630
E06000016,Leicester,2012-13,110,50,0,150,640,50,0,690
E06000032,Luton,2012-13,70,20,0,80,140,180,0,320
E06000035,Medway,2012-13,260,100,0,360,390,90,0,480
E06000002,Middlesbrough,2012-13,170,60,0,230,150,70,0,220
E06000042,Milton Keynes,2012-13,940,360,0,1310,940,370,0,1310
E06000012,North East Lincolnshire,2012-13,130,20,0,150,200,30,0,230
E06000013,North Lincolnshire,2012-13,130,50,0,190,240,20,0,260
E06000024,North Somerset,2012-13,430,100,0,530,370,30,0,400
E06000048,Northumberland,2012-13,340,70,0,410,530,50,0,580
E06000018,Nottingham,2012-13,110,10,0,120,150,100,0,240
E06000031,Peterborough,2012-13,520,140,0,660,460,220,0,680
E06000026,Plymouth,2012-13,340,100,0,440,410,40,0,450
E06000029,Poole,2012-13,170,0,0,170,300,0,0,300
E06000044,Portsmouth,2012-13,110,50,0,160,210,60,10,290
E06000038,Reading,2012-13,200,10,0,210,290,120,0,400
E06000003,Redcar and Cleveland,2012-13,190,20,0,210,150,80,0,230
E06000017,Rutland,2012-13,80,20,0,90,60,10,0,70
E06000051,Shropshire,2012-13,510,40,0,550,480,70,0,550
E06000039,Slough,2012-13,160,50,20,230,130,60,0,190
E06000025,South Gloucestershire,2012-13,680,460,0,1140,480,410,0,900
E06000045,Southampton,2012-13,610,140,390,1140,160,20,20,200
E06000033,Southend-on-Sea,2012-13,120,20,0,140,130,0,0,140
E06000004,Stockton-on-Tees,2012-13,450,40,0,490,590,50,0,640
E06000021,Stoke-on-Trent,2012-13,260,30,0,290,210,10,0,220
E06000030,Swindon,2012-13,380,80,0,460,460,60,0,520
E06000020,Telford and Wrekin,2012-13,470,110,0,580,420,110,0,530
E06000034,Thurrock,2012-13,130,60,0,190,290,40,0,330
E06000027,Torbay,2012-13,170,210,0,380,120,30,0,150
E06000007,Warrington,2012-13,450,30,0,480,610,30,0,640
E06000037,West Berkshire,2012-13,170,50,0,220,200,0,0,200
E06000054,Wiltshire,2012-13,960,500,0,1460,940,480,10,1440
E06000040,Windsor and Maidenhead,2012-13,340,30,0,370,210,0,0,210
E06000041,Wokingham,2012-13,280,80,0,360,220,60,0,290
E06000014,York,2012-13,120,40,0,160,210,40,0,250
E09000002,Barking and Dagenham,2012-13,240,210,0,460,250,210,0,460
E09000003,Barnet,2012-13,400,450,0,850,1200,520,0,1720
E09000004,Bexley,2012-13,260,40,0,290,400,190,0,590
E09000005,Brent,2012-13,200,200,0,400,160,340,150,650
E09000006,Bromley,2012-13,440,60,0,500,500,140,0,630
E09000007,Camden,2012-13,450,130,10,590,110,240,0,350
E09000001,City of London,2012-13,290,20,0,310,10,0,0,10
E09000008,Croydon,2012-13,340,150,0,480,470,180,0,650
E09000009,Ealing,2012-13,150,110,190,440,460,360,240,1050
E09000010,Enfield,2012-13,230,180,0,410,90,250,0,350
E09000011,Greenwich,2012-13,610,270,0,880,540,50,0,590
E09000012,Hackney,2012-13,1060,310,0,1360,780,380,0,1170
E09000013,Hammersmith and Fulham,2012-13,780,0,0,780,70,40,0,110
E09000014,Haringey,2012-13,70,10,0,80,260,180,0,430
E09000015,Harrow,2012-13,80,40,0,120,280,120,0,400
E09000016,Havering,2012-13,330,280,0,610,270,260,0,520
E09000017,Hillingdon,2012-13,400,40,0,440,450,170,10,620
E09000018,Hounslow,2012-13,350,600,50,990,280,100,0,380
E09000019,Islington,2012-13,300,30,0,330,240,340,0,590
E09000020,Kensington and Chelsea,2012-13,200,0,10,210,150,0,0,150
E09000021,Kingston upon Thames,2012-13,180,20,0,190,110,30,0,140
E09000022,Lambeth,2012-13,430,520,0,960,130,170,0,290
E09000023,Lewisham,2012-13,210,150,0,360,360,430,0,790
E09000024,Merton,2012-13,540,180,0,720,260,320,0,580
E09000025,Newham,2012-13,380,160,0,540,210,140,0,350
E09000026,Redbridge,2012-13,280,0,0,280,450,0,0,450
E09000027,Richmond upon Thames,2012-13,130,30,0,160,290,10,0,300
E09000028,Southwark,2012-13,580,300,20,910,280,200,0,480
E09000029,Sutton,2012-13,200,80,20,290,180,140,10,330
E09000030,Tower Hamlets,2012-13,900,290,60,1240,1170,390,70,1630
E09000031,Waltham Forest,2012-13,90,290,0,380,120,230,0,350
E09000032,Wandsworth,2012-13,350,90,0,440,900,170,0,1070
E09000033,Westminster,2012-13,130,140,0,270,40,180,0,210
E08000001,Bolton,2012-13,200,30,0,230,280,0,0,280
E08000002,Bury,2012-13,130,20,0,140,140,40,0,180
E08000003,Manchester,2012-13,830,40,0,870,1800,0,10,1810
E08000004,Oldham,2012-13,180,140,0,320,120,150,0,270
E08000005,Rochdale,2012-13,350,20,0,370,240,40,40,320
E08000006,Salford,2012-13,780,0,0,780,410,50,0,450
E08000007,Stockport,2012-13,60,30,0,90,170,20,0,190
E08000008,Tameside,2012-13,170,50,0,220,420,30,0,450
E08000009,Trafford,2012-13,160,60,20,240,230,40,0,260
E08000010,Wigan,2012-13,340,0,0,340,390,0,0,390
E08000011,Knowsley,2012-13,220,170,0,400,130,20,0,160
E08000012,Liverpool,2012-13,760,120,0,870,480,50,0,530
E08000014,Sefton,2012-13,190,10,0,190,140,10,0,150
E08000013,St. Helens,2012-13,170,110,0,290,200,60,0,260
E08000015,Wirral,2012-13,100,40,0,140,150,20,0,170
E08000016,Barnsley,2012-13,700,10,0,710,750,0,0,750
E08000017,Doncaster,2012-13,360,30,0,390,410,10,0,420
E08000018,Rotherham,2012-13,550,70,70,690,480,30,80,580
E08000019,Sheffield,2012-13,280,0,0,280,350,20,0,370
E08000020,Gateshead,2012-13,550,0,10,570,370,0,30,400
E08000021,Newcastle upon Tyne,2012-13,110,20,310,440,120,40,250,410
E08000022,North Tyneside,2012-13,240,10,140,380,220,0,50,270
E08000023,South Tyneside,2012-13,190,0,0,190,140,100,0,240
E08000024,Sunderland,2012-13,300,130,0,420,250,70,0,330
E08000025,Birmingham,2012-13,580,100,30,710,610,110,10,730
E08000026,Coventry,2012-13,500,180,0,680,720,180,0,900
E08000027,Dudley,2012-13,410,40,0,440,310,120,0,420
E08000028,Sandwell,2012-13,330,50,0,390,440,50,0,490
E08000029,Solihull,2012-13,190,40,0,230,240,90,0,330
E08000030,Walsall,2012-13,330,50,0,380,350,50,0,400
E08000031,Wolverhampton,2012-13,380,30,0,410,350,60,0,410
E08000032,Bradford,2012-13,340,60,0,400,460,50,0,510
E08000033,Calderdale,2012-13,160,60,0,220,290,80,0,360
E08000034,Kirklees,2012-13,460,20,20,500,480,50,0,530
E08000035,Leeds,2012-13,1330,50,0,1380,1090,20,0,1120
E08000036,Wakefield,2012-13,600,260,0,850,620,100,0,710
E07000004,Aylesbury Vale,2012-13,600,240,0,840,520,340,0,860
E07000005,Chiltern,2012-13,140,30,0,170,170,100,0,270
E07000006,South Bucks,2012-13,150,0,0,150,150,20,0,170
E07000007,Wycombe,2012-13,230,130,0,360,230,50,0,280
E07000008,Cambridge,2012-13,1140,170,0,1310,260,70,0,330
E07000009,East Cambridgeshire,2012-13,160,20,0,180,240,10,0,250
E07000010,Fenland,2012-13,220,0,0,220,190,0,10,200
E07000011,Huntingdonshire,2012-13,550,70,0,620,400,40,0,430
E07000012,South Cambridgeshire,2012-13,510,90,0,600,490,160,0,650
E07000026,Allerdale,2012-13,240,30,0,270,170,30,0,200
E07000027,Barrow-in-Furness,2012-13,30,0,0,30,40,0,0,40
E07000028,Carlisle,2012-13,200,10,0,210,160,20,0,180
E07000029,Copeland,2012-13,120,0,0,120,80,50,0,130
E07000030,Eden,2012-13,130,20,0,150,90,40,0,120
E07000031,South Lakeland,2012-13,120,40,0,170,130,40,0,170
E07000032,Amber Valley,2012-13,190,30,0,220,150,30,0,180
E07000033,Bolsover,2012-13,140,0,0,140,100,0,0,100
E07000034,Chesterfield,2012-13,110,0,0,110,90,10,0,100
E07000035,Derbyshire Dales,2012-13,80,100,0,180,90,90,0,180
E07000036,Erewash,2012-13,140,30,0,170,150,10,0,170
E07000037,High Peak,2012-13,50,20,0,70,60,20,0,80
E07000038,North East Derbyshire,2012-13,40,0,0,50,140,10,0,150
E07000039,South Derbyshire,2012-13,300,10,0,320,280,30,0,310
E07000040,East Devon,2012-13,580,160,0,740,320,80,0,390
E07000041,Exeter,2012-13,210,70,10,280,100,0,10,100
E07000042,Mid Devon,2012-13,140,70,0,210,180,80,0,250
E07000043,North Devon,2012-13,100,60,0,160,130,40,0,170
E07000044,South Hams,2012-13,140,10,0,160,160,30,0,180
E07000045,Teignbridge,2012-13,580,150,0,730,370,50,0,420
E07000046,Torridge,2012-13,90,0,0,90,140,10,0,150
E07000047,West Devon,2012-13,90,30,0,120,100,0,0,100
E07000048,Christchurch,2012-13,100,20,0,110,40,0,0,40
E07000049,East Dorset,2012-13,150,10,0,160,100,0,0,110
E07000050,North Dorset,2012-13,80,60,0,130,100,30,0,130
E07000051,Purbeck,2012-13,90,0,0,90,100,10,0,100
E07000052,West Dorset,2012-13,130,10,0,140,180,10,0,190
E07000053,Weymouth and Portland,2012-13,80,20,10,110,290,40,10,340
E07000061,Eastbourne,2012-13,130,20,0,150,30,0,0,30
E07000062,Hastings,2012-13,100,0,0,100,80,10,0,80
E07000063,Lewes,2012-13,150,0,0,150,160,10,0,180
E07000064,Rother,2012-13,100,90,0,190,90,10,0,100
E07000065,Wealden,2012-13,590,130,0,710,510,150,0,660
E07000066,Basildon,2012-13,210,60,0,270,550,140,0,680
E07000067,Braintree,2012-13,80,60,0,140,120,40,0,160
E07000068,Brentwood,2012-13,20,0,0,20,120,0,0,120
E07000069,Castle Point,2012-13,60,0,0,60,50,20,0,80
E07000070,Chelmsford,2012-13,120,240,0,360,200,0,0,200
E07000071,Colchester,2012-13,490,110,0,600,530,120,0,650
E07000072,Epping Forest,2012-13,80,0,0,80,120,70,0,190
E07000073,Harlow,2012-13,60,20,0,90,90,30,0,120
E07000074,Maldon,2012-13,30,0,0,30,30,0,0,30
E07000075,Rochford,2012-13,120,40,0,160,70,10,0,70
E07000076,Tendring,2012-13,180,0,0,180,210,30,0,240
E07000077,Uttlesford,2012-13,220,30,0,250,380,50,0,430
E07000078,Cheltenham,2012-13,230,80,0,310,80,0,0,80
E07000079,Cotswold,2012-13,210,70,0,290,270,180,0,450
E07000080,Forest of Dean,2012-13,130,100,0,230,120,60,0,180
E07000081,Gloucester,2012-13,330,70,0,390,390,20,0,410
E07000082,Stroud,2012-13,290,60,0,360,330,90,0,420
E07000083,Tewkesbury,2012-13,250,80,0,330,270,110,0,380
E07000084,Basingstoke and Deane,2012-13,390,90,0,480,310,20,0,330
E07000085,East Hampshire,2012-13,270,140,0,410,210,60,0,270
E07000086,Eastleigh,2012-13,260,80,0,340,370,10,0,380
E07000087,Fareham,2012-13,190,30,0,230,240,40,0,290
E07000088,Gosport,2012-13,110,80,0,190,50,60,0,110
E07000089,Hart,2012-13,220,70,10,290,180,10,0,190
E07000090,Havant,2012-13,110,60,0,170,120,40,0,160
E07000091,New Forest,2012-13,140,10,0,150,160,50,0,210
E07000092,Rushmoor,2012-13,40,10,0,50,130,40,0,170
E07000093,Test Valley,2012-13,310,150,0,460,360,230,0,590
E07000094,Winchester,2012-13,810,70,0,880,430,20,0,460
E07000095,Broxbourne,2012-13,110,10,0,120,160,10,0,170
E07000096,Dacorum,2012-13,210,40,0,250,210,60,0,270
E07000097,East Hertfordshire,2012-13,180,30,0,200,370,100,0,470
E07000098,Hertsmere,2012-13,230,30,0,270,210,30,0,230
E07000099,North Hertfordshire,2012-13,80,10,0,90,250,50,0,290
E07000240,St Albans,2012-13,210,0,0,210,220,30,0,250
E07000101,Stevenage,2012-13,40,20,0,70,70,0,0,70
E07000102,Three Rivers,2012-13,100,20,0,130,200,30,0,230
E07000103,Watford,2012-13,190,40,0,230,310,180,0,490
E07000241,Welwyn Hatfield,2012-13,270,10,0,290,130,30,0,160
E07000105,Ashford,2012-13,100,0,0,100,210,30,0,240
E07000106,Canterbury,2012-13,210,50,0,260,460,70,0,520
E07000107,Dartford,2012-13,460,40,0,500,270,70,0,340
E07000108,Dover,2012-13,50,20,0,70,60,40,0,100
E07000112,Folkestone and Hythe,2012-13,90,0,0,90,110,0,0,110
E07000109,Gravesham,2012-13,130,40,0,170,170,90,0,260
E07000110,Maidstone,2012-13,200,40,0,250,350,370,0,720
E07000111,Sevenoaks,2012-13,80,10,0,90,50,0,0,50
E07000113,Swale,2012-13,260,30,0,290,200,70,0,270
E07000114,Thanet,2012-13,70,10,0,80,30,50,0,80
E07000115,Tonbridge and Malling,2012-13,270,80,0,350,300,20,0,320
E07000116,Tunbridge Wells,2012-13,130,30,0,150,30,0,0,30
E07000117,Burnley,2012-13,260,0,0,260,70,0,0,70
E07000118,Chorley,2012-13,460,20,0,480,510,20,0,530
E07000119,Fylde,2012-13,230,20,0,250,80,30,0,100
E07000120,Hyndburn,2012-13,10,30,0,30,10,10,0,20
E07000121,Lancaster,2012-13,120,20,0,130,120,0,0,120
E07000122,Pendle,2012-13,40,0,0,40,60,20,0,80
E07000123,Preston,2012-13,50,20,0,70,70,10,0,80
E07000124,Ribble Valley,2012-13,130,0,0,130,60,0,0,60
E07000125,Rossendale,2012-13,180,0,0,180,80,20,0,100
E07000126,South Ribble,2012-13,190,0,0,190,130,0,0,130
E07000127,West Lancashire,2012-13,140,50,0,190,170,30,0,200
E07000128,Wyre,2012-13,90,0,0,90,80,0,0,80
E07000129,Blaby,2012-13,210,40,0,250,220,50,0,270
E07000130,Charnwood,2012-13,340,100,0,440,400,80,0,480
E07000131,Harborough,2012-13,210,20,0,230,230,70,0,300
E07000132,Hinckley and Bosworth,2012-13,270,80,0,350,310,40,0,350
E07000133,Melton,2012-13,40,0,0,40,60,0,0,60
E07000134,North West Leicestershire,2012-13,370,140,0,520,410,140,0,540
E07000135,Oadby and Wigston,2012-13,10,0,0,10,10,0,0,10
E07000136,Boston,2012-13,60,20,0,80,100,0,0,100
E07000137,East Lindsey,2012-13,170,90,0,270,160,60,0,220
E07000138,Lincoln,2012-13,170,10,0,180,230,20,10,250
E07000139,North Kesteven,2012-13,190,20,0,210,370,0,0,370
E07000140,South Holland,2012-13,200,50,0,250,130,30,0,160
E07000141,South Kesteven,2012-13,380,10,0,390,470,30,0,500
E07000142,West Lindsey,2012-13,150,10,0,160,180,30,0,210
E07000143,Breckland,2012-13,310,10,0,320,340,20,0,360
E07000144,Broadland,2012-13,100,20,0,120,130,20,0,150
E07000145,Great Yarmouth,2012-13,60,20,0,80,110,0,0,110
E07000146,King's Lynn and West Norfolk,2012-13,290,20,0,310,310,70,0,390
E07000147,North Norfolk,2012-13,130,50,0,180,120,10,0,130
E07000148,Norwich,2012-13,160,30,0,190,160,100,40,290
E07000149,South Norfolk,2012-13,520,70,0,590,520,90,0,610
E07000150,Corby,2012-13,240,40,0,290,290,90,0,380
E07000151,Daventry,2012-13,60,60,10,130,70,30,10,110
E07000152,East Northamptonshire,2012-13,260,70,0,330,230,10,0,250
E07000153,Kettering,2012-13,170,30,0,210,290,40,0,330
E07000154,Northampton,2012-13,330,170,30,530,320,160,0,480
E07000155,South Northamptonshire,2012-13,180,60,0,240,130,30,0,160
E07000156,Wellingborough,2012-13,60,0,0,70,90,10,0,100
E07000163,Craven,2012-13,20,0,0,20,40,0,0,40
E07000164,Hambleton,2012-13,80,30,0,110,40,10,0,40
E07000165,Harrogate,2012-13,100,20,0,110,50,10,0,50
E07000166,Richmondshire,2012-13,40,0,0,40,30,40,0,70
E07000167,Ryedale,2012-13,130,20,0,150,150,0,0,150
E07000168,Scarborough,2012-13,140,40,0,180,80,10,0,90
E07000169,Selby,2012-13,170,10,0,180,230,50,0,280
E07000170,Ashfield,2012-13,310,20,0,330,420,30,0,460
E07000171,Bassetlaw,2012-13,210,10,0,220,220,10,0,230
E07000172,Broxtowe,2012-13,60,0,0,60,100,20,0,120
E07000173,Gedling,2012-13,220,20,0,240,210,20,0,230
E07000174,Mansfield,2012-13,190,30,0,220,180,30,0,210
E07000175,Newark and Sherwood,2012-13,150,30,0,180,240,40,0,280
E07000176,Rushcliffe,2012-13,190,30,0,220,260,30,0,290
E07000177,Cherwell,2012-13,130,40,10,180,220,20,10,250
E07000178,Oxford,2012-13,60,0,0,60,80,100,0,180
E07000179,South Oxfordshire,2012-13,300,120,10,430,320,100,60,470
E07000180,Vale of White Horse,2012-13,240,50,0,290,270,130,0,400
E07000181,West Oxfordshire,2012-13,120,20,0,140,180,30,0,210
E07000187,Mendip,2012-13,230,30,0,260,330,40,0,380
E07000188,Sedgemoor,2012-13,310,30,0,340,510,130,0,640
E07000189,South Somerset,2012-13,290,80,0,370,290,170,0,460
E07000190,Taunton Deane,2012-13,440,70,0,510,300,110,0,420
E07000191,West Somerset,2012-13,30,20,0,50,40,0,0,40
E07000192,Cannock Chase,2012-13,150,40,0,190,100,100,0,200
E07000193,East Staffordshire,2012-13,100,60,0,160,190,20,0,210
E07000194,Lichfield,2012-13,170,20,0,180,140,30,0,170
E07000195,Newcastle-under-Lyme,2012-13,250,40,0,290,160,50,0,210
E07000196,South Staffordshire,2012-13,90,20,0,100,120,10,0,130
E07000197,Stafford,2012-13,200,30,0,230,160,20,0,180
E07000198,Staffordshire Moorlands,2012-13,70,50,0,120,60,30,0,90
E07000199,Tamworth,2012-13,30,0,0,40,50,0,0,50
E07000200,Babergh,2012-13,180,10,0,200,230,0,0,230
E07000201,Forest Heath,2012-13,180,20,0,200,210,40,0,250
E07000202,Ipswich,2012-13,110,0,0,110,80,0,0,80
E07000203,Mid Suffolk,2012-13,270,20,0,290,270,70,0,340
E07000204,St Edmundsbury,2012-13,160,20,0,180,90,10,0,100
E07000205,Suffolk Coastal,2012-13,260,10,0,270,260,20,0,290
E07000206,Waveney,2012-13,90,10,0,100,90,50,0,140
E07000207,Elmbridge,2012-13,230,100,0,330,230,70,0,300
E07000208,Epsom and Ewell,2012-13,320,60,0,370,160,120,0,280
E07000209,Guildford,2012-13,100,0,0,100,230,10,0,240
E07000210,Mole Valley,2012-13,50,10,0,60,120,20,0,130
E07000211,Reigate and Banstead,2012-13,220,70,0,290,360,80,0,440
E07000212,Runnymede,2012-13,90,0,0,90,140,90,0,230
E07000213,Spelthorne,2012-13,140,50,0,190,130,60,0,190
E07000214,Surrey Heath,2012-13,140,0,0,140,160,20,0,170
E07000215,Tandridge,2012-13,180,70,0,260,140,10,0,140
E07000216,Waverley,2012-13,50,20,0,70,110,60,0,170
E07000217,Woking,2012-13,100,20,0,120,290,30,0,320
E07000218,North Warwickshire,2012-13,30,0,0,30,20,0,0,20
E07000219,Nuneaton and Bedworth,2012-13,210,20,0,220,230,70,0,300
E07000220,Rugby,2012-13,210,70,110,390,140,40,140,320
E07000221,Stratford-on-Avon,2012-13,160,80,0,240,180,90,0,280
E07000222,Warwick,2012-13,120,50,0,170,80,50,0,130
E07000223,Adur,2012-13,140,0,0,140,100,30,0,130
E07000224,Arun,2012-13,240,60,0,310,370,70,0,440
E07000225,Chichester,2012-13,150,70,0,220,310,60,0,380
E07000226,Crawley,2012-13,40,70,0,120,40,10,0,50
E07000227,Horsham,2012-13,520,150,0,670,240,200,0,440
E07000228,Mid Sussex,2012-13,270,50,0,320,410,100,0,510
E07000229,Worthing,2012-13,120,0,0,120,40,50,0,90
E07000234,Bromsgrove,2012-13,90,70,0,160,100,60,0,160
E07000235,Malvern Hills,2012-13,80,0,0,90,100,10,0,110
E07000236,Redditch,2012-13,70,30,10,110,40,20,0,60
E07000237,Worcester,2012-13,120,50,0,170,240,120,0,360
E07000238,Wychavon,2012-13,330,130,0,460,300,130,0,430
E07000239,Wyre Forest,2012-13,160,40,0,200,190,30,0,220
E06000022,Bath and North East Somerset,2013-14,350,160,0,510,310,110,0,420
E06000055,Bedford,2013-14,570,40,0,610,530,150,0,680
E06000008,Blackburn with Darwen,2013-14,130,80,0,210,200,30,0,240
E06000009,Blackpool,2013-14,20,0,0,20,10,0,0,10
E06000028,Bournemouth,2013-14,250,70,0,320,150,300,0,450
E06000036,Bracknell Forest,2013-14,270,40,0,310,300,60,0,360
E06000043,Brighton and Hove,2013-14,200,170,0,370,130,100,0,240
E06000023,"Bristol, City of",2013-14,560,210,0,760,770,100,10,870
E06000056,Central Bedfordshire,2013-14,1160,190,0,1360,920,110,0,1030
E06000049,Cheshire East,2013-14,800,110,0,910,580,40,0,610
E06000050,Cheshire West and Chester,2013-14,1110,150,0,1260,540,80,0,620
E06000052,Cornwall,2013-14,2390,490,0,2880,1260,170,0,1430
E06000047,County Durham,2013-14,1160,120,0,1280,910,60,0,970
E06000005,Darlington,2013-14,260,50,0,310,160,20,0,180
E06000015,Derby,2013-14,210,20,0,230,170,30,0,200
E06000011,East Riding of Yorkshire,2013-14,280,60,0,330,270,0,0,270
E06000006,Halton,2013-14,350,50,0,400,280,70,0,350
E06000001,Hartlepool,2013-14,260,20,0,280,140,20,0,170
E06000019,"Herefordshire, County of",2013-14,270,40,0,310,220,70,0,280
E06000046,Isle of Wight,2013-14,420,80,0,490,290,130,0,420
E06000053,Isles of Scilly,2013-14,0,0,0,0,0,0,0,0
E06000010,"Kingston upon Hull, City of",2013-14,1060,0,0,1060,890,0,0,890
E06000016,Leicester,2013-14,320,30,0,350,140,50,0,190
E06000032,Luton,2013-14,170,110,20,300,70,20,0,90
E06000035,Medway,2013-14,340,60,0,400,260,120,0,380
E06000002,Middlesbrough,2013-14,340,170,0,510,180,30,0,210
E06000042,Milton Keynes,2013-14,830,190,10,1020,860,220,0,1080
E06000012,North East Lincolnshire,2013-14,280,60,0,340,240,80,0,310
E06000013,North Lincolnshire,2013-14,230,50,0,280,200,70,0,270
E06000024,North Somerset,2013-14,160,50,0,200,370,70,0,430
E06000057,Northumberland,2013-14,540,290,0,830,410,110,0,530
E06000018,Nottingham,2013-14,190,60,0,250,160,20,0,170
E06000031,Peterborough,2013-14,650,180,0,840,580,130,0,710
E06000026,Plymouth,2013-14,430,110,110,650,390,60,30,470
E06000029,Poole,2013-14,330,0,0,330,170,0,0,170
E06000044,Portsmouth,2013-14,150,20,0,170,90,80,0,160
E06000038,Reading,2013-14,270,10,0,280,360,10,0,370
E06000003,Redcar and Cleveland,2013-14,270,140,0,410,240,40,0,270
E06000017,Rutland,2013-14,40,0,0,40,100,20,0,120
E06000051,Shropshire,2013-14,560,110,0,670,560,90,0,650
E06000039,Slough,2013-14,260,150,10,420,130,30,0,160
E06000025,South Gloucestershire,2013-14,680,500,0,1190,690,500,0,1200
E06000045,Southampton,2013-14,420,180,0,600,350,130,0,480
E06000033,Southend-on-Sea,2013-14,210,10,0,220,80,10,0,90
E06000004,Stockton-on-Tees,2013-14,520,20,0,540,490,30,0,520
E06000021,Stoke-on-Trent,2013-14,430,0,0,430,350,30,0,390
E06000030,Swindon,2013-14,320,70,0,390,450,130,0,580
E06000020,Telford and Wrekin,2013-14,830,150,0,990,580,160,0,740
E06000034,Thurrock,2013-14,270,70,0,340,220,40,0,260
E06000027,Torbay,2013-14,280,60,0,330,230,100,0,330
E06000007,Warrington,2013-14,680,0,0,680,560,30,0,590
E06000037,West Berkshire,2013-14,410,80,0,490,350,60,0,410
E06000054,Wiltshire,2013-14,1310,930,0,2250,1040,1100,0,2130
E06000040,Windsor and Maidenhead,2013-14,500,40,0,530,300,10,0,310
E06000041,Wokingham,2013-14,360,100,0,470,330,90,0,420
E06000014,York,2013-14,590,60,0,650,190,30,0,220
E09000002,Barking and Dagenham,2013-14,190,420,0,610,230,60,0,300
E09000003,Barnet,2013-14,850,480,0,1330,1120,370,0,1490
E09000004,Bexley,2013-14,430,60,0,490,250,90,0,340
E09000005,Brent,2013-14,440,250,0,690,190,50,0,230
E09000006,Bromley,2013-14,440,120,0,550,570,100,0,670
E09000007,Camden,2013-14,300,40,670,1010,280,110,0,390
E09000001,City of London,2013-14,0,0,0,0,0,0,0,0
E09000008,Croydon,2013-14,1700,260,0,1960,1380,140,0,1530
E09000009,Ealing,2013-14,330,240,80,650,520,440,10,970
E09000010,Enfield,2013-14,270,370,0,640,180,130,0,310
E09000011,Greenwich,2013-14,820,410,0,1220,850,410,0,1250
E09000012,Hackney,2013-14,290,210,0,500,530,190,0,720
E09000013,Hammersmith and Fulham,2013-14,630,120,0,740,140,30,0,170
E09000014,Haringey,2013-14,350,280,0,620,80,170,0,250
E09000015,Harrow,2013-14,310,110,0,420,80,0,0,80
E09000016,Havering,2013-14,350,320,0,670,520,230,0,750
E09000017,Hillingdon,2013-14,310,110,0,410,260,30,0,290
E09000018,Hounslow,2013-14,440,200,80,720,270,250,0,520
E09000019,Islington,2013-14,110,50,0,170,250,60,0,310
E09000020,Kensington and Chelsea,2013-14,70,20,0,80,20,0,0,20
E09000021,Kingston upon Thames,2013-14,90,10,0,100,100,20,0,110
E09000022,Lambeth,2013-14,840,490,0,1330,190,340,0,530
E09000023,Lewisham,2013-14,370,130,150,650,190,200,0,380
E09000024,Merton,2013-14,180,70,0,260,180,120,0,300
E09000025,Newham,2013-14,460,390,0,850,980,780,0,1770
E09000026,Redbridge,2013-14,240,10,0,240,480,0,0,480
E09000027,Richmond upon Thames,2013-14,90,0,0,90,90,130,0,220
E09000028,Southwark,2013-14,1230,200,200,1640,430,320,30,790
E09000029,Sutton,2013-14,120,70,10,200,150,80,0,230
E09000030,Tower Hamlets,2013-14,1140,160,0,1300,1170,360,0,1530
E09000031,Waltham Forest,2013-14,460,220,0,680,100,290,0,390
E09000032,Wandsworth,2013-14,560,130,0,690,350,50,0,400
E09000033,Westminster,2013-14,170,110,0,280,100,130,0,230
E08000001,Bolton,2013-14,200,160,10,370,210,120,0,320
E08000002,Bury,2013-14,220,0,0,220,110,0,0,110
E08000003,Manchester,2013-14,460,80,0,550,450,50,0,500
E08000004,Oldham,2013-14,210,270,0,480,150,170,0,320
E08000005,Rochdale,2013-14,400,0,30,430,260,0,20,270
E08000006,Salford,2013-14,500,70,50,610,360,20,0,380
E08000007,Stockport,2013-14,160,20,0,180,100,0,0,100
E08000008,Tameside,2013-14,180,130,0,320,200,100,0,300
E08000009,Trafford,2013-14,110,60,0,160,170,100,0,260
E08000010,Wigan,2013-14,300,40,10,340,370,0,0,370
E08000011,Knowsley,2013-14,280,260,0,540,200,180,0,380
E08000012,Liverpool,2013-14,790,230,0,1010,610,130,0,730
E08000014,Sefton,2013-14,230,60,0,290,80,10,0,90
E08000013,St. Helens,2013-14,370,10,0,380,230,70,0,300
E08000015,Wirral,2013-14,100,60,0,160,120,90,0,200
E08000016,Barnsley,2013-14,800,30,0,830,850,10,0,860
E08000017,Doncaster,2013-14,650,10,0,660,500,20,0,530
E08000018,Rotherham,2013-14,650,30,0,680,630,70,0,700
E08000019,Sheffield,2013-14,700,150,0,850,500,20,0,520
E08000037,Gateshead,2013-14,350,90,30,470,350,60,10,430
E08000021,Newcastle upon Tyne,2013-14,280,80,330,690,190,30,250,470
E08000022,North Tyneside,2013-14,340,30,20,390,310,0,0,310
E08000023,South Tyneside,2013-14,300,20,20,330,210,20,20,250
E08000024,Sunderland,2013-14,680,200,0,880,390,110,0,510
E08000025,Birmingham,2013-14,720,50,20,790,810,80,120,1010
E08000026,Coventry,2013-14,590,50,0,640,650,140,0,790
E08000027,Dudley,2013-14,380,40,0,410,340,40,0,380
E08000028,Sandwell,2013-14,330,10,0,340,280,30,0,310
E08000029,Solihull,2013-14,360,120,20,500,240,50,0,290
E08000030,Walsall,2013-14,540,100,0,640,720,110,0,830
E08000031,Wolverhampton,2013-14,550,30,20,590,400,30,0,430
E08000032,Bradford,2013-14,1150,60,10,1220,690,70,0,770
E08000033,Calderdale,2013-14,360,0,0,360,250,50,0,300
E08000034,Kirklees,2013-14,380,30,10,420,490,20,50,560
E08000035,Leeds,2013-14,1940,170,0,2120,1630,50,0,1680
E08000036,Wakefield,2013-14,810,250,0,1060,590,220,0,820
E07000004,Aylesbury Vale,2013-14,850,320,0,1180,710,280,0,990
E07000005,Chiltern,2013-14,100,0,0,100,130,0,0,130
E07000006,South Bucks,2013-14,100,0,0,100,110,0,0,110
E07000007,Wycombe,2013-14,260,40,0,300,210,60,0,260
E07000008,Cambridge,2013-14,600,270,0,870,690,330,0,1020
E07000009,East Cambridgeshire,2013-14,190,20,0,210,190,10,0,190
E07000010,Fenland,2013-14,220,130,0,360,270,50,0,320
E07000011,Huntingdonshire,2013-14,380,110,0,490,460,60,0,520
E07000012,South Cambridgeshire,2013-14,500,150,0,650,500,100,0,600
E07000026,Allerdale,2013-14,260,30,0,280,210,50,0,260
E07000027,Barrow-in-Furness,2013-14,70,0,0,70,40,10,0,50
E07000028,Carlisle,2013-14,270,0,0,270,200,10,0,210
E07000029,Copeland,2013-14,100,40,0,140,110,0,0,110
E07000030,Eden,2013-14,170,20,0,190,140,0,0,140
E07000031,South Lakeland,2013-14,250,40,0,280,130,40,0,170
E07000032,Amber Valley,2013-14,130,20,0,140,150,10,0,160
E07000033,Bolsover,2013-14,240,10,0,250,170,0,0,170
E07000034,Chesterfield,2013-14,110,0,0,120,140,0,0,140
E07000035,Derbyshire Dales,2013-14,200,10,0,210,50,60,0,110
E07000036,Erewash,2013-14,110,10,0,130,140,20,0,160
E07000037,High Peak,2013-14,50,0,0,50,80,0,0,80
E07000038,North East Derbyshire,2013-14,60,0,0,60,70,0,0,70
E07000039,South Derbyshire,2013-14,410,50,0,460,360,10,0,370
E07000040,East Devon,2013-14,720,300,0,1030,560,150,0,720
E07000041,Exeter,2013-14,350,90,10,440,210,70,0,280
E07000042,Mid Devon,2013-14,120,30,0,150,280,20,20,320
E07000043,North Devon,2013-14,110,70,0,180,120,80,0,210
E07000044,South Hams,2013-14,180,40,0,230,160,30,0,190
E07000045,Teignbridge,2013-14,490,90,0,580,580,150,0,730
E07000046,Torridge,2013-14,250,70,0,330,230,10,0,240
E07000047,West Devon,2013-14,110,30,0,130,130,30,0,150
E07000048,Christchurch,2013-14,150,0,0,150,90,10,0,100
E07000049,East Dorset,2013-14,130,20,0,150,180,10,0,190
E07000050,North Dorset,2013-14,100,70,0,170,70,160,0,230
E07000051,Purbeck,2013-14,50,0,0,50,60,0,0,60
E07000052,West Dorset,2013-14,150,10,0,160,180,10,0,190
E07000053,Weymouth and Portland,2013-14,130,10,0,150,100,20,0,120
E07000061,Eastbourne,2013-14,70,0,0,70,170,30,0,200
E07000062,Hastings,2013-14,80,0,0,80,80,0,0,80
E07000063,Lewes,2013-14,60,0,0,60,80,0,0,80
E07000064,Rother,2013-14,130,30,0,150,100,50,0,150
E07000065,Wealden,2013-14,630,70,0,700,570,100,0,670
E07000066,Basildon,2013-14,510,70,0,580,310,10,0,320
E07000067,Braintree,2013-14,210,70,0,280,110,60,0,160
E07000068,Brentwood,2013-14,80,0,0,80,20,0,0,20
E07000069,Castle Point,2013-14,80,30,0,110,40,0,0,40
E07000070,Chelmsford,2013-14,390,110,0,500,250,30,0,280
E07000071,Colchester,2013-14,720,100,0,820,640,100,0,740
E07000072,Epping Forest,2013-14,250,140,0,390,170,20,0,190
E07000073,Harlow,2013-14,130,120,0,250,90,30,0,120
E07000074,Maldon,2013-14,20,0,0,20,50,10,0,60
E07000075,Rochford,2013-14,150,70,0,220,130,70,0,200
E07000076,Tendring,2013-14,220,0,0,220,240,0,0,240
E07000077,Uttlesford,2013-14,260,60,0,320,250,50,0,290
E07000078,Cheltenham,2013-14,170,10,0,180,200,20,0,230
E07000079,Cotswold,2013-14,240,130,0,370,230,90,0,320
E07000080,Forest of Dean,2013-14,280,90,0,370,160,60,0,220
E07000081,Gloucester,2013-14,330,90,0,420,320,80,0,400
E07000082,Stroud,2013-14,470,60,0,530,310,70,0,380
E07000083,Tewkesbury,2013-14,270,90,0,360,270,80,0,350
E07000084,Basingstoke and Deane,2013-14,500,0,0,500,420,80,0,500
E07000085,East Hampshire,2013-14,450,60,0,500,280,110,0,390
E07000086,Eastleigh,2013-14,200,120,0,320,290,100,0,380
E07000087,Fareham,2013-14,160,30,60,250,160,30,10,190
E07000088,Gosport,2013-14,40,10,0,50,40,10,0,60
E07000089,Hart,2013-14,250,70,0,320,190,70,0,260
E07000090,Havant,2013-14,250,130,0,380,160,40,0,200
E07000091,New Forest,2013-14,120,0,0,120,140,10,0,150
E07000092,Rushmoor,2013-14,100,80,0,180,190,30,0,220
E07000093,Test Valley,2013-14,720,290,0,1010,460,130,0,580
E07000094,Winchester,2013-14,290,50,0,350,410,70,0,480
E07000095,Broxbourne,2013-14,90,20,0,100,130,20,0,150
E07000096,Dacorum,2013-14,310,30,0,340,270,30,0,300
E07000242,East Hertfordshire,2013-14,370,80,0,450,210,20,0,230
E07000098,Hertsmere,2013-14,320,50,0,370,500,60,0,560
E07000099,North Hertfordshire,2013-14,90,0,0,90,80,20,0,90
E07000240,St Albans,2013-14,260,0,0,260,410,30,0,440
E07000243,Stevenage,2013-14,100,10,0,110,50,130,0,180
E07000102,Three Rivers,2013-14,170,160,0,330,100,40,0,140
E07000103,Watford,2013-14,130,30,0,160,170,70,0,240
E07000241,Welwyn Hatfield,2013-14,250,50,0,300,240,30,0,270
E07000105,Ashford,2013-14,270,40,0,310,90,0,0,90
E07000106,Canterbury,2013-14,220,0,0,230,350,30,0,380
E07000107,Dartford,2013-14,310,30,0,340,410,30,0,440
E07000108,Dover,2013-14,140,50,0,190,110,20,0,130
E07000112,Folkestone and Hythe,2013-14,130,50,0,180,80,0,0,90
E07000109,Gravesham,2013-14,40,20,0,50,60,10,0,80
E07000110,Maidstone,2013-14,240,230,0,470,250,180,0,430
E07000111,Sevenoaks,2013-14,100,30,0,120,100,10,0,110
E07000113,Swale,2013-14,240,10,0,250,220,30,0,260
E07000114,Thanet,2013-14,120,40,0,160,70,30,0,90
E07000115,Tonbridge and Malling,2013-14,440,40,0,480,370,130,0,500
E07000116,Tunbridge Wells,2013-14,150,10,0,160,80,0,0,80
E07000117,Burnley,2013-14,130,0,0,130,130,10,0,140
E07000118,Chorley,2013-14,440,20,0,460,400,50,0,450
E07000119,Fylde,2013-14,140,40,0,180,180,30,0,200
E07000120,Hyndburn,2013-14,70,10,0,80,40,20,0,70
E07000121,Lancaster,2013-14,280,0,0,280,100,0,0,100
E07000122,Pendle,2013-14,30,10,10,50,50,0,0,50
E07000123,Preston,2013-14,120,60,0,180,110,20,0,120
E07000124,Ribble Valley,2013-14,400,0,0,400,200,0,0,200
E07000125,Rossendale,2013-14,120,60,0,180,120,110,0,230
E07000126,South Ribble,2013-14,400,40,0,440,220,30,0,250
E07000127,West Lancashire,2013-14,160,10,0,170,100,60,0,160
E07000128,Wyre,2013-14,270,0,0,270,130,0,0,130
E07000129,Blaby,2013-14,310,100,0,410,240,60,0,300
E07000130,Charnwood,2013-14,340,80,0,420,350,100,0,450
E07000131,Harborough,2013-14,390,50,0,450,250,10,0,260
E07000132,Hinckley and Bosworth,2013-14,460,120,0,580,520,160,0,680
E07000133,Melton,2013-14,50,0,0,50,70,0,0,70
E07000134,North West Leicestershire,2013-14,620,110,0,720,530,130,0,660
E07000135,Oadby and Wigston,2013-14,30,0,0,30,10,0,0,10
E07000136,Boston,2013-14,110,0,0,110,120,40,0,150
E07000137,East Lindsey,2013-14,210,50,0,250,180,80,0,250
E07000138,Lincoln,2013-14,100,20,10,130,220,10,0,220
E07000139,North Kesteven,2013-14,420,0,0,420,270,0,0,270
E07000140,South Holland,2013-14,220,40,10,270,180,50,0,230
E07000141,South Kesteven,2013-14,520,50,10,580,460,10,0,470
E07000142,West Lindsey,2013-14,180,0,0,180,270,0,0,270
E07000143,Breckland,2013-14,460,0,0,460,370,0,0,370
E07000144,Broadland,2013-14,190,20,0,210,170,40,0,200
E07000145,Great Yarmouth,2013-14,50,10,0,60,90,30,0,110
E07000146,King's Lynn and West Norfolk,2013-14,340,20,0,360,220,20,0,250
E07000147,North Norfolk,2013-14,380,90,0,470,170,80,0,250
E07000148,Norwich,2013-14,100,0,0,100,180,10,0,190
E07000149,South Norfolk,2013-14,570,20,0,590,650,70,0,720
E07000150,Corby,2013-14,290,30,10,330,330,0,0,330
E07000151,Daventry,2013-14,270,80,0,350,120,60,0,180
E07000152,East Northamptonshire,2013-14,410,40,0,440,300,20,0,320
E07000153,Kettering,2013-14,320,50,0,370,260,50,0,300
E07000154,Northampton,2013-14,580,100,0,680,470,150,0,620
E07000155,South Northamptonshire,2013-14,200,110,0,310,210,70,0,280
E07000156,Wellingborough,2013-14,100,90,0,190,100,0,0,100
E07000163,Craven,2013-14,90,60,0,150,30,0,0,30
E07000164,Hambleton,2013-14,130,30,0,160,100,40,0,140
E07000165,Harrogate,2013-14,80,20,0,100,70,0,0,70
E07000166,Richmondshire,2013-14,70,30,0,90,70,20,0,90
E07000167,Ryedale,2013-14,190,10,0,200,170,10,0,180
E07000168,Scarborough,2013-14,200,70,0,270,150,60,0,210
E07000169,Selby,2013-14,1060,50,0,1120,180,20,0,190
E07000170,Ashfield,2013-14,340,40,0,380,410,10,0,420
E07000171,Bassetlaw,2013-14,220,20,0,240,180,10,0,190
E07000172,Broxtowe,2013-14,40,0,0,40,70,0,0,70
E07000173,Gedling,2013-14,290,30,0,320,240,10,10,260
E07000174,Mansfield,2013-14,240,0,0,250,290,10,0,300
E07000175,Newark and Sherwood,2013-14,330,10,0,340,200,10,0,210
E07000176,Rushcliffe,2013-14,140,20,0,160,220,20,0,240
E07000177,Cherwell,2013-14,510,120,30,660,130,40,50,220
E07000178,Oxford,2013-14,80,10,0,100,60,0,0,60
E07000179,South Oxfordshire,2013-14,390,80,0,470,360,160,0,520
E07000180,Vale of White Horse,2013-14,390,190,0,580,360,150,0,510
E07000181,West Oxfordshire,2013-14,110,0,0,110,60,10,0,70
E07000187,Mendip,2013-14,310,100,0,410,340,10,0,350
E07000188,Sedgemoor,2013-14,550,40,0,590,360,20,0,380
E07000189,South Somerset,2013-14,440,160,0,600,340,120,0,460
E07000190,Taunton Deane,2013-14,400,100,0,500,480,90,10,580
E07000191,West Somerset,2013-14,90,10,0,100,70,20,0,90
E07000192,Cannock Chase,2013-14,140,30,0,180,160,30,0,190
E07000193,East Staffordshire,2013-14,180,60,0,240,130,70,0,200
E07000194,Lichfield,2013-14,170,0,0,180,160,10,0,180
E07000195,Newcastle-under-Lyme,2013-14,200,90,0,290,200,50,0,250
E07000196,South Staffordshire,2013-14,110,10,0,120,110,10,0,120
E07000197,Stafford,2013-14,150,80,0,230,160,40,0,200
E07000198,Staffordshire Moorlands,2013-14,50,60,0,120,60,40,0,110
E07000199,Tamworth,2013-14,20,20,0,40,30,0,0,30
E07000200,Babergh,2013-14,170,40,0,210,230,40,0,270
E07000201,Forest Heath,2013-14,130,50,0,180,160,20,0,180
E07000202,Ipswich,2013-14,90,0,0,100,150,0,10,160
E07000203,Mid Suffolk,2013-14,240,10,0,250,330,10,0,340
E07000204,St Edmundsbury,2013-14,210,70,0,270,120,50,0,170
E07000205,Suffolk Coastal,2013-14,340,10,0,360,290,0,0,290
E07000206,Waveney,2013-14,60,30,0,90,80,60,0,140
E07000207,Elmbridge,2013-14,140,60,0,200,250,50,0,290
E07000208,Epsom and Ewell,2013-14,80,50,0,130,160,40,0,200
E07000209,Guildford,2013-14,200,10,0,210,130,0,0,130
E07000210,Mole Valley,2013-14,80,50,10,140,50,20,0,70
E07000211,Reigate and Banstead,2013-14,390,60,0,450,410,100,0,500
E07000212,Runnymede,2013-14,80,260,0,340,110,20,0,140
E07000213,Spelthorne,2013-14,250,10,0,260,130,40,0,170
E07000214,Surrey Heath,2013-14,190,0,0,190,140,0,0,140
E07000215,Tandridge,2013-14,190,10,0,200,100,30,0,130
E07000216,Waverley,2013-14,170,60,0,230,110,0,0,110
E07000217,Woking,2013-14,120,10,0,130,360,0,0,360
E07000218,North Warwickshire,2013-14,90,30,0,120,30,0,0,30
E07000219,Nuneaton and Bedworth,2013-14,180,10,0,190,170,0,0,170
E07000220,Rugby,2013-14,150,50,50,250,160,60,190,400
E07000221,Stratford-on-Avon,2013-14,280,120,0,410,190,100,0,290
E07000222,Warwick,2013-14,260,30,0,290,180,0,0,180
E07000223,Adur,2013-14,80,10,0,90,60,0,0,60
E07000224,Arun,2013-14,530,60,0,590,260,50,0,320
E07000225,Chichester,2013-14,480,220,0,700,180,60,0,240
E07000226,Crawley,2013-14,70,50,0,120,60,70,0,140
E07000227,Horsham,2013-14,770,220,0,990,520,210,0,730
E07000228,Mid Sussex,2013-14,300,80,0,380,360,80,0,440
E07000229,Worthing,2013-14,310,10,0,330,80,0,0,80
E07000234,Bromsgrove,2013-14,160,30,0,200,80,50,0,130
E07000235,Malvern Hills,2013-14,110,40,0,150,140,30,0,170
E07000236,Redditch,2013-14,100,40,10,150,110,30,0,150
E07000237,Worcester,2013-14,160,40,0,200,150,70,0,220
E07000238,Wychavon,2013-14,630,250,0,880,410,150,0,570
E07000239,Wyre Forest,2013-14,250,120,10,370,260,50,30,330
E06000022,Bath and North East Somerset,2014-15,610,140,0,750,320,170,0,490
E06000055,Bedford,2014-15,700,210,0,910,650,90,0,730
E06000008,Blackburn with Darwen,2014-15,90,0,0,90,120,70,0,190
E06000009,Blackpool,2014-15,20,110,0,130,20,50,0,70
E06000028,Bournemouth,2014-15,240,40,10,290,350,290,10,650
E06000036,Bracknell Forest,2014-15,330,0,0,340,290,30,0,320
E06000043,Brighton and Hove,2014-15,770,10,0,780,120,30,0,150
E06000023,"Bristol, City of",2014-15,730,280,0,1020,350,120,0,460
E06000056,Central Bedfordshire,2014-15,1090,230,0,1320,1080,240,0,1310
E06000049,Cheshire East,2014-15,770,150,0,920,670,230,0,890
E06000050,Cheshire West and Chester,2014-15,720,160,0,870,780,190,0,970
E06000052,Cornwall,2014-15,1650,300,0,1950,1490,400,0,1880
E06000047,County Durham,2014-15,1160,70,10,1230,1090,90,0,1180
E06000005,Darlington,2014-15,400,20,0,410,250,70,0,330
E06000015,Derby,2014-15,280,40,0,320,250,40,0,290
E06000011,East Riding of Yorkshire,2014-15,470,40,0,510,350,50,0,400
E06000006,Halton,2014-15,190,140,0,330,180,140,0,310
E06000001,Hartlepool,2014-15,350,0,10,360,310,30,20,360
E06000019,"Herefordshire, County of",2014-15,350,280,0,630,270,40,0,310
E06000046,Isle of Wight,2014-15,390,0,0,390,260,80,0,330
E06000053,Isles of Scilly,2014-15,0,0,0,0,0,0,0,0
E06000010,"Kingston upon Hull, City of",2014-15,510,0,0,510,510,0,0,510
E06000016,Leicester,2014-15,300,80,0,370,300,80,0,380
E06000032,Luton,2014-15,100,60,0,160,110,30,0,140
E06000035,Medway,2014-15,340,100,0,440,220,80,0,300
E06000002,Middlesbrough,2014-15,520,40,0,560,310,130,0,430
E06000042,Milton Keynes,2014-15,980,420,20,1420,800,260,10,1070
E06000012,North East Lincolnshire,2014-15,160,0,0,170,150,30,0,180
E06000013,North Lincolnshire,2014-15,190,20,0,210,240,20,0,270
E06000024,North Somerset,2014-15,110,20,0,120,320,110,0,430
E06000057,Northumberland,2014-15,730,230,80,1040,740,280,170,1190
E06000018,Nottingham,2014-15,310,0,0,310,130,50,0,180
E06000031,Peterborough,2014-15,590,190,0,780,560,200,0,770
E06000026,Plymouth,2014-15,570,120,0,690,700,100,0,800
E06000029,Poole,2014-15,300,0,0,300,280,0,0,280
E06000044,Portsmouth,2014-15,280,110,0,390,180,70,0,250
E06000038,Reading,2014-15,460,60,0,510,40,40,0,80
E06000003,Redcar and Cleveland,2014-15,250,70,0,320,280,170,0,460
E06000017,Rutland,2014-15,80,20,0,100,120,10,0,130
E06000051,Shropshire,2014-15,710,180,0,890,610,70,0,670
E06000039,Slough,2014-15,220,60,0,280,240,110,10,360
E06000025,South Gloucestershire,2014-15,730,670,0,1400,670,540,0,1220
E06000045,Southampton,2014-15,150,10,0,160,1170,150,0,1320
E06000033,Southend-on-Sea,2014-15,240,40,0,280,130,0,0,140
E06000004,Stockton-on-Tees,2014-15,500,40,0,540,460,10,0,460
E06000021,Stoke-on-Trent,2014-15,340,20,0,360,310,10,0,320
E06000030,Swindon,2014-15,590,100,0,690,320,50,0,370
E06000020,Telford and Wrekin,2014-15,910,130,0,1040,920,100,0,1030
E06000034,Thurrock,2014-15,470,270,30,760,240,90,0,330
E06000027,Torbay,2014-15,450,30,0,470,250,150,0,400
E06000007,Warrington,2014-15,590,0,0,600,580,0,0,580
E06000037,West Berkshire,2014-15,300,30,0,330,310,10,0,320
E06000054,Wiltshire,2014-15,1460,840,0,2300,1160,1040,0,2200
E06000040,Windsor and Maidenhead,2014-15,410,0,0,420,440,60,0,490
E06000041,Wokingham,2014-15,480,90,0,570,390,110,0,510
E06000014,York,2014-15,500,140,0,640,180,20,0,200
E09000002,Barking and Dagenham,2014-15,160,160,0,320,200,600,0,800
E09000003,Barnet,2014-15,1500,770,0,2270,530,650,0,1180
E09000004,Bexley,2014-15,300,30,0,330,330,50,0,380
E09000005,Brent,2014-15,350,250,0,600,210,100,0,310
E09000006,Bromley,2014-15,390,30,0,420,510,80,0,590
E09000007,Camden,2014-15,270,40,80,390,330,10,10,350
E09000001,City of London,2014-15,0,0,0,0,160,0,0,160
E09000008,Croydon,2014-15,880,110,30,1010,570,310,50,930
E09000009,Ealing,2014-15,260,10,200,460,200,150,40,390
E09000010,Enfield,2014-15,150,460,50,660,150,120,0,260
E09000011,Greenwich,2014-15,640,490,0,1140,1040,100,0,1130
E09000012,Hackney,2014-15,470,330,0,800,310,600,0,920
E09000013,Hammersmith and Fulham,2014-15,800,20,0,820,160,50,0,210
E09000014,Haringey,2014-15,240,20,0,260,60,0,0,60
E09000015,Harrow,2014-15,550,20,0,570,100,0,0,100
E09000016,Havering,2014-15,550,110,0,670,510,270,0,780
E09000017,Hillingdon,2014-15,610,40,0,640,280,60,0,330
E09000018,Hounslow,2014-15,550,230,180,950,570,370,70,1010
E09000019,Islington,2014-15,200,70,0,280,60,40,0,100
E09000020,Kensington and Chelsea,2014-15,40,0,0,40,170,10,0,180
E09000021,Kingston upon Thames,2014-15,50,10,0,70,160,10,0,170
E09000022,Lambeth,2014-15,880,440,0,1320,760,460,0,1220
E09000023,Lewisham,2014-15,370,360,0,730,300,190,0,490
E09000024,Merton,2014-15,310,190,0,500,400,170,0,570
E09000025,Newham,2014-15,1380,550,20,1950,1150,410,0,1560
E09000026,Redbridge,2014-15,220,40,0,260,330,10,0,340
E09000027,Richmond upon Thames,2014-15,140,30,0,170,40,0,0,40
E09000028,Southwark,2014-15,1260,170,0,1430,730,330,0,1050
E09000029,Sutton,2014-15,110,20,0,130,120,90,0,210
E09000030,Tower Hamlets,2014-15,1710,560,70,2340,1090,230,140,1450
E09000031,Waltham Forest,2014-15,210,320,0,530,330,220,0,550
E09000032,Wandsworth,2014-15,670,220,10,900,180,60,10,240
E09000033,Westminster,2014-15,290,80,0,380,250,50,0,300
E08000001,Bolton,2014-15,200,40,0,240,210,80,10,310
E08000002,Bury,2014-15,330,0,0,330,190,0,0,190
E08000003,Manchester,2014-15,960,50,0,1000,830,70,0,900
E08000004,Oldham,2014-15,190,100,0,300,210,270,0,480
E08000005,Rochdale,2014-15,440,0,10,450,210,0,10,220
E08000006,Salford,2014-15,680,40,0,720,530,120,20,670
E08000007,Stockport,2014-15,230,110,160,500,260,180,50,500
E08000008,Tameside,2014-15,410,110,0,520,250,100,0,340
E08000009,Trafford,2014-15,340,20,0,360,110,70,0,170
E08000010,Wigan,2014-15,460,0,0,460,310,30,0,340
E08000011,Knowsley,2014-15,290,150,0,440,230,250,0,480
E08000012,Liverpool,2014-15,340,160,0,490,360,190,0,550
E08000014,Sefton,2014-15,190,10,0,190,200,80,0,280
E08000013,St. Helens,2014-15,310,140,0,440,320,20,0,340
E08000015,Wirral,2014-15,190,0,0,190,80,180,0,260
E08000016,Barnsley,2014-15,450,30,40,520,670,90,10,760
E08000017,Doncaster,2014-15,960,20,0,970,570,10,0,580
E08000018,Rotherham,2014-15,700,50,0,740,600,20,0,620
E08000019,Sheffield,2014-15,530,80,0,610,770,80,0,850
E08000037,Gateshead,2014-15,300,30,10,330,160,50,10,220
E08000021,Newcastle upon Tyne,2014-15,280,120,250,650,180,130,310,610
E08000022,North Tyneside,2014-15,450,50,0,490,310,30,0,340
E08000023,South Tyneside,2014-15,400,10,60,470,310,20,0,330
E08000024,Sunderland,2014-15,530,20,0,550,720,190,0,910
E08000025,Birmingham,2014-15,460,70,0,530,570,40,40,660
E08000026,Coventry,2014-15,750,130,0,880,590,60,60,710
E08000027,Dudley,2014-15,390,20,0,410,370,20,0,390
E08000028,Sandwell,2014-15,260,10,0,270,360,10,0,370
E08000029,Solihull,2014-15,340,160,10,500,260,140,30,430
E08000030,Walsall,2014-15,770,60,0,830,590,80,0,670
E08000031,Wolverhampton,2014-15,610,100,20,720,370,50,20,450
E08000032,Bradford,2014-15,690,70,0,760,710,40,0,750
E08000033,Calderdale,2014-15,270,0,0,270,220,0,0,220
E08000034,Kirklees,2014-15,340,10,0,350,340,20,0,360
E08000035,Leeds,2014-15,1600,110,50,1760,1350,140,20,1510
E08000036,Wakefield,2014-15,1250,390,0,1640,800,230,0,1030
E07000004,Aylesbury Vale,2014-15,880,210,0,1100,730,370,0,1100
E07000005,Chiltern,2014-15,130,20,0,150,60,0,0,60
E07000006,South Bucks,2014-15,60,0,0,60,120,0,0,120
E07000007,Wycombe,2014-15,350,80,0,430,410,50,0,460
E07000008,Cambridge,2014-15,450,250,0,690,590,200,10,800
E07000009,East Cambridgeshire,2014-15,110,10,0,120,160,0,0,160
E07000010,Fenland,2014-15,230,90,0,320,290,40,0,330
E07000011,Huntingdonshire,2014-15,370,90,0,460,530,150,0,680
E07000012,South Cambridgeshire,2014-15,490,130,0,620,530,190,0,720
E07000026,Allerdale,2014-15,390,10,0,400,290,20,0,320
E07000027,Barrow-in-Furness,2014-15,60,0,0,60,60,0,0,60
E07000028,Carlisle,2014-15,500,0,0,500,380,0,0,380
E07000029,Copeland,2014-15,80,0,0,80,80,30,0,110
E07000030,Eden,2014-15,90,0,0,100,110,0,0,110
E07000031,South Lakeland,2014-15,190,60,0,250,230,30,0,270
E07000032,Amber Valley,2014-15,300,0,0,300,150,20,0,170
E07000033,Bolsover,2014-15,180,0,0,180,230,10,0,240
E07000034,Chesterfield,2014-15,90,0,0,90,100,0,0,100
E07000035,Derbyshire Dales,2014-15,150,20,0,180,80,20,0,110
E07000036,Erewash,2014-15,160,20,0,180,110,30,0,140
E07000037,High Peak,2014-15,140,0,0,140,90,20,0,110
E07000038,North East Derbyshire,2014-15,60,10,0,70,90,10,0,100
E07000039,South Derbyshire,2014-15,470,60,0,530,330,110,0,440
E07000040,East Devon,2014-15,680,240,0,920,590,330,0,920
E07000041,Exeter,2014-15,330,70,10,410,290,60,0,350
E07000042,Mid Devon,2014-15,140,30,0,180,170,60,0,230
E07000043,North Devon,2014-15,150,110,0,260,130,130,0,250
E07000044,South Hams,2014-15,280,20,0,300,190,20,0,210
E07000045,Teignbridge,2014-15,460,60,0,510,490,80,0,570
E07000046,Torridge,2014-15,280,30,0,310,250,90,0,340
E07000047,West Devon,2014-15,130,20,0,150,120,40,0,170
E07000048,Christchurch,2014-15,50,0,0,50,40,40,0,80
E07000049,East Dorset,2014-15,140,60,0,200,120,40,0,150
E07000050,North Dorset,2014-15,120,40,0,170,90,40,0,130
E07000051,Purbeck,2014-15,70,50,0,120,60,0,0,60
E07000052,West Dorset,2014-15,370,20,0,380,210,20,0,230
E07000053,Weymouth and Portland,2014-15,100,0,0,100,120,20,0,140
E07000061,Eastbourne,2014-15,90,10,0,100,70,0,0,70
E07000062,Hastings,2014-15,60,20,0,80,50,50,0,100
E07000063,Lewes,2014-15,150,10,0,160,190,50,0,240
E07000064,Rother,2014-15,150,80,0,230,80,80,0,160
E07000065,Wealden,2014-15,220,70,0,290,450,60,0,510
E07000066,Basildon,2014-15,480,300,0,780,270,50,0,320
E07000067,Braintree,2014-15,300,40,0,340,190,40,0,230
E07000068,Brentwood,2014-15,60,20,0,80,50,10,0,60
E07000069,Castle Point,2014-15,130,20,0,160,150,30,0,180
E07000070,Chelmsford,2014-15,500,60,0,560,310,150,0,460
E07000071,Colchester,2014-15,500,130,10,630,510,130,10,650
E07000072,Epping Forest,2014-15,110,0,20,140,120,100,0,220
E07000073,Harlow,2014-15,110,20,10,140,140,60,0,200
E07000074,Maldon,2014-15,120,40,0,160,30,0,0,30
E07000075,Rochford,2014-15,100,30,0,140,190,50,0,240
E07000076,Tendring,2014-15,280,10,0,290,260,0,0,260
E07000077,Uttlesford,2014-15,290,80,10,390,200,50,10,270
E07000078,Cheltenham,2014-15,130,0,0,130,70,0,0,70
E07000079,Cotswold,2014-15,330,100,0,420,240,130,0,370
E07000080,Forest of Dean,2014-15,140,70,0,210,240,70,0,310
E07000081,Gloucester,2014-15,360,80,0,440,370,100,0,470
E07000082,Stroud,2014-15,310,30,10,360,390,50,0,440
E07000083,Tewkesbury,2014-15,360,220,0,580,280,70,0,360
E07000084,Basingstoke and Deane,2014-15,220,50,0,270,230,150,0,380
E07000085,East Hampshire,2014-15,330,40,0,370,420,60,0,480
E07000086,Eastleigh,2014-15,150,150,0,300,180,80,0,260
E07000087,Fareham,2014-15,290,40,0,330,350,40,0,400
E07000088,Gosport,2014-15,110,60,0,180,90,70,0,170
E07000089,Hart,2014-15,390,130,0,520,250,70,0,320
E07000090,Havant,2014-15,350,90,0,440,240,150,0,390
E07000091,New Forest,2014-15,90,0,0,90,120,0,0,120
E07000092,Rushmoor,2014-15,150,40,0,190,100,10,0,110
E07000093,Test Valley,2014-15,760,240,0,1000,530,260,0,790
E07000094,Winchester,2014-15,420,80,20,510,370,50,10,430
E07000095,Broxbourne,2014-15,80,90,0,170,90,50,0,140
E07000096,Dacorum,2014-15,460,80,0,540,310,20,0,320
E07000242,East Hertfordshire,2014-15,400,120,0,520,250,90,0,340
E07000098,Hertsmere,2014-15,90,20,0,110,160,10,0,170
E07000099,North Hertfordshire,2014-15,210,20,0,230,40,10,0,60
E07000240,St Albans,2014-15,100,30,0,120,110,10,0,120
E07000243,Stevenage,2014-15,160,10,0,170,90,0,0,90
E07000102,Three Rivers,2014-15,110,0,0,110,160,120,0,270
E07000103,Watford,2014-15,80,20,0,100,100,30,0,130
E07000241,Welwyn Hatfield,2014-15,200,90,0,300,120,60,0,180
E07000105,Ashford,2014-15,350,90,20,460,190,50,20,250
E07000106,Canterbury,2014-15,230,0,0,230,250,10,0,260
E07000107,Dartford,2014-15,740,120,0,860,440,30,0,470
E07000108,Dover,2014-15,200,40,0,250,160,50,0,220
E07000112,Folkestone and Hythe,2014-15,150,20,0,160,80,30,0,110
E07000109,Gravesham,2014-15,10,10,0,20,30,20,0,50
E07000110,Maidstone,2014-15,380,240,0,620,160,280,0,440
E07000111,Sevenoaks,2014-15,80,0,0,80,90,20,0,110
E07000113,Swale,2014-15,220,50,0,270,150,10,0,160
E07000114,Thanet,2014-15,160,30,0,200,270,40,0,300
E07000115,Tonbridge and Malling,2014-15,520,40,0,570,380,70,0,450
E07000116,Tunbridge Wells,2014-15,390,30,0,420,190,10,0,200
E07000117,Burnley,2014-15,120,0,0,120,110,20,0,130
E07000118,Chorley,2014-15,510,80,0,590,550,80,0,630
E07000119,Fylde,2014-15,270,10,0,280,150,40,0,190
E07000120,Hyndburn,2014-15,20,10,0,30,20,20,0,40
E07000121,Lancaster,2014-15,360,80,0,430,270,100,0,360
E07000122,Pendle,2014-15,110,0,0,120,50,30,0,80
E07000123,Preston,2014-15,160,80,0,240,120,50,0,160
E07000124,Ribble Valley,2014-15,300,40,0,340,300,0,0,300
E07000125,Rossendale,2014-15,200,30,0,230,100,10,0,110
E07000126,South Ribble,2014-15,360,20,0,380,380,30,0,400
E07000127,West Lancashire,2014-15,140,70,0,210,190,20,0,220
E07000128,Wyre,2014-15,170,10,0,180,200,0,0,200
E07000129,Blaby,2014-15,450,110,0,560,250,70,0,320
E07000130,Charnwood,2014-15,440,170,0,610,430,200,0,630
E07000131,Harborough,2014-15,480,100,0,580,400,80,0,480
E07000132,Hinckley and Bosworth,2014-15,630,110,0,750,850,240,0,1100
E07000133,Melton,2014-15,100,0,0,100,70,0,0,70
E07000134,North West Leicestershire,2014-15,590,160,0,740,710,180,0,880
E07000135,Oadby and Wigston,2014-15,150,10,0,170,40,10,0,50
E07000136,Boston,2014-15,140,30,0,170,110,30,0,140
E07000137,East Lindsey,2014-15,220,140,0,360,230,80,0,310
E07000138,Lincoln,2014-15,100,10,0,110,100,30,10,130
E07000139,North Kesteven,2014-15,500,30,0,530,430,10,0,440
E07000140,South Holland,2014-15,270,20,0,280,200,50,0,250
E07000141,South Kesteven,2014-15,420,30,0,450,590,60,0,650
E07000142,West Lindsey,2014-15,200,0,0,200,260,0,0,260
E07000143,Breckland,2014-15,550,40,0,590,460,10,0,470
E07000144,Broadland,2014-15,320,60,0,370,230,40,0,270
E07000145,Great Yarmouth,2014-15,120,0,0,120,120,30,10,160
E07000146,King's Lynn and West Norfolk,2014-15,290,60,0,360,260,30,0,290
E07000147,North Norfolk,2014-15,380,40,0,420,260,30,0,290
E07000148,Norwich,2014-15,300,0,0,300,170,0,0,170
E07000149,South Norfolk,2014-15,450,30,0,470,550,50,0,600
E07000150,Corby,2014-15,360,20,50,430,330,30,10,370
E07000151,Daventry,2014-15,390,90,0,470,260,50,0,300
E07000152,East Northamptonshire,2014-15,470,60,0,530,400,30,0,430
E07000153,Kettering,2014-15,420,100,0,530,310,70,0,380
E07000154,Northampton,2014-15,540,180,0,720,480,140,0,620
E07000155,South Northamptonshire,2014-15,340,110,0,450,200,120,0,320
E07000156,Wellingborough,2014-15,260,110,0,380,150,90,0,240
E07000163,Craven,2014-15,250,20,0,270,120,0,0,120
E07000164,Hambleton,2014-15,300,130,0,430,140,50,0,190
E07000165,Harrogate,2014-15,180,50,0,230,100,30,0,140
E07000166,Richmondshire,2014-15,90,10,0,90,50,20,0,70
E07000167,Ryedale,2014-15,170,20,0,180,170,30,0,190
E07000168,Scarborough,2014-15,300,40,0,340,220,60,0,280
E07000169,Selby,2014-15,320,40,0,360,280,60,0,340
E07000170,Ashfield,2014-15,290,10,0,310,340,30,0,370
E07000171,Bassetlaw,2014-15,250,0,0,250,170,20,0,190
E07000172,Broxtowe,2014-15,80,10,0,90,70,0,0,70
E07000173,Gedling,2014-15,120,10,0,130,270,30,0,300
E07000174,Mansfield,2014-15,200,30,70,300,300,20,0,320
E07000175,Newark and Sherwood,2014-15,240,10,0,240,240,0,0,250
E07000176,Rushcliffe,2014-15,210,50,0,260,160,30,0,190
E07000177,Cherwell,2014-15,530,210,60,810,390,120,50,570
E07000178,Oxford,2014-15,50,0,0,50,40,10,0,50
E07000179,South Oxfordshire,2014-15,320,120,0,440,360,80,0,440
E07000180,Vale of White Horse,2014-15,500,300,0,800,270,170,0,440
E07000181,West Oxfordshire,2014-15,230,20,0,250,120,0,10,130
E07000187,Mendip,2014-15,350,40,0,390,360,100,0,460
E07000188,Sedgemoor,2014-15,310,50,0,360,340,70,0,410
E07000189,South Somerset,2014-15,500,110,0,610,430,120,0,560
E07000190,Taunton Deane,2014-15,560,220,0,770,500,90,0,580
E07000191,West Somerset,2014-15,50,30,0,80,90,40,0,130
E07000192,Cannock Chase,2014-15,90,0,0,90,100,20,0,120
E07000193,East Staffordshire,2014-15,300,70,0,370,190,60,0,250
E07000194,Lichfield,2014-15,120,30,0,150,180,30,0,200
E07000195,Newcastle-under-Lyme,2014-15,130,90,0,220,250,70,0,320
E07000196,South Staffordshire,2014-15,160,40,0,190,90,40,0,130
E07000197,Stafford,2014-15,360,100,0,450,210,60,0,280
E07000198,Staffordshire Moorlands,2014-15,160,50,0,200,60,80,0,140
E07000199,Tamworth,2014-15,40,0,0,40,40,20,0,60
E07000200,Babergh,2014-15,120,10,0,130,150,0,0,150
E07000201,Forest Heath,2014-15,110,10,0,120,90,50,0,130
E07000202,Ipswich,2014-15,80,0,70,150,210,10,10,220
E07000203,Mid Suffolk,2014-15,160,70,0,220,260,20,0,280
E07000204,St Edmundsbury,2014-15,270,100,0,370,280,80,0,370
E07000205,Suffolk Coastal,2014-15,430,60,0,490,320,30,0,350
E07000206,Waveney,2014-15,60,10,0,70,90,20,0,110
E07000207,Elmbridge,2014-15,260,30,0,290,210,130,0,340
E07000208,Epsom and Ewell,2014-15,70,20,0,90,70,40,0,110
E07000209,Guildford,2014-15,380,130,0,510,190,10,20,220
E07000210,Mole Valley,2014-15,110,30,0,140,80,90,0,160
E07000211,Reigate and Banstead,2014-15,340,0,0,340,340,20,0,370
E07000212,Runnymede,2014-15,150,0,0,150,90,150,0,240
E07000213,Spelthorne,2014-15,220,120,0,340,270,20,0,280
E07000214,Surrey Heath,2014-15,50,10,0,60,40,0,0,50
E07000215,Tandridge,2014-15,390,120,0,510,90,10,0,100
E07000216,Waverley,2014-15,260,30,10,310,130,50,0,180
E07000217,Woking,2014-15,200,30,100,320,80,30,10,120
E07000218,North Warwickshire,2014-15,260,30,0,290,120,20,0,140
E07000219,Nuneaton and Bedworth,2014-15,260,40,0,300,190,30,0,220
E07000220,Rugby,2014-15,160,40,0,200,230,60,30,330
E07000221,Stratford-on-Avon,2014-15,430,220,0,650,270,140,0,410
E07000222,Warwick,2014-15,250,160,0,410,120,40,0,160
E07000223,Adur,2014-15,10,0,0,10,40,40,0,70
E07000224,Arun,2014-15,440,90,0,520,370,90,0,460
E07000225,Chichester,2014-15,390,180,0,560,210,200,0,410
E07000226,Crawley,2014-15,140,30,0,170,110,50,0,160
E07000227,Horsham,2014-15,690,130,0,820,690,110,0,800
E07000228,Mid Sussex,2014-15,490,120,0,600,290,100,0,380
E07000229,Worthing,2014-15,220,30,0,250,220,10,0,240
E07000234,Bromsgrove,2014-15,220,160,0,370,180,40,0,220
E07000235,Malvern Hills,2014-15,160,40,0,200,80,10,0,90
E07000236,Redditch,2014-15,130,100,0,230,130,100,0,230
E07000237,Worcester,2014-15,260,60,0,320,220,60,0,290
E07000238,Wychavon,2014-15,680,190,0,870,510,240,0,750
E07000239,Wyre Forest,2014-15,140,50,10,200,210,80,10,300
E06000022,Bath and North East Somerset,2015-16,480,150,0,630,570,160,0,730
E06000055,Bedford,2015-16,830,150,0,980,640,200,0,840
E06000008,Blackburn with Darwen,2015-16,10,50,0,60,60,10,0,80
E06000009,Blackpool,2015-16,70,20,0,90,50,130,0,170
E06000028,Bournemouth,2015-16,130,10,0,130,200,60,10,270
E06000036,Bracknell Forest,2015-16,370,10,0,380,170,10,0,180
E06000043,Brighton and Hove,2015-16,110,0,10,120,220,10,0,230
E06000023,"Bristol, City of",2015-16,550,60,0,600,550,170,0,720
E06000056,Central Bedfordshire,2015-16,1130,230,0,1360,1100,150,0,1250
E06000049,Cheshire East,2015-16,1130,190,0,1310,880,210,0,1090
E06000050,Cheshire West and Chester,2015-16,1120,190,0,1310,990,230,0,1220
E06000052,Cornwall,2015-16,1480,290,0,1770,1530,240,0,1760
E06000047,County Durham,2015-16,1170,40,0,1210,1130,150,0,1280
E06000005,Darlington,2015-16,190,30,30,240,310,30,0,330
E06000015,Derby,2015-16,310,10,0,320,290,20,0,310
E06000011,East Riding of Yorkshire,2015-16,700,110,0,800,480,70,0,550
E06000006,Halton,2015-16,400,10,0,410,270,100,0,380
E06000001,Hartlepool,2015-16,180,90,0,270,350,0,0,350
E06000019,"Herefordshire, County of",2015-16,360,0,0,360,240,10,0,250
E06000046,Isle of Wight,2015-16,300,0,0,300,320,60,0,380
E06000053,Isles of Scilly,2015-16,0,0,0,0,0,0,0,0
E06000010,"Kingston upon Hull, City of",2015-16,870,0,0,870,480,0,0,480
E06000016,Leicester,2015-16,340,50,0,390,240,10,0,250
E06000032,Luton,2015-16,70,110,0,190,150,60,0,210
E06000035,Medway,2015-16,260,160,0,420,290,150,0,440
E06000002,Middlesbrough,2015-16,490,10,0,500,430,80,0,510
E06000042,Milton Keynes,2015-16,930,240,10,1170,830,300,10,1140
E06000012,North East Lincolnshire,2015-16,160,10,0,170,150,0,0,150
E06000013,North Lincolnshire,2015-16,180,0,0,180,230,20,0,260
E06000024,North Somerset,2015-16,170,10,0,180,230,60,0,290
E06000057,Northumberland,2015-16,1130,170,20,1320,760,130,30,920
E06000018,Nottingham,2015-16,290,0,100,390,380,0,0,380
E06000031,Peterborough,2015-16,610,50,0,660,630,140,0,770
E06000026,Plymouth,2015-16,460,90,50,600,370,130,150,650
E06000029,Poole,2015-16,280,0,0,280,220,0,0,220
E06000044,Portsmouth,2015-16,180,80,0,260,200,50,10,270
E06000038,Reading,2015-16,270,10,0,280,430,30,0,450
E06000003,Redcar and Cleveland,2015-16,330,150,0,480,210,40,0,240
E06000017,Rutland,2015-16,60,0,0,60,110,10,0,120
E06000051,Shropshire,2015-16,1230,240,0,1470,840,90,0,940
E06000039,Slough,2015-16,260,30,10,300,300,120,40,450
E06000025,South Gloucestershire,2015-16,900,570,0,1460,870,480,0,1350
E06000045,Southampton,2015-16,120,20,0,140,360,50,0,410
E06000033,Southend-on-Sea,2015-16,160,90,0,260,130,30,0,160
E06000004,Stockton-on-Tees,2015-16,480,30,0,510,420,30,0,450
E06000021,Stoke-on-Trent,2015-16,240,0,0,250,310,40,0,350
E06000030,Swindon,2015-16,730,130,0,860,640,110,0,750
E06000020,Telford and Wrekin,2015-16,1160,140,0,1300,950,160,0,1110
E06000034,Thurrock,2015-16,480,90,0,570,390,100,80,570
E06000027,Torbay,2015-16,300,0,0,300,240,20,0,260
E06000007,Warrington,2015-16,470,100,0,580,590,0,0,590
E06000037,West Berkshire,2015-16,450,70,0,520,340,120,0,460
E06000054,Wiltshire,2015-16,1330,740,0,2070,1320,680,0,2000
E06000040,Windsor and Maidenhead,2015-16,230,0,0,230,350,10,0,360
E06000041,Wokingham,2015-16,760,170,0,930,350,90,0,440
E06000014,York,2015-16,160,20,0,180,310,130,0,440
E09000002,Barking and Dagenham,2015-16,330,230,0,560,280,70,120,480
E09000003,Barnet,2015-16,630,340,40,1020,1010,480,10,1500
E09000004,Bexley,2015-16,250,110,0,350,590,50,0,640
E09000005,Brent,2015-16,280,90,0,370,530,160,0,690
E09000006,Bromley,2015-16,410,40,0,440,570,50,0,630
E09000007,Camden,2015-16,930,100,160,1190,430,130,30,590
E09000001,City of London,2015-16,170,0,0,170,10,0,0,10
E09000008,Croydon,2015-16,640,190,0,840,1230,190,0,1420
E09000009,Ealing,2015-16,550,1060,20,1640,480,270,0,750
E09000010,Enfield,2015-16,90,90,0,180,260,540,0,800
E09000011,Greenwich,2015-16,800,290,0,1090,990,830,0,1810
E09000012,Hackney,2015-16,840,30,0,870,460,80,0,540
E09000013,Hammersmith and Fulham,2015-16,420,0,0,420,440,0,0,440
E09000014,Haringey,2015-16,510,30,0,530,430,280,0,710
E09000015,Harrow,2015-16,90,0,0,90,480,100,0,580
E09000016,Havering,2015-16,380,10,20,410,780,220,10,1010
E09000017,Hillingdon,2015-16,690,50,0,740,460,80,0,540
E09000018,Hounslow,2015-16,430,130,90,640,760,80,50,880
E09000019,Islington,2015-16,510,220,90,810,80,80,20,190
E09000020,Kensington and Chelsea,2015-16,50,320,0,370,700,340,0,1040
E09000021,Kingston upon Thames,2015-16,80,0,0,80,40,10,0,40
E09000022,Lambeth,2015-16,520,50,0,570,640,510,0,1140
E09000023,Lewisham,2015-16,720,410,0,1130,550,650,0,1200
E09000024,Merton,2015-16,100,100,0,200,160,60,0,220
E09000025,Newham,2015-16,1050,210,60,1310,590,80,0,670
E09000026,Redbridge,2015-16,300,20,0,320,530,20,0,540
E09000027,Richmond upon Thames,2015-16,240,30,0,280,110,30,0,140
E09000028,Southwark,2015-16,1690,270,0,1960,960,240,0,1200
E09000029,Sutton,2015-16,320,160,0,480,130,10,0,140
E09000030,Tower Hamlets,2015-16,840,360,0,1200,1140,230,70,1430
E09000031,Waltham Forest,2015-16,340,90,0,430,590,530,0,1130
E09000032,Wandsworth,2015-16,1030,50,0,1080,530,250,0,780
E09000033,Westminster,2015-16,160,50,0,210,110,220,0,340
E08000001,Bolton,2015-16,340,90,0,430,300,40,0,340
E08000002,Bury,2015-16,240,0,0,240,490,0,0,490
E08000003,Manchester,2015-16,1200,50,0,1250,690,10,0,710
E08000004,Oldham,2015-16,310,10,0,320,240,10,0,250
E08000005,Rochdale,2015-16,510,10,10,530,400,0,30,430
E08000006,Salford,2015-16,750,70,0,820,470,30,0,500
E08000007,Stockport,2015-16,300,30,0,330,120,40,0,170
E08000008,Tameside,2015-16,300,90,0,390,290,60,0,340
E08000009,Trafford,2015-16,100,20,0,130,240,70,0,310
E08000010,Wigan,2015-16,660,80,0,740,460,0,0,460
E08000011,Knowsley,2015-16,320,160,0,480,340,90,0,430
E08000012,Liverpool,2015-16,300,30,0,340,310,40,0,350
E08000014,Sefton,2015-16,330,10,0,350,170,120,0,290
E08000013,St. Helens,2015-16,300,70,0,370,290,80,0,370
E08000015,Wirral,2015-16,180,0,0,180,150,0,0,150
E08000016,Barnsley,2015-16,490,110,0,610,550,90,30,660
E08000017,Doncaster,2015-16,700,20,0,720,890,10,0,910
E08000018,Rotherham,2015-16,550,50,0,600,570,50,0,620
E08000019,Sheffield,2015-16,850,50,0,910,510,140,0,650
E08000037,Gateshead,2015-16,180,20,0,200,270,30,0,300
E08000021,Newcastle upon Tyne,2015-16,510,90,210,810,230,200,270,700
E08000022,North Tyneside,2015-16,410,40,10,460,370,30,0,390
E08000023,South Tyneside,2015-16,410,30,50,490,400,10,30,440
E08000024,Sunderland,2015-16,420,130,0,550,640,60,0,700
E08000025,Birmingham,2015-16,470,140,20,630,410,170,250,830
E08000026,Coventry,2015-16,460,180,0,640,680,120,30,830
E08000027,Dudley,2015-16,360,20,0,380,370,0,0,370
E08000028,Sandwell,2015-16,300,30,0,330,280,10,0,290
E08000029,Solihull,2015-16,420,130,0,550,340,160,0,500
E08000030,Walsall,2015-16,360,10,0,370,590,20,0,600
E08000031,Wolverhampton,2015-16,400,20,0,420,450,40,0,490
E08000032,Bradford,2015-16,510,40,0,550,590,30,0,630
E08000033,Calderdale,2015-16,220,20,0,230,240,20,0,260
E08000034,Kirklees,2015-16,450,0,0,450,290,10,0,290
E08000035,Leeds,2015-16,1350,120,0,1470,1580,130,0,1710
E08000036,Wakefield,2015-16,1500,280,0,1780,1160,470,0,1630
E07000004,Aylesbury Vale,2015-16,920,180,0,1100,800,230,0,1030
E07000005,Chiltern,2015-16,80,20,0,100,100,20,0,120
E07000006,South Bucks,2015-16,180,0,0,180,50,0,0,50
E07000007,Wycombe,2015-16,310,30,0,340,180,10,0,190
E07000008,Cambridge,2015-16,660,650,0,1310,380,240,0,620
E07000009,East Cambridgeshire,2015-16,140,0,0,140,130,0,0,130
E07000010,Fenland,2015-16,340,0,0,340,180,50,0,230
E07000011,Huntingdonshire,2015-16,300,20,0,310,360,80,0,440
E07000012,South Cambridgeshire,2015-16,580,110,0,690,520,120,0,630
E07000026,Allerdale,2015-16,280,60,0,340,240,30,0,260
E07000027,Barrow-in-Furness,2015-16,60,0,0,60,60,0,0,60
E07000028,Carlisle,2015-16,420,10,0,420,390,0,0,390
E07000029,Copeland,2015-16,110,0,0,110,90,0,0,90
E07000030,Eden,2015-16,60,0,0,60,170,0,0,170
E07000031,South Lakeland,2015-16,190,20,0,210,270,50,0,320
E07000032,Amber Valley,2015-16,370,60,0,430,300,30,0,330
E07000033,Bolsover,2015-16,200,0,0,200,220,0,0,220
E07000034,Chesterfield,2015-16,70,0,10,70,90,0,0,90
E07000035,Derbyshire Dales,2015-16,130,10,0,140,130,10,0,150
E07000036,Erewash,2015-16,80,0,0,80,90,10,0,90
E07000037,High Peak,2015-16,180,0,0,180,170,0,0,170
E07000038,North East Derbyshire,2015-16,140,10,0,150,280,0,0,280
E07000039,South Derbyshire,2015-16,850,110,40,1000,500,80,20,600
E07000040,East Devon,2015-16,690,160,0,850,680,190,0,870
E07000041,Exeter,2015-16,330,50,0,390,410,100,20,530
E07000042,Mid Devon,2015-16,200,50,0,250,230,10,0,240
E07000043,North Devon,2015-16,340,90,0,430,160,70,0,230
E07000044,South Hams,2015-16,330,10,0,340,230,20,0,250
E07000045,Teignbridge,2015-16,560,140,0,700,360,60,0,420
E07000046,Torridge,2015-16,340,0,0,340,380,30,0,410
E07000047,West Devon,2015-16,80,20,0,110,150,20,0,170
E07000048,Christchurch,2015-16,70,10,0,80,180,0,0,180
E07000049,East Dorset,2015-16,60,30,0,90,140,40,0,180
E07000050,North Dorset,2015-16,170,30,0,190,120,30,0,150
E07000051,Purbeck,2015-16,60,30,0,80,70,50,0,120
E07000052,West Dorset,2015-16,240,70,0,300,260,30,0,300
E07000053,Weymouth and Portland,2015-16,90,0,0,90,120,0,0,120
E07000061,Eastbourne,2015-16,70,50,0,110,80,0,0,80
E07000062,Hastings,2015-16,100,10,0,110,90,50,0,150
E07000063,Lewes,2015-16,120,10,0,140,100,30,0,130
E07000064,Rother,2015-16,170,10,0,180,80,80,0,160
E07000065,Wealden,2015-16,470,70,0,540,290,40,0,330
E07000066,Basildon,2015-16,240,0,0,240,1130,80,0,1210
E07000067,Braintree,2015-16,270,70,0,340,360,80,0,440
E07000068,Brentwood,2015-16,90,20,0,100,160,20,0,170
E07000069,Castle Point,2015-16,80,0,0,90,100,20,0,120
E07000070,Chelmsford,2015-16,480,210,0,680,450,90,0,540
E07000071,Colchester,2015-16,640,40,0,680,520,190,0,720
E07000072,Epping Forest,2015-16,170,0,50,220,290,40,0,330
E07000073,Harlow,2015-16,100,20,10,130,80,80,10,170
E07000074,Maldon,2015-16,190,40,0,230,170,40,0,200
E07000075,Rochford,2015-16,100,0,0,100,120,30,0,150
E07000076,Tendring,2015-16,390,10,0,390,270,20,0,290
E07000077,Uttlesford,2015-16,400,150,10,550,320,110,10,450
E07000078,Cheltenham,2015-16,300,50,0,350,120,0,0,120
E07000079,Cotswold,2015-16,570,180,0,760,300,80,0,390
E07000080,Forest of Dean,2015-16,140,30,0,180,220,80,0,300
E07000081,Gloucester,2015-16,300,70,0,370,380,40,0,420
E07000082,Stroud,2015-16,150,20,70,240,330,40,20,390
E07000083,Tewkesbury,2015-16,390,150,0,540,460,240,0,700
E07000084,Basingstoke and Deane,2015-16,250,70,0,320,150,90,0,240
E07000085,East Hampshire,2015-16,200,90,0,290,360,80,0,440
E07000086,Eastleigh,2015-16,370,110,0,470,190,100,0,280
E07000087,Fareham,2015-16,270,30,0,300,270,30,0,310
E07000088,Gosport,2015-16,130,20,20,160,130,60,0,190
E07000089,Hart,2015-16,200,80,0,270,310,80,0,390
E07000090,Havant,2015-16,320,110,0,420,380,110,0,490
E07000091,New Forest,2015-16,210,60,0,270,120,0,0,120
E07000092,Rushmoor,2015-16,210,90,0,300,160,20,0,170
E07000093,Test Valley,2015-16,640,180,30,840,680,280,0,960
E07000094,Winchester,2015-16,290,60,10,360,230,30,20,280
E07000095,Broxbourne,2015-16,40,10,0,50,50,80,0,130
E07000096,Dacorum,2015-16,220,90,0,310,320,90,0,410
E07000242,East Hertfordshire,2015-16,410,180,0,590,460,110,0,570
E07000098,Hertsmere,2015-16,410,30,0,440,290,30,0,320
E07000099,North Hertfordshire,2015-16,250,100,0,350,230,10,0,240
E07000240,St Albans,2015-16,240,10,0,250,90,0,0,90
E07000243,Stevenage,2015-16,120,10,30,160,130,0,0,140
E07000102,Three Rivers,2015-16,100,0,0,100,140,30,0,160
E07000103,Watford,2015-16,150,110,0,260,70,20,0,90
E07000241,Welwyn Hatfield,2015-16,170,10,10,190,130,80,0,210
E07000105,Ashford,2015-16,420,40,0,460,460,90,0,550
E07000106,Canterbury,2015-16,150,0,0,150,200,0,0,200
E07000107,Dartford,2015-16,700,190,0,890,700,60,0,750
E07000108,Dover,2015-16,330,50,0,390,330,120,0,450
E07000112,Folkestone and Hythe,2015-16,230,10,0,240,120,20,0,130
E07000109,Gravesham,2015-16,20,0,0,20,40,10,0,50
E07000110,Maidstone,2015-16,470,340,0,810,270,300,0,560
E07000111,Sevenoaks,2015-16,100,20,0,120,50,10,0,60
E07000113,Swale,2015-16,590,60,0,650,340,60,0,400
E07000114,Thanet,2015-16,80,70,0,150,100,20,0,120
E07000115,Tonbridge and Malling,2015-16,520,80,0,600,440,30,0,470
E07000116,Tunbridge Wells,2015-16,130,30,0,160,90,0,0,90
E07000117,Burnley,2015-16,250,0,0,250,60,10,0,80
E07000118,Chorley,2015-16,470,30,0,500,550,50,0,600
E07000119,Fylde,2015-16,470,0,0,470,320,10,0,330
E07000120,Hyndburn,2015-16,60,0,0,60,30,60,0,90
E07000121,Lancaster,2015-16,440,200,0,640,270,110,0,380
E07000122,Pendle,2015-16,50,30,0,80,40,20,0,60
E07000123,Preston,2015-16,300,110,0,410,180,30,0,210
E07000124,Ribble Valley,2015-16,340,20,0,370,230,50,0,280
E07000125,Rossendale,2015-16,140,20,0,160,120,30,0,150
E07000126,South Ribble,2015-16,240,0,0,240,260,0,0,260
E07000127,West Lancashire,2015-16,190,10,20,220,260,60,10,330
E07000128,Wyre,2015-16,330,10,0,340,210,30,0,240
E07000129,Blaby,2015-16,560,120,0,680,510,130,0,630
E07000130,Charnwood,2015-16,580,180,0,750,480,180,0,660
E07000131,Harborough,2015-16,340,110,0,450,440,110,0,550
E07000132,Hinckley and Bosworth,2015-16,420,90,0,500,820,170,0,990
E07000133,Melton,2015-16,80,40,0,120,90,0,10,100
E07000134,North West Leicestershire,2015-16,580,110,0,690,660,180,0,840
E07000135,Oadby and Wigston,2015-16,90,0,0,90,80,0,10,80
E07000136,Boston,2015-16,200,40,0,240,120,30,0,140
E07000137,East Lindsey,2015-16,210,60,0,270,210,90,0,300
E07000138,Lincoln,2015-16,80,0,20,100,150,20,20,180
E07000139,North Kesteven,2015-16,420,20,0,440,410,20,0,430
E07000140,South Holland,2015-16,180,10,0,190,210,30,0,240
E07000141,South Kesteven,2015-16,340,50,0,380,390,60,0,440
E07000142,West Lindsey,2015-16,190,30,0,220,210,0,0,210
E07000143,Breckland,2015-16,570,70,0,640,520,50,0,570
E07000144,Broadland,2015-16,600,50,0,650,410,50,0,470
E07000145,Great Yarmouth,2015-16,130,0,0,130,100,0,0,100
E07000146,King's Lynn and West Norfolk,2015-16,350,0,0,350,340,30,0,370
E07000147,North Norfolk,2015-16,290,0,0,290,260,30,0,300
E07000148,Norwich,2015-16,160,0,0,170,200,0,0,200
E07000149,South Norfolk,2015-16,740,150,0,890,540,70,0,610
E07000150,Corby,2015-16,280,0,0,280,320,60,40,410
E07000151,Daventry,2015-16,550,190,0,750,400,140,0,530
E07000152,East Northamptonshire,2015-16,470,170,0,640,430,60,0,490
E07000153,Kettering,2015-16,470,110,0,580,370,90,0,460
E07000154,Northampton,2015-16,370,160,0,530,510,120,0,630
E07000155,South Northamptonshire,2015-16,500,100,0,590,330,90,0,420
E07000156,Wellingborough,2015-16,220,20,0,230,180,120,0,300
E07000163,Craven,2015-16,160,0,0,160,140,0,0,140
E07000164,Hambleton,2015-16,230,40,0,270,200,50,0,250
E07000165,Harrogate,2015-16,140,30,0,170,150,10,0,160
E07000166,Richmondshire,2015-16,130,20,0,160,110,0,0,120
E07000167,Ryedale,2015-16,150,10,0,160,150,30,0,180
E07000168,Scarborough,2015-16,210,50,0,260,310,70,0,380
E07000169,Selby,2015-16,370,30,0,400,270,30,0,300
E07000170,Ashfield,2015-16,410,30,0,440,280,10,0,290
E07000171,Bassetlaw,2015-16,280,40,20,340,290,10,0,300
E07000172,Broxtowe,2015-16,150,10,0,160,100,10,0,100
E07000173,Gedling,2015-16,100,30,0,120,170,10,0,180
E07000174,Mansfield,2015-16,160,10,20,190,250,20,40,310
E07000175,Newark and Sherwood,2015-16,420,30,10,460,240,30,30,300
E07000176,Rushcliffe,2015-16,400,100,0,490,250,70,0,320
E07000177,Cherwell,2015-16,760,300,0,1060,610,230,0,840
E07000178,Oxford,2015-16,140,0,0,140,90,50,10,150
E07000179,South Oxfordshire,2015-16,500,200,0,700,380,140,0,520
E07000180,Vale of White Horse,2015-16,550,240,0,790,510,230,0,740
E07000181,West Oxfordshire,2015-16,260,110,0,370,180,50,0,220
E07000187,Mendip,2015-16,260,40,0,310,440,60,0,500
E07000188,Sedgemoor,2015-16,450,0,0,450,340,20,0,360
E07000189,South Somerset,2015-16,450,50,0,500,450,60,0,510
E07000190,Taunton Deane,2015-16,630,140,0,770,650,180,0,830
E07000191,West Somerset,2015-16,70,10,0,70,40,10,0,50
E07000192,Cannock Chase,2015-16,290,90,60,430,140,10,10,150
E07000193,East Staffordshire,2015-16,410,90,0,500,330,100,0,430
E07000194,Lichfield,2015-16,200,10,0,210,160,0,0,160
E07000195,Newcastle-under-Lyme,2015-16,190,40,0,230,70,40,0,110
E07000196,South Staffordshire,2015-16,150,70,0,210,130,80,0,210
E07000197,Stafford,2015-16,470,300,0,770,400,120,0,520
E07000198,Staffordshire Moorlands,2015-16,70,10,0,70,90,70,0,160
E07000199,Tamworth,2015-16,130,0,0,130,50,0,0,50
E07000200,Babergh,2015-16,130,40,0,170,70,10,10,90
E07000201,Forest Heath,2015-16,110,10,0,120,80,10,0,90
E07000202,Ipswich,2015-16,80,0,20,90,420,10,100,540
E07000203,Mid Suffolk,2015-16,180,40,0,220,210,70,0,280
E07000204,St Edmundsbury,2015-16,260,180,0,440,190,230,0,420
E07000205,Suffolk Coastal,2015-16,380,30,0,410,430,60,0,490
E07000206,Waveney,2015-16,160,70,0,230,100,10,0,110
E07000207,Elmbridge,2015-16,160,0,0,160,200,50,0,250
E07000208,Epsom and Ewell,2015-16,130,50,0,190,100,70,0,170
E07000209,Guildford,2015-16,100,0,0,110,320,80,80,480
E07000210,Mole Valley,2015-16,100,20,0,120,60,30,0,90
E07000211,Reigate and Banstead,2015-16,330,50,10,400,350,70,0,410
E07000212,Runnymede,2015-16,190,30,0,220,80,110,0,190
E07000213,Spelthorne,2015-16,200,30,0,230,160,140,0,300
E07000214,Surrey Heath,2015-16,100,0,0,100,120,10,0,130
E07000215,Tandridge,2015-16,130,20,10,160,210,10,0,220
E07000216,Waverley,2015-16,240,20,0,260,210,70,10,300
E07000217,Woking,2015-16,170,10,40,220,210,0,120,340
E07000218,North Warwickshire,2015-16,100,50,0,150,170,50,0,210
E07000219,Nuneaton and Bedworth,2015-16,350,60,0,400,220,30,0,250
E07000220,Rugby,2015-16,210,10,0,220,180,50,0,230
E07000221,Stratford-on-Avon,2015-16,640,270,0,910,470,260,0,730
E07000222,Warwick,2015-16,380,180,0,560,310,160,0,470
E07000223,Adur,2015-16,20,0,0,20,40,0,0,40
E07000224,Arun,2015-16,500,120,0,630,560,80,0,630
E07000225,Chichester,2015-16,320,120,0,430,310,90,0,400
E07000226,Crawley,2015-16,150,20,0,170,150,20,0,170
E07000227,Horsham,2015-16,510,120,0,630,770,150,0,920
E07000228,Mid Sussex,2015-16,450,160,0,610,390,90,0,470
E07000229,Worthing,2015-16,240,30,0,280,160,0,0,160
E07000234,Bromsgrove,2015-16,280,60,0,340,220,120,0,330
E07000235,Malvern Hills,2015-16,220,110,0,320,180,60,0,240
E07000236,Redditch,2015-16,120,100,0,220,110,60,0,170
E07000237,Worcester,2015-16,300,40,0,340,260,60,0,320
E07000238,Wychavon,2015-16,490,220,0,710,670,140,0,820
E07000239,Wyre Forest,2015-16,140,80,0,220,140,70,0,220
E06000022,Bath and North East Somerset,2016-17,680,190,0,870,510,160,0,670
E06000055,Bedford,2016-17,1080,210,0,1280,740,160,0,900
E06000008,Blackburn with Darwen,2016-17,240,60,0,290,70,40,0,120
E06000009,Blackpool,2016-17,70,60,0,130,60,50,0,110
E06000028,Bournemouth,2016-17,150,0,10,160,200,60,0,260
E06000036,Bracknell Forest,2016-17,230,20,0,240,360,0,0,370
E06000043,Brighton and Hove,2016-17,200,0,0,200,120,0,0,120
E06000023,"Bristol, City of",2016-17,550,50,0,600,790,250,20,1060
E06000056,Central Bedfordshire,2016-17,1470,280,0,1740,1210,180,0,1390
E06000049,Cheshire East,2016-17,1290,310,0,1600,1070,290,0,1350
E06000050,Cheshire West and Chester,2016-17,1580,260,0,1850,1140,170,0,1320
E06000052,Cornwall,2016-17,1880,160,0,2050,1490,230,0,1710
E06000047,County Durham,2016-17,1500,100,0,1600,1120,50,0,1170
E06000005,Darlington,2016-17,290,60,100,450,160,10,20,190
E06000015,Derby,2016-17,330,50,0,380,410,60,0,460
E06000011,East Riding of Yorkshire,2016-17,800,120,0,920,800,100,0,900
E06000006,Halton,2016-17,410,0,0,410,340,30,0,370
E06000001,Hartlepool,2016-17,280,0,0,280,160,0,0,160
E06000019,"Herefordshire, County of",2016-17,430,40,0,480,190,10,0,190
E06000046,Isle of Wight,2016-17,250,0,0,250,270,0,0,270
E06000053,Isles of Scilly,2016-17,0,0,0,0,0,0,0,0
E06000010,"Kingston upon Hull, City of",2016-17,500,110,0,600,320,100,0,420
E06000016,Leicester,2016-17,340,20,0,360,430,30,0,460
E06000032,Luton,2016-17,280,40,0,320,210,10,10,230
E06000035,Medway,2016-17,250,110,0,360,160,60,0,230
E06000002,Middlesbrough,2016-17,340,0,0,350,390,40,0,430
E06000042,Milton Keynes,2016-17,1140,410,10,1550,980,280,0,1260
E06000012,North East Lincolnshire,2016-17,150,10,0,150,200,0,0,200
E06000013,North Lincolnshire,2016-17,270,30,0,300,210,0,0,210
E06000024,North Somerset,2016-17,280,100,0,380,530,30,0,560
E06000057,Northumberland,2016-17,1260,130,20,1420,800,240,40,1080
E06000018,Nottingham,2016-17,320,0,70,390,390,0,100,500
E06000031,Peterborough,2016-17,620,70,0,690,640,110,0,760
E06000026,Plymouth,2016-17,250,90,350,680,400,80,330,810
E06000029,Poole,2016-17,310,0,0,310,310,0,0,310
E06000044,Portsmouth,2016-17,220,10,10,240,220,40,10,260
E06000038,Reading,2016-17,210,20,0,230,320,40,0,360
E06000003,Redcar and Cleveland,2016-17,390,30,0,420,420,60,0,480
E06000017,Rutland,2016-17,120,20,0,140,40,0,0,40
E06000051,Shropshire,2016-17,1480,130,0,1610,1410,230,0,1640
E06000039,Slough,2016-17,310,60,0,370,110,20,0,130
E06000025,South Gloucestershire,2016-17,1230,1070,0,2300,920,520,0,1430
E06000045,Southampton,2016-17,760,0,0,760,210,20,0,230
E06000033,Southend-on-Sea,2016-17,150,0,0,150,170,90,0,260
E06000004,Stockton-on-Tees,2016-17,770,70,0,840,630,50,0,690
E06000021,Stoke-on-Trent,2016-17,350,0,0,350,280,10,0,290
E06000030,Swindon,2016-17,1040,170,0,1210,900,130,0,1030
E06000020,Telford and Wrekin,2016-17,660,270,10,940,920,190,0,1110
E06000034,Thurrock,2016-17,330,50,0,390,560,90,0,650
E06000027,Torbay,2016-17,290,10,0,300,260,10,0,270
E06000007,Warrington,2016-17,260,20,0,270,370,60,0,430
E06000037,West Berkshire,2016-17,410,80,0,480,320,30,0,340
E06000054,Wiltshire,2016-17,1290,750,10,2050,1300,770,0,2070
E06000040,Windsor and Maidenhead,2016-17,350,80,0,440,320,0,0,320
E06000041,Wokingham,2016-17,1120,280,0,1400,640,140,0,790
E06000014,York,2016-17,310,50,0,360,370,60,0,430
E09000002,Barking and Dagenham,2016-17,230,70,0,290,150,210,0,360
E09000003,Barnet,2016-17,1200,180,70,1460,990,620,10,1620
E09000004,Bexley,2016-17,250,70,0,320,220,110,0,330
E09000005,Brent,2016-17,120,110,0,230,540,140,0,680
E09000006,Bromley,2016-17,130,20,0,150,370,90,0,460
E09000007,Camden,2016-17,40,10,10,60,290,60,70,420
E09000001,City of London,2016-17,100,0,0,100,10,0,0,10
E09000008,Croydon,2016-17,390,140,0,540,3240,90,0,3330
E09000009,Ealing,2016-17,370,510,70,940,460,180,0,640
E09000010,Enfield,2016-17,230,180,0,410,70,220,0,290
E09000011,Greenwich,2016-17,750,120,0,870,1350,370,0,1720
E09000012,Hackney,2016-17,150,80,0,230,370,380,0,740
E09000013,Hammersmith and Fulham,2016-17,710,130,0,840,350,60,0,400
E09000014,Haringey,2016-17,270,50,0,310,220,20,0,240
E09000015,Harrow,2016-17,430,70,0,500,130,0,0,130
E09000016,Havering,2016-17,100,0,0,100,120,70,0,190
E09000017,Hillingdon,2016-17,180,40,0,210,480,60,0,540
E09000018,Hounslow,2016-17,420,50,20,490,510,50,60,620
E09000019,Islington,2016-17,390,250,20,660,330,20,10,350
E09000020,Kensington and Chelsea,2016-17,60,40,10,110,80,20,10,110
E09000021,Kingston upon Thames,2016-17,120,20,0,140,70,0,0,70
E09000022,Lambeth,2016-17,410,290,0,700,310,80,0,380
E09000023,Lewisham,2016-17,550,290,0,850,440,250,0,690
E09000024,Merton,2016-17,70,0,0,70,130,10,0,150
E09000025,Newham,2016-17,370,370,30,770,1370,370,30,1770
E09000026,Redbridge,2016-17,670,180,0,850,460,50,0,500
E09000027,Richmond upon Thames,2016-17,160,0,0,160,110,30,0,140
E09000028,Southwark,2016-17,760,240,0,1000,1800,430,40,2270
E09000029,Sutton,2016-17,240,120,0,360,290,70,0,350
E09000030,Tower Hamlets,2016-17,1460,630,0,2090,1180,430,0,1600
E09000031,Waltham Forest,2016-17,220,0,40,260,250,460,20,720
E09000032,Wandsworth,2016-17,230,20,0,260,600,150,10,760
E09000033,Westminster,2016-17,60,50,0,110,100,140,0,240
E08000001,Bolton,2016-17,420,50,0,470,270,110,0,380
E08000002,Bury,2016-17,190,40,0,230,260,0,0,260
E08000003,Manchester,2016-17,1720,0,0,1720,370,10,0,370
E08000004,Oldham,2016-17,190,20,0,210,150,10,0,160
E08000005,Rochdale,2016-17,490,40,10,530,420,0,10,430
E08000006,Salford,2016-17,1680,30,0,1700,590,30,0,620
E08000007,Stockport,2016-17,390,60,0,450,320,30,0,350
E08000008,Tameside,2016-17,420,30,0,450,230,80,0,310
E08000009,Trafford,2016-17,310,100,0,400,80,60,0,150
E08000010,Wigan,2016-17,610,20,0,630,760,0,0,770
E08000011,Knowsley,2016-17,400,50,0,450,290,120,0,410
E08000012,Liverpool,2016-17,1240,20,0,1250,600,160,0,760
E08000014,Sefton,2016-17,250,60,0,310,310,10,0,320
E08000013,St. Helens,2016-17,390,20,0,410,230,30,0,260
E08000015,Wirral,2016-17,300,0,0,300,160,0,0,160
E08000016,Barnsley,2016-17,910,80,10,1010,700,80,40,820
E08000017,Doncaster,2016-17,1170,0,0,1170,740,20,0,760
E08000018,Rotherham,2016-17,470,40,0,500,540,50,0,590
E08000019,Sheffield,2016-17,510,30,0,540,940,50,0,990
E08000037,Gateshead,2016-17,290,20,0,310,240,20,0,270
E08000021,Newcastle upon Tyne,2016-17,660,70,0,730,720,120,0,840
E08000022,North Tyneside,2016-17,760,10,0,770,390,70,0,460
E08000023,South Tyneside,2016-17,280,40,0,310,260,50,20,330
E08000024,Sunderland,2016-17,710,120,0,830,490,90,0,580
E08000025,Birmingham,2016-17,1070,170,30,1270,560,70,60,690
E08000026,Coventry,2016-17,560,130,0,690,730,170,0,900
E08000027,Dudley,2016-17,330,10,0,340,410,30,0,440
E08000028,Sandwell,2016-17,480,0,70,550,1070,20,70,1160
E08000029,Solihull,2016-17,450,140,0,590,410,140,10,550
E08000030,Walsall,2016-17,450,30,0,490,480,20,0,500
E08000031,Wolverhampton,2016-17,450,140,20,600,480,40,0,510
E08000032,Bradford,2016-17,590,70,0,660,480,50,0,530
E08000033,Calderdale,2016-17,220,0,0,220,220,0,0,220
E08000034,Kirklees,2016-17,890,20,0,900,590,0,0,590
E08000035,Leeds,2016-17,2560,140,0,2700,1510,140,50,1700
E08000036,Wakefield,2016-17,1640,220,0,1860,1410,350,0,1750
E07000004,Aylesbury Vale,2016-17,870,310,0,1180,960,210,0,1170
E07000005,Chiltern,2016-17,130,70,0,200,90,20,0,120
E07000006,South Bucks,2016-17,130,0,0,130,140,0,0,140
E07000007,Wycombe,2016-17,280,60,0,350,380,10,0,390
E07000008,Cambridge,2016-17,490,420,0,910,560,290,0,840
E07000009,East Cambridgeshire,2016-17,380,40,0,410,130,0,0,130
E07000010,Fenland,2016-17,290,0,0,290,290,0,0,290
E07000011,Huntingdonshire,2016-17,540,120,0,650,450,50,0,500
E07000012,South Cambridgeshire,2016-17,480,180,0,650,420,100,0,520
E07000026,Allerdale,2016-17,300,20,0,320,280,40,0,320
E07000027,Barrow-in-Furness,2016-17,70,0,0,70,60,0,0,60
E07000028,Carlisle,2016-17,420,30,0,450,330,0,0,330
E07000029,Copeland,2016-17,130,0,0,130,110,0,0,110
E07000030,Eden,2016-17,100,0,0,100,190,0,0,190
E07000031,South Lakeland,2016-17,240,10,0,260,140,30,0,170
E07000032,Amber Valley,2016-17,370,20,0,390,310,30,0,340
E07000033,Bolsover,2016-17,230,0,0,230,280,0,0,280
E07000034,Chesterfield,2016-17,40,10,0,50,50,0,0,50
E07000035,Derbyshire Dales,2016-17,180,20,0,200,140,20,0,160
E07000036,Erewash,2016-17,80,0,0,80,90,0,0,90
E07000037,High Peak,2016-17,320,30,0,350,300,0,0,300
E07000038,North East Derbyshire,2016-17,110,20,0,130,120,0,0,120
E07000039,South Derbyshire,2016-17,690,140,0,820,670,100,50,810
E07000040,East Devon,2016-17,700,170,0,870,500,110,0,600
E07000041,Exeter,2016-17,330,150,10,480,270,40,20,340
E07000042,Mid Devon,2016-17,300,50,0,350,200,10,0,210
E07000043,North Devon,2016-17,410,120,0,530,340,110,0,450
E07000044,South Hams,2016-17,410,30,0,440,340,10,0,350
E07000045,Teignbridge,2016-17,470,140,0,610,580,160,0,740
E07000046,Torridge,2016-17,200,10,0,210,440,30,0,470
E07000047,West Devon,2016-17,100,30,0,140,120,20,0,130
E07000048,Christchurch,2016-17,110,0,0,110,60,10,0,70
E07000049,East Dorset,2016-17,180,50,0,230,60,30,0,90
E07000050,North Dorset,2016-17,140,10,0,140,150,30,0,180
E07000051,Purbeck,2016-17,180,0,0,180,130,20,0,150
E07000052,West Dorset,2016-17,270,10,0,280,360,50,0,410
E07000053,Weymouth and Portland,2016-17,100,0,0,100,80,0,0,80
E07000061,Eastbourne,2016-17,80,0,0,80,70,60,0,130
E07000062,Hastings,2016-17,80,0,0,80,70,20,0,90
E07000063,Lewes,2016-17,210,50,0,250,180,20,10,220
E07000064,Rother,2016-17,150,100,0,250,170,50,0,220
E07000065,Wealden,2016-17,420,130,0,540,330,60,0,390
E07000066,Basildon,2016-17,290,30,0,320,260,10,0,270
E07000067,Braintree,2016-17,280,40,0,320,190,50,0,230
E07000068,Brentwood,2016-17,210,30,0,230,70,10,0,70
E07000069,Castle Point,2016-17,100,10,0,120,90,0,0,90
E07000070,Chelmsford,2016-17,710,70,0,780,570,190,0,770
E07000071,Colchester,2016-17,720,60,0,780,550,80,0,630
E07000072,Epping Forest,2016-17,220,10,30,260,90,0,0,90
E07000073,Harlow,2016-17,130,10,0,140,120,20,0,140
E07000074,Maldon,2016-17,130,0,0,130,210,30,0,230
E07000075,Rochford,2016-17,270,60,0,330,110,10,0,110
E07000076,Tendring,2016-17,360,0,0,360,530,10,0,530
E07000077,Uttlesford,2016-17,450,190,0,640,350,160,10,530
E07000078,Cheltenham,2016-17,310,70,0,380,300,50,0,350
E07000079,Cotswold,2016-17,600,280,0,880,580,230,0,800
E07000080,Forest of Dean,2016-17,150,90,0,240,150,40,0,190
E07000081,Gloucester,2016-17,220,60,0,280,250,80,30,360
E07000082,Stroud,2016-17,270,80,40,390,160,60,50,260
E07000083,Tewkesbury,2016-17,520,190,0,710,410,190,0,600
E07000084,Basingstoke and Deane,2016-17,510,220,0,740,310,250,0,570
E07000085,East Hampshire,2016-17,310,130,0,440,260,120,0,380
E07000086,Eastleigh,2016-17,610,150,0,760,260,180,0,430
E07000087,Fareham,2016-17,220,60,0,280,230,40,0,270
E07000088,Gosport,2016-17,70,10,10,90,60,0,10,70
E07000089,Hart,2016-17,370,190,0,570,260,120,0,380
E07000090,Havant,2016-17,170,50,0,220,340,90,0,430
E07000091,New Forest,2016-17,140,10,0,150,180,60,0,240
E07000092,Rushmoor,2016-17,80,0,0,80,250,80,0,330
E07000093,Test Valley,2016-17,490,190,0,670,630,160,0,790
E07000094,Winchester,2016-17,340,240,10,590,360,70,0,430
E07000095,Broxbourne,2016-17,170,30,0,200,50,0,0,50
E07000096,Dacorum,2016-17,260,110,0,370,370,100,10,480
E07000242,East Hertfordshire,2016-17,350,150,0,490,380,110,0,490
E07000098,Hertsmere,2016-17,280,30,0,310,300,30,0,330
E07000099,North Hertfordshire,2016-17,160,20,0,180,290,80,0,370
E07000240,St Albans,2016-17,210,10,20,240,120,10,0,130
E07000243,Stevenage,2016-17,60,10,0,60,480,10,10,500
E07000102,Three Rivers,2016-17,110,80,0,200,60,20,0,90
E07000103,Watford,2016-17,100,50,0,150,170,20,0,190
E07000241,Welwyn Hatfield,2016-17,130,10,20,160,140,20,0,160
E07000105,Ashford,2016-17,570,120,30,710,410,60,30,500
E07000106,Canterbury,2016-17,220,20,0,240,160,0,0,160
E07000107,Dartford,2016-17,840,130,30,990,760,200,0,960
E07000108,Dover,2016-17,290,80,0,370,280,50,0,340
E07000112,Folkestone and Hythe,2016-17,350,70,0,410,160,10,0,170
E07000109,Gravesham,2016-17,200,50,0,250,20,10,0,30
E07000110,Maidstone,2016-17,710,450,0,1170,550,540,0,1090
E07000111,Sevenoaks,2016-17,190,40,0,220,110,10,0,120
E07000113,Swale,2016-17,240,40,0,280,320,80,0,400
E07000114,Thanet,2016-17,140,0,0,140,70,30,0,100
E07000115,Tonbridge and Malling,2016-17,480,130,0,610,560,120,0,680
E07000116,Tunbridge Wells,2016-17,100,10,0,110,150,40,0,190
E07000117,Burnley,2016-17,60,0,0,60,100,20,0,120
E07000118,Chorley,2016-17,360,30,0,390,400,20,0,410
E07000119,Fylde,2016-17,450,20,0,470,430,10,0,440
E07000120,Hyndburn,2016-17,90,0,0,90,60,10,0,70
E07000121,Lancaster,2016-17,390,30,0,420,330,150,0,470
E07000122,Pendle,2016-17,90,10,0,100,90,30,0,120
E07000123,Preston,2016-17,460,60,0,510,270,70,0,340
E07000124,Ribble Valley,2016-17,350,10,0,360,300,20,0,320
E07000125,Rossendale,2016-17,120,0,0,120,160,20,0,180
E07000126,South Ribble,2016-17,170,0,0,170,170,0,0,170
E07000127,West Lancashire,2016-17,110,50,0,160,130,50,30,210
E07000128,Wyre,2016-17,410,30,0,440,240,40,0,280
E07000129,Blaby,2016-17,480,100,0,580,530,100,0,630
E07000130,Charnwood,2016-17,730,120,0,850,590,90,0,680
E07000131,Harborough,2016-17,460,110,0,570,400,80,0,480
E07000132,Hinckley and Bosworth,2016-17,240,40,0,280,670,200,0,870
E07000133,Melton,2016-17,90,0,0,90,70,20,0,90
E07000134,North West Leicestershire,2016-17,740,100,0,840,620,100,0,720
E07000135,Oadby and Wigston,2016-17,30,10,0,40,90,0,0,90
E07000136,Boston,2016-17,210,30,0,240,180,30,0,210
E07000137,East Lindsey,2016-17,300,100,0,400,210,60,0,270
E07000138,Lincoln,2016-17,100,0,10,120,80,10,0,90
E07000139,North Kesteven,2016-17,460,40,0,500,460,30,0,490
E07000140,South Holland,2016-17,280,20,0,300,160,40,0,200
E07000141,South Kesteven,2016-17,410,90,0,500,340,20,0,360
E07000142,West Lindsey,2016-17,160,0,0,160,170,40,0,210
E07000143,Breckland,2016-17,340,20,0,360,460,60,0,520
E07000144,Broadland,2016-17,490,30,0,530,550,120,0,670
E07000145,Great Yarmouth,2016-17,200,0,0,200,170,0,0,170
E07000146,King's Lynn and West Norfolk,2016-17,190,10,0,200,220,0,0,220
E07000147,North Norfolk,2016-17,300,0,0,300,290,0,0,290
E07000148,Norwich,2016-17,120,20,0,140,110,10,0,120
E07000149,South Norfolk,2016-17,1120,240,0,1350,790,140,0,930
E07000150,Corby,2016-17,430,0,0,430,310,40,10,350
E07000151,Daventry,2016-17,670,190,0,850,520,210,0,730
E07000152,East Northamptonshire,2016-17,330,130,0,460,420,130,0,550
E07000153,Kettering,2016-17,370,60,0,430,370,120,0,490
E07000154,Northampton,2016-17,230,80,0,310,340,120,0,460
E07000155,South Northamptonshire,2016-17,610,160,0,780,480,90,0,570
E07000156,Wellingborough,2016-17,130,10,0,130,180,20,0,200
E07000163,Craven,2016-17,40,0,10,40,60,10,20,90
E07000164,Hambleton,2016-17,260,70,0,330,360,60,0,410
E07000165,Harrogate,2016-17,360,100,0,460,130,50,0,180
E07000166,Richmondshire,2016-17,190,50,0,230,130,30,0,150
E07000167,Ryedale,2016-17,100,20,0,120,130,20,0,160
E07000168,Scarborough,2016-17,340,40,0,380,280,50,0,330
E07000169,Selby,2016-17,500,60,0,560,680,40,0,720
E07000170,Ashfield,2016-17,250,20,0,280,420,40,0,450
E07000171,Bassetlaw,2016-17,250,50,20,320,280,40,20,340
E07000172,Broxtowe,2016-17,140,10,0,150,150,20,0,160
E07000173,Gedling,2016-17,160,30,0,180,100,40,0,140
E07000174,Mansfield,2016-17,180,10,0,190,210,10,70,290
E07000175,Newark and Sherwood,2016-17,290,70,0,360,370,70,10,440
E07000176,Rushcliffe,2016-17,430,90,0,520,430,70,0,500
E07000177,Cherwell,2016-17,730,350,0,1080,810,220,0,1040
E07000178,Oxford,2016-17,60,10,0,60,140,0,0,140
E07000179,South Oxfordshire,2016-17,470,190,30,690,420,140,20,590
E07000180,Vale of White Horse,2016-17,690,320,40,1050,450,230,60,740
E07000181,West Oxfordshire,2016-17,340,140,0,480,390,90,0,490
E07000187,Mendip,2016-17,330,100,0,430,270,40,0,310
E07000188,Sedgemoor,2016-17,220,20,0,240,380,20,0,400
E07000189,South Somerset,2016-17,360,70,0,420,410,40,0,450
E07000190,Taunton Deane,2016-17,610,80,0,690,610,160,0,770
E07000191,West Somerset,2016-17,80,20,0,100,120,10,0,120
E07000192,Cannock Chase,2016-17,440,130,20,590,300,70,40,400
E07000193,East Staffordshire,2016-17,440,20,0,460,290,80,10,380
E07000194,Lichfield,2016-17,370,50,0,420,200,0,0,200
E07000195,Newcastle-under-Lyme,2016-17,350,90,0,440,140,50,0,190
E07000196,South Staffordshire,2016-17,160,50,0,210,170,50,0,220
E07000197,Stafford,2016-17,710,150,0,850,480,230,0,710
E07000198,Staffordshire Moorlands,2016-17,130,10,0,140,130,0,0,130
E07000199,Tamworth,2016-17,280,40,0,320,120,0,0,120
E07000200,Babergh,2016-17,250,40,0,290,170,40,0,200
E07000201,Forest Heath,2016-17,210,90,0,300,170,20,0,190
E07000202,Ipswich,2016-17,80,0,0,80,130,0,0,130
E07000203,Mid Suffolk,2016-17,330,90,0,420,190,40,0,230
E07000204,St Edmundsbury,2016-17,170,30,0,200,160,40,0,200
E07000205,Suffolk Coastal,2016-17,520,50,0,580,410,80,0,490
E07000206,Waveney,2016-17,170,40,0,200,90,80,0,170
E07000207,Elmbridge,2016-17,150,10,0,160,190,0,0,190
E07000208,Epsom and Ewell,2016-17,90,0,0,90,150,60,0,210
E07000209,Guildford,2016-17,160,0,20,180,220,0,10,230
E07000210,Mole Valley,2016-17,150,20,0,170,110,10,0,120
E07000211,Reigate and Banstead,2016-17,460,80,0,530,350,40,0,400
E07000212,Runnymede,2016-17,320,70,0,390,160,30,0,180
E07000213,Spelthorne,2016-17,250,20,0,280,150,30,0,180
E07000214,Surrey Heath,2016-17,140,40,0,180,80,20,0,100
E07000215,Tandridge,2016-17,200,10,0,200,270,90,10,370
E07000216,Waverley,2016-17,130,10,20,170,170,10,20,200
E07000217,Woking,2016-17,90,50,10,160,270,30,170,460
E07000218,North Warwickshire,2016-17,50,10,0,60,90,50,0,140
E07000219,Nuneaton and Bedworth,2016-17,300,100,0,400,310,50,0,360
E07000220,Rugby,2016-17,280,40,0,320,180,0,0,190
E07000221,Stratford-on-Avon,2016-17,840,300,0,1140,670,270,0,940
E07000222,Warwick,2016-17,480,310,0,790,350,260,0,610
E07000223,Adur,2016-17,20,0,0,20,10,0,0,10
E07000224,Arun,2016-17,560,100,0,660,540,110,0,640
E07000225,Chichester,2016-17,390,150,0,550,260,110,0,370
E07000226,Crawley,2016-17,370,50,80,500,140,30,0,170
E07000227,Horsham,2016-17,920,180,20,1120,630,140,0,770
E07000228,Mid Sussex,2016-17,470,50,0,520,630,170,0,800
E07000229,Worthing,2016-17,170,40,0,210,230,60,0,300
E07000234,Bromsgrove,2016-17,250,110,0,360,250,90,0,330
E07000235,Malvern Hills,2016-17,260,100,0,370,200,90,0,290
E07000236,Redditch,2016-17,70,20,0,90,90,30,0,110
E07000237,Worcester,2016-17,160,10,0,170,270,20,0,290
E07000238,Wychavon,2016-17,680,250,0,930,510,240,0,750
E07000239,Wyre Forest,2016-17,80,0,40,120,60,10,80,150
E06000022,Bath and North East Somerset,2017-18,540,100,10,660,650,160,0,810
E06000055,Bedford,2017-18,990,280,0,1270,900,190,0,1090
E06000008,Blackburn with Darwen,2017-18,160,50,0,200,170,90,0,250
E06000009,Blackpool,2017-18,80,40,0,120,80,0,0,80
E06000028,Bournemouth,2017-18,90,0,10,100,140,10,10,160
E06000036,Bracknell Forest,2017-18,270,60,0,330,260,0,0,260
E06000043,Brighton and Hove,2017-18,170,0,0,170,130,0,0,130
E06000023,"Bristol, City of",2017-18,460,140,0,600,440,100,40,580
E06000056,Central Bedfordshire,2017-18,1280,190,0,1470,1310,270,0,1580
E06000049,Cheshire East,2017-18,1440,170,0,1620,1200,230,0,1430
E06000050,Cheshire West and Chester,2017-18,1280,260,0,1540,1220,400,0,1620
E06000052,Cornwall,2017-18,2230,200,0,2430,2070,90,0,2160
E06000047,County Durham,2017-18,1390,60,10,1460,1160,50,50,1250
E06000005,Darlington,2017-18,260,130,40,440,260,50,10,320
E06000015,Derby,2017-18,400,80,0,480,320,30,0,350
E06000011,East Riding of Yorkshire,2017-18,1000,170,0,1170,750,150,0,900
E06000006,Halton,2017-18,410,10,0,410,370,20,0,390
E06000001,Hartlepool,2017-18,250,0,0,250,230,0,0,230
E06000019,"Herefordshire, County of",2017-18,530,160,0,690,310,40,0,360
E06000046,Isle of Wight,2017-18,230,0,0,230,330,0,0,330
E06000053,Isles of Scilly,2017-18,0,0,0,0,0,0,0,0
E06000010,"Kingston upon Hull, City of",2017-18,550,70,0,620,310,240,0,540
E06000016,Leicester,2017-18,180,50,0,230,280,30,0,310
E06000032,Luton,2017-18,300,90,0,390,310,110,10,420
E06000035,Medway,2017-18,350,60,0,410,190,70,0,250
E06000002,Middlesbrough,2017-18,450,20,0,470,400,20,0,420
E06000042,Milton Keynes,2017-18,1240,310,20,1560,1120,430,20,1570
E06000012,North East Lincolnshire,2017-18,130,0,0,130,130,10,0,140
E06000013,North Lincolnshire,2017-18,280,10,0,290,340,10,0,350
E06000024,North Somerset,2017-18,270,20,0,290,550,90,0,640
E06000057,Northumberland,2017-18,1510,150,30,1700,1480,130,10,1620
E06000018,Nottingham,2017-18,210,0,80,290,290,0,130,420
E06000031,Peterborough,2017-18,540,50,0,590,580,110,0,680
E06000026,Plymouth,2017-18,270,70,10,360,260,90,0,350
E06000029,Poole,2017-18,250,0,0,250,320,0,0,320
E06000044,Portsmouth,2017-18,280,0,0,280,640,30,10,670
E06000038,Reading,2017-18,240,40,0,270,650,20,0,670
E06000003,Redcar and Cleveland,2017-18,360,60,0,420,370,100,0,470
E06000017,Rutland,2017-18,180,30,0,210,110,0,0,110
E06000051,Shropshire,2017-18,1200,40,0,1240,1210,120,0,1330
E06000039,Slough,2017-18,170,0,10,180,310,40,0,350
E06000025,South Gloucestershire,2017-18,770,480,0,1250,1070,450,0,1520
E06000045,Southampton,2017-18,390,10,0,400,760,10,0,770
E06000033,Southend-on-Sea,2017-18,110,90,0,210,220,20,0,240
E06000004,Stockton-on-Tees,2017-18,780,80,0,860,880,100,0,980
E06000021,Stoke-on-Trent,2017-18,440,0,0,440,300,0,0,300
E06000030,Swindon,2017-18,760,160,0,930,1010,150,0,1150
E06000020,Telford and Wrekin,2017-18,680,190,70,940,610,150,100,860
E06000034,Thurrock,2017-18,210,10,0,220,430,240,0,670
E06000027,Torbay,2017-18,250,20,0,270,320,0,0,330
E06000007,Warrington,2017-18,290,0,0,290,200,60,0,260
E06000037,West Berkshire,2017-18,200,70,0,270,330,120,0,450
E06000054,Wiltshire,2017-18,1230,1050,10,2280,1450,770,0,2220
E06000040,Windsor and Maidenhead,2017-18,110,0,0,110,250,0,0,260
E06000041,Wokingham,2017-18,1090,350,0,1440,930,320,0,1250
E06000014,York,2017-18,270,60,0,330,270,60,0,330
E09000002,Barking and Dagenham,2017-18,450,220,0,670,340,130,0,470
E09000003,Barnet,2017-18,1010,360,0,1370,1360,540,0,1900
E09000004,Bexley,2017-18,630,80,0,720,210,30,0,240
E09000005,Brent,2017-18,310,30,0,350,570,120,0,690
E09000006,Bromley,2017-18,260,60,0,330,340,10,0,350
E09000007,Camden,2017-18,60,0,20,80,410,90,290,790
E09000001,City of London,2017-18,0,0,0,0,0,0,0,0
E09000008,Croydon,2017-18,690,160,0,850,3000,150,0,3150
E09000009,Ealing,2017-18,1350,220,70,1640,380,240,150,770
E09000010,Enfield,2017-18,230,150,0,380,140,210,20,370
E09000011,Greenwich,2017-18,390,210,0,600,1380,370,0,1750
E09000012,Hackney,2017-18,80,70,590,730,420,220,20,650
E09000013,Hammersmith and Fulham,2017-18,590,0,0,590,360,0,0,360
E09000014,Haringey,2017-18,170,10,0,180,110,30,0,140
E09000015,Harrow,2017-18,550,150,0,700,940,150,120,1200
E09000016,Havering,2017-18,150,170,0,330,230,20,0,250
E09000017,Hillingdon,2017-18,160,10,0,180,670,50,0,720
E09000018,Hounslow,2017-18,530,100,0,630,340,150,90,580
E09000019,Islington,2017-18,40,90,20,140,340,0,30,370
E09000020,Kensington and Chelsea,2017-18,180,100,0,280,130,10,0,140
E09000021,Kingston upon Thames,2017-18,250,20,0,260,50,10,0,60
E09000022,Lambeth,2017-18,300,60,0,360,610,120,0,730
E09000023,Lewisham,2017-18,530,290,0,820,780,230,0,1010
E09000024,Merton,2017-18,70,70,0,140,310,130,0,440
E09000025,Newham,2017-18,1540,540,0,2070,1500,10,0,1500
E09000026,Redbridge,2017-18,300,310,0,610,400,110,0,520
E09000027,Richmond upon Thames,2017-18,40,0,0,40,170,10,0,190
E09000028,Southwark,2017-18,760,80,0,840,1220,160,0,1380
E09000029,Sutton,2017-18,420,40,60,520,210,160,0,380
E09000030,Tower Hamlets,2017-18,1680,690,0,2370,990,400,0,1380
E09000031,Waltham Forest,2017-18,590,430,40,1070,580,200,20,800
E09000032,Wandsworth,2017-18,680,190,0,870,320,30,0,360
E09000033,Westminster,2017-18,60,140,10,210,340,130,0,470
E08000001,Bolton,2017-18,350,40,0,390,270,20,0,290
E08000002,Bury,2017-18,180,0,0,190,160,40,0,200
E08000003,Manchester,2017-18,3040,190,0,3230,590,100,0,690
E08000004,Oldham,2017-18,380,10,0,400,260,20,0,280
E08000005,Rochdale,2017-18,370,40,0,400,330,40,0,370
E08000006,Salford,2017-18,1460,30,0,1490,780,60,0,850
E08000007,Stockport,2017-18,290,30,40,360,370,60,320,750
E08000008,Tameside,2017-18,430,50,0,480,420,70,0,500
E08000009,Trafford,2017-18,250,30,0,280,330,10,0,340
E08000010,Wigan,2017-18,800,70,110,970,810,240,70,1120
E08000011,Knowsley,2017-18,430,80,0,520,310,150,0,460
E08000012,Liverpool,2017-18,720,50,0,770,320,40,0,350
E08000014,Sefton,2017-18,400,70,0,470,310,50,0,360
E08000013,St. Helens,2017-18,270,20,0,290,290,20,0,300
E08000015,Wirral,2017-18,310,0,0,310,350,50,0,400
E08000016,Barnsley,2017-18,840,20,0,860,1030,40,0,1070
E08000017,Doncaster,2017-18,990,0,0,990,1050,0,0,1050
E08000018,Rotherham,2017-18,290,10,0,310,480,30,0,510
E08000019,Sheffield,2017-18,670,40,0,710,710,40,0,740
E08000037,Gateshead,2017-18,450,120,0,570,300,50,0,350
E08000021,Newcastle upon Tyne,2017-18,820,110,30,970,600,110,10,720
E08000022,North Tyneside,2017-18,640,20,20,680,540,20,0,560
E08000023,South Tyneside,2017-18,310,40,50,400,300,70,90,450
E08000024,Sunderland,2017-18,510,100,0,610,590,100,0,690
E08000025,Birmingham,2017-18,820,130,0,950,560,130,30,720
E08000026,Coventry,2017-18,450,160,0,620,510,190,0,700
E08000027,Dudley,2017-18,350,80,0,430,320,10,0,330
E08000028,Sandwell,2017-18,510,0,30,540,640,0,0,640
E08000029,Solihull,2017-18,440,160,0,600,460,130,0,590
E08000030,Walsall,2017-18,740,0,0,740,790,20,0,810
E08000031,Wolverhampton,2017-18,340,120,40,490,420,160,20,600
E08000032,Bradford,2017-18,840,20,0,860,650,60,0,710
E08000033,Calderdale,2017-18,310,0,0,310,230,0,0,230
E08000034,Kirklees,2017-18,770,30,0,800,400,20,0,420
E08000035,Leeds,2017-18,1360,170,0,1520,1490,90,10,1590
E08000036,Wakefield,2017-18,1430,250,0,1680,1640,200,0,1840
E07000004,Aylesbury Vale,2017-18,1190,320,0,1510,920,280,0,1200
E07000005,Chiltern,2017-18,210,10,0,220,150,70,0,210
E07000006,South Bucks,2017-18,120,0,0,120,170,0,0,170
E07000007,Wycombe,2017-18,240,40,0,280,270,60,0,330
E07000008,Cambridge,2017-18,190,90,0,280,360,170,0,520
E07000009,East Cambridgeshire,2017-18,380,0,0,380,270,40,0,310
E07000010,Fenland,2017-18,320,20,0,340,470,10,0,490
E07000011,Huntingdonshire,2017-18,560,360,0,930,520,110,0,630
E07000012,South Cambridgeshire,2017-18,750,260,0,1010,430,140,0,570
E07000026,Allerdale,2017-18,300,20,0,320,200,20,0,230
E07000027,Barrow-in-Furness,2017-18,100,0,0,100,70,0,0,70
E07000028,Carlisle,2017-18,430,50,0,480,270,80,0,350
E07000029,Copeland,2017-18,90,0,0,90,100,0,0,100
E07000030,Eden,2017-18,60,0,0,60,150,0,0,150
E07000031,South Lakeland,2017-18,240,30,10,280,210,10,10,230
E07000032,Amber Valley,2017-18,330,30,0,360,330,30,0,360
E07000033,Bolsover,2017-18,230,0,0,240,250,0,0,250
E07000034,Chesterfield,2017-18,90,10,0,100,70,20,0,80
E07000035,Derbyshire Dales,2017-18,210,40,0,250,170,30,0,190
E07000036,Erewash,2017-18,170,0,0,170,130,0,0,130
E07000037,High Peak,2017-18,240,40,0,290,240,30,0,270
E07000038,North East Derbyshire,2017-18,180,10,0,190,180,30,0,200
E07000039,South Derbyshire,2017-18,750,150,0,900,720,170,0,890
E07000040,East Devon,2017-18,660,180,0,840,670,220,0,890
E07000041,Exeter,2017-18,260,60,0,310,430,130,0,550
E07000042,Mid Devon,2017-18,200,40,0,230,290,90,0,380
E07000043,North Devon,2017-18,390,120,0,510,410,110,0,520
E07000044,South Hams,2017-18,270,40,0,310,350,40,0,390
E07000045,Teignbridge,2017-18,370,90,0,460,610,130,0,750
E07000046,Torridge,2017-18,180,30,0,200,210,10,0,220
E07000047,West Devon,2017-18,110,0,0,110,90,40,0,130
E07000048,Christchurch,2017-18,160,0,0,160,210,0,0,210
E07000049,East Dorset,2017-18,180,20,0,190,160,60,0,220
E07000050,North Dorset,2017-18,100,10,0,110,110,0,0,110
E07000051,Purbeck,2017-18,40,0,0,40,120,0,0,120
E07000052,West Dorset,2017-18,340,60,0,400,270,80,0,350
E07000053,Weymouth and Portland,2017-18,130,0,0,130,70,0,0,70
E07000061,Eastbourne,2017-18,110,0,0,110,60,0,0,60
E07000062,Hastings,2017-18,80,20,0,110,100,40,0,140
E07000063,Lewes,2017-18,180,40,0,220,220,30,0,250
E07000064,Rother,2017-18,120,40,0,160,120,50,0,170
E07000065,Wealden,2017-18,320,100,0,420,360,120,0,470
E07000066,Basildon,2017-18,190,10,10,210,280,0,10,290
E07000067,Braintree,2017-18,280,150,0,430,170,50,0,220
E07000068,Brentwood,2017-18,270,0,0,270,200,30,0,230
E07000069,Castle Point,2017-18,70,0,0,80,130,10,0,140
E07000070,Chelmsford,2017-18,420,130,20,570,510,90,0,600
E07000071,Colchester,2017-18,590,80,0,670,760,60,0,820
E07000072,Epping Forest,2017-18,250,10,0,260,260,10,20,290
E07000073,Harlow,2017-18,160,0,0,160,260,0,0,260
E07000074,Maldon,2017-18,100,30,0,130,130,10,0,140
E07000075,Rochford,2017-18,180,40,0,220,220,40,0,270
E07000076,Tendring,2017-18,440,70,0,510,320,60,0,380
E07000077,Uttlesford,2017-18,610,220,0,830,430,130,0,560
E07000078,Cheltenham,2017-18,430,100,10,540,300,90,0,400
E07000079,Cotswold,2017-18,440,250,0,690,500,210,0,720
E07000080,Forest of Dean,2017-18,200,60,0,260,180,90,0,270
E07000081,Gloucester,2017-18,220,80,0,300,210,60,0,260
E07000082,Stroud,2017-18,380,70,0,460,260,50,20,330
E07000083,Tewkesbury,2017-18,530,270,0,800,510,160,0,670
E07000084,Basingstoke and Deane,2017-18,720,310,0,1030,570,190,0,760
E07000085,East Hampshire,2017-18,640,210,0,840,470,180,0,650
E07000086,Eastleigh,2017-18,490,280,0,770,640,170,0,810
E07000087,Fareham,2017-18,110,10,0,120,240,50,0,290
E07000088,Gosport,2017-18,40,0,0,40,150,50,0,200
E07000089,Hart,2017-18,110,80,0,190,270,160,0,440
E07000090,Havant,2017-18,160,60,0,210,210,40,0,250
E07000091,New Forest,2017-18,220,40,0,250,220,20,0,230
E07000092,Rushmoor,2017-18,200,80,0,280,110,20,0,130
E07000093,Test Valley,2017-18,610,230,0,840,480,170,0,640
E07000094,Winchester,2017-18,380,60,0,450,250,170,0,410
E07000095,Broxbourne,2017-18,150,40,0,190,100,50,0,150
E07000096,Dacorum,2017-18,300,90,0,390,330,80,0,410
E07000242,East Hertfordshire,2017-18,390,70,0,470,270,110,0,380
E07000098,Hertsmere,2017-18,320,10,0,340,310,30,0,340
E07000099,North Hertfordshire,2017-18,100,0,0,100,200,50,0,250
E07000240,St Albans,2017-18,290,40,30,360,260,10,0,270
E07000243,Stevenage,2017-18,50,10,0,50,50,10,0,60
E07000102,Three Rivers,2017-18,190,10,0,200,100,120,0,210
E07000103,Watford,2017-18,220,60,0,280,120,120,0,240
E07000241,Welwyn Hatfield,2017-18,190,40,10,240,150,10,0,160
E07000105,Ashford,2017-18,410,50,10,470,580,70,90,730
E07000106,Canterbury,2017-18,230,40,0,260,230,30,0,260
E07000107,Dartford,2017-18,760,100,20,880,820,190,0,1010
E07000108,Dover,2017-18,240,20,0,260,350,70,0,420
E07000112,Folkestone and Hythe,2017-18,280,50,0,330,220,10,0,240
E07000109,Gravesham,2017-18,180,50,0,230,150,30,0,180
E07000110,Maidstone,2017-18,730,240,0,960,690,510,0,1210
E07000111,Sevenoaks,2017-18,530,60,0,590,190,50,0,240
E07000113,Swale,2017-18,200,20,0,220,360,130,0,490
E07000114,Thanet,2017-18,110,10,0,110,170,40,0,210
E07000115,Tonbridge and Malling,2017-18,290,70,0,350,720,180,0,900
E07000116,Tunbridge Wells,2017-18,310,40,0,360,180,40,0,220
E07000117,Burnley,2017-18,210,0,0,210,120,30,0,140
E07000118,Chorley,2017-18,420,20,0,440,420,110,0,540
E07000119,Fylde,2017-18,410,0,0,410,350,0,0,350
E07000120,Hyndburn,2017-18,30,0,0,30,70,40,0,120
E07000121,Lancaster,2017-18,230,10,0,250,320,130,0,450
E07000122,Pendle,2017-18,70,20,0,80,110,10,0,120
E07000123,Preston,2017-18,520,80,0,600,450,130,0,570
E07000124,Ribble Valley,2017-18,360,50,0,400,400,10,0,410
E07000125,Rossendale,2017-18,50,0,0,50,90,0,0,90
E07000126,South Ribble,2017-18,300,20,0,320,180,0,0,180
E07000127,West Lancashire,2017-18,260,10,0,270,160,30,0,190
E07000128,Wyre,2017-18,300,20,0,320,180,10,0,190
E07000129,Blaby,2017-18,390,60,0,450,420,80,0,500
E07000130,Charnwood,2017-18,710,130,0,840,710,130,0,840
E07000131,Harborough,2017-18,420,100,0,520,380,120,0,500
E07000132,Hinckley and Bosworth,2017-18,190,90,0,290,400,130,0,530
E07000133,Melton,2017-18,120,0,0,120,80,20,0,100
E07000134,North West Leicestershire,2017-18,520,110,0,620,510,110,0,610
E07000135,Oadby and Wigston,2017-18,0,0,0,0,50,10,0,50
E07000136,Boston,2017-18,290,70,0,360,190,120,0,310
E07000137,East Lindsey,2017-18,320,100,0,420,280,110,0,390
E07000138,Lincoln,2017-18,100,60,10,170,30,0,20,40
E07000139,North Kesteven,2017-18,680,60,0,740,490,20,0,520
E07000140,South Holland,2017-18,370,120,0,490,250,30,0,280
E07000141,South Kesteven,2017-18,430,50,0,480,340,80,0,430
E07000142,West Lindsey,2017-18,240,0,0,240,170,20,0,200
E07000143,Breckland,2017-18,410,40,0,440,400,20,0,420
E07000144,Broadland,2017-18,580,0,0,580,450,50,0,490
E07000145,Great Yarmouth,2017-18,200,0,10,200,130,0,10,140
E07000146,King's Lynn and West Norfolk,2017-18,270,10,0,290,320,30,0,350
E07000147,North Norfolk,2017-18,340,10,0,340,290,10,0,300
E07000148,Norwich,2017-18,150,20,0,170,90,20,0,120
E07000149,South Norfolk,2017-18,860,230,0,1080,940,210,0,1150
E07000150,Corby,2017-18,460,20,20,500,530,20,20,570
E07000151,Daventry,2017-18,540,170,0,710,670,130,0,800
E07000152,East Northamptonshire,2017-18,260,40,0,300,340,80,0,420
E07000153,Kettering,2017-18,360,80,0,430,540,70,0,610
E07000154,Northampton,2017-18,130,40,0,170,290,160,0,450
E07000155,South Northamptonshire,2017-18,640,150,0,780,560,190,0,740
E07000156,Wellingborough,2017-18,240,20,0,260,150,10,0,170
E07000163,Craven,2017-18,100,0,0,100,30,0,0,30
E07000164,Hambleton,2017-18,200,40,0,240,280,40,0,330
E07000165,Harrogate,2017-18,440,120,0,560,270,100,0,370
E07000166,Richmondshire,2017-18,100,20,0,110,200,50,0,250
E07000167,Ryedale,2017-18,150,30,0,180,140,20,0,160
E07000168,Scarborough,2017-18,410,10,0,420,420,40,0,450
E07000169,Selby,2017-18,530,80,0,610,660,110,0,780
E07000170,Ashfield,2017-18,240,10,0,260,290,20,0,310
E07000171,Bassetlaw,2017-18,390,20,10,420,320,50,40,400
E07000172,Broxtowe,2017-18,150,10,0,160,130,10,0,140
E07000173,Gedling,2017-18,240,40,0,280,180,30,0,210
E07000174,Mansfield,2017-18,130,20,0,140,150,10,0,160
E07000175,Newark and Sherwood,2017-18,260,30,0,300,270,50,0,310
E07000176,Rushcliffe,2017-18,570,200,0,770,460,130,0,590
E07000177,Cherwell,2017-18,690,240,0,920,680,300,0,970
E07000178,Oxford,2017-18,70,0,0,70,230,0,0,230
E07000179,South Oxfordshire,2017-18,530,260,30,820,470,200,10,680
E07000180,Vale of White Horse,2017-18,840,320,20,1170,810,380,20,1200
E07000181,West Oxfordshire,2017-18,630,80,0,710,390,140,0,530
E07000187,Mendip,2017-18,370,90,0,460,390,110,0,500
E07000188,Sedgemoor,2017-18,320,10,20,350,240,10,10,270
E07000189,South Somerset,2017-18,640,60,0,700,390,50,0,440
E07000190,Taunton Deane,2017-18,330,70,0,400,560,90,0,650
E07000191,West Somerset,2017-18,40,0,0,40,60,20,0,80
E07000192,Cannock Chase,2017-18,280,40,10,330,340,120,0,470
E07000193,East Staffordshire,2017-18,490,70,0,550,450,70,0,520
E07000194,Lichfield,2017-18,510,220,0,720,400,80,0,480
E07000195,Newcastle-under-Lyme,2017-18,150,30,0,180,140,20,0,160
E07000196,South Staffordshire,2017-18,240,80,0,320,120,50,0,170
E07000197,Stafford,2017-18,510,170,0,680,550,280,0,820
E07000198,Staffordshire Moorlands,2017-18,60,0,0,60,120,0,0,120
E07000199,Tamworth,2017-18,310,40,0,350,230,50,0,270
E07000200,Babergh,2017-18,150,30,0,180,210,60,20,280
E07000201,Forest Heath,2017-18,230,90,0,320,190,90,0,280
E07000202,Ipswich,2017-18,110,20,0,130,90,10,0,100
E07000203,Mid Suffolk,2017-18,520,30,0,550,350,80,10,430
E07000204,St Edmundsbury,2017-18,190,50,0,250,110,10,0,120
E07000205,Suffolk Coastal,2017-18,490,20,0,510,470,50,0,520
E07000206,Waveney,2017-18,160,80,0,240,120,90,0,210
E07000207,Elmbridge,2017-18,240,80,0,330,140,10,0,150
E07000208,Epsom and Ewell,2017-18,70,30,0,100,80,20,0,90
E07000209,Guildford,2017-18,240,40,20,290,220,60,0,280
E07000210,Mole Valley,2017-18,120,30,0,150,130,20,0,150
E07000211,Reigate and Banstead,2017-18,320,50,0,370,410,60,0,470
E07000212,Runnymede,2017-18,210,50,10,270,220,70,0,290
E07000213,Spelthorne,2017-18,690,30,10,730,120,10,0,130
E07000214,Surrey Heath,2017-18,160,130,0,290,150,30,0,180
E07000215,Tandridge,2017-18,120,0,0,120,240,130,10,380
E07000216,Waverley,2017-18,280,80,10,370,240,30,10,280
E07000217,Woking,2017-18,240,0,0,240,140,30,0,160
E07000218,North Warwickshire,2017-18,70,0,0,70,100,10,0,110
E07000219,Nuneaton and Bedworth,2017-18,470,130,0,600,350,120,0,470
E07000220,Rugby,2017-18,610,140,0,740,340,60,0,400
E07000221,Stratford-on-Avon,2017-18,770,230,0,990,830,280,0,1110
E07000222,Warwick,2017-18,360,290,0,650,540,240,0,770
E07000223,Adur,2017-18,100,0,0,100,150,0,0,150
E07000224,Arun,2017-18,480,70,0,550,630,100,0,740
E07000225,Chichester,2017-18,340,130,0,470,410,160,0,570
E07000226,Crawley,2017-18,190,60,0,250,190,40,10,240
E07000227,Horsham,2017-18,600,270,0,870,760,140,20,920
E07000228,Mid Sussex,2017-18,320,90,0,410,860,50,0,920
E07000229,Worthing,2017-18,350,90,0,440,220,10,0,230
E07000234,Bromsgrove,2017-18,210,160,0,370,340,140,0,480
E07000235,Malvern Hills,2017-18,310,70,0,380,260,100,0,370
E07000236,Redditch,2017-18,180,60,0,240,90,30,0,120
E07000237,Worcester,2017-18,110,0,0,110,210,10,0,220
E07000238,Wychavon,2017-18,710,280,0,980,680,240,0,920
E07000239,Wyre Forest,2017-18,20,10,10,40,60,80,0,140
E06000022,Bath and North East Somerset,2018-19,530,170,0,710,810,160,0,970
E06000055,Bedford,2018-19,850,250,0,1100,850,230,0,1080
E06000008,Blackburn with Darwen,2018-19,230,10,0,250,210,70,0,280
E06000009,Blackpool,2018-19,130,0,20,150,100,10,30,140
E06000028,Bournemouth,2018-19,190,0,0,190,200,10,10,220
E06000036,Bracknell Forest,2018-19,550,100,0,650,450,70,0,520
E06000043,Brighton and Hove,2018-19,100,0,0,100,150,0,0,150
E06000023,"Bristol, City of",2018-19,410,120,0,530,550,170,30,750
E06000056,Central Bedfordshire,2018-19,960,230,0,1190,1290,230,0,1520
E06000049,Cheshire East,2018-19,1710,140,0,1850,1620,270,0,1890
E06000050,Cheshire West and Chester,2018-19,1250,190,0,1440,1510,310,0,1820
E06000052,Cornwall,2018-19,2040,170,350,2560,1560,240,200,1990
E06000047,County Durham,2018-19,1730,100,10,1850,1500,70,0,1570
E06000005,Darlington,2018-19,460,40,40,540,310,160,130,600
E06000015,Derby,2018-19,440,80,0,520,310,60,0,380
E06000011,East Riding of Yorkshire,2018-19,1210,220,0,1430,970,170,0,1140
E06000006,Halton,2018-19,300,40,0,340,440,80,0,520
E06000001,Hartlepool,2018-19,260,0,0,260,330,0,0,330
E06000019,"Herefordshire, County of",2018-19,620,90,0,710,440,300,0,740
E06000046,Isle of Wight,2018-19,280,30,0,300,220,0,0,220
E06000053,Isles of Scilly,2018-19,0,0,0,0,0,0,0,0
E06000010,"Kingston upon Hull, City of",2018-19,460,20,0,480,560,150,0,720
E06000016,Leicester,2018-19,190,60,0,260,320,70,0,390
E06000032,Luton,2018-19,160,250,0,400,180,70,0,250
E06000035,Medway,2018-19,600,90,0,700,360,130,0,490
E06000002,Middlesbrough,2018-19,610,0,0,610,470,0,0,470
E06000042,Milton Keynes,2018-19,1310,470,0,1790,1430,310,20,1760
E06000012,North East Lincolnshire,2018-19,240,20,0,260,180,10,0,190
E06000013,North Lincolnshire,2018-19,280,0,0,280,280,20,0,290
E06000024,North Somerset,2018-19,180,60,0,240,570,30,0,600
E06000057,Northumberland,2018-19,1450,180,30,1660,1510,140,70,1720
E06000018,Nottingham,2018-19,310,10,0,320,290,0,10,300
E06000031,Peterborough,2018-19,560,230,0,780,790,100,0,890
E06000026,Plymouth,2018-19,290,50,0,350,400,130,0,530
E06000029,Poole,2018-19,250,10,0,260,330,0,0,330
E06000044,Portsmouth,2018-19,10,0,0,10,250,0,60,310
E06000038,Reading,2018-19,250,0,0,250,550,40,0,590
E06000003,Redcar and Cleveland,2018-19,330,80,0,410,330,100,0,420
E06000017,Rutland,2018-19,160,30,0,190,110,30,0,140
E06000051,Shropshire,2018-19,1000,70,0,1070,1020,50,0,1080
E06000039,Slough,2018-19,50,0,10,60,350,20,20,390
E06000025,South Gloucestershire,2018-19,1060,730,0,1790,970,620,0,1590
E06000045,Southampton,2018-19,460,80,0,530,880,40,0,910
E06000033,Southend-on-Sea,2018-19,60,0,0,60,100,90,0,200
E06000004,Stockton-on-Tees,2018-19,970,60,0,1030,720,70,0,780
E06000021,Stoke-on-Trent,2018-19,460,10,0,470,410,0,0,410
E06000030,Swindon,2018-19,600,210,0,820,940,180,0,1130
E06000020,Telford and Wrekin,2018-19,860,210,40,1100,720,260,100,1080
E06000034,Thurrock,2018-19,560,10,0,560,250,50,0,300
E06000027,Torbay,2018-19,240,30,0,260,280,70,0,350
E06000007,Warrington,2018-19,400,30,0,430,270,90,0,360
E06000037,West Berkshire,2018-19,290,60,0,350,330,70,0,400
E06000054,Wiltshire,2018-19,1080,850,20,1960,1280,1020,100,2400
E06000040,Windsor and Maidenhead,2018-19,730,40,0,770,250,80,0,320
E06000041,Wokingham,2018-19,1190,350,0,1540,1160,330,0,1490
E06000014,York,2018-19,190,0,0,190,190,60,0,250
E09000002,Barking and Dagenham,2018-19,110,250,0,360,220,110,10,330
E09000003,Barnet,2018-19,860,260,80,1210,1250,170,10,1430
E09000004,Bexley,2018-19,380,70,0,450,100,110,0,210
E09000005,Brent,2018-19,360,0,0,360,910,130,0,1040
E09000006,Bromley,2018-19,110,20,0,130,710,100,0,810
E09000007,Camden,2018-19,230,0,0,230,70,0,90,160
E09000001,City of London,2018-19,0,0,0,0,170,0,0,170
E09000008,Croydon,2018-19,960,70,0,1040,650,110,0,760
E09000009,Ealing,2018-19,760,360,810,1930,380,210,130,710
E09000010,Enfield,2018-19,220,280,0,510,210,40,0,250
E09000011,Greenwich,2018-19,80,60,30,160,1200,250,0,1440
E09000012,Hackney,2018-19,170,30,0,200,650,80,390,1120
E09000013,Hammersmith and Fulham,2018-19,340,0,0,340,290,90,0,380
E09000014,Haringey,2018-19,370,0,0,370,200,30,10,240
E09000015,Harrow,2018-19,360,120,0,480,640,90,30,760
E09000016,Havering,2018-19,200,30,0,220,170,70,0,240
E09000017,Hillingdon,2018-19,430,240,0,670,250,10,120,380
E09000018,Hounslow,2018-19,770,220,0,990,350,50,0,410
E09000019,Islington,2018-19,40,30,30,90,40,310,30,370
E09000020,Kensington and Chelsea,2018-19,160,0,0,170,190,0,0,190
E09000021,Kingston upon Thames,2018-19,40,0,0,40,120,0,0,120
E09000022,Lambeth,2018-19,60,20,0,80,520,320,0,840
E09000023,Lewisham,2018-19,140,50,0,200,460,140,0,600
E09000024,Merton,2018-19,140,40,0,180,110,0,0,110
E09000025,Newham,2018-19,770,210,0,980,1090,510,0,1600
E09000026,Redbridge,2018-19,130,0,0,130,400,70,0,470
E09000027,Richmond upon Thames,2018-19,40,0,0,40,90,30,10,130
E09000028,Southwark,2018-19,700,90,0,790,1000,140,0,1130
E09000029,Sutton,2018-19,220,50,0,270,190,70,0,260
E09000030,Tower Hamlets,2018-19,1320,300,30,1660,1650,170,0,1820
E09000031,Waltham Forest,2018-19,320,30,20,370,320,90,30,430
E09000032,Wandsworth,2018-19,130,40,0,160,380,0,0,380
E09000033,Westminster,2018-19,390,0,0,390,140,60,10,210
E08000001,Bolton,2018-19,320,90,0,410,340,110,0,460
E08000002,Bury,2018-19,110,0,0,110,250,70,0,320
E08000003,Manchester,2018-19,3300,330,30,3660,2120,170,50,2350
E08000004,Oldham,2018-19,330,150,0,480,420,90,0,520
E08000005,Rochdale,2018-19,380,20,0,400,430,30,0,460
E08000006,Salford,2018-19,370,50,0,420,750,10,0,760
E08000007,Stockport,2018-19,300,10,0,310,360,40,20,420
E08000008,Tameside,2018-19,390,40,0,430,510,20,0,540
E08000009,Trafford,2018-19,870,30,0,890,190,0,0,190
E08000010,Wigan,2018-19,950,180,80,1200,830,210,50,1090
E08000011,Knowsley,2018-19,960,140,0,1100,670,90,0,760
E08000012,Liverpool,2018-19,1130,140,0,1270,1160,60,0,1210
E08000014,Sefton,2018-19,360,110,0,470,350,80,0,430
E08000013,St. Helens,2018-19,580,240,0,820,440,60,0,490
E08000015,Wirral,2018-19,270,30,0,300,370,10,0,380
E08000016,Barnsley,2018-19,830,40,0,870,1150,40,0,1180
E08000017,Doncaster,2018-19,1020,20,20,1070,930,60,40,1020
E08000018,Rotherham,2018-19,550,30,0,580,390,10,0,400
E08000019,Sheffield,2018-19,860,30,0,890,820,60,0,880
E08000037,Gateshead,2018-19,290,20,60,370,260,0,20,290
E08000021,Newcastle upon Tyne,2018-19,740,70,20,830,820,220,0,1040
E08000022,North Tyneside,2018-19,450,30,0,480,730,20,0,760
E08000023,South Tyneside,2018-19,230,60,10,300,300,80,30,400
E08000024,Sunderland,2018-19,620,70,0,690,540,110,0,650
E08000025,Birmingham,2018-19,1770,270,70,2100,770,130,10,910
E08000026,Coventry,2018-19,370,70,0,440,620,90,0,710
E08000027,Dudley,2018-19,460,50,0,510,270,70,0,330
E08000028,Sandwell,2018-19,290,0,70,360,450,0,100,550
E08000029,Solihull,2018-19,370,150,10,530,440,140,10,590
E08000030,Walsall,2018-19,430,0,170,600,690,0,130,820
E08000031,Wolverhampton,2018-19,400,130,30,560,370,100,20,490
E08000032,Bradford,2018-19,790,80,0,870,760,40,0,800
E08000033,Calderdale,2018-19,280,30,0,310,300,10,0,310
E08000034,Kirklees,2018-19,1100,50,0,1150,760,30,0,790
E08000035,Leeds,2018-19,1760,190,0,1950,1590,260,0,1840
E08000036,Wakefield,2018-19,1250,220,0,1470,1700,220,0,1920
E07000004,Aylesbury Vale,2018-19,930,390,0,1310,990,310,0,1300
E07000005,Chiltern,2018-19,160,0,0,160,140,10,0,150
E07000006,South Bucks,2018-19,100,0,0,100,250,0,0,250
E07000007,Wycombe,2018-19,270,110,0,380,380,50,0,430
E07000008,Cambridge,2018-19,350,190,0,540,220,80,0,290
E07000009,East Cambridgeshire,2018-19,360,10,0,370,440,0,0,440
E07000010,Fenland,2018-19,400,20,0,420,300,10,0,300
E07000011,Huntingdonshire,2018-19,550,230,0,770,580,270,0,850
E07000012,South Cambridgeshire,2018-19,730,270,0,1010,700,220,0,920
E07000026,Allerdale,2018-19,360,0,0,360,290,20,0,310
E07000027,Barrow-in-Furness,2018-19,100,10,0,110,90,0,0,90
E07000028,Carlisle,2018-19,460,40,0,500,400,40,0,440
E07000029,Copeland,2018-19,100,0,0,100,90,0,0,90
E07000030,Eden,2018-19,210,0,0,210,270,10,0,280
E07000031,South Lakeland,2018-19,180,30,0,210,180,30,0,210
E07000032,Amber Valley,2018-19,220,20,0,240,300,10,0,320
E07000033,Bolsover,2018-19,250,10,0,260,170,10,0,180
E07000034,Chesterfield,2018-19,200,20,0,230,100,10,0,110
E07000035,Derbyshire Dales,2018-19,250,40,0,290,160,30,0,190
E07000036,Erewash,2018-19,70,0,0,70,210,10,0,220
E07000037,High Peak,2018-19,130,20,0,150,250,40,0,290
E07000038,North East Derbyshire,2018-19,260,10,0,270,190,60,0,250
E07000039,South Derbyshire,2018-19,900,290,10,1200,900,200,0,1110
E07000040,East Devon,2018-19,860,360,0,1220,690,180,0,870
E07000041,Exeter,2018-19,300,120,10,430,390,100,30,520
E07000042,Mid Devon,2018-19,250,110,0,350,240,60,0,300
E07000043,North Devon,2018-19,560,220,0,780,400,140,0,540
E07000044,South Hams,2018-19,410,130,0,540,320,50,0,380
E07000045,Teignbridge,2018-19,280,50,0,320,380,70,0,460
E07000046,Torridge,2018-19,150,10,0,150,170,20,0,180
E07000047,West Devon,2018-19,190,10,0,200,70,0,0,70
E07000048,Christchurch,2018-19,50,0,0,50,130,0,0,130
E07000049,East Dorset,2018-19,200,60,0,260,260,10,0,270
E07000050,North Dorset,2018-19,90,20,0,100,190,30,0,220
E07000051,Purbeck,2018-19,70,0,0,70,50,0,0,50
E07000052,West Dorset,2018-19,160,80,0,240,380,80,0,470
E07000053,Weymouth and Portland,2018-19,100,0,0,100,120,0,0,120
E07000061,Eastbourne,2018-19,40,0,0,40,40,0,0,40
E07000062,Hastings,2018-19,70,0,0,70,10,10,0,20
E07000063,Lewes,2018-19,190,80,10,280,200,20,0,220
E07000064,Rother,2018-19,110,50,0,160,160,80,0,240
E07000065,Wealden,2018-19,600,190,0,790,420,70,0,490
E07000066,Basildon,2018-19,220,20,20,250,180,20,0,210
E07000067,Braintree,2018-19,550,230,0,780,300,130,0,420
E07000068,Brentwood,2018-19,170,0,0,170,130,0,0,130
E07000069,Castle Point,2018-19,110,0,0,110,50,0,0,50
E07000070,Chelmsford,2018-19,420,250,0,680,560,100,0,660
E07000071,Colchester,2018-19,480,70,0,560,800,110,0,900
E07000072,Epping Forest,2018-19,140,10,10,160,290,10,20,320
E07000073,Harlow,2018-19,420,140,0,560,220,40,0,250
E07000074,Maldon,2018-19,250,70,0,320,230,50,0,270
E07000075,Rochford,2018-19,220,70,0,290,180,60,0,230
E07000076,Tendring,2018-19,700,70,0,770,370,20,0,390
E07000077,Uttlesford,2018-19,280,50,0,330,560,230,0,780
E07000078,Cheltenham,2018-19,280,30,0,310,390,70,10,460
E07000079,Cotswold,2018-19,270,100,0,370,480,270,0,750
E07000080,Forest of Dean,2018-19,260,60,0,320,150,20,0,170
E07000081,Gloucester,2018-19,240,80,0,320,120,100,0,220
E07000082,Stroud,2018-19,540,150,0,690,380,80,0,460
E07000083,Tewkesbury,2018-19,470,180,0,650,590,260,0,860
E07000084,Basingstoke and Deane,2018-19,580,290,0,870,740,320,0,1060
E07000085,East Hampshire,2018-19,470,220,0,690,540,240,0,780
E07000086,Eastleigh,2018-19,1330,310,0,1630,560,290,0,850
E07000087,Fareham,2018-19,120,10,0,130,130,20,0,150
E07000088,Gosport,2018-19,20,0,0,20,40,0,0,40
E07000089,Hart,2018-19,270,90,0,360,270,110,0,380
E07000090,Havant,2018-19,230,70,0,300,210,70,0,280
E07000091,New Forest,2018-19,160,40,0,190,280,50,0,330
E07000092,Rushmoor,2018-19,270,100,0,370,110,80,0,200
E07000093,Test Valley,2018-19,440,160,0,600,550,190,0,740
E07000094,Winchester,2018-19,320,140,50,510,390,200,0,590
E07000095,Broxbourne,2018-19,60,20,0,80,120,30,0,150
E07000096,Dacorum,2018-19,200,50,0,240,260,120,0,380
E07000242,East Hertfordshire,2018-19,380,170,0,550,440,140,0,580
E07000098,Hertsmere,2018-19,210,30,0,230,320,50,0,370
E07000099,North Hertfordshire,2018-19,220,30,0,250,160,0,0,160
E07000240,St Albans,2018-19,220,60,0,280,130,30,50,210
E07000243,Stevenage,2018-19,30,0,0,30,20,0,0,20
E07000102,Three Rivers,2018-19,40,10,0,40,110,50,0,150
E07000103,Watford,2018-19,120,60,0,180,170,80,0,260
E07000241,Welwyn Hatfield,2018-19,100,20,0,120,150,40,0,190
E07000105,Ashford,2018-19,280,50,20,340,410,60,50,530
E07000106,Canterbury,2018-19,280,90,0,370,200,30,0,240
E07000107,Dartford,2018-19,520,170,30,710,820,190,30,1040
E07000108,Dover,2018-19,210,0,0,210,390,20,0,410
E07000112,Folkestone and Hythe,2018-19,160,50,0,220,180,10,0,190
E07000109,Gravesham,2018-19,70,50,0,120,230,50,0,290
E07000110,Maidstone,2018-19,700,420,20,1130,660,410,0,1080
E07000111,Sevenoaks,2018-19,200,50,0,240,190,30,0,220
E07000113,Swale,2018-19,320,60,0,380,310,60,0,370
E07000114,Thanet,2018-19,180,0,0,180,80,0,10,90
E07000115,Tonbridge and Malling,2018-19,320,80,0,410,350,130,0,480
E07000116,Tunbridge Wells,2018-19,270,10,0,280,200,30,0,230
E07000117,Burnley,2018-19,130,0,0,130,140,30,0,160
E07000118,Chorley,2018-19,550,70,0,620,360,40,0,390
E07000119,Fylde,2018-19,530,20,0,550,460,0,0,460
E07000120,Hyndburn,2018-19,130,10,0,150,80,10,0,90
E07000121,Lancaster,2018-19,210,0,0,210,240,10,0,240
E07000122,Pendle,2018-19,90,20,0,110,120,0,0,120
E07000123,Preston,2018-19,680,60,0,740,480,70,0,560
E07000124,Ribble Valley,2018-19,430,50,0,470,310,50,0,360
E07000125,Rossendale,2018-19,90,0,0,90,50,0,0,50
E07000126,South Ribble,2018-19,350,0,0,350,360,20,0,380
E07000127,West Lancashire,2018-19,420,40,10,470,250,10,10,280
E07000128,Wyre,2018-19,310,10,0,320,300,20,0,330
E07000129,Blaby,2018-19,250,60,0,300,320,60,0,380
E07000130,Charnwood,2018-19,620,200,0,820,790,130,0,920
E07000131,Harborough,2018-19,760,220,0,980,540,120,0,660
E07000132,Hinckley and Bosworth,2018-19,150,130,0,280,280,70,10,360
E07000133,Melton,2018-19,170,50,0,220,70,0,0,80
E07000134,North West Leicestershire,2018-19,660,70,10,750,560,40,0,600
E07000135,Oadby and Wigston,2018-19,130,30,0,160,70,0,0,70
E07000136,Boston,2018-19,210,50,0,260,250,120,0,360
E07000137,East Lindsey,2018-19,380,80,0,460,360,80,0,440
E07000138,Lincoln,2018-19,130,0,0,130,80,70,30,190
E07000139,North Kesteven,2018-19,500,100,0,600,450,50,0,490
E07000140,South Holland,2018-19,430,30,10,460,350,110,10,460
E07000141,South Kesteven,2018-19,450,60,0,500,510,40,0,560
E07000142,West Lindsey,2018-19,350,10,0,360,290,10,0,300
E07000143,Breckland,2018-19,610,60,0,670,410,30,0,440
E07000144,Broadland,2018-19,460,70,0,530,500,0,0,500
E07000145,Great Yarmouth,2018-19,350,10,0,360,200,0,0,200
E07000146,King's Lynn and West Norfolk,2018-19,270,10,0,270,220,10,0,230
E07000147,North Norfolk,2018-19,270,10,0,280,310,0,0,310
E07000148,Norwich,2018-19,90,0,0,90,180,20,0,200
E07000149,South Norfolk,2018-19,660,80,0,740,730,140,0,870
E07000150,Corby,2018-19,330,10,0,340,600,70,0,670
E07000151,Daventry,2018-19,370,140,0,520,510,230,0,740
E07000152,East Northamptonshire,2018-19,280,60,0,340,330,70,0,400
E07000153,Kettering,2018-19,150,140,0,290,350,80,0,420
E07000154,Northampton,2018-19,160,100,0,260,300,70,0,370
E07000155,South Northamptonshire,2018-19,480,150,0,630,660,190,0,860
E07000156,Wellingborough,2018-19,180,40,0,220,240,70,0,320
E07000163,Craven,2018-19,120,100,0,220,140,0,0,140
E07000164,Hambleton,2018-19,430,80,0,510,330,50,0,380
E07000165,Harrogate,2018-19,530,190,0,730,330,150,0,480
E07000166,Richmondshire,2018-19,50,0,0,50,130,10,0,140
E07000167,Ryedale,2018-19,220,30,0,250,160,30,0,190
E07000168,Scarborough,2018-19,220,50,0,260,250,10,0,260
E07000169,Selby,2018-19,470,70,0,550,560,90,0,640
E07000170,Ashfield,2018-19,120,0,0,120,220,10,0,240
E07000171,Bassetlaw,2018-19,430,20,0,450,330,20,0,350
E07000172,Broxtowe,2018-19,90,0,0,90,100,0,0,110
E07000173,Gedling,2018-19,220,0,0,220,270,10,0,280
E07000174,Mansfield,2018-19,270,10,20,300,200,20,50,270
E07000175,Newark and Sherwood,2018-19,400,20,0,420,460,30,0,500
E07000176,Rushcliffe,2018-19,380,130,0,510,480,180,0,650
E07000177,Cherwell,2018-19,760,310,0,1070,890,340,0,1230
E07000178,Oxford,2018-19,170,50,0,220,130,20,0,150
E07000179,South Oxfordshire,2018-19,590,270,20,890,760,310,40,1110
E07000180,Vale of White Horse,2018-19,640,310,10,960,710,350,10,1080
E07000181,West Oxfordshire,2018-19,650,360,0,1010,540,130,0,670
E07000187,Mendip,2018-19,270,80,0,350,400,100,0,500
E07000188,Sedgemoor,2018-19,280,80,0,360,370,40,0,410
E07000189,South Somerset,2018-19,500,150,0,640,470,80,0,550
E07000190,Taunton Deane,2018-19,310,20,0,330,420,50,0,470
E07000191,West Somerset,2018-19,20,0,0,20,30,0,0,30
E07000192,Cannock Chase,2018-19,160,70,10,240,270,40,10,320
E07000193,East Staffordshire,2018-19,420,50,0,470,540,70,0,620
E07000194,Lichfield,2018-19,340,120,0,460,570,210,0,780
E07000195,Newcastle-under-Lyme,2018-19,210,20,0,220,90,30,0,120
E07000196,South Staffordshire,2018-19,190,80,0,270,240,80,0,320
E07000197,Stafford,2018-19,490,110,0,600,500,160,0,660
E07000198,Staffordshire Moorlands,2018-19,230,0,0,230,140,0,0,140
E07000199,Tamworth,2018-19,310,90,0,400,300,50,0,350
E07000200,Babergh,2018-19,420,90,0,510,310,20,0,330
E07000201,Forest Heath,2018-19,170,70,0,230,200,90,0,290
E07000202,Ipswich,2018-19,130,20,20,160,100,10,0,110
E07000203,Mid Suffolk,2018-19,530,40,0,570,480,40,0,510
E07000204,St Edmundsbury,2018-19,210,110,0,320,230,50,0,280
E07000205,Suffolk Coastal,2018-19,440,120,0,560,480,40,0,520
E07000206,Waveney,2018-19,80,20,0,100,210,70,0,280
E07000207,Elmbridge,2018-19,250,60,0,320,290,0,0,290
E07000208,Epsom and Ewell,2018-19,180,20,0,190,50,10,0,60
E07000209,Guildford,2018-19,200,0,30,240,300,40,10,350
E07000210,Mole Valley,2018-19,130,10,0,140,90,30,0,110
E07000211,Reigate and Banstead,2018-19,460,120,0,580,350,80,0,430
E07000212,Runnymede,2018-19,140,0,0,140,510,30,10,560
E07000213,Spelthorne,2018-19,160,20,0,190,130,0,0,130
E07000214,Surrey Heath,2018-19,220,110,0,330,180,100,0,280
E07000215,Tandridge,2018-19,110,80,20,210,120,40,10,170
E07000216,Waverley,2018-19,570,170,0,750,280,90,40,410
E07000217,Woking,2018-19,40,0,10,50,180,40,0,220
E07000218,North Warwickshire,2018-19,120,20,0,140,70,10,0,80
E07000219,Nuneaton and Bedworth,2018-19,410,130,0,550,460,130,0,590
E07000220,Rugby,2018-19,590,210,0,800,680,160,0,840
E07000221,Stratford-on-Avon,2018-19,880,290,0,1180,870,270,0,1140
E07000222,Warwick,2018-19,400,320,0,720,550,250,0,800
E07000223,Adur,2018-19,30,0,0,30,30,0,0,30
E07000224,Arun,2018-19,400,70,0,460,470,80,0,560
E07000225,Chichester,2018-19,420,220,0,640,350,140,0,490
E07000226,Crawley,2018-19,340,50,100,500,360,30,0,390
E07000227,Horsham,2018-19,690,240,0,920,910,260,0,1170
E07000228,Mid Sussex,2018-19,620,200,0,820,450,80,0,530
E07000229,Worthing,2018-19,80,40,0,120,330,70,0,390
E07000234,Bromsgrove,2018-19,220,110,0,330,280,150,0,430
E07000235,Malvern Hills,2018-19,330,130,0,450,300,90,0,390
E07000236,Redditch,2018-19,260,100,0,360,200,80,0,280
E07000237,Worcester,2018-19,370,30,0,400,130,0,0,130
E07000238,Wychavon,2018-19,590,280,0,870,740,280,0,1020
E07000239,Wyre Forest,2018-19,40,40,0,80,40,40,0,80
E06000022,Bath and North East Somerset,2019-20,360,80,0,430,760,180,0,950
E06000055,Bedford,2019-20,890,330,0,1220,850,280,0,1130
E06000008,Blackburn with Darwen,2019-20,250,0,0,250,250,0,0,250
E06000009,Blackpool,2019-20,130,20,80,230,110,30,70,200
E06000058,"Bournemouth, Christchurch and Poole",2019-20,450,50,10,510,1080,10,0,1090
E06000036,Bracknell Forest,2019-20,330,60,0,390,830,130,0,960
E06000043,Brighton and Hove,2019-20,110,80,0,190,80,10,0,90
E06000023,"Bristol, City of",2019-20,710,60,0,780,730,130,50,910
E06000056,Central Bedfordshire,2019-20,1280,340,0,1610,1570,290,0,1860
E06000049,Cheshire East,2019-20,1380,210,0,1600,1430,260,0,1690
E06000050,Cheshire West and Chester,2019-20,1170,90,0,1270,1150,80,0,1240
E06000052,Cornwall,2019-20,1880,120,0,1990,2100,210,0,2320
E06000047,County Durham,2019-20,1310,100,30,1440,1490,140,10,1640
E06000005,Darlington,2019-20,390,90,10,500,400,40,20,450
E06000015,Derby,2019-20,400,70,0,470,390,190,0,590
E06000059,Dorset,2019-20,700,180,0,880,860,160,0,1020
E06000011,East Riding of Yorkshire,2019-20,1220,190,0,1410,1170,190,0,1360
E06000006,Halton,2019-20,140,20,0,160,580,60,0,640
E06000001,Hartlepool,2019-20,150,20,0,160,170,0,0,170
E06000019,"Herefordshire, County of",2019-20,620,150,0,770,500,140,0,630
E06000046,Isle of Wight,2019-20,150,10,0,160,290,10,0,300
E06000053,Isles of Scilly,2019-20,0,0,0,0,0,0,0,0
E06000010,"Kingston upon Hull, City of",2019-20,300,0,0,300,490,50,0,530
E06000016,Leicester,2019-20,200,10,0,210,260,50,0,310
E06000032,Luton,2019-20,150,20,0,170,120,110,0,230
E06000035,Medway,2019-20,420,70,0,490,720,150,0,870
E06000002,Middlesbrough,2019-20,340,80,0,420,510,0,0,510
E06000042,Milton Keynes,2019-20,1510,580,0,2090,1310,410,10,1720
E06000012,North East Lincolnshire,2019-20,330,20,0,340,340,30,0,370
E06000013,North Lincolnshire,2019-20,290,20,0,310,280,50,0,320
E06000024,North Somerset,2019-20,690,50,0,740,290,70,10,370
E06000057,Northumberland,2019-20,1020,130,10,1160,1470,200,20,1690
E06000018,Nottingham,2019-20,430,0,20,450,330,20,0,350
E06000031,Peterborough,2019-20,760,130,0,880,870,210,0,1080
E06000026,Plymouth,2019-20,60,10,0,70,300,50,0,350
E06000044,Portsmouth,2019-20,20,0,0,20,20,70,0,90
E06000038,Reading,2019-20,500,350,10,860,90,0,10,100
E06000003,Redcar and Cleveland,2019-20,300,70,0,370,290,60,0,350
E06000017,Rutland,2019-20,70,0,0,70,120,30,0,150
E06000051,Shropshire,2019-20,800,70,0,870,980,60,0,1030
E06000039,Slough,2019-20,70,0,0,70,270,0,0,270
E06000025,South Gloucestershire,2019-20,1080,580,0,1660,1160,590,0,1750
E06000045,Southampton,2019-20,360,20,0,370,110,0,0,110
E06000033,Southend-on-Sea,2019-20,30,0,0,30,80,0,0,80
E06000004,Stockton-on-Tees,2019-20,510,70,0,580,890,90,0,990
E06000021,Stoke-on-Trent,2019-20,620,10,0,630,420,60,0,480
E06000030,Swindon,2019-20,540,130,0,670,560,190,0,750
E06000020,Telford and Wrekin,2019-20,660,320,80,1060,790,220,20,1030
E06000034,Thurrock,2019-20,270,30,0,300,440,30,0,470
E06000027,Torbay,2019-20,140,0,0,140,200,10,0,210
E06000007,Warrington,2019-20,530,60,0,590,480,20,0,510
E06000037,West Berkshire,2019-20,420,80,0,510,200,50,0,250
E06000054,Wiltshire,2019-20,940,1000,10,1940,990,1000,30,2020
E06000040,Windsor and Maidenhead,2019-20,170,20,0,190,180,20,0,200
E06000041,Wokingham,2019-20,680,350,0,1030,1140,440,0,1590
E06000014,York,2019-20,180,30,0,210,430,70,0,500
E09000002,Barking and Dagenham,2019-20,770,130,0,900,360,170,0,530
E09000003,Barnet,2019-20,960,220,0,1190,1120,450,0,1570
E09000004,Bexley,2019-20,380,130,0,520,80,30,0,100
E09000005,Brent,2019-20,130,90,10,220,160,0,0,160
E09000006,Bromley,2019-20,240,60,0,310,470,0,0,470
E09000007,Camden,2019-20,60,0,40,100,260,40,0,300
E09000001,City of London,2019-20,0,0,0,0,0,0,0,0
E09000008,Croydon,2019-20,760,10,0,770,1240,150,0,1390
E09000009,Ealing,2019-20,420,440,200,1060,1130,530,40,1690
E09000010,Enfield,2019-20,240,60,0,300,440,300,0,750
E09000011,Greenwich,2019-20,90,30,0,120,1610,210,70,1890
E09000012,Hackney,2019-20,120,20,20,160,80,20,0,100
E09000013,Hammersmith and Fulham,2019-20,140,0,0,150,320,120,0,430
E09000014,Haringey,2019-20,370,0,0,370,60,0,0,60
E09000015,Harrow,2019-20,150,180,0,330,640,40,0,680
E09000016,Havering,2019-20,380,630,0,1020,120,130,0,260
E09000017,Hillingdon,2019-20,720,150,0,870,560,10,0,570
E09000018,Hounslow,2019-20,140,20,160,310,190,20,0,200
E09000019,Islington,2019-20,220,70,30,310,510,210,0,720
E09000020,Kensington and Chelsea,2019-20,50,0,0,50,120,320,0,450
E09000021,Kingston upon Thames,2019-20,60,0,0,60,190,0,0,190
E09000022,Lambeth,2019-20,120,0,10,120,650,60,0,710
E09000023,Lewisham,2019-20,190,70,0,260,440,230,0,660
E09000024,Merton,2019-20,60,30,0,90,110,10,0,120
E09000025,Newham,2019-20,550,120,0,670,1150,360,0,1510
E09000026,Redbridge,2019-20,550,30,0,590,270,310,0,570
E09000027,Richmond upon Thames,2019-20,20,0,10,40,70,0,10,90
E09000028,Southwark,2019-20,360,10,0,380,620,60,0,680
E09000029,Sutton,2019-20,210,70,10,280,320,50,80,440
E09000030,Tower Hamlets,2019-20,290,10,0,300,1840,520,0,2360
E09000031,Waltham Forest,2019-20,270,150,50,460,590,220,30,840
E09000032,Wandsworth,2019-20,60,0,160,210,530,90,320,940
E09000033,Westminster,2019-20,10,150,10,160,210,190,200,600
E08000001,Bolton,2019-20,380,140,0,510,260,90,0,350
E08000002,Bury,2019-20,130,10,0,130,180,0,0,180
E08000003,Manchester,2019-20,2010,160,0,2170,2200,0,0,2200
E08000004,Oldham,2019-20,260,60,0,320,410,110,0,520
E08000005,Rochdale,2019-20,460,50,0,510,450,20,0,470
E08000006,Salford,2019-20,730,70,0,800,1530,90,0,1620
E08000007,Stockport,2019-20,370,50,0,420,460,30,0,490
E08000008,Tameside,2019-20,370,70,0,440,360,60,0,420
E08000009,Trafford,2019-20,770,0,0,770,100,50,0,150
E08000010,Wigan,2019-20,980,190,40,1210,1060,180,60,1300
E08000011,Knowsley,2019-20,690,40,0,740,810,110,0,910
E08000012,Liverpool,2019-20,640,130,0,770,550,230,0,780
E08000014,Sefton,2019-20,370,130,0,490,410,170,0,580
E08000013,St. Helens,2019-20,390,60,0,450,640,180,0,820
E08000015,Wirral,2019-20,290,90,0,380,190,20,0,210
E08000016,Barnsley,2019-20,480,110,0,590,780,100,30,920
E08000017,Doncaster,2019-20,690,40,10,730,640,40,90,770
E08000018,Rotherham,2019-20,530,20,0,560,530,40,0,570
E08000019,Sheffield,2019-20,630,150,0,780,940,30,0,970
E08000037,Gateshead,2019-20,230,20,0,250,240,30,30,300
E08000021,Newcastle upon Tyne,2019-20,940,100,60,1090,760,20,40,810
E08000022,North Tyneside,2019-20,340,10,0,350,460,30,0,490
E08000023,South Tyneside,2019-20,110,10,0,120,190,10,0,190
E08000024,Sunderland,2019-20,500,110,0,600,490,80,0,570
E08000025,Birmingham,2019-20,1120,130,30,1280,720,140,40,900
E08000026,Coventry,2019-20,390,80,0,470,1090,130,0,1220
E08000027,Dudley,2019-20,390,110,10,510,380,100,10,490
E08000028,Sandwell,2019-20,290,50,70,400,200,0,40,240
E08000029,Solihull,2019-20,370,100,0,470,400,160,0,560
E08000030,Walsall,2019-20,210,0,0,210,280,0,0,280
E08000031,Wolverhampton,2019-20,600,230,70,890,400,110,50,570
E08000032,Bradford,2019-20,640,30,0,670,650,70,0,720
E08000033,Calderdale,2019-20,160,0,0,160,230,10,0,240
E08000034,Kirklees,2019-20,920,10,0,940,950,80,0,1040
E08000035,Leeds,2019-20,1210,160,40,1420,1570,190,0,1750
E08000036,Wakefield,2019-20,1020,160,0,1180,1350,230,0,1580
E07000004,Aylesbury Vale,2019-20,940,370,0,1310,1050,380,0,1430
E07000005,Chiltern,2019-20,180,40,0,220,160,0,0,160
E07000006,South Bucks,2019-20,40,0,0,40,160,0,0,160
E07000007,Wycombe,2019-20,350,60,0,400,330,180,0,510
E07000008,Cambridge,2019-20,260,20,0,280,480,110,0,590
E07000009,East Cambridgeshire,2019-20,390,30,0,420,310,30,0,340
E07000010,Fenland,2019-20,230,10,0,240,290,30,0,320
E07000011,Huntingdonshire,2019-20,810,220,0,1030,700,370,0,1070
E07000012,South Cambridgeshire,2019-20,800,110,0,910,850,260,0,1110
E07000026,Allerdale,2019-20,230,0,0,240,340,0,0,340
E07000027,Barrow-in-Furness,2019-20,90,0,0,90,90,0,0,90
E07000028,Carlisle,2019-20,510,90,0,600,580,50,0,620
E07000029,Copeland,2019-20,80,20,0,110,100,0,0,110
E07000030,Eden,2019-20,150,0,0,150,330,0,0,330
E07000031,South Lakeland,2019-20,140,40,0,170,170,30,0,200
E07000032,Amber Valley,2019-20,180,0,0,180,420,20,0,440
E07000033,Bolsover,2019-20,260,0,0,260,380,0,0,380
E07000034,Chesterfield,2019-20,200,0,0,200,220,20,0,240
E07000035,Derbyshire Dales,2019-20,260,30,0,300,290,60,0,340
E07000036,Erewash,2019-20,100,0,0,100,140,110,0,250
E07000037,High Peak,2019-20,200,60,0,260,110,20,0,130
E07000038,North East Derbyshire,2019-20,290,90,0,380,310,50,0,370
E07000039,South Derbyshire,2019-20,870,230,0,1110,790,230,10,1030
E07000040,East Devon,2019-20,580,250,0,830,780,260,0,1040
E07000041,Exeter,2019-20,190,70,10,270,260,80,0,350
E07000042,Mid Devon,2019-20,320,30,0,350,230,120,0,350
E07000043,North Devon,2019-20,450,160,0,620,530,200,0,730
E07000044,South Hams,2019-20,340,20,0,360,400,110,0,510
E07000045,Teignbridge,2019-20,290,40,0,330,380,60,0,440
E07000046,Torridge,2019-20,160,0,0,160,250,20,0,270
E07000047,West Devon,2019-20,190,60,0,250,160,30,0,190
E07000061,Eastbourne,2019-20,10,0,0,10,110,0,0,110
E07000062,Hastings,2019-20,90,30,0,120,70,0,0,70
E07000063,Lewes,2019-20,220,30,10,270,180,100,10,290
E07000064,Rother,2019-20,180,130,0,310,120,40,0,160
E07000065,Wealden,2019-20,420,120,0,540,640,170,0,810
E07000066,Basildon,2019-20,180,20,0,200,190,10,20,220
E07000067,Braintree,2019-20,610,310,0,930,550,250,0,810
E07000068,Brentwood,2019-20,60,0,0,60,140,0,0,140
E07000069,Castle Point,2019-20,80,0,10,80,50,0,0,50
E07000070,Chelmsford,2019-20,720,310,0,1030,470,200,20,690
E07000071,Colchester,2019-20,280,40,0,320,560,120,0,670
E07000072,Epping Forest,2019-20,120,30,0,150,190,60,50,300
E07000073,Harlow,2019-20,290,170,0,460,670,90,0,760
E07000074,Maldon,2019-20,210,140,0,340,320,170,0,490
E07000075,Rochford,2019-20,230,140,0,360,220,90,0,310
E07000076,Tendring,2019-20,420,70,100,590,850,40,10,900
E07000077,Uttlesford,2019-20,120,30,0,150,350,70,0,420
E07000078,Cheltenham,2019-20,190,0,0,190,270,50,0,310
E07000079,Cotswold,2019-20,220,130,0,350,230,110,0,330
E07000080,Forest of Dean,2019-20,250,50,0,300,280,70,0,350
E07000081,Gloucester,2019-20,130,110,0,240,230,50,0,280
E07000082,Stroud,2019-20,420,170,0,580,520,160,0,680
E07000083,Tewkesbury,2019-20,290,130,0,430,420,160,0,580
E07000084,Basingstoke and Deane,2019-20,530,220,0,750,670,360,0,1030
E07000085,East Hampshire,2019-20,360,110,0,480,570,200,0,770
E07000086,Eastleigh,2019-20,230,60,0,280,750,240,0,990
E07000087,Fareham,2019-20,30,0,10,30,110,50,10,160
E07000088,Gosport,2019-20,10,0,0,10,20,0,0,20
E07000089,Hart,2019-20,150,80,0,230,130,100,0,230
E07000090,Havant,2019-20,260,80,0,340,280,90,0,370
E07000091,New Forest,2019-20,140,50,0,190,220,50,40,310
E07000092,Rushmoor,2019-20,130,180,0,310,490,110,0,600
E07000093,Test Valley,2019-20,540,210,0,740,610,270,0,880
E07000094,Winchester,2019-20,280,320,90,690,380,70,0,460
E07000095,Broxbourne,2019-20,110,10,0,120,100,10,0,110
E07000096,Dacorum,2019-20,420,160,10,580,300,120,0,420
E07000242,East Hertfordshire,2019-20,460,120,0,580,390,180,0,580
E07000098,Hertsmere,2019-20,160,20,0,170,310,30,0,330
E07000099,North Hertfordshire,2019-20,50,10,0,50,170,30,0,190
E07000240,St Albans,2019-20,280,80,0,360,230,40,30,300
E07000243,Stevenage,2019-20,30,0,0,30,20,0,0,20
E07000102,Three Rivers,2019-20,20,10,0,30,130,50,0,180
E07000103,Watford,2019-20,760,50,0,810,190,180,0,370
E07000241,Welwyn Hatfield,2019-20,100,60,0,160,60,0,0,60
E07000105,Ashford,2019-20,200,90,10,300,390,120,10,530
E07000106,Canterbury,2019-20,700,70,0,770,370,100,0,470
E07000107,Dartford,2019-20,470,160,0,630,810,180,20,1010
E07000108,Dover,2019-20,300,20,0,310,250,50,0,300
E07000112,Folkestone and Hythe,2019-20,260,10,0,270,150,50,0,200
E07000109,Gravesham,2019-20,130,220,0,350,90,50,0,140
E07000110,Maidstone,2019-20,870,450,0,1320,760,530,0,1280
E07000111,Sevenoaks,2019-20,160,30,0,200,120,20,0,140
E07000113,Swale,2019-20,360,110,0,470,360,60,0,420
E07000114,Thanet,2019-20,60,0,0,60,140,0,10,140
E07000115,Tonbridge and Malling,2019-20,260,20,0,270,290,80,0,370
E07000116,Tunbridge Wells,2019-20,170,10,0,180,320,50,0,370
E07000117,Burnley,2019-20,140,0,0,140,100,0,0,100
E07000118,Chorley,2019-20,150,10,0,150,430,50,0,480
E07000119,Fylde,2019-20,420,20,0,450,560,20,0,580
E07000120,Hyndburn,2019-20,150,10,0,160,110,10,0,120
E07000121,Lancaster,2019-20,200,10,0,200,300,0,0,300
E07000122,Pendle,2019-20,130,0,0,130,160,0,0,160
E07000123,Preston,2019-20,600,40,0,640,480,80,0,560
E07000124,Ribble Valley,2019-20,430,90,0,520,480,60,0,540
E07000125,Rossendale,2019-20,40,30,0,60,70,0,0,70
E07000126,South Ribble,2019-20,460,0,0,460,360,10,0,370
E07000127,West Lancashire,2019-20,430,80,0,510,400,40,10,440
E07000128,Wyre,2019-20,420,40,0,450,410,40,0,450
E07000129,Blaby,2019-20,220,30,0,250,210,50,0,260
E07000130,Charnwood,2019-20,460,70,0,530,830,200,0,1030
E07000131,Harborough,2019-20,720,240,0,960,730,220,0,950
E07000132,Hinckley and Bosworth,2019-20,140,40,0,180,120,110,0,230
E07000133,Melton,2019-20,130,60,0,190,170,50,0,220
E07000134,North West Leicestershire,2019-20,550,110,0,650,560,90,0,650
E07000135,Oadby and Wigston,2019-20,170,10,0,180,150,30,0,180
E07000136,Boston,2019-20,220,120,0,350,270,70,0,340
E07000137,East Lindsey,2019-20,390,80,0,470,380,110,0,480
E07000138,Lincoln,2019-20,200,10,0,210,70,10,0,80
E07000139,North Kesteven,2019-20,380,60,0,440,590,90,0,680
E07000140,South Holland,2019-20,510,120,40,660,340,80,40,460
E07000141,South Kesteven,2019-20,420,50,0,470,450,70,0,530
E07000142,West Lindsey,2019-20,300,10,0,310,350,20,0,370
E07000143,Breckland,2019-20,410,50,0,460,520,50,0,570
E07000144,Broadland,2019-20,490,90,0,570,420,80,0,500
E07000145,Great Yarmouth,2019-20,380,30,0,410,270,10,0,280
E07000146,King's Lynn and West Norfolk,2019-20,290,0,0,290,300,0,0,300
E07000147,North Norfolk,2019-20,220,0,0,220,240,10,0,250
E07000148,Norwich,2019-20,60,0,0,60,30,0,40,70
E07000149,South Norfolk,2019-20,560,90,0,650,850,180,0,1020
E07000150,Corby,2019-20,310,90,0,400,330,40,0,370
E07000151,Daventry,2019-20,420,80,0,500,420,80,0,500
E07000152,East Northamptonshire,2019-20,340,90,0,430,300,60,0,360
E07000153,Kettering,2019-20,180,10,0,190,230,90,0,320
E07000154,Northampton,2019-20,310,100,0,410,260,50,0,310
E07000155,South Northamptonshire,2019-20,360,60,0,420,560,130,0,690
E07000156,Wellingborough,2019-20,230,110,0,340,180,50,0,240
E07000163,Craven,2019-20,80,120,0,200,200,30,0,230
E07000164,Hambleton,2019-20,400,20,0,420,410,90,0,500
E07000165,Harrogate,2019-20,420,210,0,630,520,250,0,770
E07000166,Richmondshire,2019-20,20,0,0,20,20,0,0,20
E07000167,Ryedale,2019-20,230,40,0,270,220,50,0,280
E07000168,Scarborough,2019-20,320,30,0,350,240,50,0,290
E07000169,Selby,2019-20,440,100,0,540,560,100,0,650
E07000170,Ashfield,2019-20,150,40,0,190,110,0,0,120
E07000171,Bassetlaw,2019-20,570,50,0,620,590,40,0,630
E07000172,Broxtowe,2019-20,150,20,0,170,100,0,0,100
E07000173,Gedling,2019-20,210,0,0,210,300,0,0,300
E07000174,Mansfield,2019-20,250,0,0,260,360,10,0,370
E07000175,Newark and Sherwood,2019-20,500,90,0,590,410,30,10,440
E07000176,Rushcliffe,2019-20,440,110,0,550,510,130,10,650
E07000177,Cherwell,2019-20,650,230,0,880,870,380,0,1250
E07000178,Oxford,2019-20,190,100,0,280,90,70,0,160
E07000179,South Oxfordshire,2019-20,310,90,0,400,680,320,0,1000
E07000180,Vale of White Horse,2019-20,740,390,0,1130,780,340,0,1120
E07000181,West Oxfordshire,2019-20,560,380,0,940,660,350,0,1010
E07000187,Mendip,2019-20,280,80,0,360,260,90,0,350
E07000188,Sedgemoor,2019-20,250,60,0,300,370,80,0,450
E07000246,Somerset West and Taunton,2019-20,500,20,0,520,330,10,0,350
E07000189,South Somerset,2019-20,580,180,0,760,460,160,0,620
E07000192,Cannock Chase,2019-20,400,60,0,460,260,80,0,340
E07000193,East Staffordshire,2019-20,340,40,0,380,440,40,0,480
E07000194,Lichfield,2019-20,530,110,0,640,330,140,0,470
E07000195,Newcastle-under-Lyme,2019-20,130,70,0,200,420,0,0,420
E07000196,South Staffordshire,2019-20,230,100,0,330,170,70,0,240
E07000197,Stafford,2019-20,300,160,0,460,520,160,0,680
E07000198,Staffordshire Moorlands,2019-20,40,0,0,40,110,0,0,110
E07000199,Tamworth,2019-20,330,130,0,460,430,130,0,550
E07000200,Babergh,2019-20,280,50,10,330,370,30,0,400
E07000244,East Suffolk,2019-20,410,130,10,540,390,180,10,570
E07000202,Ipswich,2019-20,110,10,0,110,280,20,20,310
E07000203,Mid Suffolk,2019-20,540,180,10,720,470,40,0,510
E07000245,West Suffolk,2019-20,440,230,0,670,490,190,0,670
E07000207,Elmbridge,2019-20,300,130,0,430,290,80,0,370
E07000208,Epsom and Ewell,2019-20,60,0,0,60,120,10,0,140
E07000209,Guildford,2019-20,250,90,0,340,180,0,40,220
E07000210,Mole Valley,2019-20,80,40,0,120,80,10,0,80
E07000211,Reigate and Banstead,2019-20,210,20,0,230,250,120,0,380
E07000212,Runnymede,2019-20,230,70,0,290,200,20,0,220
E07000213,Spelthorne,2019-20,80,0,0,80,110,0,0,110
E07000214,Surrey Heath,2019-20,220,10,0,230,230,120,0,350
E07000215,Tandridge,2019-20,80,60,0,140,70,120,0,190
E07000216,Waverley,2019-20,510,280,30,810,530,190,10,730
E07000217,Woking,2019-20,50,0,0,50,180,10,0,190
E07000218,North Warwickshire,2019-20,140,50,0,190,130,20,0,150
E07000219,Nuneaton and Bedworth,2019-20,310,80,0,400,400,150,0,550
E07000220,Rugby,2019-20,520,190,0,710,690,190,0,880
E07000221,Stratford-on-Avon,2019-20,830,370,0,1200,840,300,0,1140
E07000222,Warwick,2019-20,390,130,0,520,510,480,0,980
E07000223,Adur,2019-20,10,0,0,10,0,0,0,0
E07000224,Arun,2019-20,300,100,0,400,390,60,0,440
E07000225,Chichester,2019-20,410,100,0,510,460,160,0,610
E07000226,Crawley,2019-20,380,20,0,400,350,80,0,430
E07000227,Horsham,2019-20,380,70,0,450,740,270,0,1010
E07000228,Mid Sussex,2019-20,520,180,0,690,670,200,0,870
E07000229,Worthing,2019-20,10,10,0,20,180,60,0,240
E07000234,Bromsgrove,2019-20,300,20,0,310,320,120,0,440
E07000235,Malvern Hills,2019-20,350,90,0,440,320,110,0,430
E07000236,Redditch,2019-20,90,50,0,140,250,70,0,320
E07000237,Worcester,2019-20,320,130,0,460,150,40,0,190
E07000238,Wychavon,2019-20,480,140,0,620,610,260,0,870
E07000239,Wyre Forest,2019-20,130,40,20,190,50,60,20,130
E06000022,Bath and North East Somerset,2020-21,210,20,0,230,320,30,0,360
E06000055,Bedford,2020-21,380,110,0,490,620,160,0,780
E06000008,Blackburn with Darwen,2020-21,360,10,0,370,310,50,0,370
E06000009,Blackpool,2020-21,80,0,0,80,100,40,0,140
E06000058,"Bournemouth, Christchurch and Poole",2020-21,470,40,0,510,460,20,0,480
E06000036,Bracknell Forest,2020-21,250,40,0,290,450,60,0,510
E06000043,Brighton and Hove,2020-21,390,110,0,500,150,30,0,180
E06000023,"Bristol, City of",2020-21,990,110,160,1270,440,90,0,530
E06000060,Buckinghamshire,2020-21,1310,490,0,1800,1440,360,0,1800
E06000056,Central Bedfordshire,2020-21,1530,490,0,2010,1050,250,0,1290
E06000049,Cheshire East,2020-21,980,180,0,1160,1340,120,0,1460
E06000050,Cheshire West and Chester,2020-21,830,30,0,860,890,100,0,990
E06000052,Cornwall,2020-21,1770,200,0,1970,1820,130,0,1950
E06000047,County Durham,2020-21,1460,110,0,1580,1240,60,0,1290
E06000005,Darlington,2020-21,360,10,60,430,390,100,0,490
E06000015,Derby,2020-21,270,80,0,340,400,70,0,470
E06000059,Dorset,2020-21,650,270,0,910,840,230,0,1080
E06000011,East Riding of Yorkshire,2020-21,1230,260,10,1500,1130,220,0,1350
E06000006,Halton,2020-21,60,200,0,260,430,50,0,490
E06000001,Hartlepool,2020-21,230,100,0,330,160,0,0,160
E06000019,"Herefordshire, County of",2020-21,700,340,0,1030,460,90,0,550
E06000046,Isle of Wight,2020-21,320,0,0,320,190,100,0,290
E06000053,Isles of Scilly,2020-21,0,0,0,0,0,0,0,0
E06000010,"Kingston upon Hull, City of",2020-21,300,20,0,310,300,0,0,300
E06000016,Leicester,2020-21,260,160,0,420,190,0,0,190
E06000032,Luton,2020-21,90,0,10,100,100,150,30,280
E06000035,Medway,2020-21,540,10,0,550,790,110,0,900
E06000002,Middlesbrough,2020-21,520,20,0,540,280,70,0,350
E06000042,Milton Keynes,2020-21,1140,650,30,1820,1070,400,0,1470
E06000012,North East Lincolnshire,2020-21,350,30,0,370,280,20,0,300
E06000013,North Lincolnshire,2020-21,280,0,0,280,240,0,0,240
E06000024,North Somerset,2020-21,380,70,0,450,500,40,0,540
E06000057,Northumberland,2020-21,1330,190,0,1530,1230,120,0,1350
E06000018,Nottingham,2020-21,160,40,0,210,240,20,0,260
E06000031,Peterborough,2020-21,370,30,0,410,670,180,0,850
E06000026,Plymouth,2020-21,40,0,0,40,330,30,0,360
E06000044,Portsmouth,2020-21,80,30,20,130,130,0,20,150
E06000038,Reading,2020-21,310,150,190,650,380,50,0,430
E06000003,Redcar and Cleveland,2020-21,270,160,0,430,280,70,0,350
E06000017,Rutland,2020-21,10,0,0,10,90,10,0,110
E06000051,Shropshire,2020-21,750,30,0,780,990,60,0,1060
E06000039,Slough,2020-21,170,0,0,170,120,0,30,150
E06000025,South Gloucestershire,2020-21,770,600,0,1370,950,390,0,1340
E06000045,Southampton,2020-21,70,0,0,70,320,70,0,390
E06000033,Southend-on-Sea,2020-21,50,0,0,50,90,0,0,90
E06000004,Stockton-on-Tees,2020-21,360,20,0,390,550,50,0,590
E06000021,Stoke-on-Trent,2020-21,340,10,0,360,670,20,30,720
E06000030,Swindon,2020-21,440,150,0,590,420,140,0,560
E06000020,Telford and Wrekin,2020-21,740,290,40,1080,600,290,70,950
E06000034,Thurrock,2020-21,160,0,0,160,380,20,0,400
E06000027,Torbay,2020-21,250,10,0,260,130,10,0,140
E06000007,Warrington,2020-21,600,120,0,720,470,50,0,520
E06000037,West Berkshire,2020-21,230,70,0,300,140,40,0,180
E06000054,Wiltshire,2020-21,770,860,30,1660,1110,910,20,2040
E06000040,Windsor and Maidenhead,2020-21,230,0,0,230,220,40,0,270
E06000041,Wokingham,2020-21,420,30,0,450,660,360,0,1020
E06000014,York,2020-21,170,40,0,200,160,30,20,200
E09000002,Barking and Dagenham,2020-21,430,280,210,920,330,310,120,760
E09000003,Barnet,2020-21,590,220,0,810,780,70,0,840
E09000004,Bexley,2020-21,240,330,0,560,320,80,0,400
E09000005,Brent,2020-21,240,20,0,260,230,0,0,230
E09000006,Bromley,2020-21,150,110,0,260,160,20,0,180
E09000007,Camden,2020-21,140,60,10,210,120,0,20,140
E09000001,City of London,2020-21,0,0,0,0,0,0,0,0
E09000008,Croydon,2020-21,1510,260,0,1760,1200,50,0,1250
E09000009,Ealing,2020-21,340,270,0,620,570,170,0,740
E09000010,Enfield,2020-21,150,50,0,200,170,230,0,400
E09000011,Greenwich,2020-21,520,30,10,550,310,30,0,330
E09000012,Hackney,2020-21,150,210,0,360,460,70,0,530
E09000013,Hammersmith and Fulham,2020-21,170,10,0,180,690,10,10,710
E09000014,Haringey,2020-21,870,60,20,950,220,10,0,240
E09000015,Harrow,2020-21,160,60,0,220,350,110,0,450
E09000016,Havering,2020-21,200,120,200,510,270,240,20,520
E09000017,Hillingdon,2020-21,130,0,0,130,580,140,0,720
E09000018,Hounslow,2020-21,110,20,0,130,530,90,120,740
E09000019,Islington,2020-21,90,20,140,240,230,100,0,320
E09000020,Kensington and Chelsea,2020-21,80,230,100,410,100,0,0,100
E09000021,Kingston upon Thames,2020-21,220,0,0,220,90,0,0,90
E09000022,Lambeth,2020-21,50,50,0,110,500,100,0,600
E09000023,Lewisham,2020-21,170,100,0,270,480,30,0,510
E09000024,Merton,2020-21,100,0,0,100,130,140,0,270
E09000025,Newham,2020-21,1240,410,0,1650,1270,260,0,1530
E09000026,Redbridge,2020-21,160,0,0,160,460,0,170,630
E09000027,Richmond upon Thames,2020-21,80,0,0,80,60,0,0,60
E09000028,Southwark,2020-21,920,120,0,1040,2080,10,0,2090
E09000029,Sutton,2020-21,60,0,0,60,230,40,0,270
E09000030,Tower Hamlets,2020-21,110,10,10,120,2680,190,0,2870
E09000031,Waltham Forest,2020-21,120,20,140,280,860,80,20,960
E09000032,Wandsworth,2020-21,590,170,20,780,600,160,20,780
E09000033,Westminster,2020-21,20,40,190,240,20,20,80,110
E08000001,Bolton,2020-21,380,160,0,540,440,20,0,460
E08000002,Bury,2020-21,160,0,0,160,160,10,0,160
E08000003,Manchester,2020-21,910,170,0,1080,3130,80,0,3220
E08000004,Oldham,2020-21,360,30,0,390,350,60,0,410
E08000005,Rochdale,2020-21,370,30,0,400,460,50,0,510
E08000006,Salford,2020-21,510,10,0,520,1280,70,0,1350
E08000007,Stockport,2020-21,480,100,0,580,180,80,0,260
E08000008,Tameside,2020-21,280,10,0,290,280,30,0,310
E08000009,Trafford,2020-21,450,40,10,510,600,10,0,610
E08000010,Wigan,2020-21,830,450,120,1400,1020,240,80,1330
E08000011,Knowsley,2020-21,340,240,0,580,470,100,0,570
E08000012,Liverpool,2020-21,410,40,0,450,420,50,0,470
E08000014,Sefton,2020-21,350,120,0,470,490,130,0,610
E08000013,St. Helens,2020-21,200,80,0,290,330,280,0,610
E08000015,Wirral,2020-21,280,110,0,390,320,60,0,380
E08000016,Barnsley,2020-21,480,60,0,540,460,130,0,590
E08000017,Doncaster,2020-21,550,60,0,610,770,30,0,810
E08000018,Rotherham,2020-21,590,10,0,600,570,20,0,590
E08000019,Sheffield,2020-21,730,20,10,770,980,90,0,1070
E08000037,Gateshead,2020-21,220,50,20,290,280,30,0,310
E08000021,Newcastle upon Tyne,2020-21,870,70,60,1000,900,110,130,1130
E08000022,North Tyneside,2020-21,250,50,20,320,330,40,0,370
E08000023,South Tyneside,2020-21,180,10,0,180,120,40,0,170
E08000024,Sunderland,2020-21,530,150,0,680,520,100,0,610
E08000025,Birmingham,2020-21,1580,130,20,1730,630,290,20,950
E08000026,Coventry,2020-21,460,60,0,510,430,140,0,570
E08000027,Dudley,2020-21,220,140,30,390,280,80,50,400
E08000028,Sandwell,2020-21,110,0,0,110,260,40,80,370
E08000029,Solihull,2020-21,260,90,20,370,300,110,20,430
E08000030,Walsall,2020-21,230,110,0,340,170,10,0,190
E08000031,Wolverhampton,2020-21,160,20,10,190,490,200,50,740
E08000032,Bradford,2020-21,410,90,0,490,420,30,0,440
E08000033,Calderdale,2020-21,240,70,0,320,150,10,0,160
E08000034,Kirklees,2020-21,870,30,0,900,880,20,0,900
E08000035,Leeds,2020-21,1290,210,0,1500,2590,160,10,2750
E08000036,Wakefield,2020-21,1040,220,0,1270,980,160,0,1130
E07000008,Cambridge,2020-21,330,10,0,340,310,70,0,380
E07000009,East Cambridgeshire,2020-21,590,70,0,660,350,80,0,430
E07000010,Fenland,2020-21,430,20,0,450,290,0,0,290
E07000011,Huntingdonshire,2020-21,500,180,0,680,650,180,0,830
E07000012,South Cambridgeshire,2020-21,600,130,0,730,730,180,0,910
E07000026,Allerdale,2020-21,170,20,0,190,210,10,0,220
E07000027,Barrow-in-Furness,2020-21,70,20,0,90,50,0,0,50
E07000028,Carlisle,2020-21,360,70,0,420,420,80,0,500
E07000029,Copeland,2020-21,120,0,0,120,100,20,0,120
E07000030,Eden,2020-21,140,0,0,140,210,0,0,210
E07000031,South Lakeland,2020-21,260,0,0,260,150,30,0,180
E07000032,Amber Valley,2020-21,230,20,0,250,240,0,0,240
E07000033,Bolsover,2020-21,400,10,0,410,260,10,10,280
E07000034,Chesterfield,2020-21,280,0,0,290,180,10,0,180
E07000035,Derbyshire Dales,2020-21,130,20,0,150,280,10,0,290
E07000036,Erewash,2020-21,70,0,0,70,120,10,0,130
E07000037,High Peak,2020-21,280,30,0,310,140,40,0,180
E07000038,North East Derbyshire,2020-21,230,30,0,260,250,70,0,320
E07000039,South Derbyshire,2020-21,450,70,0,520,800,140,0,940
E07000040,East Devon,2020-21,730,210,0,940,560,140,0,710
E07000041,Exeter,2020-21,520,140,10,670,220,60,20,290
E07000042,Mid Devon,2020-21,100,10,0,110,240,20,0,270
E07000043,North Devon,2020-21,470,110,0,580,400,90,0,490
E07000044,South Hams,2020-21,470,100,0,560,480,70,0,540
E07000045,Teignbridge,2020-21,430,30,0,460,540,50,0,580
E07000046,Torridge,2020-21,120,0,0,120,120,0,0,120
E07000047,West Devon,2020-21,220,40,0,260,260,40,0,300
E07000061,Eastbourne,2020-21,70,0,0,70,80,0,0,80
E07000062,Hastings,2020-21,30,0,0,30,10,0,0,10
E07000063,Lewes,2020-21,390,270,0,660,180,40,10,230
E07000064,Rother,2020-21,100,50,0,140,110,60,0,170
E07000065,Wealden,2020-21,420,100,0,520,510,140,0,650
E07000066,Basildon,2020-21,90,0,0,90,130,0,20,140
E07000067,Braintree,2020-21,500,270,0,760,580,170,0,750
E07000068,Brentwood,2020-21,180,0,0,180,70,0,0,70
E07000069,Castle Point,2020-21,120,0,0,120,70,0,10,70
E07000070,Chelmsford,2020-21,170,190,0,360,360,240,0,600
E07000071,Colchester,2020-21,370,50,0,420,520,90,0,610
E07000072,Epping Forest,2020-21,40,0,40,80,110,60,10,180
E07000073,Harlow,2020-21,190,70,0,260,350,120,0,470
E07000074,Maldon,2020-21,120,50,0,170,230,110,0,340
E07000075,Rochford,2020-21,310,160,0,470,200,90,0,290
E07000076,Tendring,2020-21,370,20,0,390,550,60,0,610
E07000077,Uttlesford,2020-21,150,0,0,150,170,10,0,180
E07000078,Cheltenham,2020-21,100,10,0,110,200,0,0,200
E07000079,Cotswold,2020-21,220,90,0,320,240,90,0,330
E07000080,Forest of Dean,2020-21,350,40,0,390,270,40,0,310
E07000081,Gloucester,2020-21,190,260,0,450,260,210,0,470
E07000082,Stroud,2020-21,290,90,10,390,370,140,0,510
E07000083,Tewkesbury,2020-21,430,170,0,600,290,80,0,360
E07000084,Basingstoke and Deane,2020-21,270,160,0,430,690,330,0,1020
E07000085,East Hampshire,2020-21,440,190,0,620,350,70,0,420
E07000086,Eastleigh,2020-21,620,30,0,650,530,80,0,610
E07000087,Fareham,2020-21,30,30,10,60,40,20,10,70
E07000088,Gosport,2020-21,10,0,0,10,20,0,0,20
E07000089,Hart,2020-21,100,90,0,180,200,40,0,240
E07000090,Havant,2020-21,250,60,0,310,190,60,0,250
E07000091,New Forest,2020-21,120,0,0,120,210,70,0,280
E07000092,Rushmoor,2020-21,190,150,0,340,110,80,0,190
E07000093,Test Valley,2020-21,380,240,0,620,500,240,0,740
E07000094,Winchester,2020-21,400,180,40,610,290,210,10,510
E07000095,Broxbourne,2020-21,210,10,0,210,60,30,0,90
E07000096,Dacorum,2020-21,410,90,10,510,410,60,100,570
E07000242,East Hertfordshire,2020-21,780,130,0,910,530,90,0,630
E07000098,Hertsmere,2020-21,120,10,0,130,170,20,0,190
E07000099,North Hertfordshire,2020-21,250,10,0,250,290,60,0,340
E07000240,St Albans,2020-21,230,60,0,290,270,110,0,380
E07000243,Stevenage,2020-21,80,10,0,100,10,0,0,10
E07000102,Three Rivers,2020-21,20,0,0,20,60,20,10,90
E07000103,Watford,2020-21,960,70,0,1020,290,110,0,400
E07000241,Welwyn Hatfield,2020-21,140,260,0,390,150,60,0,210
E07000105,Ashford,2020-21,360,90,0,450,330,80,0,410
E07000106,Canterbury,2020-21,290,110,0,400,270,30,0,310
E07000107,Dartford,2020-21,400,20,10,420,270,210,0,470
E07000108,Dover,2020-21,410,50,0,450,290,40,0,330
E07000112,Folkestone and Hythe,2020-21,340,10,0,350,210,0,0,210
E07000109,Gravesham,2020-21,90,40,0,140,120,140,0,260
E07000110,Maidstone,2020-21,620,440,0,1050,660,580,0,1250
E07000111,Sevenoaks,2020-21,130,20,0,150,100,30,0,120
E07000113,Swale,2020-21,190,10,0,200,360,140,0,490
E07000114,Thanet,2020-21,110,0,0,110,180,10,20,200
E07000115,Tonbridge and Malling,2020-21,190,20,0,210,180,10,0,190
E07000116,Tunbridge Wells,2020-21,210,0,0,210,300,50,0,350
E07000117,Burnley,2020-21,200,0,0,200,50,0,0,50
E07000118,Chorley,2020-21,190,40,0,230,290,30,0,320
E07000119,Fylde,2020-21,420,10,0,430,330,10,0,340
E07000120,Hyndburn,2020-21,50,20,0,70,60,10,0,70
E07000121,Lancaster,2020-21,180,10,0,190,230,0,0,230
E07000122,Pendle,2020-21,110,110,0,220,140,30,0,170
E07000123,Preston,2020-21,600,110,0,720,550,80,0,630
E07000124,Ribble Valley,2020-21,320,50,0,370,420,50,0,470
E07000125,Rossendale,2020-21,60,80,0,140,40,30,0,70
E07000126,South Ribble,2020-21,360,20,0,370,250,0,0,260
E07000127,West Lancashire,2020-21,380,60,0,450,410,20,0,430
E07000128,Wyre,2020-21,480,90,0,570,430,20,0,450
E07000129,Blaby,2020-21,290,50,0,340,190,20,0,210
E07000130,Charnwood,2020-21,240,30,0,270,510,110,0,620
E07000131,Harborough,2020-21,530,170,0,690,670,170,0,840
E07000132,Hinckley and Bosworth,2020-21,220,70,20,320,130,40,0,170
E07000133,Melton,2020-21,240,40,0,280,170,50,0,220
E07000134,North West Leicestershire,2020-21,480,40,0,520,440,40,0,490
E07000135,Oadby and Wigston,2020-21,110,70,0,170,150,10,0,160
E07000136,Boston,2020-21,210,140,0,340,140,170,0,310
E07000137,East Lindsey,2020-21,390,20,0,410,350,90,0,440
E07000138,Lincoln,2020-21,100,20,0,120,380,20,0,400
E07000139,North Kesteven,2020-21,400,50,0,450,360,50,0,410
E07000140,South Holland,2020-21,390,140,10,540,470,80,30,570
E07000141,South Kesteven,2020-21,240,30,0,260,270,40,0,310
E07000142,West Lindsey,2020-21,410,40,0,450,390,0,0,390
E07000143,Breckland,2020-21,490,80,0,570,460,50,0,510
E07000144,Broadland,2020-21,390,130,0,520,370,70,0,440
E07000145,Great Yarmouth,2020-21,110,0,0,110,320,20,0,340
E07000146,King's Lynn and West Norfolk,2020-21,250,0,0,250,270,0,0,270
E07000147,North Norfolk,2020-21,110,0,0,110,170,20,0,190
E07000148,Norwich,2020-21,30,0,0,30,30,0,0,30
E07000149,South Norfolk,2020-21,640,150,0,790,480,120,0,600
E07000150,Corby,2020-21,270,50,0,320,320,70,0,380
E07000151,Daventry,2020-21,310,90,0,400,390,100,0,490
E07000152,East Northamptonshire,2020-21,210,60,0,270,270,60,0,330
E07000153,Kettering,2020-21,280,30,0,310,190,30,0,210
E07000154,Northampton,2020-21,500,70,0,560,330,120,0,440
E07000155,South Northamptonshire,2020-21,320,80,0,390,420,70,0,500
E07000156,Wellingborough,2020-21,230,70,0,300,190,70,0,270
E07000163,Craven,2020-21,170,50,0,220,210,10,0,220
E07000164,Hambleton,2020-21,400,40,0,440,430,40,0,470
E07000165,Harrogate,2020-21,450,250,0,700,610,220,0,830
E07000166,Richmondshire,2020-21,40,0,0,40,20,0,0,20
E07000167,Ryedale,2020-21,230,10,0,240,240,30,0,270
E07000168,Scarborough,2020-21,240,10,0,260,280,20,0,300
E07000169,Selby,2020-21,360,20,0,380,350,100,0,460
E07000170,Ashfield,2020-21,160,20,0,180,150,80,0,230
E07000171,Bassetlaw,2020-21,580,20,0,600,590,30,0,610
E07000172,Broxtowe,2020-21,130,10,0,140,120,20,0,140
E07000173,Gedling,2020-21,310,0,0,310,220,10,0,230
E07000174,Mansfield,2020-21,150,0,0,150,330,0,0,330
E07000175,Newark and Sherwood,2020-21,510,10,0,510,430,80,10,520
E07000176,Rushcliffe,2020-21,500,110,0,610,360,100,0,450
E07000177,Cherwell,2020-21,650,130,0,790,660,230,0,890
E07000178,Oxford,2020-21,140,220,10,360,80,50,0,130
E07000179,South Oxfordshire,2020-21,210,30,0,240,420,110,0,530
E07000180,Vale of White Horse,2020-21,470,150,0,620,660,270,0,920
E07000181,West Oxfordshire,2020-21,570,150,0,720,640,330,0,970
E07000187,Mendip,2020-21,150,30,0,180,220,40,0,270
E07000188,Sedgemoor,2020-21,290,100,0,400,330,80,0,410
E07000246,Somerset West and Taunton,2020-21,530,110,0,640,320,40,0,360
E07000189,South Somerset,2020-21,460,130,0,590,580,70,0,660
E07000192,Cannock Chase,2020-21,290,180,30,510,380,70,20,460
E07000193,East Staffordshire,2020-21,660,30,0,690,490,70,0,560
E07000194,Lichfield,2020-21,420,340,0,760,360,100,0,460
E07000195,Newcastle-under-Lyme,2020-21,120,60,0,180,150,50,0,200
E07000196,South Staffordshire,2020-21,250,110,0,360,270,50,0,320
E07000197,Stafford,2020-21,230,100,0,330,290,180,0,470
E07000198,Staffordshire Moorlands,2020-21,70,10,0,90,120,0,0,130
E07000199,Tamworth,2020-21,230,70,0,310,340,90,0,430
E07000200,Babergh,2020-21,400,90,20,510,310,70,0,380
E07000244,East Suffolk,2020-21,290,100,0,390,300,80,0,370
E07000202,Ipswich,2020-21,180,0,30,210,100,10,40,140
E07000203,Mid Suffolk,2020-21,460,150,10,630,490,190,0,670
E07000245,West Suffolk,2020-21,370,110,0,490,400,220,0,620
E07000207,Elmbridge,2020-21,110,20,0,130,320,60,0,380
E07000208,Epsom and Ewell,2020-21,110,40,0,150,120,10,0,120
E07000209,Guildford,2020-21,250,110,0,370,250,60,0,300
E07000210,Mole Valley,2020-21,60,0,0,60,140,40,0,170
E07000211,Reigate and Banstead,2020-21,400,100,0,510,430,70,0,490
E07000212,Runnymede,2020-21,330,0,10,340,240,40,0,280
E07000213,Spelthorne,2020-21,60,0,0,60,280,180,0,460
E07000214,Surrey Heath,2020-21,190,60,0,240,240,30,0,260
E07000215,Tandridge,2020-21,90,10,20,130,50,0,10,60
E07000216,Waverley,2020-21,600,110,0,710,360,140,40,540
E07000217,Woking,2020-21,30,0,0,30,70,0,0,70
E07000218,North Warwickshire,2020-21,160,20,0,180,200,40,0,240
E07000219,Nuneaton and Bedworth,2020-21,290,80,0,370,370,60,0,440
E07000220,Rugby,2020-21,330,80,0,410,500,230,0,720
E07000221,Stratford-on-Avon,2020-21,620,280,0,900,820,310,0,1120
E07000222,Warwick,2020-21,410,240,0,650,390,140,0,520
E07000223,Adur,2020-21,20,0,0,20,20,0,0,20
E07000224,Arun,2020-21,740,140,0,880,270,140,0,410
E07000225,Chichester,2020-21,370,120,0,490,340,160,0,510
E07000226,Crawley,2020-21,140,50,0,190,290,20,0,320
E07000227,Horsham,2020-21,350,110,0,450,560,100,0,650
E07000228,Mid Sussex,2020-21,420,180,0,600,620,180,0,810
E07000229,Worthing,2020-21,110,30,0,140,20,10,0,30
E07000234,Bromsgrove,2020-21,100,0,0,110,230,30,0,250
E07000235,Malvern Hills,2020-21,310,130,0,440,370,90,0,460
E07000236,Redditch,2020-21,80,90,0,170,130,70,0,200
E07000237,Worcester,2020-21,200,70,0,270,280,110,0,390
E07000238,Wychavon,2020-21,370,120,0,490,480,140,0,620
E07000239,Wyre Forest,2020-21,230,120,0,350,130,90,0,220
E06000022,Bath and North East Somerset,2021-22,290,20,0,320,330,20,0,350
E06000055,Bedford,2021-22,690,170,0,860,660,220,0,880
E06000008,Blackburn with Darwen,2021-22,460,30,0,480,350,50,0,400
E06000009,Blackpool,2021-22,90,0,0,90,100,0,40,140
E06000058,"Bournemouth, Christchurch and Poole",2021-22,280,20,0,300,300,30,0,330
E06000036,Bracknell Forest,2021-22,370,20,0,390,420,60,0,480
E06000043,Brighton and Hove,2021-22,200,440,40,680,80,100,0,180
E06000023,"Bristol, City of",2021-22,780,140,0,920,570,80,40,690
E06000060,Buckinghamshire,2021-22,1430,410,0,1840,1780,530,0,2310
E06000056,Central Bedfordshire,2021-22,1810,620,10,2440,1810,510,0,2320
E06000049,Cheshire East,2021-22,1550,160,0,1710,1250,290,0,1540
E06000050,Cheshire West and Chester,2021-22,900,290,10,1190,1030,90,0,1120
E06000052,Cornwall,2021-22,1990,110,0,2110,1970,240,0,2210
E06000047,County Durham,2021-22,1540,80,0,1620,1550,120,0,1670
E06000005,Darlington,2021-22,430,0,0,430,400,10,0,410
E06000015,Derby,2021-22,750,30,0,780,480,80,0,560
E06000059,Dorset,2021-22,1460,260,0,1730,1000,230,0,1230
E06000011,East Riding of Yorkshire,2021-22,1700,330,0,2030,1420,250,10,1680
E06000006,Halton,2021-22,160,50,0,210,180,20,0,190
E06000001,Hartlepool,2021-22,450,50,0,500,250,100,0,340
E06000019,"Herefordshire, County of",2021-22,660,250,0,910,600,150,0,750
E06000046,Isle of Wight,2021-22,400,40,0,430,290,80,0,370
E06000053,Isles of Scilly,2021-22,10,0,0,10,0,0,0,0
E06000010,"Kingston upon Hull, City of",2021-22,340,0,0,340,480,20,0,500
E06000016,Leicester,2021-22,250,70,0,320,170,100,0,270
E06000032,Luton,2021-22,130,0,90,220,210,0,40,250
E06000035,Medway,2021-22,360,0,0,360,650,100,0,750
E06000002,Middlesbrough,2021-22,620,60,0,690,470,20,0,490
E06000042,Milton Keynes,2021-22,1780,620,10,2410,1590,760,10,2350
E06000012,North East Lincolnshire,2021-22,420,110,0,530,300,30,0,330
E06000013,North Lincolnshire,2021-22,450,0,0,450,350,0,0,350
E06000061,North Northamptonshire,2021-22,1510,400,0,1910,1340,240,0,1580
E06000024,North Somerset,2021-22,800,130,0,930,800,150,0,950
E06000057,Northumberland,2021-22,1360,90,0,1450,1240,260,0,1500
E06000018,Nottingham,2021-22,960,10,20,990,950,0,20,970
E06000031,Peterborough,2021-22,590,130,0,730,760,60,0,820
E06000026,Plymouth,2021-22,80,0,0,90,90,10,0,100
E06000044,Portsmouth,2021-22,40,0,0,40,100,30,0,130
E06000038,Reading,2021-22,550,40,80,670,310,170,90,570
E06000003,Redcar and Cleveland,2021-22,250,140,0,390,270,110,0,380
E06000017,Rutland,2021-22,30,0,0,30,70,10,0,80
E06000051,Shropshire,2021-22,670,20,0,690,980,50,0,1030
E06000039,Slough,2021-22,160,0,0,160,40,0,0,40
E06000025,South Gloucestershire,2021-22,1010,470,0,1490,1060,440,0,1510
E06000045,Southampton,2021-22,70,0,0,70,320,0,0,320
E06000033,Southend-on-Sea,2021-22,60,0,0,60,50,0,0,50
E06000004,Stockton-on-Tees,2021-22,500,120,0,620,520,50,0,580
E06000021,Stoke-on-Trent,2021-22,270,20,0,290,310,0,0,310
E06000030,Swindon,2021-22,450,160,0,610,520,150,0,660
E06000020,Telford and Wrekin,2021-22,790,320,0,1110,920,370,70,1350
E06000034,Thurrock,2021-22,150,50,0,190,220,20,0,240
E06000027,Torbay,2021-22,140,40,0,180,140,20,0,150
E06000007,Warrington,2021-22,570,50,0,620,600,110,0,710
E06000037,West Berkshire,2021-22,290,140,0,430,410,100,0,510
E06000062,West Northamptonshire,2021-22,1460,340,10,1810,1250,270,0,1510
E06000054,Wiltshire,2021-22,1090,890,40,2030,1410,1060,20,2490
E06000040,Windsor and Maidenhead,2021-22,270,20,0,290,720,0,0,720
E06000041,Wokingham,2021-22,770,140,0,910,840,120,0,960
E06000014,York,2021-22,100,40,0,140,140,80,0,220
E09000002,Barking and Dagenham,2021-22,240,160,130,530,220,210,0,430
E09000003,Barnet,2021-22,1210,280,0,1500,510,100,0,610
E09000004,Bexley,2021-22,220,630,0,840,210,40,0,250
E09000005,Brent,2021-22,100,50,0,150,170,140,0,310
E09000006,Bromley,2021-22,220,30,0,250,280,70,0,350
E09000007,Camden,2021-22,670,0,0,670,40,0,0,40
E09000001,City of London,2021-22,0,0,0,0,0,0,0,0
E09000008,Croydon,2021-22,870,210,0,1080,1160,20,0,1180
E09000009,Ealing,2021-22,620,170,0,800,520,450,0,980
E09000010,Enfield,2021-22,360,100,0,450,310,80,0,380
E09000011,Greenwich,2021-22,700,190,80,970,790,70,0,860
E09000012,Hackney,2021-22,70,0,0,70,290,370,10,670
E09000013,Hammersmith and Fulham,2021-22,570,130,0,700,480,70,0,550
E09000014,Haringey,2021-22,800,0,20,820,800,0,40,850
E09000015,Harrow,2021-22,210,70,0,280,80,160,0,230
E09000016,Havering,2021-22,220,40,140,400,290,190,0,480
E09000017,Hillingdon,2021-22,410,210,0,630,330,240,0,570
E09000018,Hounslow,2021-22,850,80,200,1140,380,100,10,490
E09000019,Islington,2021-22,20,40,0,60,80,0,0,80
E09000020,Kensington and Chelsea,2021-22,20,0,0,20,40,0,0,40
E09000021,Kingston upon Thames,2021-22,40,0,0,40,110,0,0,110
E09000022,Lambeth,2021-22,200,70,0,270,90,0,0,90
E09000023,Lewisham,2021-22,290,60,0,340,100,60,0,160
E09000024,Merton,2021-22,210,0,0,210,740,0,0,740
E09000025,Newham,2021-22,490,220,40,750,1110,200,0,1310
E09000026,Redbridge,2021-22,210,20,10,230,90,30,0,120
E09000027,Richmond upon Thames,2021-22,20,10,0,40,20,0,0,20
E09000028,Southwark,2021-22,860,70,0,930,1150,200,0,1360
E09000029,Sutton,2021-22,70,0,0,70,110,10,0,120
E09000030,Tower Hamlets,2021-22,1080,70,30,1170,2190,270,20,2470
E09000031,Waltham Forest,2021-22,870,50,40,960,470,130,0,610
E09000032,Wandsworth,2021-22,1240,20,0,1260,1040,40,10,1090
E09000033,Westminster,2021-22,50,40,190,270,120,20,80,220
E08000001,Bolton,2021-22,320,60,0,380,400,230,0,620
E08000002,Bury,2021-22,170,0,0,170,280,0,0,280
E08000003,Manchester,2021-22,920,110,0,1030,1690,120,0,1820
E08000004,Oldham,2021-22,170,160,0,320,360,10,0,370
E08000005,Rochdale,2021-22,260,20,0,280,370,40,10,420
E08000006,Salford,2021-22,790,60,0,840,2520,10,0,2530
E08000007,Stockport,2021-22,250,110,0,360,300,40,0,330
E08000008,Tameside,2021-22,350,40,0,390,280,80,0,360
E08000009,Trafford,2021-22,230,100,30,360,1190,80,10,1280
E08000010,Wigan,2021-22,800,150,110,1050,870,220,30,1120
E08000011,Knowsley,2021-22,440,340,0,780,350,80,0,430
E08000012,Liverpool,2021-22,960,20,0,980,1820,130,0,1940
E08000014,Sefton,2021-22,470,80,0,550,560,90,0,650
E08000013,St. Helens,2021-22,210,50,0,260,380,80,0,460
E08000015,Wirral,2021-22,460,50,0,510,320,140,0,460
E08000016,Barnsley,2021-22,570,10,20,600,530,20,0,540
E08000017,Doncaster,2021-22,900,60,30,980,670,40,0,710
E08000018,Rotherham,2021-22,740,50,0,790,720,10,0,720
E08000019,Sheffield,2021-22,320,50,30,400,460,90,0,550
E08000037,Gateshead,2021-22,280,60,40,380,220,130,30,380
E08000021,Newcastle upon Tyne,2021-22,1070,140,80,1280,960,90,100,1150
E08000022,North Tyneside,2021-22,450,130,0,580,460,60,0,520
E08000023,South Tyneside,2021-22,250,70,0,320,190,0,0,190
E08000024,Sunderland,2021-22,860,150,0,1010,660,70,0,730
E08000025,Birmingham,2021-22,1270,50,220,1540,1730,220,30,1980
E08000026,Coventry,2021-22,700,120,0,820,490,80,0,570
E08000027,Dudley,2021-22,220,100,30,350,110,200,40,350
E08000028,Sandwell,2021-22,120,40,40,200,190,40,100,320
E08000029,Solihull,2021-22,340,110,0,450,380,100,20,500
E08000030,Walsall,2021-22,320,70,0,390,370,30,0,390
E08000031,Wolverhampton,2021-22,170,10,30,210,490,20,30,530
E08000032,Bradford,2021-22,640,50,0,690,560,100,0,650
E08000033,Calderdale,2021-22,230,60,0,290,220,70,0,290
E08000034,Kirklees,2021-22,570,20,0,590,840,30,0,870
E08000035,Leeds,2021-22,2780,230,30,3050,1410,270,0,1690
E08000036,Wakefield,2021-22,1130,380,0,1510,1150,220,0,1370
E07000008,Cambridge,2021-22,220,60,0,270,460,40,0,500
E07000009,East Cambridgeshire,2021-22,700,130,0,830,560,100,0,660
E07000010,Fenland,2021-22,330,40,0,370,270,10,0,270
E07000011,Huntingdonshire,2021-22,660,350,0,1010,660,230,0,890
E07000012,South Cambridgeshire,2021-22,1160,320,0,1490,910,190,0,1100
E07000026,Allerdale,2021-22,210,60,0,270,220,20,0,240
E07000027,Barrow-in-Furness,2021-22,110,0,0,110,140,20,0,150
E07000028,Carlisle,2021-22,440,10,0,450,360,130,0,490
E07000029,Copeland,2021-22,140,20,0,160,110,0,0,110
E07000030,Eden,2021-22,190,60,0,250,150,70,0,220
E07000031,South Lakeland,2021-22,380,40,0,430,210,10,0,220
E07000032,Amber Valley,2021-22,540,90,0,640,270,40,0,310
E07000033,Bolsover,2021-22,460,10,0,470,360,10,0,370
E07000034,Chesterfield,2021-22,290,50,0,330,370,0,0,370
E07000035,Derbyshire Dales,2021-22,150,10,0,160,250,20,0,270
E07000036,Erewash,2021-22,30,0,0,40,130,10,0,150
E07000037,High Peak,2021-22,220,30,0,260,330,120,0,460
E07000038,North East Derbyshire,2021-22,430,50,0,480,290,50,0,330
E07000039,South Derbyshire,2021-22,790,100,0,890,870,140,0,1000
E07000040,East Devon,2021-22,680,100,0,780,660,240,0,900
E07000041,Exeter,2021-22,390,150,0,550,400,110,0,510
E07000042,Mid Devon,2021-22,290,40,0,340,210,20,0,230
E07000043,North Devon,2021-22,210,40,0,250,450,140,0,590
E07000044,South Hams,2021-22,370,170,0,530,400,110,0,510
E07000045,Teignbridge,2021-22,660,100,0,760,480,50,0,530
E07000046,Torridge,2021-22,270,20,0,290,140,0,0,140
E07000047,West Devon,2021-22,270,30,0,300,230,40,0,270
E07000061,Eastbourne,2021-22,110,0,0,110,40,0,0,40
E07000062,Hastings,2021-22,160,80,0,240,10,0,0,10
E07000063,Lewes,2021-22,320,70,0,390,330,140,0,470
E07000064,Rother,2021-22,220,70,0,290,180,80,0,260
E07000065,Wealden,2021-22,500,150,0,640,550,160,0,720
E07000066,Basildon,2021-22,200,10,20,220,190,40,10,240
E07000067,Braintree,2021-22,740,370,0,1110,560,270,0,830
E07000068,Brentwood,2021-22,170,0,0,170,110,0,0,110
E07000069,Castle Point,2021-22,50,0,0,50,90,0,0,90
E07000070,Chelmsford,2021-22,300,150,0,440,390,230,0,610
E07000071,Colchester,2021-22,480,140,0,620,440,40,0,480
E07000072,Epping Forest,2021-22,240,40,0,280,110,0,20,130
E07000073,Harlow,2021-22,50,70,10,130,190,180,0,370
E07000074,Maldon,2021-22,380,160,0,540,230,110,0,340
E07000075,Rochford,2021-22,330,40,0,380,310,150,0,460
E07000076,Tendring,2021-22,710,60,0,770,610,70,10,690
E07000077,Uttlesford,2021-22,460,60,0,520,180,30,0,210
E07000078,Cheltenham,2021-22,180,40,0,230,140,20,0,150
E07000079,Cotswold,2021-22,200,40,0,240,230,80,0,300
E07000080,Forest of Dean,2021-22,350,150,0,500,370,120,0,490
E07000081,Gloucester,2021-22,310,80,0,390,270,150,0,420
E07000082,Stroud,2021-22,360,130,20,510,500,120,10,630
E07000083,Tewkesbury,2021-22,760,370,0,1130,430,210,0,640
E07000084,Basingstoke and Deane,2021-22,420,150,0,570,460,230,0,690
E07000085,East Hampshire,2021-22,320,190,0,510,380,140,0,520
E07000086,Eastleigh,2021-22,300,120,0,420,500,90,0,590
E07000087,Fareham,2021-22,100,130,30,250,50,30,10,90
E07000088,Gosport,2021-22,10,0,0,10,10,0,0,10
E07000089,Hart,2021-22,210,110,0,320,200,70,0,270
E07000090,Havant,2021-22,330,170,0,500,240,90,0,320
E07000091,New Forest,2021-22,170,0,0,170,150,0,0,150
E07000092,Rushmoor,2021-22,240,100,0,340,190,190,0,370
E07000093,Test Valley,2021-22,200,70,0,270,480,260,0,740
E07000094,Winchester,2021-22,610,270,0,880,510,270,70,850
E07000095,Broxbourne,2021-22,190,90,0,270,160,10,0,180
E07000096,Dacorum,2021-22,580,210,10,800,560,210,0,780
E07000242,East Hertfordshire,2021-22,730,220,0,950,380,120,0,490
E07000098,Hertsmere,2021-22,100,20,0,120,240,40,0,280
E07000099,North Hertfordshire,2021-22,200,30,0,230,170,10,0,180
E07000240,St Albans,2021-22,290,20,0,300,220,70,0,290
E07000243,Stevenage,2021-22,80,50,0,130,80,10,0,90
E07000102,Three Rivers,2021-22,40,50,0,80,30,40,0,70
E07000103,Watford,2021-22,350,110,0,470,260,160,0,430
E07000241,Welwyn Hatfield,2021-22,240,10,0,250,130,40,0,170
E07000105,Ashford,2021-22,860,90,0,940,540,140,10,690
E07000106,Canterbury,2021-22,340,200,0,550,280,90,0,370
E07000107,Dartford,2021-22,620,190,0,800,280,110,0,400
E07000108,Dover,2021-22,490,40,0,520,500,10,0,510
E07000112,Folkestone and Hythe,2021-22,450,80,0,530,280,30,0,310
E07000109,Gravesham,2021-22,150,50,0,190,260,150,0,410
E07000110,Maidstone,2021-22,520,360,0,880,670,640,0,1310
E07000111,Sevenoaks,2021-22,190,10,0,190,130,10,0,140
E07000113,Swale,2021-22,300,40,0,330,390,30,0,420
E07000114,Thanet,2021-22,260,110,0,370,230,60,0,290
E07000115,Tonbridge and Malling,2021-22,270,120,0,390,250,20,0,270
E07000116,Tunbridge Wells,2021-22,570,180,0,750,270,0,0,270
E07000117,Burnley,2021-22,150,0,0,150,170,0,0,170
E07000118,Chorley,2021-22,200,30,0,220,200,30,0,230
E07000119,Fylde,2021-22,390,30,0,420,410,40,0,440
E07000120,Hyndburn,2021-22,150,90,0,240,100,80,0,180
E07000121,Lancaster,2021-22,170,20,0,190,190,30,0,220
E07000122,Pendle,2021-22,130,0,0,130,140,0,0,140
E07000123,Preston,2021-22,930,210,0,1150,590,70,0,660
E07000124,Ribble Valley,2021-22,360,110,0,470,400,80,0,480
E07000125,Rossendale,2021-22,210,40,0,250,60,30,0,100
E07000126,South Ribble,2021-22,610,80,0,700,380,40,0,420
E07000127,West Lancashire,2021-22,300,50,0,350,430,80,0,510
E07000128,Wyre,2021-22,430,320,0,750,580,140,0,720
E07000129,Blaby,2021-22,290,70,0,360,190,60,0,250
E07000130,Charnwood,2021-22,420,120,0,540,440,60,0,500
E07000131,Harborough,2021-22,650,170,0,820,670,240,0,910
E07000132,Hinckley and Bosworth,2021-22,340,180,0,520,230,100,0,320
E07000133,Melton,2021-22,360,60,0,420,270,50,0,320
E07000134,North West Leicestershire,2021-22,700,80,0,780,540,60,0,590
E07000135,Oadby and Wigston,2021-22,290,130,0,410,120,110,0,230
E07000136,Boston,2021-22,210,90,0,300,220,140,0,360
E07000137,East Lindsey,2021-22,480,110,0,590,480,30,0,510
E07000138,Lincoln,2021-22,90,20,0,110,70,40,0,110
E07000139,North Kesteven,2021-22,430,90,0,520,510,90,0,590
E07000140,South Holland,2021-22,690,160,0,850,410,280,0,690
E07000141,South Kesteven,2021-22,420,140,0,550,330,40,0,360
E07000142,West Lindsey,2021-22,420,30,0,450,450,50,0,500
E07000143,Breckland,2021-22,690,140,0,840,490,90,0,580
E07000144,Broadland,2021-22,970,170,0,1130,570,70,0,640
E07000145,Great Yarmouth,2021-22,120,0,0,120,290,0,0,290
E07000146,King's Lynn and West Norfolk,2021-22,320,20,0,340,230,0,0,230
E07000147,North Norfolk,2021-22,160,0,0,160,290,0,0,290
E07000148,Norwich,2021-22,110,0,0,110,100,0,0,100
E07000149,South Norfolk,2021-22,870,50,0,910,770,40,0,810
E07000163,Craven,2021-22,20,0,0,20,290,0,0,290
E07000164,Hambleton,2021-22,510,60,0,570,390,50,0,440
E07000165,Harrogate,2021-22,510,300,10,810,770,270,0,1050
E07000166,Richmondshire,2021-22,60,0,0,60,40,0,0,40
E07000167,Ryedale,2021-22,250,50,0,300,230,30,0,260
E07000168,Scarborough,2021-22,280,30,0,300,340,30,0,370
E07000169,Selby,2021-22,250,90,0,340,400,40,0,440
E07000170,Ashfield,2021-22,300,20,20,330,200,10,10,220
E07000171,Bassetlaw,2021-22,820,30,10,860,740,30,0,760
E07000172,Broxtowe,2021-22,130,40,0,170,150,20,0,170
E07000173,Gedling,2021-22,400,60,0,460,270,0,0,270
E07000174,Mansfield,2021-22,280,10,0,290,260,0,0,260
E07000175,Newark and Sherwood,2021-22,660,10,0,660,620,0,0,620
E07000176,Rushcliffe,2021-22,970,400,0,1370,580,150,0,730
E07000177,Cherwell,2021-22,600,250,0,850,770,150,0,920
E07000178,Oxford,2021-22,320,150,40,510,270,260,30,550
E07000179,South Oxfordshire,2021-22,320,70,0,390,360,50,0,410
E07000180,Vale of White Horse,2021-22,930,460,0,1390,710,250,0,960
E07000181,West Oxfordshire,2021-22,450,180,0,630,650,200,0,850
E07000187,Mendip,2021-22,250,80,0,330,220,90,0,310
E07000188,Sedgemoor,2021-22,510,280,0,790,410,150,0,550
E07000246,Somerset West and Taunton,2021-22,500,90,0,600,560,80,0,630
E07000189,South Somerset,2021-22,540,140,0,670,670,280,0,950
E07000192,Cannock Chase,2021-22,170,70,0,250,310,240,40,590
E07000193,East Staffordshire,2021-22,720,20,0,740,710,50,10,770
E07000194,Lichfield,2021-22,540,260,0,800,430,380,0,810
E07000195,Newcastle-under-Lyme,2021-22,220,60,0,280,190,30,0,220
E07000196,South Staffordshire,2021-22,320,100,0,420,290,140,0,430
E07000197,Stafford,2021-22,260,30,0,300,380,230,0,610
E07000198,Staffordshire Moorlands,2021-22,120,30,0,140,140,10,0,150
E07000199,Tamworth,2021-22,380,70,0,450,310,80,0,390
E07000200,Babergh,2021-22,570,140,20,730,440,120,40,600
E07000244,East Suffolk,2021-22,480,70,0,550,390,110,0,510
E07000202,Ipswich,2021-22,90,0,0,90,50,0,20,70
E07000203,Mid Suffolk,2021-22,1050,320,20,1390,640,220,0,860
E07000245,West Suffolk,2021-22,570,220,0,790,480,170,0,650
E07000207,Elmbridge,2021-22,330,20,0,350,260,100,0,350
E07000208,Epsom and Ewell,2021-22,140,40,0,180,90,0,0,90
E07000209,Guildford,2021-22,430,140,0,570,410,130,0,540
E07000210,Mole Valley,2021-22,70,10,0,90,70,0,0,70
E07000211,Reigate and Banstead,2021-22,220,50,30,300,530,60,60,640
E07000212,Runnymede,2021-22,230,20,0,250,280,50,0,330
E07000213,Spelthorne,2021-22,40,0,0,40,180,100,0,280
E07000214,Surrey Heath,2021-22,160,60,0,220,140,120,0,260
E07000215,Tandridge,2021-22,120,20,0,140,180,50,0,230
E07000216,Waverley,2021-22,400,90,20,510,360,160,10,520
E07000217,Woking,2021-22,270,10,0,290,130,100,50,270
E07000218,North Warwickshire,2021-22,110,10,0,110,270,30,0,290
E07000219,Nuneaton and Bedworth,2021-22,920,220,0,1130,460,100,0,560
E07000220,Rugby,2021-22,510,160,0,670,630,130,0,760
E07000221,Stratford-on-Avon,2021-22,1180,470,0,1650,920,360,0,1270
E07000222,Warwick,2021-22,380,280,0,660,470,260,0,730
E07000223,Adur,2021-22,70,0,0,70,10,0,0,10
E07000224,Arun,2021-22,670,170,0,840,430,50,0,490
E07000225,Chichester,2021-22,730,340,0,1070,430,160,0,590
E07000226,Crawley,2021-22,80,40,0,110,250,20,0,270
E07000227,Horsham,2021-22,350,70,0,420,460,90,0,560
E07000228,Mid Sussex,2021-22,810,320,0,1140,650,200,0,840
E07000229,Worthing,2021-22,330,60,0,390,250,20,0,280
E07000234,Bromsgrove,2021-22,60,10,0,60,120,10,0,120
E07000235,Malvern Hills,2021-22,230,140,0,370,270,110,0,380
E07000236,Redditch,2021-22,60,20,0,80,60,30,0,90
E07000237,Worcester,2021-22,250,70,0,320,320,90,0,410
E07000238,Wychavon,2021-22,310,260,0,570,410,110,0,510
E07000239,Wyre Forest,2021-22,120,30,80,230,120,90,10,220
E06000022,Bath and North East Somerset,2022-23,260,110,0,380,340,40,0,380
E06000055,Bedford,2022-23,880,260,0,1140,530,180,0,710
E06000008,Blackburn with Darwen,2022-23,590,0,0,590,480,0,0,480
E06000009,Blackpool,2022-23,70,0,70,140,140,10,10,160
E06000058,"Bournemouth, Christchurch and Poole",2022-23,340,30,0,370,310,20,0,330
E06000036,Bracknell Forest,2022-23,390,140,0,540,380,30,0,400
E06000043,Brighton and Hove,2022-23,150,20,0,170,80,40,0,120
E06000023,"Bristol, City of",2022-23,650,100,120,870,510,150,0,660
E06000060,Buckinghamshire,2022-23,1280,370,0,1650,1550,430,0,1980
E06000056,Central Bedfordshire,2022-23,1070,670,0,1740,1770,530,0,2300
E06000049,Cheshire East,2022-23,1600,330,0,1930,1680,160,0,1840
E06000050,Cheshire West and Chester,2022-23,730,140,0,860,890,100,0,990
E06000052,Cornwall,2022-23,1910,140,0,2050,1920,180,0,2100
E06000047,County Durham,2022-23,1690,120,0,1810,1420,60,0,1480
E06000005,Darlington,2022-23,420,30,70,520,400,0,60,460
E06000015,Derby,2022-23,540,140,0,680,590,50,0,640
E06000059,Dorset,2022-23,1580,330,0,1910,1190,250,0,1440
E06000011,East Riding of Yorkshire,2022-23,1450,410,0,1860,1540,360,0,1910
E06000006,Halton,2022-23,290,0,0,300,280,160,0,430
E06000001,Hartlepool,2022-23,470,120,0,590,420,40,0,460
E06000019,"Herefordshire, County of",2022-23,690,210,0,900,510,140,0,650
E06000046,Isle of Wight,2022-23,180,10,0,190,340,40,0,380
E06000053,Isles of Scilly,2022-23,0,0,0,0,0,0,0,0
E06000010,"Kingston upon Hull, City of",2022-23,250,0,0,250,330,0,0,330
E06000016,Leicester,2022-23,60,60,0,120,230,30,0,260
E06000032,Luton,2022-23,90,20,40,150,120,0,10,130
E06000035,Medway,2022-23,310,240,0,550,680,50,0,730
E06000002,Middlesbrough,2022-23,410,70,0,480,520,80,0,600
E06000042,Milton Keynes,2022-23,1300,590,0,1890,1820,630,20,2480
E06000012,North East Lincolnshire,2022-23,390,90,0,480,400,60,0,460
E06000013,North Lincolnshire,2022-23,560,0,0,560,420,0,0,420
E06000061,North Northamptonshire,2022-23,1530,620,30,2180,1290,420,0,1710
E06000024,North Somerset,2022-23,620,170,0,790,740,140,0,870
E06000057,Northumberland,2022-23,1340,170,0,1500,1450,90,0,1550
E06000018,Nottingham,2022-23,330,110,60,490,210,40,0,240
E06000031,Peterborough,2022-23,640,300,0,930,600,130,0,730
E06000026,Plymouth,2022-23,130,0,0,130,260,20,0,280
E06000044,Portsmouth,2022-23,10,60,0,80,30,20,20,70
E06000038,Reading,2022-23,150,0,10,170,260,100,10,370
E06000003,Redcar and Cleveland,2022-23,260,250,0,510,240,150,0,390
E06000017,Rutland,2022-23,30,0,0,30,50,0,0,50
E06000051,Shropshire,2022-23,640,60,0,690,760,40,0,800
E06000039,Slough,2022-23,50,0,0,50,10,0,0,10
E06000025,South Gloucestershire,2022-23,1280,580,0,1860,1140,720,0,1860
E06000045,Southampton,2022-23,110,0,0,110,330,0,0,330
E06000033,Southend-on-Sea,2022-23,30,140,10,180,220,0,0,220
E06000004,Stockton-on-Tees,2022-23,570,240,0,800,440,40,0,490
E06000021,Stoke-on-Trent,2022-23,300,20,0,320,490,20,0,510
E06000030,Swindon,2022-23,930,190,0,1120,520,130,0,650
E06000020,Telford and Wrekin,2022-23,800,410,0,1220,840,490,0,1320
E06000034,Thurrock,2022-23,110,150,0,260,290,50,0,340
E06000027,Torbay,2022-23,110,80,0,190,160,50,0,200
E06000007,Warrington,2022-23,510,60,0,580,620,90,0,710
E06000037,West Berkshire,2022-23,230,90,0,320,350,170,0,520
E06000062,West Northamptonshire,2022-23,1060,300,0,1360,1370,330,20,1720
E06000054,Wiltshire,2022-23,1150,960,30,2140,1430,1040,40,2510
E06000040,Windsor and Maidenhead,2022-23,170,10,0,180,150,10,0,160
E06000041,Wokingham,2022-23,450,210,0,660,720,110,0,830
E06000014,York,2022-23,230,60,220,510,90,20,0,110
E09000002,Barking and Dagenham,2022-23,1180,650,0,1840,340,130,20,490
E09000003,Barnet,2022-23,250,280,0,530,630,250,0,890
E09000004,Bexley,2022-23,100,50,0,150,450,240,0,690
E09000005,Brent,2022-23,160,130,0,300,260,80,0,330
E09000006,Bromley,2022-23,100,0,0,100,290,100,0,390
E09000007,Camden,2022-23,70,0,0,70,70,0,0,70
E09000001,City of London,2022-23,0,0,0,0,0,0,0,0
E09000008,Croydon,2022-23,670,10,10,690,1690,140,0,1830
E09000009,Ealing,2022-23,290,0,20,310,1370,730,0,2100
E09000010,Enfield,2022-23,360,60,70,490,200,10,50,260
E09000011,Greenwich,2022-23,1530,350,20,1890,1060,50,0,1110
E09000012,Hackney,2022-23,400,0,0,400,130,30,0,150
E09000013,Hammersmith and Fulham,2022-23,1340,10,0,1350,560,30,0,580
E09000014,Haringey,2022-23,680,30,140,860,930,20,10,960
E09000015,Harrow,2022-23,490,440,0,930,270,150,0,420
E09000016,Havering,2022-23,90,0,0,90,330,410,200,940
E09000017,Hillingdon,2022-23,320,70,0,390,400,40,0,440
E09000018,Hounslow,2022-23,1160,100,0,1260,1210,180,0,1390
E09000019,Islington,2022-23,20,0,10,30,90,60,130,280
E09000020,Kensington and Chelsea,2022-23,160,0,80,240,70,100,0,180
E09000021,Kingston upon Thames,2022-23,90,80,0,160,90,0,0,90
E09000022,Lambeth,2022-23,670,20,0,680,80,10,0,90
E09000023,Lewisham,2022-23,220,100,0,310,410,50,0,460
E09000024,Merton,2022-23,170,0,0,170,120,0,0,120
E09000025,Newham,2022-23,1300,760,30,2080,1380,50,60,1480
E09000026,Redbridge,2022-23,220,190,170,570,60,140,50,240
E09000027,Richmond upon Thames,2022-23,60,0,0,60,400,0,20,410
E09000028,Southwark,2022-23,850,90,0,940,350,100,0,450
E09000029,Sutton,2022-23,20,0,0,20,380,30,60,470
E09000030,Tower Hamlets,2022-23,1750,150,0,1890,1300,0,20,1310
E09000031,Waltham Forest,2022-23,120,0,70,180,420,70,190,670
E09000032,Wandsworth,2022-23,1070,1140,0,2210,720,170,0,890
E09000033,Westminster,2022-23,270,50,140,460,380,200,380,960
E08000001,Bolton,2022-23,300,120,0,420,320,140,0,460
E08000002,Bury,2022-23,160,0,0,160,210,0,0,210
E08000003,Manchester,2022-23,1700,180,0,1880,1530,200,0,1730
E08000004,Oldham,2022-23,210,0,0,210,180,40,0,220
E08000005,Rochdale,2022-23,670,10,0,680,470,40,0,520
E08000006,Salford,2022-23,110,0,0,110,340,50,0,380
E08000007,Stockport,2022-23,300,70,0,360,280,50,0,330
E08000008,Tameside,2022-23,260,60,0,320,250,30,0,280
E08000009,Trafford,2022-23,420,90,0,510,270,120,0,400
E08000010,Wigan,2022-23,600,90,10,710,810,330,50,1190
E08000011,Knowsley,2022-23,640,190,0,830,390,210,0,600
E08000012,Liverpool,2022-23,530,20,0,550,510,30,0,540
E08000014,Sefton,2022-23,660,160,0,820,370,80,0,450
E08000013,St. Helens,2022-23,230,150,0,370,250,50,0,300
E08000015,Wirral,2022-23,310,10,0,330,490,50,0,530
E08000016,Barnsley,2022-23,590,100,10,700,650,30,0,680
E08000017,Doncaster,2022-23,470,50,0,520,720,70,30,820
E08000018,Rotherham,2022-23,650,110,0,750,890,70,0,960
E08000019,Sheffield,2022-23,360,30,0,390,590,10,0,600
E08000037,Gateshead,2022-23,640,120,0,760,270,50,0,320
E08000021,Newcastle upon Tyne,2022-23,760,60,10,830,910,110,90,1110
E08000022,North Tyneside,2022-23,330,60,0,390,520,120,0,640
E08000023,South Tyneside,2022-23,140,0,0,150,200,0,0,200
E08000024,Sunderland,2022-23,720,60,0,780,790,110,0,900
E08000025,Birmingham,2022-23,1130,160,40,1330,1290,110,0,1400
E08000026,Coventry,2022-23,520,180,0,700,630,100,0,730
E08000027,Dudley,2022-23,350,240,50,630,180,100,0,280
E08000028,Sandwell,2022-23,260,80,30,360,250,20,50,320
E08000029,Solihull,2022-23,250,80,0,330,410,100,0,510
E08000030,Walsall,2022-23,410,0,0,410,200,60,0,260
E08000031,Wolverhampton,2022-23,110,0,30,140,140,0,20,160
E08000032,Bradford,2022-23,500,200,0,700,620,130,0,750
E08000033,Calderdale,2022-23,290,50,0,340,170,0,0,180
E08000034,Kirklees,2022-23,700,10,0,700,710,40,0,760
E08000035,Leeds,2022-23,1720,170,40,1920,1700,290,40,2030
E08000036,Wakefield,2022-23,660,260,0,920,1010,330,0,1330
E07000008,Cambridge,2022-23,270,50,0,320,520,50,0,570
E07000009,East Cambridgeshire,2022-23,450,170,0,620,650,140,0,790
E07000010,Fenland,2022-23,650,40,0,690,360,10,0,370
E07000011,Huntingdonshire,2022-23,1120,340,0,1470,740,290,0,1020
E07000012,South Cambridgeshire,2022-23,820,260,0,1070,1090,230,0,1320
E07000026,Allerdale,2022-23,430,70,0,510,180,50,0,230
E07000027,Barrow-in-Furness,2022-23,60,0,0,60,80,0,0,80
E07000028,Carlisle,2022-23,420,10,0,430,350,20,0,370
E07000029,Copeland,2022-23,120,10,0,130,120,20,0,130
E07000030,Eden,2022-23,180,30,0,210,280,50,0,330
E07000031,South Lakeland,2022-23,400,30,0,420,310,30,0,330
E07000032,Amber Valley,2022-23,720,170,0,890,540,60,0,590
E07000033,Bolsover,2022-23,430,30,0,460,470,0,0,480
E07000034,Chesterfield,2022-23,300,30,0,330,260,50,0,310
E07000035,Derbyshire Dales,2022-23,120,20,0,140,170,10,0,180
E07000036,Erewash,2022-23,60,0,0,60,200,20,0,230
E07000037,High Peak,2022-23,210,20,0,230,330,40,0,360
E07000038,North East Derbyshire,2022-23,360,40,0,400,370,60,0,420
E07000039,South Derbyshire,2022-23,1080,150,0,1230,910,140,0,1060
E07000040,East Devon,2022-23,710,120,0,830,710,140,0,850
E07000041,Exeter,2022-23,250,160,0,420,520,120,10,650
E07000042,Mid Devon,2022-23,330,70,0,400,150,20,0,170
E07000043,North Devon,2022-23,170,30,0,210,270,50,0,320
E07000044,South Hams,2022-23,540,300,0,830,420,150,0,570
E07000045,Teignbridge,2022-23,420,150,0,570,670,100,0,760
E07000046,Torridge,2022-23,450,110,0,560,230,10,0,250
E07000047,West Devon,2022-23,260,80,0,340,270,50,0,320
E07000061,Eastbourne,2022-23,50,0,0,50,70,0,0,70
E07000062,Hastings,2022-23,260,110,0,370,20,0,0,20
E07000063,Lewes,2022-23,220,90,0,310,340,190,0,520
E07000064,Rother,2022-23,130,50,0,180,160,100,0,260
E07000065,Wealden,2022-23,650,200,0,850,470,130,0,600
E07000066,Basildon,2022-23,160,10,20,190,100,20,10,120
E07000067,Braintree,2022-23,800,430,0,1230,830,200,0,1020
E07000068,Brentwood,2022-23,130,10,0,140,120,10,0,130
E07000069,Castle Point,2022-23,70,0,10,80,70,0,0,70
E07000070,Chelmsford,2022-23,370,210,0,580,590,260,0,850
E07000071,Colchester,2022-23,270,100,0,360,430,140,10,580
E07000072,Epping Forest,2022-23,260,90,0,340,50,0,20,70
E07000073,Harlow,2022-23,120,20,0,140,170,60,20,250
E07000074,Maldon,2022-23,280,180,0,460,290,150,0,440
E07000075,Rochford,2022-23,220,70,0,290,330,100,0,430
E07000076,Tendring,2022-23,580,230,0,810,660,50,0,710
E07000077,Uttlesford,2022-23,640,200,0,840,330,140,0,470
E07000078,Cheltenham,2022-23,100,130,0,230,130,40,0,170
E07000079,Cotswold,2022-23,160,100,0,270,160,100,0,270
E07000080,Forest of Dean,2022-23,310,80,0,390,360,130,0,490
E07000081,Gloucester,2022-23,290,60,0,350,340,180,0,520
E07000082,Stroud,2022-23,450,190,20,650,350,120,30,500
E07000083,Tewkesbury,2022-23,580,400,0,980,570,310,0,880
E07000084,Basingstoke and Deane,2022-23,400,230,0,630,360,210,0,570
E07000085,East Hampshire,2022-23,400,20,0,420,340,60,0,400
E07000086,Eastleigh,2022-23,510,130,0,650,490,80,0,570
E07000087,Fareham,2022-23,220,100,0,320,70,20,0,100
E07000088,Gosport,2022-23,30,0,0,30,0,0,0,0
E07000089,Hart,2022-23,130,60,0,190,190,40,0,230
E07000090,Havant,2022-23,220,70,0,300,250,130,0,380
E07000091,New Forest,2022-23,150,0,0,150,130,0,0,130
E07000092,Rushmoor,2022-23,720,80,0,800,200,150,0,350
E07000093,Test Valley,2022-23,120,70,0,200,210,110,0,330
E07000094,Winchester,2022-23,550,340,10,900,680,290,0,970
E07000095,Broxbourne,2022-23,240,120,0,360,450,70,0,520
E07000096,Dacorum,2022-23,350,50,50,450,380,90,20,490
E07000242,East Hertfordshire,2022-23,660,210,0,870,1130,180,0,1310
E07000098,Hertsmere,2022-23,160,0,0,160,110,0,0,110
E07000099,North Hertfordshire,2022-23,200,50,0,250,210,40,0,250
E07000240,St Albans,2022-23,180,10,0,200,290,40,0,330
E07000243,Stevenage,2022-23,130,10,0,140,90,40,0,130
E07000102,Three Rivers,2022-23,120,0,0,120,360,0,0,360
E07000103,Watford,2022-23,320,220,0,540,350,180,0,530
E07000241,Welwyn Hatfield,2022-23,130,10,0,140,240,260,0,500
E07000105,Ashford,2022-23,270,40,0,310,700,90,0,790
E07000106,Canterbury,2022-23,450,260,0,710,430,170,0,600
E07000107,Dartford,2022-23,780,180,0,960,550,90,10,660
E07000108,Dover,2022-23,570,40,0,610,490,80,0,570
E07000112,Folkestone and Hythe,2022-23,600,40,0,640,270,60,0,330
E07000109,Gravesham,2022-23,180,140,0,310,200,70,0,270
E07000110,Maidstone,2022-23,350,440,0,790,480,650,0,1120
E07000111,Sevenoaks,2022-23,100,10,0,110,140,10,0,140
E07000113,Swale,2022-23,270,60,0,330,390,50,0,440
E07000114,Thanet,2022-23,470,190,0,650,230,170,0,410
E07000115,Tonbridge and Malling,2022-23,390,250,0,640,300,60,0,370
E07000116,Tunbridge Wells,2022-23,270,70,0,340,530,90,0,620
E07000117,Burnley,2022-23,100,10,0,110,120,30,0,150
E07000118,Chorley,2022-23,500,0,10,500,350,10,0,370
E07000119,Fylde,2022-23,280,30,0,310,360,60,0,420
E07000120,Hyndburn,2022-23,140,50,0,190,120,120,0,240
E07000121,Lancaster,2022-23,190,10,0,200,110,20,0,130
E07000122,Pendle,2022-23,70,0,0,70,120,30,0,160
E07000123,Preston,2022-23,1200,140,0,1330,960,280,0,1230
E07000124,Ribble Valley,2022-23,330,60,0,390,400,100,0,490
E07000125,Rossendale,2022-23,160,20,0,180,140,60,0,200
E07000126,South Ribble,2022-23,490,160,10,660,440,70,0,510
E07000127,West Lancashire,2022-23,340,120,0,460,370,60,0,430
E07000128,Wyre,2022-23,550,70,0,610,490,120,0,610
E07000129,Blaby,2022-23,150,160,0,310,160,60,0,220
E07000130,Charnwood,2022-23,770,330,0,1100,510,130,0,640
E07000131,Harborough,2022-23,330,170,0,500,600,180,0,780
E07000132,Hinckley and Bosworth,2022-23,310,290,0,600,340,200,0,540
E07000133,Melton,2022-23,430,60,0,480,360,40,0,410
E07000134,North West Leicestershire,2022-23,760,80,0,850,610,90,0,700
E07000135,Oadby and Wigston,2022-23,160,60,0,230,210,80,0,290
E07000136,Boston,2022-23,340,90,0,430,230,110,0,340
E07000137,East Lindsey,2022-23,740,90,0,820,450,50,0,500
E07000138,Lincoln,2022-23,60,30,0,90,70,20,0,90
E07000139,North Kesteven,2022-23,470,130,0,600,450,70,0,520
E07000140,South Holland,2022-23,640,320,0,960,490,130,0,610
E07000141,South Kesteven,2022-23,410,390,0,800,400,80,0,480
E07000142,West Lindsey,2022-23,400,40,0,440,510,70,0,580
E07000143,Breckland,2022-23,810,190,0,1000,560,160,0,730
E07000144,Broadland,2022-23,750,280,0,1030,570,140,60,780
E07000145,Great Yarmouth,2022-23,340,20,0,350,210,0,0,210
E07000146,King's Lynn and West Norfolk,2022-23,220,50,0,260,370,10,0,390
E07000147,North Norfolk,2022-23,190,20,0,220,180,0,0,180
E07000148,Norwich,2022-23,70,50,0,120,40,10,0,50
E07000149,South Norfolk,2022-23,730,390,0,1110,970,70,0,1040
E07000163,Craven,2022-23,60,0,0,60,250,10,0,260
E07000164,Hambleton,2022-23,480,50,0,530,470,40,0,520
E07000165,Harrogate,2022-23,540,300,10,850,680,260,0,940
E07000166,Richmondshire,2022-23,160,10,0,160,70,0,0,70
E07000167,Ryedale,2022-23,80,10,0,90,190,40,0,230
E07000168,Scarborough,2022-23,280,50,0,330,330,30,0,360
E07000169,Selby,2022-23,170,10,0,170,250,30,0,280
E07000170,Ashfield,2022-23,340,130,0,470,260,20,0,280
E07000171,Bassetlaw,2022-23,950,110,0,1060,760,40,0,800
E07000172,Broxtowe,2022-23,250,10,0,260,230,40,0,270
E07000173,Gedling,2022-23,460,190,0,640,530,70,0,600
E07000174,Mansfield,2022-23,150,50,0,200,230,0,0,230
E07000175,Newark and Sherwood,2022-23,580,70,0,650,470,0,0,470
E07000176,Rushcliffe,2022-23,920,360,0,1280,820,330,0,1150
E07000177,Cherwell,2022-23,530,280,0,810,820,250,0,1070
E07000178,Oxford,2022-23,650,260,20,940,200,360,10,570
E07000179,South Oxfordshire,2022-23,760,330,0,1090,340,150,0,490
E07000180,Vale of White Horse,2022-23,740,320,0,1060,930,390,0,1310
E07000181,West Oxfordshire,2022-23,400,190,0,590,470,190,30,690
E07000187,Mendip,2022-23,140,40,0,180,390,110,0,500
E07000188,Sedgemoor,2022-23,450,160,0,610,390,130,0,530
E07000246,Somerset West and Taunton,2022-23,390,60,0,450,670,80,0,750
E07000189,South Somerset,2022-23,290,80,0,370,500,150,0,650
E07000192,Cannock Chase,2022-23,100,20,0,120,220,120,0,340
E07000193,East Staffordshire,2022-23,440,110,0,550,750,50,0,810
E07000194,Lichfield,2022-23,400,140,0,540,550,300,0,850
E07000195,Newcastle-under-Lyme,2022-23,240,40,0,280,190,50,0,240
E07000196,South Staffordshire,2022-23,260,90,0,360,310,110,0,420
E07000197,Stafford,2022-23,280,130,0,400,390,90,0,480
E07000198,Staffordshire Moorlands,2022-23,300,20,0,310,190,30,0,220
E07000199,Tamworth,2022-23,310,60,0,370,320,70,0,390
E07000200,Babergh,2022-23,610,290,0,900,500,160,0,660
E07000244,East Suffolk,2022-23,600,160,0,750,520,60,0,580
E07000202,Ipswich,2022-23,190,0,0,190,130,20,20,170
E07000203,Mid Suffolk,2022-23,880,270,0,1150,820,300,20,1140
E07000245,West Suffolk,2022-23,340,140,0,480,420,170,0,590
E07000207,Elmbridge,2022-23,280,60,10,350,200,10,10,220
E07000208,Epsom and Ewell,2022-23,250,10,0,260,150,60,0,210
E07000209,Guildford,2022-23,930,260,0,1190,400,200,0,600
E07000210,Mole Valley,2022-23,90,10,0,110,70,10,0,70
E07000211,Reigate and Banstead,2022-23,130,20,0,150,360,90,0,460
E07000212,Runnymede,2022-23,340,0,0,340,180,60,0,240
E07000213,Spelthorne,2022-23,450,100,0,550,20,0,0,20
E07000214,Surrey Heath,2022-23,60,0,0,70,170,70,0,240
E07000215,Tandridge,2022-23,100,20,10,130,180,70,0,260
E07000216,Waverley,2022-23,250,20,30,300,470,220,10,710
E07000217,Woking,2022-23,100,0,0,100,60,10,0,70
E07000218,North Warwickshire,2022-23,110,0,0,110,150,10,0,160
E07000219,Nuneaton and Bedworth,2022-23,650,340,0,990,730,170,0,900
E07000220,Rugby,2022-23,530,300,0,830,460,210,0,670
E07000221,Stratford-on-Avon,2022-23,790,440,0,1240,1040,440,0,1470
E07000222,Warwick,2022-23,470,310,0,790,420,250,0,670
E07000223,Adur,2022-23,70,70,0,150,0,0,0,0
E07000224,Arun,2022-23,630,230,0,860,680,250,0,930
E07000225,Chichester,2022-23,530,220,0,750,540,280,0,810
E07000226,Crawley,2022-23,210,30,0,240,170,30,0,200
E07000227,Horsham,2022-23,330,30,0,370,330,90,0,420
E07000228,Mid Sussex,2022-23,440,220,0,650,720,260,0,980
E07000229,Worthing,2022-23,140,50,0,200,150,60,0,210
E07000234,Bromsgrove,2022-23,30,60,0,90,120,0,0,120
E07000235,Malvern Hills,2022-23,340,70,0,410,190,80,0,270
E07000236,Redditch,2022-23,30,10,0,40,30,20,0,60
E07000237,Worcester,2022-23,240,200,0,430,320,70,0,390
E07000238,Wychavon,2022-23,350,150,0,500,400,200,0,600
E07000239,Wyre Forest,2022-23,120,180,20,320,100,180,20,300
E06000022,Bath and North East Somerset,2023-24,130,10,0,140,360,90,0,450
E06000055,Bedford,2023-24,590,180,0,760,460,270,0,730
E06000008,Blackburn with Darwen,2023-24,830,0,0,830,480,0,0,480
E06000009,Blackpool,2023-24,80,0,70,150,70,0,70,140
E06000058,"Bournemouth, Christchurch and Poole",2023-24,180,30,0,200,120,40,0,170
E06000036,Bracknell Forest,2023-24,370,140,0,510,620,100,0,720
E06000043,Brighton and Hove,2023-24,20,0,0,30,250,30,0,280
E06000023,"Bristol, City of",2023-24,410,280,30,720,660,100,0,760
E06000060,Buckinghamshire,2023-24,650,300,0,950,990,470,0,1460
E06000056,Central Bedfordshire,2023-24,550,150,10,700,1130,540,10,1680
E06000049,Cheshire East,2023-24,1430,300,0,1730,1680,310,0,1990
E06000050,Cheshire West and Chester,2023-24,520,30,0,550,610,150,0,760
E06000052,Cornwall,2023-24,1360,170,0,1530,1520,150,0,1670
E06000047,County Durham,2023-24,1130,140,0,1260,1210,80,0,1290
E06000063,Cumberland,2023-24,580,60,0,640,730,80,0,810
E06000005,Darlington,2023-24,250,60,70,380,290,60,0,350
E06000015,Derby,2023-24,530,100,240,870,850,110,0,960
E06000059,Dorset,2023-24,920,310,0,1230,1030,290,0,1310
E06000011,East Riding of Yorkshire,2023-24,960,420,20,1400,1250,460,150,1860
E06000006,Halton,2023-24,330,30,0,360,200,30,0,230
E06000001,Hartlepool,2023-24,370,110,0,480,450,150,0,600
E06000019,"Herefordshire, County of",2023-24,470,130,0,590,520,130,0,650
E06000046,Isle of Wight,2023-24,180,40,0,220,190,10,0,190
E06000053,Isles of Scilly,2023-24,10,0,0,10,0,0,0,0
E06000010,"Kingston upon Hull, City of",2023-24,290,0,0,290,270,0,0,270
E06000016,Leicester,2023-24,120,160,0,280,210,90,0,300
E06000032,Luton,2023-24,420,50,0,470,470,0,10,470
E06000035,Medway,2023-24,210,50,0,260,410,160,0,570
E06000002,Middlesbrough,2023-24,200,340,0,550,390,70,0,450
E06000042,Milton Keynes,2023-24,620,500,0,1120,1220,760,0,1980
E06000012,North East Lincolnshire,2023-24,500,60,0,560,210,80,0,290
E06000013,North Lincolnshire,2023-24,590,0,0,590,480,40,0,520
E06000061,North Northamptonshire,2023-24,1090,560,0,1650,1290,420,0,1710
E06000024,North Somerset,2023-24,540,180,0,720,590,110,0,690
E06000065,North Yorkshire,2023-24,1120,550,0,1670,1750,680,0,2430
E06000057,Northumberland,2023-24,910,150,0,1060,1270,130,0,1400
E06000018,Nottingham,2023-24,100,150,30,280,1260,130,120,1510
E06000031,Peterborough,2023-24,510,500,0,1020,500,260,0,760
E06000026,Plymouth,2023-24,70,80,0,150,240,0,0,240
E06000044,Portsmouth,2023-24,70,80,0,150,10,130,0,140
E06000038,Reading,2023-24,140,100,40,270,290,280,40,610
E06000003,Redcar and Cleveland,2023-24,230,190,0,420,210,230,0,440
E06000017,Rutland,2023-24,160,50,0,200,50,0,0,50
E06000051,Shropshire,2023-24,480,30,0,510,600,60,0,660
E06000039,Slough,2023-24,40,0,0,40,220,0,0,220
E06000066,Somerset,2023-24,850,350,0,1200,1470,500,0,1970
E06000025,South Gloucestershire,2023-24,840,590,0,1430,950,550,0,1500
E06000045,Southampton,2023-24,180,190,0,370,80,0,0,80
E06000033,Southend-on-Sea,2023-24,20,80,0,100,70,0,0,70
E06000004,Stockton-on-Tees,2023-24,380,140,0,520,530,140,0,660
E06000021,Stoke-on-Trent,2023-24,260,20,0,280,300,30,0,330
E06000030,Swindon,2023-24,320,80,0,400,480,200,0,690
E06000020,Telford and Wrekin,2023-24,830,320,0,1140,670,330,0,990
E06000034,Thurrock,2023-24,130,60,0,180,90,30,0,120
E06000027,Torbay,2023-24,80,40,0,110,80,40,0,110
E06000007,Warrington,2023-24,210,40,0,250,330,70,0,400
E06000037,West Berkshire,2023-24,310,80,0,390,190,70,0,260
E06000062,West Northamptonshire,2023-24,770,450,0,1210,930,310,0,1230
E06000064,Westmorland and Furness,2023-24,350,50,0,400,650,80,0,730
E06000054,Wiltshire,2023-24,550,700,30,1290,1110,850,20,1980
E06000040,Windsor and Maidenhead,2023-24,120,0,0,120,370,40,0,410
E06000041,Wokingham,2023-24,390,130,0,510,540,190,0,740
E06000014,York,2023-24,520,70,0,590,220,70,0,290
E09000002,Barking and Dagenham,2023-24,820,170,0,1000,150,420,510,1080
E09000003,Barnet,2023-24,300,120,0,420,600,300,0,890
E09000004,Bexley,2023-24,100,10,0,110,160,70,0,230
E09000005,Brent,2023-24,540,280,0,820,160,40,0,200
E09000006,Bromley,2023-24,90,30,0,110,270,0,0,270
E09000007,Camden,2023-24,100,0,40,140,20,0,0,20
E09000001,City of London,2023-24,0,0,0,0,0,20,0,20
E09000008,Croydon,2023-24,430,0,0,430,740,60,0,800
E09000009,Ealing,2023-24,720,440,150,1310,470,280,40,790
E09000010,Enfield,2023-24,200,50,0,250,120,70,160,360
E09000011,Greenwich,2023-24,1630,490,30,2150,560,0,0,560
E09000012,Hackney,2023-24,180,50,0,230,100,70,0,170
E09000013,Hammersmith and Fulham,2023-24,110,10,0,120,400,10,0,410
E09000014,Haringey,2023-24,160,10,310,480,940,40,10,980
E09000015,Harrow,2023-24,160,0,10,170,260,260,190,700
E09000016,Havering,2023-24,100,0,370,470,240,120,60,410
E09000017,Hillingdon,2023-24,60,0,0,60,310,0,0,310
E09000018,Hounslow,2023-24,440,30,0,470,880,110,0,1000
E09000019,Islington,2023-24,220,230,0,450,330,170,20,510
E09000020,Kensington and Chelsea,2023-24,10,0,0,10,80,0,60,130
E09000021,Kingston upon Thames,2023-24,60,150,0,210,110,50,0,160
E09000022,Lambeth,2023-24,160,400,50,600,130,80,10,220
E09000023,Lewisham,2023-24,160,60,0,220,230,60,0,290
E09000024,Merton,2023-24,310,90,0,390,100,0,0,100
E09000025,Newham,2023-24,1210,280,460,1940,1110,110,370,1580
E09000026,Redbridge,2023-24,50,0,220,270,60,0,10,70
E09000027,Richmond upon Thames,2023-24,40,0,0,40,60,10,0,70
E09000028,Southwark,2023-24,150,0,0,150,480,0,0,480
E09000029,Sutton,2023-24,50,0,10,60,50,0,20,70
E09000030,Tower Hamlets,2023-24,1110,90,0,1210,790,370,30,1190
E09000031,Waltham Forest,2023-24,60,0,0,60,210,70,20,300
E09000032,Wandsworth,2023-24,350,180,0,530,1270,0,110,1380
E09000033,Westminster,2023-24,40,0,150,190,90,20,250,360
E08000001,Bolton,2023-24,450,220,0,670,370,70,0,440
E08000002,Bury,2023-24,300,0,0,300,130,0,0,130
E08000003,Manchester,2023-24,2330,210,0,2540,1350,290,0,1630
E08000004,Oldham,2023-24,250,100,0,350,200,50,0,250
E08000005,Rochdale,2023-24,700,0,0,700,670,100,0,770
E08000006,Salford,2023-24,450,90,0,550,690,10,0,700
E08000007,Stockport,2023-24,250,110,0,360,510,80,0,580
E08000008,Tameside,2023-24,130,0,0,130,470,30,0,510
E08000009,Trafford,2023-24,150,120,0,270,450,60,0,510
E08000010,Wigan,2023-24,470,70,30,570,610,210,40,860
E08000011,Knowsley,2023-24,290,150,0,440,440,400,0,840
E08000012,Liverpool,2023-24,670,30,0,700,380,30,0,410
E08000014,Sefton,2023-24,470,250,0,720,450,110,0,560
E08000013,St. Helens,2023-24,200,120,0,320,190,70,0,260
E08000015,Wirral,2023-24,190,60,0,250,320,10,0,330
E08000016,Barnsley,2023-24,430,150,0,580,530,100,30,660
E08000017,Doncaster,2023-24,310,80,0,390,580,60,0,640
E08000018,Rotherham,2023-24,610,130,0,740,670,110,0,780
E08000019,Sheffield,2023-24,190,10,0,190,1290,10,0,1300
E08000037,Gateshead,2023-24,370,40,0,410,340,70,30,440
E08000021,Newcastle upon Tyne,2023-24,1120,90,30,1230,880,70,10,960
E08000022,North Tyneside,2023-24,320,180,0,500,360,50,0,420
E08000023,South Tyneside,2023-24,160,10,10,170,170,70,10,250
E08000024,Sunderland,2023-24,640,80,0,710,620,110,0,730
E08000025,Birmingham,2023-24,1680,200,10,1880,1550,180,10,1740
E08000026,Coventry,2023-24,350,180,0,530,460,180,0,640
E08000027,Dudley,2023-24,250,150,0,400,290,170,30,500
E08000028,Sandwell,2023-24,220,80,40,340,330,40,20,390
E08000029,Solihull,2023-24,170,50,20,240,230,60,0,290
E08000030,Walsall,2023-24,140,60,0,200,270,50,0,330
E08000031,Wolverhampton,2023-24,100,0,50,160,130,0,90,220
E08000032,Bradford,2023-24,530,20,0,550,440,110,0,550
E08000033,Calderdale,2023-24,200,10,0,210,320,80,0,400
E08000034,Kirklees,2023-24,400,0,0,400,620,0,0,630
E08000035,Leeds,2023-24,1250,260,0,1510,2140,190,20,2350
E08000036,Wakefield,2023-24,470,180,0,650,680,360,0,1040
E07000008,Cambridge,2023-24,700,90,0,790,520,20,0,540
E07000009,East Cambridgeshire,2023-24,420,110,0,530,510,120,0,630
E07000010,Fenland,2023-24,400,10,0,420,420,50,0,470
E07000011,Huntingdonshire,2023-24,780,140,0,910,1080,360,0,1440
E07000012,South Cambridgeshire,2023-24,1000,330,0,1320,1230,290,0,1520
E07000032,Amber Valley,2023-24,350,230,0,570,440,170,0,620
E07000033,Bolsover,2023-24,540,60,0,600,330,20,0,350
E07000034,Chesterfield,2023-24,160,50,0,210,230,20,0,260
E07000035,Derbyshire Dales,2023-24,60,0,0,60,120,10,0,140
E07000036,Erewash,2023-24,110,40,0,150,100,0,0,100
E07000037,High Peak,2023-24,170,30,0,200,180,30,0,200
E07000038,North East Derbyshire,2023-24,350,70,0,420,370,40,0,410
E07000039,South Derbyshire,2023-24,740,30,0,770,850,130,0,970
E07000040,East Devon,2023-24,420,170,0,590,490,130,0,620
E07000041,Exeter,2023-24,190,100,100,380,280,170,0,450
E07000042,Mid Devon,2023-24,320,90,0,410,430,100,0,520
E07000043,North Devon,2023-24,450,130,0,570,360,50,0,410
E07000044,South Hams,2023-24,320,200,0,520,380,200,0,580
E07000045,Teignbridge,2023-24,360,140,0,510,430,80,0,520
E07000046,Torridge,2023-24,280,100,0,390,280,70,0,360
E07000047,West Devon,2023-24,170,60,0,230,180,70,0,260
E07000061,Eastbourne,2023-24,150,0,0,150,90,0,0,90
E07000062,Hastings,2023-24,110,90,0,200,50,20,0,80
E07000063,Lewes,2023-24,120,30,0,150,230,90,0,320
E07000064,Rother,2023-24,70,0,0,70,80,60,0,140
E07000065,Wealden,2023-24,1050,260,0,1310,550,240,0,790
E07000066,Basildon,2023-24,90,0,50,140,170,0,10,180
E07000067,Braintree,2023-24,390,230,0,630,560,450,0,1010
E07000068,Brentwood,2023-24,70,0,0,80,230,30,0,260
E07000069,Castle Point,2023-24,50,0,0,50,80,0,10,90
E07000070,Chelmsford,2023-24,280,110,0,380,310,170,0,480
E07000071,Colchester,2023-24,170,70,10,250,400,120,10,530
E07000072,Epping Forest,2023-24,170,0,0,170,450,70,0,510
E07000073,Harlow,2023-24,10,10,0,10,310,170,0,470
E07000074,Maldon,2023-24,350,170,0,520,200,110,0,300
E07000075,Rochford,2023-24,220,150,0,360,260,80,0,340
E07000076,Tendring,2023-24,530,70,0,600,550,100,0,660
E07000077,Uttlesford,2023-24,520,140,0,660,440,170,0,610
E07000078,Cheltenham,2023-24,150,100,0,250,170,80,0,250
E07000079,Cotswold,2023-24,190,40,0,230,210,80,0,300
E07000080,Forest of Dean,2023-24,90,30,0,120,290,100,0,400
E07000081,Gloucester,2023-24,310,50,0,350,190,150,0,340
E07000082,Stroud,2023-24,120,130,0,250,240,190,0,440
E07000083,Tewkesbury,2023-24,400,460,0,860,510,360,0,870
E07000084,Basingstoke and Deane,2023-24,220,330,0,550,440,130,0,560
E07000085,East Hampshire,2023-24,360,100,0,470,160,90,0,250
E07000086,Eastleigh,2023-24,180,90,0,270,380,140,0,520
E07000087,Fareham,2023-24,220,110,0,330,120,70,0,190
E07000088,Gosport,2023-24,20,0,0,20,10,0,0,10
E07000089,Hart,2023-24,50,30,0,70,70,130,0,200
E07000090,Havant,2023-24,140,30,0,170,180,110,0,280
E07000091,New Forest,2023-24,80,0,10,100,120,0,10,130
E07000092,Rushmoor,2023-24,100,110,0,220,110,100,0,210
E07000093,Test Valley,2023-24,50,20,0,80,90,60,0,150
E07000094,Winchester,2023-24,270,350,0,620,450,310,0,770
E07000095,Broxbourne,2023-24,100,70,0,170,210,100,0,310
E07000096,Dacorum,2023-24,240,140,0,380,260,10,0,280
E07000242,East Hertfordshire,2023-24,770,370,0,1150,940,340,0,1280
E07000098,Hertsmere,2023-24,60,0,0,60,60,0,0,60
E07000099,North Hertfordshire,2023-24,150,110,0,260,160,40,0,200
E07000240,St Albans,2023-24,100,0,0,100,200,40,90,330
E07000243,Stevenage,2023-24,120,70,0,190,100,10,0,110
E07000102,Three Rivers,2023-24,40,0,0,40,60,0,0,60
E07000103,Watford,2023-24,380,0,0,380,280,160,0,440
E07000241,Welwyn Hatfield,2023-24,150,40,0,190,210,20,0,230
E07000105,Ashford,2023-24,190,20,240,440,470,70,0,530
E07000106,Canterbury,2023-24,330,260,0,590,400,160,0,560
E07000107,Dartford,2023-24,300,170,0,470,480,220,0,700
E07000108,Dover,2023-24,460,80,0,540,310,30,0,340
E07000112,Folkestone and Hythe,2023-24,350,0,0,350,350,60,0,400
E07000109,Gravesham,2023-24,130,0,0,130,210,90,0,300
E07000110,Maidstone,2023-24,390,210,0,590,300,320,0,620
E07000111,Sevenoaks,2023-24,180,90,0,270,130,10,0,140
E07000113,Swale,2023-24,170,130,0,300,530,90,0,620
E07000114,Thanet,2023-24,260,180,0,440,350,190,0,540
E07000115,Tonbridge and Malling,2023-24,330,270,0,600,210,150,0,360
E07000116,Tunbridge Wells,2023-24,220,40,0,260,340,80,0,420
E07000117,Burnley,2023-24,140,30,0,170,130,0,0,130
E07000118,Chorley,2023-24,420,20,0,440,400,0,0,400
E07000119,Fylde,2023-24,200,10,0,210,260,40,0,300
E07000120,Hyndburn,2023-24,50,50,0,100,110,40,0,140
E07000121,Lancaster,2023-24,300,0,0,300,140,10,0,150
E07000122,Pendle,2023-24,70,0,0,70,170,70,0,240
E07000123,Preston,2023-24,590,30,0,620,960,100,0,1060
E07000124,Ribble Valley,2023-24,240,40,0,280,300,70,0,370
E07000125,Rossendale,2023-24,50,0,0,60,80,50,0,130
E07000126,South Ribble,2023-24,310,130,0,440,480,110,0,590
E07000127,West Lancashire,2023-24,460,70,0,530,270,100,0,370
E07000128,Wyre,2023-24,290,90,0,380,450,180,0,620
E07000129,Blaby,2023-24,120,20,0,140,210,150,0,360
E07000130,Charnwood,2023-24,470,110,0,580,460,300,0,770
E07000131,Harborough,2023-24,460,100,0,560,430,130,0,560
E07000132,Hinckley and Bosworth,2023-24,240,130,0,360,350,220,0,570
E07000133,Melton,2023-24,340,40,0,390,330,50,0,380
E07000134,North West Leicestershire,2023-24,810,40,0,850,500,50,0,550
E07000135,Oadby and Wigston,2023-24,70,30,0,100,180,100,0,280
E07000136,Boston,2023-24,150,110,0,270,190,60,0,260
E07000137,East Lindsey,2023-24,430,120,0,550,330,90,0,430
E07000138,Lincoln,2023-24,80,20,0,110,50,10,0,60
E07000139,North Kesteven,2023-24,580,100,0,670,520,120,0,640
E07000140,South Holland,2023-24,540,160,0,700,450,160,10,620
E07000141,South Kesteven,2023-24,460,190,0,650,340,150,0,490
E07000142,West Lindsey,2023-24,350,100,0,440,370,140,0,510
E07000143,Breckland,2023-24,400,200,0,600,640,200,0,830
E07000144,Broadland,2023-24,280,180,0,460,590,250,0,840
E07000145,Great Yarmouth,2023-24,230,0,0,230,210,20,0,230
E07000146,King's Lynn and West Norfolk,2023-24,430,60,0,490,240,10,0,260
E07000147,North Norfolk,2023-24,110,10,0,130,140,20,0,160
E07000148,Norwich,2023-24,70,0,0,70,120,30,30,180
E07000149,South Norfolk,2023-24,460,120,0,580,730,260,0,990
E07000170,Ashfield,2023-24,260,60,0,320,240,80,0,320
E07000171,Bassetlaw,2023-24,400,180,0,580,660,150,0,810
E07000172,Broxtowe,2023-24,130,20,0,150,210,0,0,210
E07000173,Gedling,2023-24,320,90,0,420,460,70,0,530
E07000174,Mansfield,2023-24,140,30,0,170,130,70,0,200
E07000175,Newark and Sherwood,2023-24,260,80,0,340,430,40,0,480
E07000176,Rushcliffe,2023-24,420,430,0,850,650,350,0,1000
E07000177,Cherwell,2023-24,360,300,0,660,570,190,0,770
E07000178,Oxford,2023-24,340,290,10,640,220,140,10,370
E07000179,South Oxfordshire,2023-24,160,20,0,180,360,80,0,430
E07000180,Vale of White Horse,2023-24,550,230,0,770,600,310,0,910
E07000181,West Oxfordshire,2023-24,140,150,0,290,360,240,0,600
E07000192,Cannock Chase,2023-24,100,60,0,160,140,10,0,150
E07000193,East Staffordshire,2023-24,220,90,0,310,480,100,0,580
E07000194,Lichfield,2023-24,290,230,0,520,350,160,0,510
E07000195,Newcastle-under-Lyme,2023-24,200,10,0,210,200,40,0,240
E07000196,South Staffordshire,2023-24,170,10,0,180,220,90,0,300
E07000197,Stafford,2023-24,270,120,0,390,320,120,0,440
E07000198,Staffordshire Moorlands,2023-24,50,10,0,60,170,20,0,190
E07000199,Tamworth,2023-24,110,40,0,150,260,70,0,330
E07000200,Babergh,2023-24,340,130,0,470,500,260,0,760
E07000244,East Suffolk,2023-24,650,70,0,720,870,140,0,1000
E07000202,Ipswich,2023-24,50,0,100,150,120,0,0,120
E07000203,Mid Suffolk,2023-24,670,180,0,850,630,240,0,860
E07000245,West Suffolk,2023-24,250,100,0,350,360,130,0,490
E07000207,Elmbridge,2023-24,110,80,0,200,210,10,0,220
E07000208,Epsom and Ewell,2023-24,10,0,0,10,60,20,0,80
E07000209,Guildford,2023-24,160,80,0,240,280,110,0,390
E07000210,Mole Valley,2023-24,30,0,0,30,70,0,0,70
E07000211,Reigate and Banstead,2023-24,70,0,0,70,120,40,0,150
E07000212,Runnymede,2023-24,170,70,0,250,120,20,0,130
E07000213,Spelthorne,2023-24,810,50,0,860,70,0,0,70
E07000214,Surrey Heath,2023-24,50,0,0,50,130,30,0,160
E07000215,Tandridge,2023-24,70,40,20,130,150,70,10,220
E07000216,Waverley,2023-24,290,70,10,370,340,120,0,460
E07000217,Woking,2023-24,90,30,0,120,150,0,50,210
E07000218,North Warwickshire,2023-24,150,60,0,210,70,50,0,120
E07000219,Nuneaton and Bedworth,2023-24,440,180,0,620,430,360,0,790
E07000220,Rugby,2023-24,360,170,0,530,360,350,0,710
E07000221,Stratford-on-Avon,2023-24,420,280,0,710,730,380,0,1110
E07000222,Warwick,2023-24,220,170,0,390,330,260,0,580
E07000223,Adur,2023-24,840,120,0,960,170,0,0,170
E07000224,Arun,2023-24,640,270,0,910,540,280,0,820
E07000225,Chichester,2023-24,360,110,0,470,420,270,0,680
E07000226,Crawley,2023-24,10,20,0,20,70,50,0,120
E07000227,Horsham,2023-24,150,0,0,150,430,110,0,540
E07000228,Mid Sussex,2023-24,350,510,0,850,580,320,0,900
E07000229,Worthing,2023-24,240,40,0,280,360,60,0,420
E07000234,Bromsgrove,2023-24,120,60,0,180,90,80,0,170
E07000235,Malvern Hills,2023-24,130,40,0,160,200,110,0,310
E07000236,Redditch,2023-24,10,0,0,10,20,50,20,90
E07000237,Worcester,2023-24,170,20,0,180,190,170,0,360
E07000238,Wychavon,2023-24,140,50,0,190,240,170,0,410
E07000239,Wyre Forest,2023-24,190,70,0,260,110,110,0,220
E06000022,Bath and North East Somerset,2024-25,100,10,0,110,320,60,0,390
E06000055,Bedford,2024-25,390,80,0,470,530,170,0,690
E06000008,Blackburn with Darwen,2024-25,310,120,0,430,590,0,0,590
E06000009,Blackpool,2024-25,40,10,10,50,30,10,110,150
E06000058,"Bournemouth, Christchurch and Poole",2024-25,280,150,0,430,400,20,0,420
E06000036,Bracknell Forest,2024-25,320,140,0,460,280,130,0,410
E06000043,Brighton and Hove,2024-25,140,10,0,150,290,170,0,460
E06000023,"Bristol, City of",2024-25,510,150,30,690,390,120,60,570
E06000060,Buckinghamshire,2024-25,610,190,0,810,760,250,0,1000
E06000056,Central Bedfordshire,2024-25,1050,240,0,1280,930,330,0,1260
E06000049,Cheshire East,2024-25,910,230,0,1140,1340,260,0,1600
E06000050,Cheshire West and Chester,2024-25,530,50,0,570,510,110,0,610
E06000052,Cornwall,2024-25,1000,130,0,1120,1560,170,0,1730
E06000047,County Durham,2024-25,1220,50,0,1270,1220,170,0,1390
E06000063,Cumberland,2024-25,420,20,0,430,790,20,0,810
E06000005,Darlington,2024-25,360,30,10,400,320,30,40,390
E06000015,Derby,2024-25,540,90,0,630,450,100,0,550
E06000059,Dorset,2024-25,680,200,0,880,1050,190,0,1240
E06000011,East Riding of Yorkshire,2024-25,1040,560,0,1600,1190,440,20,1650
E06000006,Halton,2024-25,390,140,0,530,360,120,0,480
E06000001,Hartlepool,2024-25,300,40,0,340,460,60,0,520
E06000019,"Herefordshire, County of",2024-25,340,110,0,450,410,120,0,520
E06000046,Isle of Wight,2024-25,180,130,0,310,140,20,0,150
E06000053,Isles of Scilly,2024-25,0,0,0,0,0,0,0,0
E06000010,"Kingston upon Hull, City of",2024-25,130,0,0,130,230,0,0,230
E06000016,Leicester,2024-25,150,40,0,180,120,80,0,200
E06000032,Luton,2024-25,40,0,20,50,50,60,0,110
E06000035,Medway,2024-25,320,90,10,420,250,140,0,390
E06000002,Middlesbrough,2024-25,140,50,0,180,280,140,0,420
E06000042,Milton Keynes,2024-25,630,330,0,970,1000,440,0,1440
E06000012,North East Lincolnshire,2024-25,320,80,0,390,160,130,0,280
E06000013,North Lincolnshire,2024-25,170,0,0,170,320,20,0,330
E06000061,North Northamptonshire,2024-25,1160,670,0,1830,1330,670,20,2020
E06000024,North Somerset,2024-25,360,90,0,450,490,180,0,670
E06000065,North Yorkshire,2024-25,1220,520,0,1740,1290,610,0,1900
E06000057,Northumberland,2024-25,1280,260,10,1560,1170,160,0,1330
E06000018,Nottingham,2024-25,80,30,0,110,470,40,0,500
E06000031,Peterborough,2024-25,240,400,0,640,380,530,0,910
E06000026,Plymouth,2024-25,30,50,0,80,90,20,0,110
E06000044,Portsmouth,2024-25,50,0,0,50,60,20,0,70
E06000038,Reading,2024-25,160,80,10,250,1130,60,0,1190
E06000003,Redcar and Cleveland,2024-25,230,180,0,420,180,240,0,420
E06000017,Rutland,2024-25,40,10,0,50,70,20,0,90
E06000051,Shropshire,2024-25,400,30,0,430,510,40,0,550
E06000039,Slough,2024-25,20,30,0,60,50,0,0,50
E06000066,Somerset,2024-25,780,220,0,1000,980,400,0,1370
E06000025,South Gloucestershire,2024-25,760,490,0,1250,1050,520,0,1560
E06000045,Southampton,2024-25,10,0,0,10,150,60,0,210
E06000033,Southend-on-Sea,2024-25,170,80,0,250,30,0,10,40
E06000004,Stockton-on-Tees,2024-25,520,100,0,630,530,210,0,740
E06000021,Stoke-on-Trent,2024-25,140,0,0,140,250,0,0,260
E06000030,Swindon,2024-25,290,170,0,470,500,110,0,610
E06000020,Telford and Wrekin,2024-25,810,420,0,1230,730,410,0,1140
E06000034,Thurrock,2024-25,60,0,0,60,90,170,0,260
E06000027,Torbay,2024-25,90,20,0,110,120,50,0,170
E06000007,Warrington,2024-25,350,30,0,380,270,20,0,290
E06000037,West Berkshire,2024-25,340,200,0,540,260,80,0,330
E06000062,West Northamptonshire,2024-25,1070,700,0,1770,900,440,0,1340
E06000064,Westmorland and Furness,2024-25,250,20,0,270,470,30,10,500
E06000054,Wiltshire,2024-25,730,780,30,1530,830,490,20,1340
E06000040,Windsor and Maidenhead,2024-25,340,100,0,440,210,0,0,210
E06000041,Wokingham,2024-25,310,100,0,410,390,180,0,570
E06000014,York,2024-25,120,40,0,160,250,50,0,300
E09000002,Barking and Dagenham,2024-25,80,80,0,160,730,150,100,990
E09000003,Barnet,2024-25,170,10,0,180,740,390,0,1120
E09000004,Bexley,2024-25,160,0,0,160,140,70,0,210
E09000005,Brent,2024-25,40,0,0,40,600,260,0,860
E09000006,Bromley,2024-25,70,0,0,70,330,100,0,430
E09000007,Camden,2024-25,30,0,40,70,140,0,160,300
E09000001,City of London,2024-25,610,0,0,610,210,160,0,370
E09000008,Croydon,2024-25,260,0,0,260,710,260,0,960
E09000009,Ealing,2024-25,80,70,0,160,1400,160,0,1560
E09000010,Enfield,2024-25,90,0,0,90,350,120,270,740
E09000011,Greenwich,2024-25,80,40,0,120,590,80,0,670
E09000012,Hackney,2024-25,20,0,0,20,380,160,0,540
E09000013,Hammersmith and Fulham,2024-25,110,0,0,110,430,130,0,560
E09000014,Haringey,2024-25,30,0,30,60,950,40,100,1080
E09000015,Harrow,2024-25,20,0,0,20,140,230,0,380
E09000016,Havering,2024-25,70,50,0,120,340,70,0,410
E09000017,Hillingdon,2024-25,60,0,0,70,110,160,0,280
E09000018,Hounslow,2024-25,60,0,0,60,190,30,0,220
E09000019,Islington,2024-25,20,0,0,20,50,0,0,50
E09000020,Kensington and Chelsea,2024-25,0,0,0,0,190,60,0,250
E09000021,Kingston upon Thames,2024-25,280,0,0,280,80,60,0,140
E09000022,Lambeth,2024-25,240,150,0,390,130,280,40,450
E09000023,Lewisham,2024-25,40,20,0,60,310,220,0,540
E09000024,Merton,2024-25,220,100,0,320,160,0,0,160
E09000025,Newham,2024-25,20,0,0,20,1000,100,120,1210
E09000026,Redbridge,2024-25,80,0,0,80,260,80,300,640
E09000027,Richmond upon Thames,2024-25,140,50,0,190,90,0,0,90
E09000028,Southwark,2024-25,80,0,0,80,860,0,0,860
E09000029,Sutton,2024-25,40,0,10,50,30,0,10,40
E09000030,Tower Hamlets,2024-25,10,0,10,20,990,470,40,1500
E09000031,Waltham Forest,2024-25,140,40,0,180,250,140,0,390
E09000032,Wandsworth,2024-25,20,80,0,100,650,100,0,740
E09000033,Westminster,2024-25,10,0,0,10,20,0,270,300
E08000001,Bolton,2024-25,310,80,0,390,440,140,0,580
E08000002,Bury,2024-25,90,0,0,90,260,0,0,260
E08000003,Manchester,2024-25,310,120,0,420,2850,170,0,3020
E08000004,Oldham,2024-25,260,410,0,660,240,170,0,410
E08000005,Rochdale,2024-25,340,110,0,450,480,0,0,480
E08000006,Salford,2024-25,230,130,0,360,730,70,0,810
E08000007,Stockport,2024-25,290,10,0,300,220,40,0,270
E08000008,Tameside,2024-25,30,10,0,40,220,150,0,370
E08000009,Trafford,2024-25,80,30,0,120,200,50,0,250
E08000010,Wigan,2024-25,470,170,10,650,470,110,20,600
E08000011,Knowsley,2024-25,350,250,0,600,330,300,0,630
E08000012,Liverpool,2024-25,130,30,0,160,1020,50,0,1070
E08000014,Sefton,2024-25,440,150,0,590,760,180,0,940
E08000013,St. Helens,2024-25,200,220,0,420,270,90,0,360
E08000015,Wirral,2024-25,120,10,0,130,180,20,0,200
E08000016,Barnsley,2024-25,520,110,0,630,450,120,10,580
E08000017,Doncaster,2024-25,680,90,10,780,390,100,0,490
E08000018,Rotherham,2024-25,510,200,0,710,650,130,0,780
E08000019,Sheffield,2024-25,280,0,0,280,400,10,0,410
E08000037,Gateshead,2024-25,290,40,0,320,490,60,0,550
E08000021,Newcastle upon Tyne,2024-25,650,180,10,830,680,80,30,790
E08000022,North Tyneside,2024-25,370,110,20,500,410,150,0,560
E08000023,South Tyneside,2024-25,100,80,10,180,90,90,0,180
E08000024,Sunderland,2024-25,650,60,0,700,510,120,0,640
E08000025,Birmingham,2024-25,380,100,0,480,830,70,0,900
E08000026,Coventry,2024-25,680,750,0,1430,540,170,0,710
E08000027,Dudley,2024-25,240,40,0,280,320,160,0,480
E08000028,Sandwell,2024-25,90,0,10,100,240,120,0,360
E08000029,Solihull,2024-25,80,30,0,100,150,30,30,210
E08000030,Walsall,2024-25,80,80,0,160,360,80,0,440
E08000031,Wolverhampton,2024-25,60,20,10,90,130,60,10,190
E08000032,Bradford,2024-25,250,40,0,290,670,120,0,790
E08000033,Calderdale,2024-25,140,0,0,140,160,30,0,190
E08000034,Kirklees,2024-25,320,0,0,320,560,0,0,560
E08000035,Leeds,2024-25,1160,270,80,1510,1940,290,0,2240
E08000036,Wakefield,2024-25,450,130,0,580,530,150,0,680
E07000008,Cambridge,2024-25,270,200,0,460,300,60,0,350
E07000009,East Cambridgeshire,2024-25,360,150,0,510,390,130,0,530
E07000010,Fenland,2024-25,610,10,0,620,490,10,0,500
E07000011,Huntingdonshire,2024-25,310,390,0,700,770,150,0,920
E07000012,South Cambridgeshire,2024-25,460,180,0,650,900,370,0,1280
E07000032,Amber Valley,2024-25,110,100,0,210,450,220,0,670
E07000033,Bolsover,2024-25,290,50,0,340,370,20,0,380
E07000034,Chesterfield,2024-25,210,10,0,210,220,50,0,270
E07000035,Derbyshire Dales,2024-25,90,0,0,90,110,10,0,120
E07000036,Erewash,2024-25,30,10,0,40,110,40,0,150
E07000037,High Peak,2024-25,150,20,0,170,200,30,0,230
E07000038,North East Derbyshire,2024-25,110,0,0,110,300,80,0,380
E07000039,South Derbyshire,2024-25,280,70,0,350,830,70,0,900
E07000040,East Devon,2024-25,390,120,0,510,680,180,0,860
E07000041,Exeter,2024-25,270,230,0,500,320,160,0,480
E07000042,Mid Devon,2024-25,190,40,0,230,280,70,0,350
E07000043,North Devon,2024-25,350,160,0,510,240,110,0,340
E07000044,South Hams,2024-25,200,170,0,360,330,250,0,580
E07000045,Teignbridge,2024-25,340,160,0,500,320,120,0,440
E07000046,Torridge,2024-25,300,210,0,510,320,100,0,430
E07000047,West Devon,2024-25,160,40,0,200,200,50,0,250
E07000061,Eastbourne,2024-25,10,0,0,10,40,0,0,40
E07000062,Hastings,2024-25,60,150,0,210,60,60,0,120
E07000063,Lewes,2024-25,240,110,0,350,180,20,0,200
E07000064,Rother,2024-25,80,250,0,330,120,10,0,130
E07000065,Wealden,2024-25,520,560,0,1080,460,300,0,750
E07000066,Basildon,2024-25,110,30,180,320,160,10,20,190
E07000067,Braintree,2024-25,330,190,0,510,520,340,0,860
E07000068,Brentwood,2024-25,140,50,0,190,80,0,0,80
E07000069,Castle Point,2024-25,50,0,10,50,30,0,0,30
E07000070,Chelmsford,2024-25,90,90,0,180,480,230,10,720
E07000071,Colchester,2024-25,180,70,0,240,280,50,70,410
E07000072,Epping Forest,2024-25,280,20,30,330,240,180,20,440
E07000073,Harlow,2024-25,70,50,60,170,60,10,0,80
E07000074,Maldon,2024-25,210,170,0,390,200,150,0,350
E07000075,Rochford,2024-25,140,40,0,180,250,160,0,420
E07000076,Tendring,2024-25,490,170,0,650,590,230,0,820
E07000077,Uttlesford,2024-25,610,250,0,860,740,160,0,900
E07000078,Cheltenham,2024-25,140,130,0,270,100,130,0,230
E07000079,Cotswold,2024-25,150,40,0,190,340,40,0,370
E07000080,Forest of Dean,2024-25,190,60,0,240,170,20,0,190
E07000081,Gloucester,2024-25,240,30,0,270,360,70,0,430
E07000082,Stroud,2024-25,240,250,0,480,220,170,10,410
E07000083,Tewkesbury,2024-25,430,360,0,790,430,370,0,800
E07000084,Basingstoke and Deane,2024-25,340,210,0,550,280,380,0,650
E07000085,East Hampshire,2024-25,430,470,0,900,330,60,0,390
E07000086,Eastleigh,2024-25,120,50,0,160,380,140,0,520
E07000087,Fareham,2024-25,250,70,10,330,240,80,10,320
E07000088,Gosport,2024-25,20,90,0,110,40,0,0,40
E07000089,Hart,2024-25,40,100,0,140,40,70,0,110
E07000090,Havant,2024-25,40,10,0,50,150,40,0,190
E07000091,New Forest,2024-25,180,110,30,320,120,0,20,140
E07000092,Rushmoor,2024-25,70,70,0,140,150,150,0,300
E07000093,Test Valley,2024-25,130,20,0,150,110,50,0,160
E07000094,Winchester,2024-25,790,510,0,1300,500,400,0,900
E07000095,Broxbourne,2024-25,160,10,0,170,180,80,0,260
E07000096,Dacorum,2024-25,160,20,0,180,210,140,0,350
E07000242,East Hertfordshire,2024-25,380,350,0,730,430,300,0,730
E07000098,Hertsmere,2024-25,50,0,0,50,50,0,0,50
E07000099,North Hertfordshire,2024-25,210,70,0,270,200,90,0,290
E07000240,St Albans,2024-25,100,30,0,140,110,0,0,110
E07000243,Stevenage,2024-25,250,110,0,360,110,30,0,150
E07000102,Three Rivers,2024-25,150,40,0,200,130,0,0,130
E07000103,Watford,2024-25,10,0,0,10,680,280,0,960
E07000241,Welwyn Hatfield,2024-25,280,70,0,340,200,30,0,230
E07000105,Ashford,2024-25,100,40,10,150,260,10,50,320
E07000106,Canterbury,2024-25,330,310,0,640,390,320,0,710
E07000107,Dartford,2024-25,190,340,0,530,450,180,10,630
E07000108,Dover,2024-25,380,60,0,440,440,80,0,520
E07000112,Folkestone and Hythe,2024-25,280,30,0,310,330,20,0,350
E07000109,Gravesham,2024-25,150,50,0,210,100,100,0,190
E07000110,Maidstone,2024-25,300,300,20,620,280,140,0,430
E07000111,Sevenoaks,2024-25,70,0,0,80,100,60,0,160
E07000113,Swale,2024-25,340,180,0,520,230,90,0,320
E07000114,Thanet,2024-25,320,310,50,680,260,270,0,520
E07000115,Tonbridge and Malling,2024-25,480,270,0,750,270,360,0,640
E07000116,Tunbridge Wells,2024-25,200,50,0,250,240,140,10,380
E07000117,Burnley,2024-25,120,0,0,130,240,40,0,270
E07000118,Chorley,2024-25,400,200,0,590,310,20,0,340
E07000119,Fylde,2024-25,220,0,0,220,200,0,0,200
E07000120,Hyndburn,2024-25,220,0,0,220,90,30,0,110
E07000121,Lancaster,2024-25,120,0,0,120,150,0,0,150
E07000122,Pendle,2024-25,140,0,0,140,70,20,0,80
E07000123,Preston,2024-25,470,170,0,640,760,100,0,870
E07000124,Ribble Valley,2024-25,130,150,0,270,250,50,0,300
E07000125,Rossendale,2024-25,20,0,0,20,60,10,0,70
E07000126,South Ribble,2024-25,400,100,0,500,370,170,0,540
E07000127,West Lancashire,2024-25,220,30,0,250,530,90,0,610
E07000128,Wyre,2024-25,420,230,0,650,340,240,0,580
E07000129,Blaby,2024-25,140,80,10,220,120,30,0,150
E07000130,Charnwood,2024-25,270,30,0,300,430,90,0,520
E07000131,Harborough,2024-25,230,30,0,260,540,130,0,670
E07000132,Hinckley and Bosworth,2024-25,260,10,0,270,310,150,0,460
E07000133,Melton,2024-25,240,100,0,340,280,40,0,320
E07000134,North West Leicestershire,2024-25,420,60,0,480,630,80,0,710
E07000135,Oadby and Wigston,2024-25,70,20,0,100,120,10,0,130
E07000136,Boston,2024-25,180,70,0,250,190,120,0,310
E07000137,East Lindsey,2024-25,160,10,0,170,520,70,0,590
E07000138,Lincoln,2024-25,0,0,0,0,10,0,0,10
E07000139,North Kesteven,2024-25,350,150,0,490,390,120,0,510
E07000140,South Holland,2024-25,430,170,0,600,430,190,0,630
E07000141,South Kesteven,2024-25,230,150,0,390,260,290,0,550
E07000142,West Lindsey,2024-25,330,150,0,470,290,170,0,460
E07000143,Breckland,2024-25,310,40,0,340,480,160,0,640
E07000144,Broadland,2024-25,260,50,0,320,510,250,0,760
E07000145,Great Yarmouth,2024-25,170,10,0,180,210,0,0,210
E07000146,King's Lynn and West Norfolk,2024-25,370,150,0,520,250,80,0,330
E07000147,North Norfolk,2024-25,220,0,0,220,120,20,0,130
E07000148,Norwich,2024-25,40,0,0,40,140,10,10,160
E07000149,South Norfolk,2024-25,630,140,0,770,530,230,0,760
E07000170,Ashfield,2024-25,370,40,0,410,240,110,0,350
E07000171,Bassetlaw,2024-25,210,120,0,340,560,140,0,700
E07000172,Broxtowe,2024-25,210,220,0,430,130,10,0,140
E07000173,Gedling,2024-25,370,60,0,440,320,110,0,430
E07000174,Mansfield,2024-25,250,30,0,280,170,10,0,180
E07000175,Newark and Sherwood,2024-25,320,30,10,350,350,110,10,470
E07000176,Rushcliffe,2024-25,530,220,0,750,500,270,0,770
E07000177,Cherwell,2024-25,310,330,0,650,380,290,0,670
E07000178,Oxford,2024-25,380,220,0,600,240,100,0,340
E07000179,South Oxfordshire,2024-25,420,110,0,530,320,100,0,420
E07000180,Vale of White Horse,2024-25,970,370,0,1340,700,310,0,1010
E07000181,West Oxfordshire,2024-25,290,110,0,400,230,80,0,310
E07000192,Cannock Chase,2024-25,90,20,0,100,90,60,0,140
E07000193,East Staffordshire,2024-25,250,80,0,330,350,110,0,450
E07000194,Lichfield,2024-25,200,80,0,290,280,80,0,360
E07000195,Newcastle-under-Lyme,2024-25,120,90,0,210,190,50,0,230
E07000196,South Staffordshire,2024-25,60,10,0,70,120,10,0,130
E07000197,Stafford,2024-25,330,110,0,440,310,160,0,470
E07000198,Staffordshire Moorlands,2024-25,70,0,0,70,170,10,0,180
E07000199,Tamworth,2024-25,140,10,0,150,230,20,0,250
E07000200,Babergh,2024-25,290,140,0,440,400,160,0,550
E07000244,East Suffolk,2024-25,550,100,0,650,1090,100,0,1190
E07000202,Ipswich,2024-25,170,40,50,250,60,0,80,130
E07000203,Mid Suffolk,2024-25,450,240,0,690,740,210,0,950
E07000245,West Suffolk,2024-25,370,190,0,560,350,120,0,470
E07000207,Elmbridge,2024-25,150,10,0,150,290,40,0,340
E07000208,Epsom and Ewell,2024-25,20,0,0,20,40,0,0,40
E07000209,Guildford,2024-25,110,50,0,170,200,100,0,300
E07000210,Mole Valley,2024-25,10,0,0,10,20,0,0,20
E07000211,Reigate and Banstead,2024-25,60,0,0,70,130,0,0,130
E07000212,Runnymede,2024-25,210,150,0,360,150,80,0,230
E07000213,Spelthorne,2024-25,120,0,0,120,110,0,0,110
E07000214,Surrey Heath,2024-25,50,20,0,80,130,20,0,150
E07000215,Tandridge,2024-25,80,20,0,100,150,20,30,200
E07000216,Waverley,2024-25,150,10,30,190,250,180,10,440
E07000217,Woking,2024-25,30,10,0,40,180,10,100,290
E07000218,North Warwickshire,2024-25,140,40,0,180,130,50,0,180
E07000219,Nuneaton and Bedworth,2024-25,600,140,0,740,610,270,0,880
E07000220,Rugby,2024-25,220,30,0,260,500,130,0,630
E07000221,Stratford-on-Avon,2024-25,420,260,0,690,620,310,0,930
E07000222,Warwick,2024-25,170,240,0,400,340,240,0,580
E07000223,Adur,2024-25,50,0,0,50,210,40,0,240
E07000224,Arun,2024-25,570,150,0,720,830,320,0,1150
E07000225,Chichester,2024-25,340,150,0,490,330,200,0,530
E07000226,Crawley,2024-25,10,20,0,20,50,20,0,70
E07000227,Horsham,2024-25,110,20,0,130,170,0,0,170
E07000228,Mid Sussex,2024-25,350,270,0,610,360,370,0,730
E07000229,Worthing,2024-25,120,10,0,120,110,20,0,130
E07000234,Bromsgrove,2024-25,160,50,0,200,240,60,0,300
E07000235,Malvern Hills,2024-25,180,160,0,340,190,50,0,240
E07000236,Redditch,2024-25,30,0,0,30,30,0,0,30
E07000237,Worcester,2024-25,140,30,0,180,110,30,0,140
E07000238,Wychavon,2024-25,110,90,0,200,230,30,0,260
E07000239,Wyre Forest,2024-25,230,120,0,350,340,130,0,470
